id,ts,severity,category,title,detail,alerted,resolved
1,1786541405.976296,critical,api_low_balance,ppq balance low: $-0.00,"ppq balance at $-0.00, below $5.00 threshold. Top up to avoid service interruption.",1,0
2,1786541406.0160558,critical,api_low_balance,openrouter balance low: $-0.01,"openrouter balance at $-0.01, below $5.00 threshold. Top up to avoid service interruption.",1,0
3,1786542303.4755933,critical,api_low_balance,ppq balance low: $-0.00,"ppq balance at $-0.00, below $5.00 threshold. Top up to avoid service interruption.",1,0
4,1786542303.4971437,critical,api_low_balance,openrouter balance low: $-0.01,"openrouter balance at $-0.01, below $5.00 threshold. Top up to avoid service interruption.",1,0
5,1786543202.913622,critical,api_low_balance,ppq balance low: $-0.00,"ppq balance at $-0.00, below $5.00 threshold. Top up to avoid service interruption.",1,0
6,1786543202.9203885,critical,api_low_balance,openrouter balance low: $-0.01,"openrouter balance at $-0.01, below $5.00 threshold. Top up to avoid service interruption.",1,0
7,1786544102.5162332,critical,api_low_balance,ppq balance low: $-0.00,"ppq balance at $-0.00, below $5.00 threshold. Top up to avoid service interruption.",1,0
8,1786544102.5255058,critical,api_low_balance,openrouter balance low: $-0.01,"openrouter balance at $-0.01, below $5.00 threshold. Top up to avoid service interruption.",1,0
9,1786545002.0870848,critical,api_low_balance,ppq balance low: $-0.00,"ppq balance at $-0.00, below $5.00 threshold. Top up to avoid service interruption.",1,0
10,1786545002.0882819,critical,api_low_balance,openrouter balance low: $-0.01,"openrouter balance at $-0.01, below $5.00 threshold. Top up to avoid service interruption.",1,0
11,1786545902.336283,critical,api_low_balance,ppq balance low: $-0.00,"ppq balance at $-0.00, below $5.00 threshold. Top up to avoid service interruption.",1,0
12,1786545902.3384457,critical,api_low_balance,openrouter balance low: $-0.01,"openrouter balance at $-0.01, below $5.00 threshold. Top up to avoid service interruption.",1,0
13,1786546802.3282254,critical,api_low_balance,ppq balance low: $-0.00,"ppq balance at $-0.00, below $5.00 threshold. Top up to avoid service interruption.",1,0
14,1786546802.3355293,critical,api_low_balance,openrouter balance low: $-0.01,"openrouter balance at $-0.01, below $5.00 threshold. Top up to avoid service interruption.",1,0
15,1786547701.684708,critical,api_low_balance,ppq balance low: $-0.00,"ppq balance at $-0.00, below $5.00 threshold. Top up to avoid service interruption.",1,0
16,1786547701.714765,critical,api_low_balance,openrouter balance low: $-0.01,"openrouter balance at $-0.01, below $5.00 threshold. Top up to avoid service interruption.",1,0
17,1786548601.9577367,critical,api_low_balance,ppq balance low: $-0.00,"ppq balance at $-0.00, below $5.00 threshold. Top up to avoid service interruption.",1,0
18,1786548601.968176,critical,api_low_balance,openrouter balance low: $-0.01,"openrouter balance at $-0.01, below $5.00 threshold. Top up to avoid service interruption.",1,0
19,1786549501.9939802,critical,api_low_balance,ppq balance low: $-0.00,"ppq balance at $-0.00, below $5.00 threshold. Top up to avoid service interruption.",1,0
20,1786549502.0043948,critical,api_low_balance,openrouter balance low: $-0.01,"openrouter balance at $-0.01, below $5.00 threshold. Top up to avoid service interruption.",1,0
21,1786550401.906875,critical,api_low_balance,ppq balance low: $-0.00,"ppq balance at $-0.00, below $5.00 threshold. Top up to avoid service interruption.",1,0
22,1786550401.9193573,critical,api_low_balance,openrouter balance low: $-0.01,"openrouter balance at $-0.01, below $5.00 threshold. Top up to avoid service interruption.",1,0
23,1786551302.4405386,critical,api_low_balance,ppq balance low: $-0.00,"ppq balance at $-0.00, below $5.00 threshold. Top up to avoid service interruption.",1,0
24,1786551302.4459705,critical,api_low_balance,openrouter balance low: $-0.01,"openrouter balance at $-0.01, below $5.00 threshold. Top up to avoid service interruption.",1,0
25,1786552202.1121955,critical,api_low_balance,ppq balance low: $-0.00,"ppq balance at $-0.00, below $5.00 threshold. Top up to avoid service interruption.",1,0
26,1786552202.1134808,critical,api_low_balance,openrouter balance low: $-0.01,"openrouter balance at $-0.01, below $5.00 threshold. Top up to avoid service interruption.",1,0
27,1786553101.8741922,critical,api_low_balance,ppq balance low: $-0.00,"ppq balance at $-0.00, below $5.00 threshold. Top up to avoid service interruption.",1,0
28,1786553101.880643,critical,api_low_balance,openrouter balance low: $-0.01,"openrouter balance at $-0.01, below $5.00 threshold. Top up to avoid service interruption.",1,0
29,1786554002.089394,critical,api_low_balance,ppq balance low: $-0.00,"ppq balance at $-0.00, below $5.00 threshold. Top up to avoid service interruption.",1,0
30,1786554002.103076,critical,api_low_balance,openrouter balance low: $-0.01,"openrouter balance at $-0.01, below $5.00 threshold. Top up to avoid service interruption.",1,0
31,1786554902.1533732,critical,api_low_balance,ppq balance low: $-0.00,"ppq balance at $-0.00, below $5.00 threshold. Top up to avoid service interruption.",1,0
32,1786554902.162658,critical,api_low_balance,openrouter balance low: $-0.01,"openrouter balance at $-0.01, below $5.00 threshold. Top up to avoid service interruption.",1,0
33,1786555801.9638832,critical,api_low_balance,ppq balance low: $-0.00,"ppq balance at $-0.00, below $5.00 threshold. Top up to avoid service interruption.",1,0
34,1786555801.991963,critical,api_low_balance,openrouter balance low: $-0.01,"openrouter balance at $-0.01, below $5.00 threshold. Top up to avoid service interruption.",1,0
35,1786556702.0099556,critical,api_low_balance,ppq balance low: $-0.00,"ppq balance at $-0.00, below $5.00 threshold. Top up to avoid service interruption.",1,0
36,1786556702.0223281,critical,api_low_balance,openrouter balance low: $-0.01,"openrouter balance at $-0.01, below $5.00 threshold. Top up to avoid service interruption.",1,0
37,1786557602.457283,critical,api_low_balance,ppq balance low: $-0.00,"ppq balance at $-0.00, below $5.00 threshold. Top up to avoid service interruption.",1,0
38,1786557602.4798164,critical,api_low_balance,openrouter balance low: $-0.01,"openrouter balance at $-0.01, below $5.00 threshold. Top up to avoid service interruption.",1,0
39,1786558501.8476048,critical,api_low_balance,ppq balance low: $-0.00,"ppq balance at $-0.00, below $5.00 threshold. Top up to avoid service interruption.",1,0
40,1786558501.8724844,critical,api_low_balance,openrouter balance low: $-0.01,"openrouter balance at $-0.01, below $5.00 threshold. Top up to avoid service interruption.",1,0
41,1786559402.6846626,critical,api_low_balance,ppq balance low: $-0.00,"ppq balance at $-0.00, below $5.00 threshold. Top up to avoid service interruption.",1,0
42,1786559402.735156,critical,api_low_balance,openrouter balance low: $-0.01,"openrouter balance at $-0.01, below $5.00 threshold. Top up to avoid service interruption.",1,0
43,1786560302.3398943,critical,api_low_balance,ppq balance low: $-0.00,"ppq balance at $-0.00, below $5.00 threshold. Top up to avoid service interruption.",1,0
44,1786560302.362325,critical,api_low_balance,openrouter balance low: $-0.01,"openrouter balance at $-0.01, below $5.00 threshold. Top up to avoid service interruption.",1,0
45,1786561201.782288,critical,api_low_balance,ppq balance low: $-0.00,"ppq balance at $-0.00, below $5.00 threshold. Top up to avoid service interruption.",1,0
46,1786561201.809516,critical,api_low_balance,openrouter balance low: $-0.01,"openrouter balance at $-0.01, below $5.00 threshold. Top up to avoid service interruption.",1,0
47,1786562102.144337,critical,api_low_balance,ppq balance low: $-0.00,"ppq balance at $-0.00, below $5.00 threshold. Top up to avoid service interruption.",1,0
48,1786562102.316369,critical,api_low_balance,openrouter balance low: $-0.01,"openrouter balance at $-0.01, below $5.00 threshold. Top up to avoid service interruption.",1,0
49,1786563001.841445,critical,api_low_balance,ppq balance low: $-0.00,"ppq balance at $-0.00, below $5.00 threshold. Top up to avoid service interruption.",1,0
50,1786563001.8622112,critical,api_low_balance,openrouter balance low: $-0.01,"openrouter balance at $-0.01, below $5.00 threshold. Top up to avoid service interruption.",1,0
51,1786563902.0509334,critical,api_low_balance,ppq balance low: $-0.00,"ppq balance at $-0.00, below $5.00 threshold. Top up to avoid service interruption.",1,0
52,1786563902.0706003,critical,api_low_balance,openrouter balance low: $-0.01,"openrouter balance at $-0.01, below $5.00 threshold. Top up to avoid service interruption.",1,0
53,1786564802.1338074,critical,api_low_balance,ppq balance low: $-0.00,"ppq balance at $-0.00, below $5.00 threshold. Top up to avoid service interruption.",1,0
54,1786564802.1563566,critical,api_low_balance,openrouter balance low: $-0.01,"openrouter balance at $-0.01, below $5.00 threshold. Top up to avoid service interruption.",1,0
55,1786565701.4515831,critical,api_low_balance,ppq balance low: $-0.00,"ppq balance at $-0.00, below $5.00 threshold. Top up to avoid service interruption.",1,0
56,1786565701.462583,critical,api_low_balance,openrouter balance low: $-0.01,"openrouter balance at $-0.01, below $5.00 threshold. Top up to avoid service interruption.",1,0
57,1786566601.6485689,critical,api_low_balance,ppq balance low: $-0.00,"ppq balance at $-0.00, below $5.00 threshold. Top up to avoid service interruption.",1,0
58,1786566601.6613975,critical,api_low_balance,openrouter balance low: $-0.01,"openrouter balance at $-0.01, below $5.00 threshold. Top up to avoid service interruption.",1,0
59,1786567501.132292,critical,api_low_balance,ppq balance low: $-0.00,"ppq balance at $-0.00, below $5.00 threshold. Top up to avoid service interruption.",1,0
60,1786567501.1351843,critical,api_low_balance,openrouter balance low: $-0.01,"openrouter balance at $-0.01, below $5.00 threshold. Top up to avoid service interruption.",1,0
61,1786568401.806643,critical,api_low_balance,ppq balance low: $-0.00,"ppq balance at $-0.00, below $5.00 threshold. Top up to avoid service interruption.",1,0
62,1786568401.8096228,critical,api_low_balance,openrouter balance low: $-0.01,"openrouter balance at $-0.01, below $5.00 threshold. Top up to avoid service interruption.",1,0
63,1786569302.0629516,critical,api_low_balance,ppq balance low: $-0.00,"ppq balance at $-0.00, below $5.00 threshold. Top up to avoid service interruption.",1,0
64,1786569302.076319,critical,api_low_balance,openrouter balance low: $-0.01,"openrouter balance at $-0.01, below $5.00 threshold. Top up to avoid service interruption.",1,0
65,1786570201.7649674,critical,api_low_balance,ppq balance low: $-0.00,"ppq balance at $-0.00, below $5.00 threshold. Top up to avoid service interruption.",1,0
66,1786570201.7689102,critical,api_low_balance,openrouter balance low: $-0.01,"openrouter balance at $-0.01, below $5.00 threshold. Top up to avoid service interruption.",1,0
67,1786571101.4132895,critical,api_low_balance,ppq balance low: $-0.00,"ppq balance at $-0.00, below $5.00 threshold. Top up to avoid service interruption.",1,0
68,1786571101.416288,critical,api_low_balance,openrouter balance low: $-0.01,"openrouter balance at $-0.01, below $5.00 threshold. Top up to avoid service interruption.",1,0
69,1786572002.2337458,critical,api_low_balance,ppq balance low: $-0.00,"ppq balance at $-0.00, below $5.00 threshold. Top up to avoid service interruption.",1,0
70,1786572002.2477224,critical,api_low_balance,openrouter balance low: $-0.01,"openrouter balance at $-0.01, below $5.00 threshold. Top up to avoid service interruption.",1,0
71,1786572901.3668458,critical,api_low_balance,ppq balance low: $-0.00,"ppq balance at $-0.00, below $5.00 threshold. Top up to avoid service interruption.",1,0
72,1786572901.3777952,critical,api_low_balance,openrouter balance low: $-0.01,"openrouter balance at $-0.01, below $5.00 threshold. Top up to avoid service interruption.",1,0
73,1786573801.3165636,critical,api_low_balance,ppq balance low: $-0.00,"ppq balance at $-0.00, below $5.00 threshold. Top up to avoid service interruption.",1,0
74,1786573801.3348901,critical,api_low_balance,openrouter balance low: $-0.01,"openrouter balance at $-0.01, below $5.00 threshold. Top up to avoid service interruption.",1,0
75,1786574701.5100296,critical,api_low_balance,ppq balance low: $-0.00,"ppq balance at $-0.00, below $5.00 threshold. Top up to avoid service interruption.",1,0
76,1786574701.5192578,critical,api_low_balance,openrouter balance low: $-0.01,"openrouter balance at $-0.01, below $5.00 threshold. Top up to avoid service interruption.",1,0
77,1786575601.4021518,critical,api_low_balance,ppq balance low: $-0.00,"ppq balance at $-0.00, below $5.00 threshold. Top up to avoid service interruption.",1,0
78,1786575601.4155195,critical,api_low_balance,openrouter balance low: $-0.01,"openrouter balance at $-0.01, below $5.00 threshold. Top up to avoid service interruption.",1,0
79,1786576502.0446336,critical,api_low_balance,ppq balance low: $-0.00,"ppq balance at $-0.00, below $5.00 threshold. Top up to avoid service interruption.",1,0
80,1786576502.051725,critical,api_low_balance,openrouter balance low: $-0.01,"openrouter balance at $-0.01, below $5.00 threshold. Top up to avoid service interruption.",1,0
81,1786577401.4963548,critical,api_low_balance,ppq balance low: $-0.00,"ppq balance at $-0.00, below $5.00 threshold. Top up to avoid service interruption.",1,0
82,1786577401.5113008,critical,api_low_balance,openrouter balance low: $-0.01,"openrouter balance at $-0.01, below $5.00 threshold. Top up to avoid service interruption.",1,0
83,1786578301.3557513,critical,api_low_balance,ppq balance low: $-0.00,"ppq balance at $-0.00, below $5.00 threshold. Top up to avoid service interruption.",1,0
84,1786578301.3605502,critical,api_low_balance,openrouter balance low: $-0.01,"openrouter balance at $-0.01, below $5.00 threshold. Top up to avoid service interruption.",1,0
85,1786579201.8178663,critical,api_low_balance,ppq balance low: $-0.00,"ppq balance at $-0.00, below $5.00 threshold. Top up to avoid service interruption.",1,0
86,1786579201.826844,critical,api_low_balance,openrouter balance low: $-0.01,"openrouter balance at $-0.01, below $5.00 threshold. Top up to avoid service interruption.",1,0
87,1786580102.0700412,critical,api_low_balance,ppq balance low: $-0.00,"ppq balance at $-0.00, below $5.00 threshold. Top up to avoid service interruption.",1,0
88,1786580102.0737715,critical,api_low_balance,openrouter balance low: $-0.01,"openrouter balance at $-0.01, below $5.00 threshold. Top up to avoid service interruption.",1,0
89,1786581001.9308803,critical,api_low_balance,ppq balance low: $-0.00,"ppq balance at $-0.00, below $5.00 threshold. Top up to avoid service interruption.",1,0
90,1786581001.9485724,critical,api_low_balance,openrouter balance low: $-0.01,"openrouter balance at $-0.01, below $5.00 threshold. Top up to avoid service interruption.",1,0
91,1786581902.081085,critical,api_low_balance,ppq balance low: $-0.00,"ppq balance at $-0.00, below $5.00 threshold. Top up to avoid service interruption.",1,0
92,1786581902.0899518,critical,api_low_balance,openrouter balance low: $-0.01,"openrouter balance at $-0.01, below $5.00 threshold. Top up to avoid service interruption.",1,0
93,1786582801.7334437,critical,api_low_balance,ppq balance low: $-0.00,"ppq balance at $-0.00, below $5.00 threshold. Top up to avoid service interruption.",1,0
94,1786582801.7389529,critical,api_low_balance,openrouter balance low: $-0.01,"openrouter balance at $-0.01, below $5.00 threshold. Top up to avoid service interruption.",1,0
95,1786583701.7393117,critical,api_low_balance,ppq balance low: $-0.00,"ppq balance at $-0.00, below $5.00 threshold. Top up to avoid service interruption.",1,0
96,1786583701.7474365,critical,api_low_balance,openrouter balance low: $-0.01,"openrouter balance at $-0.01, below $5.00 threshold. Top up to avoid service interruption.",1,0
97,1786584601.5539017,critical,api_low_balance,ppq balance low: $-0.00,"ppq balance at $-0.00, below $5.00 threshold. Top up to avoid service interruption.",1,0
98,1786584601.5626187,critical,api_low_balance,openrouter balance low: $-0.01,"openrouter balance at $-0.01, below $5.00 threshold. Top up to avoid service interruption.",1,0
99,1786585501.4685097,critical,api_low_balance,ppq balance low: $-0.00,"ppq balance at $-0.00, below $5.00 threshold. Top up to avoid service interruption.",1,0
100,1786585501.4791195,critical,api_low_balance,openrouter balance low: $-0.01,"openrouter balance at $-0.01, below $5.00 threshold. Top up to avoid service interruption.",1,0
101,1786586401.8727536,critical,api_low_balance,ppq balance low: $-0.00,"ppq balance at $-0.00, below $5.00 threshold. Top up to avoid service interruption.",1,0
102,1786586401.8792186,critical,api_low_balance,openrouter balance low: $-0.01,"openrouter balance at $-0.01, below $5.00 threshold. Top up to avoid service interruption.",1,0
103,1786587302.1055336,critical,api_low_balance,ppq balance low: $-0.00,"ppq balance at $-0.00, below $5.00 threshold. Top up to avoid service interruption.",1,0
104,1786587302.1154473,critical,api_low_balance,openrouter balance low: $-0.01,"openrouter balance at $-0.01, below $5.00 threshold. Top up to avoid service interruption.",1,0
105,1786588201.6400545,critical,api_low_balance,ppq balance low: $-0.00,"ppq balance at $-0.00, below $5.00 threshold. Top up to avoid service interruption.",1,0
106,1786588201.6428728,critical,api_low_balance,openrouter balance low: $-0.01,"openrouter balance at $-0.01, below $5.00 threshold. Top up to avoid service interruption.",1,0
107,1786589101.8223844,critical,api_low_balance,ppq balance low: $-0.00,"ppq balance at $-0.00, below $5.00 threshold. Top up to avoid service interruption.",1,0
108,1786589101.8309216,critical,api_low_balance,openrouter balance low: $-0.01,"openrouter balance at $-0.01, below $5.00 threshold. Top up to avoid service interruption.",1,0
109,1786590002.271836,critical,api_low_balance,ppq balance low: $-0.00,"ppq balance at $-0.00, below $5.00 threshold. Top up to avoid service interruption.",1,0
110,1786590002.2835445,critical,api_low_balance,openrouter balance low: $-0.01,"openrouter balance at $-0.01, below $5.00 threshold. Top up to avoid service interruption.",1,0
111,1786590901.7585802,critical,api_low_balance,ppq balance low: $-0.00,"ppq balance at $-0.00, below $5.00 threshold. Top up to avoid service interruption.",1,0
112,1786590901.7613661,critical,api_low_balance,openrouter balance low: $-0.01,"openrouter balance at $-0.01, below $5.00 threshold. Top up to avoid service interruption.",1,0
113,1786591801.313681,critical,api_low_balance,ppq balance low: $-0.00,"ppq balance at $-0.00, below $5.00 threshold. Top up to avoid service interruption.",1,0
114,1786591801.3256018,critical,api_low_balance,openrouter balance low: $-0.01,"openrouter balance at $-0.01, below $5.00 threshold. Top up to avoid service interruption.",1,0
115,1786592702.140873,critical,api_low_balance,ppq balance low: $-0.00,"ppq balance at $-0.00, below $5.00 threshold. Top up to avoid service interruption.",1,0
116,1786592702.149983,critical,api_low_balance,openrouter balance low: $-0.01,"openrouter balance at $-0.01, below $5.00 threshold. Top up to avoid service interruption.",1,0
117,1786593602.1784904,critical,api_low_balance,ppq balance low: $-0.00,"ppq balance at $-0.00, below $5.00 threshold. Top up to avoid service interruption.",1,0
118,1786593602.1885157,critical,api_low_balance,openrouter balance low: $-0.01,"openrouter balance at $-0.01, below $5.00 threshold. Top up to avoid service interruption.",1,0
119,1786594501.487162,critical,api_low_balance,ppq balance low: $-0.00,"ppq balance at $-0.00, below $5.00 threshold. Top up to avoid service interruption.",1,0
120,1786594501.4962661,critical,api_low_balance,openrouter balance low: $-0.01,"openrouter balance at $-0.01, below $5.00 threshold. Top up to avoid service interruption.",1,0
121,1786595401.555926,critical,api_low_balance,ppq balance low: $-0.00,"ppq balance at $-0.00, below $5.00 threshold. Top up to avoid service interruption.",1,0
122,1786595401.5683126,critical,api_low_balance,openrouter balance low: $-0.01,"openrouter balance at $-0.01, below $5.00 threshold. Top up to avoid service interruption.",1,0
123,1786596302.0677195,critical,api_low_balance,ppq balance low: $-0.00,"ppq balance at $-0.00, below $5.00 threshold. Top up to avoid service interruption.",1,0
124,1786596302.0739033,critical,api_low_balance,openrouter balance low: $-0.01,"openrouter balance at $-0.01, below $5.00 threshold. Top up to avoid service interruption.",1,0
125,1786597201.5474212,critical,api_low_balance,ppq balance low: $-0.00,"ppq balance at $-0.00, below $5.00 threshold. Top up to avoid service interruption.",1,0
126,1786597201.5587208,critical,api_low_balance,openrouter balance low: $-0.01,"openrouter balance at $-0.01, below $5.00 threshold. Top up to avoid service interruption.",1,0
127,1786598101.535776,critical,api_low_balance,ppq balance low: $-0.00,"ppq balance at $-0.00, below $5.00 threshold. Top up to avoid service interruption.",1,0
128,1786598101.5385985,critical,api_low_balance,openrouter balance low: $-0.01,"openrouter balance at $-0.01, below $5.00 threshold. Top up to avoid service interruption.",1,0
129,1786599001.4497008,critical,api_low_balance,ppq balance low: $-0.00,"ppq balance at $-0.00, below $5.00 threshold. Top up to avoid service interruption.",1,0
130,1786599001.4644732,critical,api_low_balance,openrouter balance low: $-0.01,"openrouter balance at $-0.01, below $5.00 threshold. Top up to avoid service interruption.",1,0
131,1786599902.1955383,critical,api_low_balance,ppq balance low: $-0.00,"ppq balance at $-0.00, below $5.00 threshold. Top up to avoid service interruption.",1,0
132,1786599902.207553,critical,api_low_balance,openrouter balance low: $-0.01,"openrouter balance at $-0.01, below $5.00 threshold. Top up to avoid service interruption.",1,0
133,1786600801.2625957,critical,api_low_balance,ppq balance low: $-0.00,"ppq balance at $-0.00, below $5.00 threshold. Top up to avoid service interruption.",1,0
134,1786600801.2686539,critical,api_low_balance,openrouter balance low: $-0.01,"openrouter balance at $-0.01, below $5.00 threshold. Top up to avoid service interruption.",1,0
135,1786601701.426643,critical,api_low_balance,ppq balance low: $-0.00,"ppq balance at $-0.00, below $5.00 threshold. Top up to avoid service interruption.",1,0
136,1786601701.4328005,critical,api_low_balance,openrouter balance low: $-0.01,"openrouter balance at $-0.01, below $5.00 threshold. Top up to avoid service interruption.",1,0
137,1786602601.4181347,critical,api_low_balance,ppq balance low: $-0.00,"ppq balance at $-0.00, below $5.00 threshold. Top up to avoid service interruption.",1,0
138,1786602601.4339678,critical,api_low_balance,openrouter balance low: $-0.01,"openrouter balance at $-0.01, below $5.00 threshold. Top up to avoid service interruption.",1,0
139,1786603501.6913173,critical,api_low_balance,ppq balance low: $-0.00,"ppq balance at $-0.00, below $5.00 threshold. Top up to avoid service interruption.",1,0
140,1786603501.6975522,critical,api_low_balance,openrouter balance low: $-0.01,"openrouter balance at $-0.01, below $5.00 threshold. Top up to avoid service interruption.",1,0
141,1786604401.9025736,critical,api_low_balance,ppq balance low: $-0.00,"ppq balance at $-0.00, below $5.00 threshold. Top up to avoid service interruption.",1,0
142,1786604401.9115248,critical,api_low_balance,openrouter balance low: $-0.01,"openrouter balance at $-0.01, below $5.00 threshold. Top up to avoid service interruption.",1,0
143,1786605301.3058386,critical,api_low_balance,ppq balance low: $-0.00,"ppq balance at $-0.00, below $5.00 threshold. Top up to avoid service interruption.",1,0
144,1786605301.3147743,critical,api_low_balance,openrouter balance low: $-0.01,"openrouter balance at $-0.01, below $5.00 threshold. Top up to avoid service interruption.",1,0
145,1786606201.4289157,critical,api_low_balance,ppq balance low: $-0.00,"ppq balance at $-0.00, below $5.00 threshold. Top up to avoid service interruption.",1,0
146,1786606201.4409072,critical,api_low_balance,openrouter balance low: $-0.01,"openrouter balance at $-0.01, below $5.00 threshold. Top up to avoid service interruption.",1,0
147,1786607101.5442278,critical,api_low_balance,ppq balance low: $-0.00,"ppq balance at $-0.00, below $5.00 threshold. Top up to avoid service interruption.",1,0
148,1786607101.5561209,critical,api_low_balance,openrouter balance low: $-0.01,"openrouter balance at $-0.01, below $5.00 threshold. Top up to avoid service interruption.",1,0
149,1786608001.5355809,critical,api_low_balance,ppq balance low: $-0.00,"ppq balance at $-0.00, below $5.00 threshold. Top up to avoid service interruption.",1,0
150,1786608001.547475,critical,api_low_balance,openrouter balance low: $-0.01,"openrouter balance at $-0.01, below $5.00 threshold. Top up to avoid service interruption.",1,0
151,1786608901.4010675,critical,api_low_balance,ppq balance low: $-0.00,"ppq balance at $-0.00, below $5.00 threshold. Top up to avoid service interruption.",1,0
152,1786608901.4090316,critical,api_low_balance,openrouter balance low: $-0.01,"openrouter balance at $-0.01, below $5.00 threshold. Top up to avoid service interruption.",1,0
153,1786609801.474572,critical,api_low_balance,ppq balance low: $-0.00,"ppq balance at $-0.00, below $5.00 threshold. Top up to avoid service interruption.",1,0
154,1786609801.4868107,critical,api_low_balance,openrouter balance low: $-0.01,"openrouter balance at $-0.01, below $5.00 threshold. Top up to avoid service interruption.",1,0
155,1786610701.4768739,critical,api_low_balance,ppq balance low: $-0.00,"ppq balance at $-0.00, below $5.00 threshold. Top up to avoid service interruption.",1,0
156,1786610701.4849124,critical,api_low_balance,openrouter balance low: $-0.01,"openrouter balance at $-0.01, below $5.00 threshold. Top up to avoid service interruption.",1,0
157,1786611602.2169216,critical,api_low_balance,ppq balance low: $-0.00,"ppq balance at $-0.00, below $5.00 threshold. Top up to avoid service interruption.",1,0
158,1786611602.2422538,critical,api_low_balance,openrouter balance low: $-0.01,"openrouter balance at $-0.01, below $5.00 threshold. Top up to avoid service interruption.",1,0
159,1786612501.8037112,critical,api_low_balance,ppq balance low: $-0.00,"ppq balance at $-0.00, below $5.00 threshold. Top up to avoid service interruption.",1,0
160,1786612501.8125868,critical,api_low_balance,openrouter balance low: $-0.01,"openrouter balance at $-0.01, below $5.00 threshold. Top up to avoid service interruption.",1,0
161,1786613401.9337413,critical,api_low_balance,ppq balance low: $-0.00,"ppq balance at $-0.00, below $5.00 threshold. Top up to avoid service interruption.",1,0
162,1786613401.9370496,critical,api_low_balance,openrouter balance low: $-0.01,"openrouter balance at $-0.01, below $5.00 threshold. Top up to avoid service interruption.",1,0
163,1786614302.132393,critical,api_low_balance,ppq balance low: $-0.00,"ppq balance at $-0.00, below $5.00 threshold. Top up to avoid service interruption.",1,0
164,1786614302.1444063,critical,api_low_balance,openrouter balance low: $-0.01,"openrouter balance at $-0.01, below $5.00 threshold. Top up to avoid service interruption.",1,0
165,1786615201.6586854,critical,api_low_balance,ppq balance low: $-0.00,"ppq balance at $-0.00, below $5.00 threshold. Top up to avoid service interruption.",1,0
166,1786615201.6709719,critical,api_low_balance,openrouter balance low: $-0.01,"openrouter balance at $-0.01, below $5.00 threshold. Top up to avoid service interruption.",1,0
167,1786616101.328346,critical,api_low_balance,ppq balance low: $-0.00,"ppq balance at $-0.00, below $5.00 threshold. Top up to avoid service interruption.",1,0
168,1786616101.3345718,critical,api_low_balance,openrouter balance low: $-0.01,"openrouter balance at $-0.01, below $5.00 threshold. Top up to avoid service interruption.",1,0
169,1786617001.6440475,critical,api_low_balance,ppq balance low: $-0.00,"ppq balance at $-0.00, below $5.00 threshold. Top up to avoid service interruption.",1,0
170,1786617001.658313,critical,api_low_balance,openrouter balance low: $-0.01,"openrouter balance at $-0.01, below $5.00 threshold. Top up to avoid service interruption.",1,0
171,1786617901.607788,critical,api_low_balance,ppq balance low: $-0.00,"ppq balance at $-0.00, below $5.00 threshold. Top up to avoid service interruption.",1,0
172,1786617901.6235666,critical,api_low_balance,openrouter balance low: $-0.01,"openrouter balance at $-0.01, below $5.00 threshold. Top up to avoid service interruption.",1,0
173,1786618802.2668154,critical,api_low_balance,ppq balance low: $-0.00,"ppq balance at $-0.00, below $5.00 threshold. Top up to avoid service interruption.",1,0
174,1786618802.281978,critical,api_low_balance,openrouter balance low: $-0.01,"openrouter balance at $-0.01, below $5.00 threshold. Top up to avoid service interruption.",1,0
175,1786619701.749236,critical,api_low_balance,ppq balance low: $-0.00,"ppq balance at $-0.00, below $5.00 threshold. Top up to avoid service interruption.",1,0
176,1786619701.7569366,critical,api_low_balance,openrouter balance low: $-0.01,"openrouter balance at $-0.01, below $5.00 threshold. Top up to avoid service interruption.",1,0
177,1786620601.9132566,critical,api_low_balance,ppq balance low: $-0.00,"ppq balance at $-0.00, below $5.00 threshold. Top up to avoid service interruption.",1,0
178,1786620601.9221108,critical,api_low_balance,openrouter balance low: $-0.01,"openrouter balance at $-0.01, below $5.00 threshold. Top up to avoid service interruption.",1,0
179,1786621502.0431862,critical,api_low_balance,ppq balance low: $-0.00,"ppq balance at $-0.00, below $5.00 threshold. Top up to avoid service interruption.",1,0
180,1786621502.0522726,critical,api_low_balance,openrouter balance low: $-0.01,"openrouter balance at $-0.01, below $5.00 threshold. Top up to avoid service interruption.",1,0
181,1786622402.0993662,critical,api_low_balance,ppq balance low: $-0.00,"ppq balance at $-0.00, below $5.00 threshold. Top up to avoid service interruption.",1,0
182,1786622402.105339,critical,api_low_balance,openrouter balance low: $-0.01,"openrouter balance at $-0.01, below $5.00 threshold. Top up to avoid service interruption.",1,0
183,1786623301.754881,critical,api_low_balance,ppq balance low: $-0.00,"ppq balance at $-0.00, below $5.00 threshold. Top up to avoid service interruption.",1,0
184,1786623301.7635446,critical,api_low_balance,openrouter balance low: $-0.01,"openrouter balance at $-0.01, below $5.00 threshold. Top up to avoid service interruption.",1,0
185,1786624201.87535,critical,api_low_balance,ppq balance low: $-0.00,"ppq balance at $-0.00, below $5.00 threshold. Top up to avoid service interruption.",1,0
186,1786624201.8788517,critical,api_low_balance,openrouter balance low: $-0.01,"openrouter balance at $-0.01, below $5.00 threshold. Top up to avoid service interruption.",1,0
187,1786625103.3405707,critical,api_low_balance,ppq balance low: $-0.00,"ppq balance at $-0.00, below $5.00 threshold. Top up to avoid service interruption.",1,0
188,1786625103.3952754,critical,api_low_balance,openrouter balance low: $-0.01,"openrouter balance at $-0.01, below $5.00 threshold. Top up to avoid service interruption.",1,0
189,1786626002.154587,critical,api_low_balance,ppq balance low: $-0.00,"ppq balance at $-0.00, below $5.00 threshold. Top up to avoid service interruption.",1,0
190,1786626002.1772134,critical,api_low_balance,openrouter balance low: $-0.01,"openrouter balance at $-0.01, below $5.00 threshold. Top up to avoid service interruption.",1,0
191,1786626901.9119945,critical,api_low_balance,ppq balance low: $-0.00,"ppq balance at $-0.00, below $5.00 threshold. Top up to avoid service interruption.",1,0
192,1786626901.9341707,critical,api_low_balance,openrouter balance low: $-0.01,"openrouter balance at $-0.01, below $5.00 threshold. Top up to avoid service interruption.",1,0
193,1786627802.1467144,critical,api_low_balance,ppq balance low: $-0.00,"ppq balance at $-0.00, below $5.00 threshold. Top up to avoid service interruption.",1,0
194,1786627802.1649039,critical,api_low_balance,openrouter balance low: $-0.01,"openrouter balance at $-0.01, below $5.00 threshold. Top up to avoid service interruption.",1,0
195,1786628701.6979673,critical,api_low_balance,ppq balance low: $-0.00,"ppq balance at $-0.00, below $5.00 threshold. Top up to avoid service interruption.",1,0
196,1786628701.7145312,critical,api_low_balance,openrouter balance low: $-0.01,"openrouter balance at $-0.01, below $5.00 threshold. Top up to avoid service interruption.",1,0
197,1786629602.0717082,critical,api_low_balance,ppq balance low: $-0.00,"ppq balance at $-0.00, below $5.00 threshold. Top up to avoid service interruption.",1,0
198,1786629602.0969677,critical,api_low_balance,openrouter balance low: $-0.01,"openrouter balance at $-0.01, below $5.00 threshold. Top up to avoid service interruption.",1,0
199,1786629938.8252015,WARN,key_backoff,ollama_cloud exhausted failure #1,"{""detail"": ""backoff 2.0s; error_type=exhausted"", ""key_name"": ""ollama_cloud""}",1,0
200,1786629942.3941672,WARN,key_backoff,ollama_cloud exhausted failure #2,"{""detail"": ""backoff 4.0s; error_type=exhausted"", ""key_name"": ""ollama_cloud""}",1,0
201,1786629950.5959063,WARN,key_backoff,ollama_cloud exhausted failure #3,"{""detail"": ""backoff 8.0s; error_type=exhausted"", ""key_name"": ""ollama_cloud""}",1,0
202,1786629950.6495054,WARN,key_backoff,ollama_cloud exhausted failure #4,"{""detail"": ""backoff 16.0s; error_type=exhausted"", ""key_name"": ""ollama_cloud""}",1,0
203,1786630501.3031726,critical,api_low_balance,ppq balance low: $-0.00,"ppq balance at $-0.00, below $5.00 threshold. Top up to avoid service interruption.",1,0
204,1786630501.3145535,critical,api_low_balance,openrouter balance low: $-0.01,"openrouter balance at $-0.01, below $5.00 threshold. Top up to avoid service interruption.",1,0
205,1786631005.867343,WARN,key_backoff,ollama_cloud exhausted failure #5,"{""detail"": ""backoff 32.0s; error_type=exhausted"", ""key_name"": ""ollama_cloud""}",1,0
206,1786631005.9437819,WARN,key_backoff,ollama_cloud exhausted failure #6,"{""detail"": ""backoff 60.0s; error_type=exhausted"", ""key_name"": ""ollama_cloud""}",1,0
207,1786631006.1166165,WARN,key_backoff,ollama_cloud exhausted failure #7,"{""detail"": ""backoff 60.0s; error_type=exhausted"", ""key_name"": ""ollama_cloud""}",1,0
208,1786631006.1170661,CRITICAL,KEY_DEAD,ollama_cloud reached 7 consecutive failures,"{""detail"": ""backoff 60.0s; likely dead"", ""key_name"": ""ollama_cloud""}",1,0
209,1786631066.9139662,WARN,key_backoff,ollama_cloud exhausted failure #8,"{""detail"": ""backoff 60.0s; error_type=exhausted"", ""key_name"": ""ollama_cloud""}",1,0
210,1786631138.1913805,WARN,key_backoff,ollama_cloud exhausted failure #9,"{""detail"": ""backoff 60.0s; error_type=exhausted"", ""key_name"": ""ollama_cloud""}",1,0
211,1786631201.6419053,WARN,key_backoff,ollama_cloud exhausted failure #10,"{""detail"": ""backoff 60.0s; error_type=exhausted"", ""key_name"": ""ollama_cloud""}",1,0
212,1786631402.3605995,critical,api_low_balance,ppq balance low: $4.81,"ppq balance at $4.81, below $5.00 threshold. Top up to avoid service interruption.",1,0
213,1786631402.3605995,warning,api_expensive_request,ppq expensive interval: $0.44,ppq spend in last interval ($0.44) exceeds $0.10 threshold.,1,0
214,1786631402.380682,critical,api_low_balance,openrouter balance low: $-0.01,"openrouter balance at $-0.01, below $5.00 threshold. Top up to avoid service interruption.",1,0
215,1786631422.6684325,WARN,key_backoff,ollama_cloud exhausted failure #1,"{""detail"": ""backoff 2.0s; error_type=exhausted"", ""key_name"": ""ollama_cloud""}",1,0
216,1786631422.6826327,WARN,key_backoff,ollama_cloud exhausted failure #2,"{""detail"": ""backoff 4.0s; error_type=exhausted"", ""key_name"": ""ollama_cloud""}",1,0
217,1786631434.7115755,WARN,key_backoff,ollama_cloud exhausted failure #3,"{""detail"": ""backoff 8.0s; error_type=exhausted"", ""key_name"": ""ollama_cloud""}",1,0
218,1786631446.7984629,WARN,key_backoff,ollama_cloud exhausted failure #4,"{""detail"": ""backoff 16.0s; error_type=exhausted"", ""key_name"": ""ollama_cloud""}",1,0
219,1786631464.904877,WARN,key_backoff,ollama_cloud exhausted failure #5,"{""detail"": ""backoff 32.0s; error_type=exhausted"", ""key_name"": ""ollama_cloud""}",1,0
220,1786631465.2815223,WARN,key_backoff,ollama_cloud exhausted failure #6,"{""detail"": ""backoff 60.0s; error_type=exhausted"", ""key_name"": ""ollama_cloud""}",1,0
221,1786631526.8161979,WARN,key_backoff,ollama_cloud exhausted failure #7,"{""detail"": ""backoff 60.0s; error_type=exhausted"", ""key_name"": ""ollama_cloud""}",1,0
222,1786631526.8176339,CRITICAL,KEY_DEAD,ollama_cloud reached 7 consecutive failures,"{""detail"": ""backoff 60.0s; likely dead"", ""key_name"": ""ollama_cloud""}",1,0
223,1786632302.3869479,critical,api_low_balance,ppq balance low: $2.20,"ppq balance at $2.20, below $5.00 threshold. Top up to avoid service interruption.",1,0
224,1786632302.3869479,warning,api_expensive_request,ppq expensive interval: $0.33,ppq spend in last interval ($0.33) exceeds $0.10 threshold.,1,0
225,1786632302.4041257,critical,api_low_balance,openrouter balance low: $-0.01,"openrouter balance at $-0.01, below $5.00 threshold. Top up to avoid service interruption.",1,0
226,1786632954.520067,WARN,key_backoff,ollama_cloud exhausted failure #1,"{""detail"": ""backoff 2.0s; error_type=exhausted"", ""key_name"": ""ollama_cloud""}",1,0
227,1786633001.0484846,WARN,key_backoff,ollama_cloud exhausted failure #2,"{""detail"": ""backoff 4.0s; error_type=exhausted"", ""key_name"": ""ollama_cloud""}",1,0
228,1786633015.6853492,WARN,key_backoff,ollama_cloud exhausted failure #3,"{""detail"": ""backoff 8.0s; error_type=exhausted"", ""key_name"": ""ollama_cloud""}",1,0
229,1786633103.633296,WARN,key_backoff,ollama_cloud exhausted failure #4,"{""detail"": ""backoff 16.0s; error_type=exhausted"", ""key_name"": ""ollama_cloud""}",1,0
230,1786633129.5519106,WARN,key_backoff,ollama_cloud exhausted failure #5,"{""detail"": ""backoff 32.0s; error_type=exhausted"", ""key_name"": ""ollama_cloud""}",1,0
231,1786633186.2450373,WARN,key_backoff,ollama_cloud exhausted failure #6,"{""detail"": ""backoff 60.0s; error_type=exhausted"", ""key_name"": ""ollama_cloud""}",1,0
232,1786633201.4610505,critical,api_low_balance,ppq balance low: $1.86,"ppq balance at $1.86, below $5.00 threshold. Top up to avoid service interruption.",1,0
233,1786633201.4610505,warning,api_expensive_request,ppq expensive interval: $0.17,ppq spend in last interval ($0.17) exceeds $0.10 threshold.,1,0
234,1786633201.4749699,critical,api_low_balance,openrouter balance low: $-0.01,"openrouter balance at $-0.01, below $5.00 threshold. Top up to avoid service interruption.",1,0
235,1786633333.5864685,WARN,key_backoff,ollama_cloud exhausted failure #7,"{""detail"": ""backoff 60.0s; error_type=exhausted"", ""key_name"": ""ollama_cloud""}",1,0
236,1786633333.587105,CRITICAL,KEY_DEAD,ollama_cloud reached 7 consecutive failures,"{""detail"": ""backoff 60.0s; likely dead"", ""key_name"": ""ollama_cloud""}",1,0
237,1786633435.208596,WARN,key_backoff,ollama_cloud exhausted failure #8,"{""detail"": ""backoff 60.0s; error_type=exhausted"", ""key_name"": ""ollama_cloud""}",1,0
238,1786633503.2478883,WARN,key_backoff,ollama_cloud exhausted failure #9,"{""detail"": ""backoff 60.0s; error_type=exhausted"", ""key_name"": ""ollama_cloud""}",1,0
239,1786633717.154661,WARN,key_backoff,ollama_cloud exhausted failure #10,"{""detail"": ""backoff 60.0s; error_type=exhausted"", ""key_name"": ""ollama_cloud""}",1,0
240,1786633794.9121017,WARN,key_backoff,ollama_cloud exhausted failure #11,"{""detail"": ""backoff 60.0s; error_type=exhausted"", ""key_name"": ""ollama_cloud""}",1,0
241,1786633855.6483748,WARN,key_backoff,ollama_cloud exhausted failure #12,"{""detail"": ""backoff 60.0s; error_type=exhausted"", ""key_name"": ""ollama_cloud""}",1,0
242,1786633957.3430562,WARN,key_backoff,ollama_cloud exhausted failure #13,"{""detail"": ""backoff 60.0s; error_type=exhausted"", ""key_name"": ""ollama_cloud""}",1,0
243,1786634057.4235544,WARN,key_backoff,ollama_cloud exhausted failure #14,"{""detail"": ""backoff 60.0s; error_type=exhausted"", ""key_name"": ""ollama_cloud""}",1,0
244,1786634101.577413,critical,api_low_balance,ppq balance low: $0.80,"ppq balance at $0.80, below $5.00 threshold. Top up to avoid service interruption.",1,0
245,1786634101.577413,warning,api_expensive_request,ppq expensive interval: $0.29,ppq spend in last interval ($0.29) exceeds $0.10 threshold.,1,0
246,1786634101.5858326,critical,api_low_balance,openrouter balance low: $-0.01,"openrouter balance at $-0.01, below $5.00 threshold. Top up to avoid service interruption.",1,0
247,1786634120.4202347,WARN,key_backoff,ollama_cloud exhausted failure #15,"{""detail"": ""backoff 60.0s; error_type=exhausted"", ""key_name"": ""ollama_cloud""}",1,0
248,1786634185.1761713,WARN,key_backoff,ollama_cloud exhausted failure #16,"{""detail"": ""backoff 60.0s; error_type=exhausted"", ""key_name"": ""ollama_cloud""}",1,0
249,1786634246.095669,WARN,key_backoff,ollama_cloud exhausted failure #17,"{""detail"": ""backoff 60.0s; error_type=exhausted"", ""key_name"": ""ollama_cloud""}",1,0
250,1786634334.9816217,WARN,key_backoff,ollama_cloud exhausted failure #18,"{""detail"": ""backoff 60.0s; error_type=exhausted"", ""key_name"": ""ollama_cloud""}",1,0
251,1786634399.7035587,WARN,key_backoff,ollama_cloud exhausted failure #19,"{""detail"": ""backoff 60.0s; error_type=exhausted"", ""key_name"": ""ollama_cloud""}",1,0
252,1786634532.2106273,WARN,key_backoff,ollama_cloud exhausted failure #20,"{""detail"": ""backoff 60.0s; error_type=exhausted"", ""key_name"": ""ollama_cloud""}",1,0
253,1786634639.8380837,WARN,key_backoff,ollama_cloud exhausted failure #21,"{""detail"": ""backoff 60.0s; error_type=exhausted"", ""key_name"": ""ollama_cloud""}",1,0
254,1786634718.2261338,WARN,key_backoff,ollama_cloud exhausted failure #22,"{""detail"": ""backoff 60.0s; error_type=exhausted"", ""key_name"": ""ollama_cloud""}",1,0
255,1786634890.5648856,WARN,key_backoff,ollama_cloud exhausted failure #23,"{""detail"": ""backoff 60.0s; error_type=exhausted"", ""key_name"": ""ollama_cloud""}",1,0
256,1786635001.3461962,critical,api_low_balance,ppq balance low: $0.10,"ppq balance at $0.10, below $5.00 threshold. Top up to avoid service interruption.",1,0
257,1786635001.3531024,critical,api_low_balance,openrouter balance low: $-0.01,"openrouter balance at $-0.01, below $5.00 threshold. Top up to avoid service interruption.",1,0
258,1786635902.0735388,critical,api_low_balance,ppq balance low: $0.10,"ppq balance at $0.10, below $5.00 threshold. Top up to avoid service interruption.",1,0
259,1786635902.0796204,critical,api_low_balance,openrouter balance low: $-0.01,"openrouter balance at $-0.01, below $5.00 threshold. Top up to avoid service interruption.",1,0
260,1786636802.0257554,critical,api_low_balance,ppq balance low: $0.10,"ppq balance at $0.10, below $5.00 threshold. Top up to avoid service interruption.",1,0
261,1786636802.0408883,critical,api_low_balance,openrouter balance low: $-0.01,"openrouter balance at $-0.01, below $5.00 threshold. Top up to avoid service interruption.",1,0
262,1786637701.403297,critical,api_low_balance,ppq balance low: $0.10,"ppq balance at $0.10, below $5.00 threshold. Top up to avoid service interruption.",1,0
263,1786637701.415481,critical,api_low_balance,openrouter balance low: $-0.01,"openrouter balance at $-0.01, below $5.00 threshold. Top up to avoid service interruption.",1,0
264,1786638601.7269077,critical,api_low_balance,ppq balance low: $0.10,"ppq balance at $0.10, below $5.00 threshold. Top up to avoid service interruption.",1,0
265,1786638601.742099,critical,api_low_balance,openrouter balance low: $-0.01,"openrouter balance at $-0.01, below $5.00 threshold. Top up to avoid service interruption.",1,0
266,1786639501.8505347,critical,api_low_balance,ppq balance low: $1.94,"ppq balance at $1.94, below $5.00 threshold. Top up to avoid service interruption.",1,0
267,1786639501.8567393,critical,api_low_balance,openrouter balance low: $-0.01,"openrouter balance at $-0.01, below $5.00 threshold. Top up to avoid service interruption.",1,0
268,1786640401.760292,critical,api_low_balance,ppq balance low: $1.94,"ppq balance at $1.94, below $5.00 threshold. Top up to avoid service interruption.",1,0
269,1786640401.7783825,critical,api_low_balance,openrouter balance low: $-0.01,"openrouter balance at $-0.01, below $5.00 threshold. Top up to avoid service interruption.",1,0
270,1786640755.4841762,WARN,key_backoff,ollama_cloud exhausted failure #1,"{""detail"": ""backoff 2.0s; error_type=exhausted"", ""key_name"": ""ollama_cloud""}",1,0
271,1786640800.192486,WARN,key_backoff,ollama_cloud exhausted failure #1,"{""detail"": ""backoff 2.0s; error_type=exhausted"", ""key_name"": ""ollama_cloud""}",1,0
272,1786640890.4181342,WARN,key_backoff,ollama_cloud exhausted failure #2,"{""detail"": ""backoff 4.0s; error_type=exhausted"", ""key_name"": ""ollama_cloud""}",1,0
273,1786641023.2394388,WARN,key_backoff,ollama_cloud exhausted failure #3,"{""detail"": ""backoff 8.0s; error_type=exhausted"", ""key_name"": ""ollama_cloud""}",1,0
274,1786641065.8350093,WARN,key_backoff,ollama_cloud exhausted failure #4,"{""detail"": ""backoff 16.0s; error_type=exhausted"", ""key_name"": ""ollama_cloud""}",1,0
275,1786641104.4427743,WARN,key_backoff,ollama_cloud exhausted failure #5,"{""detail"": ""backoff 32.0s; error_type=exhausted"", ""key_name"": ""ollama_cloud""}",1,0
276,1786641138.1651368,WARN,key_backoff,ollama_cloud exhausted failure #6,"{""detail"": ""backoff 60.0s; error_type=exhausted"", ""key_name"": ""ollama_cloud""}",1,0
277,1786641246.4107602,WARN,key_backoff,ollama_cloud exhausted failure #7,"{""detail"": ""backoff 60.0s; error_type=exhausted"", ""key_name"": ""ollama_cloud""}",1,0
278,1786641246.4111872,CRITICAL,KEY_DEAD,ollama_cloud reached 7 consecutive failures,"{""detail"": ""backoff 60.0s; likely dead"", ""key_name"": ""ollama_cloud""}",1,0
279,1786641301.2430892,critical,api_low_balance,ppq balance low: $1.94,"ppq balance at $1.94, below $5.00 threshold. Top up to avoid service interruption.",1,0
280,1786641301.2521958,critical,api_low_balance,openrouter balance low: $-0.01,"openrouter balance at $-0.01, below $5.00 threshold. Top up to avoid service interruption.",1,0
281,1786641310.4215226,WARN,key_backoff,ollama_cloud exhausted failure #8,"{""detail"": ""backoff 60.0s; error_type=exhausted"", ""key_name"": ""ollama_cloud""}",1,0
282,1786641379.7788076,WARN,key_backoff,ollama_cloud exhausted failure #9,"{""detail"": ""backoff 60.0s; error_type=exhausted"", ""key_name"": ""ollama_cloud""}",1,0
283,1786641446.5473495,WARN,key_backoff,ollama_cloud exhausted failure #10,"{""detail"": ""backoff 60.0s; error_type=exhausted"", ""key_name"": ""ollama_cloud""}",1,0
284,1786641515.8917532,WARN,key_backoff,ollama_cloud exhausted failure #11,"{""detail"": ""backoff 60.0s; error_type=exhausted"", ""key_name"": ""ollama_cloud""}",1,0
285,1786641640.424545,WARN,key_backoff,ollama_cloud exhausted failure #12,"{""detail"": ""backoff 60.0s; error_type=exhausted"", ""key_name"": ""ollama_cloud""}",1,0
286,1786641730.09458,WARN,key_backoff,ollama_cloud exhausted failure #13,"{""detail"": ""backoff 60.0s; error_type=exhausted"", ""key_name"": ""ollama_cloud""}",1,0
287,1786642201.9111996,critical,api_low_balance,ppq balance low: $1.39,"ppq balance at $1.39, below $5.00 threshold. Top up to avoid service interruption.",1,0
288,1786642201.9111996,warning,api_expensive_request,ppq expensive interval: $0.21,ppq spend in last interval ($0.21) exceeds $0.10 threshold.,1,0
289,1786642201.9182594,critical,api_low_balance,openrouter balance low: $-0.01,"openrouter balance at $-0.01, below $5.00 threshold. Top up to avoid service interruption.",1,0
290,1786642236.8284647,WARN,key_backoff,ollama_cloud exhausted failure #14,"{""detail"": ""backoff 60.0s; error_type=exhausted"", ""key_name"": ""ollama_cloud""}",1,0
291,1786642297.4655352,WARN,key_backoff,ollama_cloud exhausted failure #15,"{""detail"": ""backoff 60.0s; error_type=exhausted"", ""key_name"": ""ollama_cloud""}",1,0
292,1786643101.659074,critical,api_low_balance,ppq balance low: $1.18,"ppq balance at $1.18, below $5.00 threshold. Top up to avoid service interruption.",1,0
293,1786643101.6740828,critical,api_low_balance,openrouter balance low: $-0.01,"openrouter balance at $-0.01, below $5.00 threshold. Top up to avoid service interruption.",1,0
294,1786644002.2019358,critical,api_low_balance,ppq balance low: $1.17,"ppq balance at $1.17, below $5.00 threshold. Top up to avoid service interruption.",1,0
295,1786644002.2141619,critical,api_low_balance,openrouter balance low: $-0.01,"openrouter balance at $-0.01, below $5.00 threshold. Top up to avoid service interruption.",1,0
296,1786644901.5260904,critical,api_low_balance,ppq balance low: $1.17,"ppq balance at $1.17, below $5.00 threshold. Top up to avoid service interruption.",1,0
297,1786644901.537209,critical,api_low_balance,openrouter balance low: $-0.01,"openrouter balance at $-0.01, below $5.00 threshold. Top up to avoid service interruption.",1,0
298,1786645802.0350592,critical,api_low_balance,ppq balance low: $1.16,"ppq balance at $1.16, below $5.00 threshold. Top up to avoid service interruption.",1,0
299,1786645802.0613384,critical,api_low_balance,openrouter balance low: $-0.01,"openrouter balance at $-0.01, below $5.00 threshold. Top up to avoid service interruption.",1,0
300,1786645839.4705563,WARN,key_backoff,ollama_cloud exhausted failure #16,"{""detail"": ""backoff 60.0s; error_type=exhausted"", ""key_name"": ""ollama_cloud""}",1,0
301,1786645839.5645888,WARN,key_backoff,ollama_cloud exhausted failure #17,"{""detail"": ""backoff 60.0s; error_type=exhausted"", ""key_name"": ""ollama_cloud""}",1,0
302,1786645839.6898565,WARN,key_backoff,ollama_cloud exhausted failure #18,"{""detail"": ""backoff 60.0s; error_type=exhausted"", ""key_name"": ""ollama_cloud""}",1,0
303,1786646701.5560255,critical,api_low_balance,ppq balance low: $1.01,"ppq balance at $1.01, below $5.00 threshold. Top up to avoid service interruption.",1,0
304,1786646701.5624642,critical,api_low_balance,openrouter balance low: $-0.01,"openrouter balance at $-0.01, below $5.00 threshold. Top up to avoid service interruption.",1,0
305,1786647601.7919676,critical,api_low_balance,ppq balance low: $1.00,"ppq balance at $1.00, below $5.00 threshold. Top up to avoid service interruption.",1,0
306,1786647601.8064873,critical,api_low_balance,openrouter balance low: $-0.01,"openrouter balance at $-0.01, below $5.00 threshold. Top up to avoid service interruption.",1,0
307,1786648502.3046916,critical,api_low_balance,ppq balance low: $1.00,"ppq balance at $1.00, below $5.00 threshold. Top up to avoid service interruption.",1,0
308,1786648502.3158822,critical,api_low_balance,openrouter balance low: $-0.01,"openrouter balance at $-0.01, below $5.00 threshold. Top up to avoid service interruption.",1,0
309,1786649401.7416394,critical,api_low_balance,ppq balance low: $0.99,"ppq balance at $0.99, below $5.00 threshold. Top up to avoid service interruption.",1,0
310,1786649401.759703,critical,api_low_balance,openrouter balance low: $-0.01,"openrouter balance at $-0.01, below $5.00 threshold. Top up to avoid service interruption.",1,0
311,1786649443.5021255,WARN,key_backoff,ollama_cloud exhausted failure #19,"{""detail"": ""backoff 60.0s; error_type=exhausted"", ""key_name"": ""ollama_cloud""}",1,0
312,1786649511.0043886,WARN,key_backoff,ollama_cloud exhausted failure #20,"{""detail"": ""backoff 60.0s; error_type=exhausted"", ""key_name"": ""ollama_cloud""}",1,0
313,1786650301.584047,critical,api_low_balance,ppq balance low: $0.82,"ppq balance at $0.82, below $5.00 threshold. Top up to avoid service interruption.",1,0
314,1786650301.5892391,critical,api_low_balance,openrouter balance low: $-0.01,"openrouter balance at $-0.01, below $5.00 threshold. Top up to avoid service interruption.",1,0
315,1786651201.64732,critical,api_low_balance,ppq balance low: $0.81,"ppq balance at $0.81, below $5.00 threshold. Top up to avoid service interruption.",1,0
316,1786651201.6577287,critical,api_low_balance,openrouter balance low: $-0.01,"openrouter balance at $-0.01, below $5.00 threshold. Top up to avoid service interruption.",1,0
317,1786651477.816117,WARN,key_backoff,ollama_cloud exhausted failure #21,"{""detail"": ""backoff 60.0s; error_type=exhausted"", ""key_name"": ""ollama_cloud""}",1,0
318,1786651539.4986813,WARN,key_backoff,ollama_cloud exhausted failure #22,"{""detail"": ""backoff 60.0s; error_type=exhausted"", ""key_name"": ""ollama_cloud""}",1,0
319,1786651603.8691816,WARN,key_backoff,ollama_cloud exhausted failure #23,"{""detail"": ""backoff 60.0s; error_type=exhausted"", ""key_name"": ""ollama_cloud""}",1,0
320,1786651668.9729228,WARN,key_backoff,ollama_cloud exhausted failure #24,"{""detail"": ""backoff 60.0s; error_type=exhausted"", ""key_name"": ""ollama_cloud""}",1,0
321,1786651731.0326648,WARN,key_backoff,ollama_cloud exhausted failure #25,"{""detail"": ""backoff 60.0s; error_type=exhausted"", ""key_name"": ""ollama_cloud""}",1,0
322,1786651814.1218765,WARN,key_backoff,ollama_cloud exhausted failure #26,"{""detail"": ""backoff 60.0s; error_type=exhausted"", ""key_name"": ""ollama_cloud""}",1,0
323,1786651879.3905458,WARN,key_backoff,ollama_cloud exhausted failure #27,"{""detail"": ""backoff 60.0s; error_type=exhausted"", ""key_name"": ""ollama_cloud""}",1,0
324,1786651958.050761,WARN,key_backoff,ollama_cloud exhausted failure #28,"{""detail"": ""backoff 60.0s; error_type=exhausted"", ""key_name"": ""ollama_cloud""}",1,0
325,1786652019.817585,WARN,key_backoff,ollama_cloud exhausted failure #29,"{""detail"": ""backoff 60.0s; error_type=exhausted"", ""key_name"": ""ollama_cloud""}",1,0
326,1786652082.079672,WARN,key_backoff,ollama_cloud exhausted failure #30,"{""detail"": ""backoff 60.0s; error_type=exhausted"", ""key_name"": ""ollama_cloud""}",1,0
327,1786652082.3998308,WARN,key_backoff,ollama_cloud exhausted failure #31,"{""detail"": ""backoff 60.0s; error_type=exhausted"", ""key_name"": ""ollama_cloud""}",1,0
328,1786652101.82551,critical,api_low_balance,ppq balance low: $0.45,"ppq balance at $0.45, below $5.00 threshold. Top up to avoid service interruption.",1,0
329,1786652101.82551,warning,api_expensive_request,ppq expensive interval: $0.34,ppq spend in last interval ($0.34) exceeds $0.10 threshold.,1,0
330,1786652101.834765,critical,api_low_balance,openrouter balance low: $-0.01,"openrouter balance at $-0.01, below $5.00 threshold. Top up to avoid service interruption.",1,0
331,1786652143.6971412,WARN,key_backoff,ollama_cloud exhausted failure #32,"{""detail"": ""backoff 60.0s; error_type=exhausted"", ""key_name"": ""ollama_cloud""}",1,0
332,1786652213.127615,WARN,key_backoff,ollama_cloud exhausted failure #33,"{""detail"": ""backoff 60.0s; error_type=exhausted"", ""key_name"": ""ollama_cloud""}",1,0
333,1786652274.8259368,WARN,key_backoff,ollama_cloud exhausted failure #34,"{""detail"": ""backoff 60.0s; error_type=exhausted"", ""key_name"": ""ollama_cloud""}",1,0
334,1786652353.0724962,WARN,key_backoff,ollama_cloud exhausted failure #35,"{""detail"": ""backoff 60.0s; error_type=exhausted"", ""key_name"": ""ollama_cloud""}",1,0
335,1786652415.3392372,WARN,key_backoff,ollama_cloud exhausted failure #36,"{""detail"": ""backoff 60.0s; error_type=exhausted"", ""key_name"": ""ollama_cloud""}",1,0
336,1786652492.9847333,WARN,key_backoff,ollama_cloud exhausted failure #37,"{""detail"": ""backoff 60.0s; error_type=exhausted"", ""key_name"": ""ollama_cloud""}",1,0
337,1786652555.299388,WARN,key_backoff,ollama_cloud exhausted failure #38,"{""detail"": ""backoff 60.0s; error_type=exhausted"", ""key_name"": ""ollama_cloud""}",1,0
338,1786652616.2038083,WARN,key_backoff,ollama_cloud exhausted failure #39,"{""detail"": ""backoff 60.0s; error_type=exhausted"", ""key_name"": ""ollama_cloud""}",1,0
339,1786652710.272072,WARN,key_backoff,ollama_cloud exhausted failure #40,"{""detail"": ""backoff 60.0s; error_type=exhausted"", ""key_name"": ""ollama_cloud""}",1,0
340,1786652789.1036496,WARN,key_backoff,ollama_cloud exhausted failure #41,"{""detail"": ""backoff 60.0s; error_type=exhausted"", ""key_name"": ""ollama_cloud""}",1,0
341,1786652850.4036644,WARN,key_backoff,ollama_cloud exhausted failure #42,"{""detail"": ""backoff 60.0s; error_type=exhausted"", ""key_name"": ""ollama_cloud""}",1,0
342,1786652915.2510974,WARN,key_backoff,ollama_cloud exhausted failure #43,"{""detail"": ""backoff 60.0s; error_type=exhausted"", ""key_name"": ""ollama_cloud""}",1,0
343,1786652978.039791,WARN,key_backoff,ollama_cloud exhausted failure #44,"{""detail"": ""backoff 60.0s; error_type=exhausted"", ""key_name"": ""ollama_cloud""}",1,0
344,1786653002.077551,critical,api_low_balance,ppq balance low: $0.06,"ppq balance at $0.06, below $5.00 threshold. Top up to avoid service interruption.",1,0
345,1786653002.0825112,critical,api_low_balance,openrouter balance low: $-0.01,"openrouter balance at $-0.01, below $5.00 threshold. Top up to avoid service interruption.",1,0
346,1786653039.1084394,WARN,key_backoff,ollama_cloud exhausted failure #45,"{""detail"": ""backoff 60.0s; error_type=exhausted"", ""key_name"": ""ollama_cloud""}",1,0
347,1786653102.183595,WARN,key_backoff,ollama_cloud exhausted failure #46,"{""detail"": ""backoff 60.0s; error_type=exhausted"", ""key_name"": ""ollama_cloud""}",1,0
348,1786653163.1736493,WARN,key_backoff,ollama_cloud exhausted failure #47,"{""detail"": ""backoff 60.0s; error_type=exhausted"", ""key_name"": ""ollama_cloud""}",1,0
349,1786653250.6753085,WARN,key_backoff,ollama_cloud exhausted failure #48,"{""detail"": ""backoff 60.0s; error_type=exhausted"", ""key_name"": ""ollama_cloud""}",1,0
350,1786653373.2236927,WARN,key_backoff,ollama_cloud exhausted failure #49,"{""detail"": ""backoff 60.0s; error_type=exhausted"", ""key_name"": ""ollama_cloud""}",1,0
351,1786653447.5047593,WARN,key_backoff,ollama_cloud exhausted failure #50,"{""detail"": ""backoff 60.0s; error_type=exhausted"", ""key_name"": ""ollama_cloud""}",1,0
352,1786653516.1234617,WARN,key_backoff,ollama_cloud exhausted failure #51,"{""detail"": ""backoff 60.0s; error_type=exhausted"", ""key_name"": ""ollama_cloud""}",1,0
353,1786653610.7586179,WARN,key_backoff,ollama_cloud exhausted failure #52,"{""detail"": ""backoff 60.0s; error_type=exhausted"", ""key_name"": ""ollama_cloud""}",1,0
354,1786653674.7218196,WARN,key_backoff,ollama_cloud exhausted failure #53,"{""detail"": ""backoff 60.0s; error_type=exhausted"", ""key_name"": ""ollama_cloud""}",1,0
355,1786653735.8412764,WARN,key_backoff,ollama_cloud exhausted failure #54,"{""detail"": ""backoff 60.0s; error_type=exhausted"", ""key_name"": ""ollama_cloud""}",1,0
356,1786653736.3816307,WARN,key_backoff,ollama_cloud exhausted failure #55,"{""detail"": ""backoff 60.0s; error_type=exhausted"", ""key_name"": ""ollama_cloud""}",1,0
357,1786653798.1573305,WARN,key_backoff,ollama_cloud exhausted failure #56,"{""detail"": ""backoff 60.0s; error_type=exhausted"", ""key_name"": ""ollama_cloud""}",1,0
358,1786653862.907291,WARN,key_backoff,ollama_cloud exhausted failure #57,"{""detail"": ""backoff 60.0s; error_type=exhausted"", ""key_name"": ""ollama_cloud""}",1,0
359,1786653901.6308482,critical,api_low_balance,ppq balance low: $0.06,"ppq balance at $0.06, below $5.00 threshold. Top up to avoid service interruption.",1,0
360,1786653901.6386151,critical,api_low_balance,openrouter balance low: $-0.01,"openrouter balance at $-0.01, below $5.00 threshold. Top up to avoid service interruption.",1,0
361,1786654119.846367,WARN,key_backoff,ollama_cloud exhausted failure #58,"{""detail"": ""backoff 60.0s; error_type=exhausted"", ""key_name"": ""ollama_cloud""}",1,0
362,1786654402.5334182,WARN,key_backoff,ollama_cloud exhausted failure #59,"{""detail"": ""backoff 60.0s; error_type=exhausted"", ""key_name"": ""ollama_cloud""}",1,0
363,1786654505.8739583,WARN,key_backoff,ollama_cloud exhausted failure #60,"{""detail"": ""backoff 60.0s; error_type=exhausted"", ""key_name"": ""ollama_cloud""}",1,0
364,1786654574.91532,WARN,key_backoff,ollama_cloud exhausted failure #61,"{""detail"": ""backoff 60.0s; error_type=exhausted"", ""key_name"": ""ollama_cloud""}",1,0
365,1786654635.3434043,WARN,key_backoff,ollama_cloud exhausted failure #62,"{""detail"": ""backoff 60.0s; error_type=exhausted"", ""key_name"": ""ollama_cloud""}",1,0
366,1786654713.3986254,WARN,key_backoff,ollama_cloud exhausted failure #63,"{""detail"": ""backoff 60.0s; error_type=exhausted"", ""key_name"": ""ollama_cloud""}",1,0
367,1786654801.7918684,critical,api_low_balance,ppq balance low: $0.06,"ppq balance at $0.06, below $5.00 threshold. Top up to avoid service interruption.",1,0
368,1786654801.8244154,critical,api_low_balance,openrouter balance low: $-0.01,"openrouter balance at $-0.01, below $5.00 threshold. Top up to avoid service interruption.",1,0
369,1786654804.5123544,WARN,key_backoff,ollama_cloud exhausted failure #64,"{""detail"": ""backoff 60.0s; error_type=exhausted"", ""key_name"": ""ollama_cloud""}",1,0
370,1786654866.0014558,WARN,key_backoff,ollama_cloud exhausted failure #65,"{""detail"": ""backoff 60.0s; error_type=exhausted"", ""key_name"": ""ollama_cloud""}",1,0
371,1786654929.0341685,WARN,key_backoff,ollama_cloud exhausted failure #66,"{""detail"": ""backoff 60.0s; error_type=exhausted"", ""key_name"": ""ollama_cloud""}",1,0
372,1786654989.8535695,WARN,key_backoff,ollama_cloud exhausted failure #67,"{""detail"": ""backoff 60.0s; error_type=exhausted"", ""key_name"": ""ollama_cloud""}",1,0
373,1786655051.7549803,WARN,key_backoff,ollama_cloud exhausted failure #68,"{""detail"": ""backoff 60.0s; error_type=exhausted"", ""key_name"": ""ollama_cloud""}",1,0
374,1786655130.6395688,WARN,key_backoff,ollama_cloud exhausted failure #69,"{""detail"": ""backoff 60.0s; error_type=exhausted"", ""key_name"": ""ollama_cloud""}",1,0
375,1786655192.7799764,WARN,key_backoff,ollama_cloud exhausted failure #70,"{""detail"": ""backoff 60.0s; error_type=exhausted"", ""key_name"": ""ollama_cloud""}",1,0
376,1786655274.7427876,WARN,key_backoff,ollama_cloud exhausted failure #71,"{""detail"": ""backoff 60.0s; error_type=exhausted"", ""key_name"": ""ollama_cloud""}",1,0
377,1786655363.9350994,WARN,key_backoff,ollama_cloud exhausted failure #72,"{""detail"": ""backoff 60.0s; error_type=exhausted"", ""key_name"": ""ollama_cloud""}",1,0
378,1786655428.9246614,WARN,key_backoff,ollama_cloud exhausted failure #73,"{""detail"": ""backoff 60.0s; error_type=exhausted"", ""key_name"": ""ollama_cloud""}",1,0
379,1786655499.7918746,WARN,key_backoff,ollama_cloud exhausted failure #74,"{""detail"": ""backoff 60.0s; error_type=exhausted"", ""key_name"": ""ollama_cloud""}",1,0
380,1786655564.3514,WARN,key_backoff,ollama_cloud exhausted failure #75,"{""detail"": ""backoff 60.0s; error_type=exhausted"", ""key_name"": ""ollama_cloud""}",1,0
381,1786655625.9664752,WARN,key_backoff,ollama_cloud exhausted failure #76,"{""detail"": ""backoff 60.0s; error_type=exhausted"", ""key_name"": ""ollama_cloud""}",1,0
382,1786655686.8433034,WARN,key_backoff,ollama_cloud exhausted failure #77,"{""detail"": ""backoff 60.0s; error_type=exhausted"", ""key_name"": ""ollama_cloud""}",1,0
383,1786655701.4488559,critical,api_low_balance,ppq balance low: $0.06,"ppq balance at $0.06, below $5.00 threshold. Top up to avoid service interruption.",1,0
384,1786655701.4549232,critical,api_low_balance,openrouter balance low: $-0.01,"openrouter balance at $-0.01, below $5.00 threshold. Top up to avoid service interruption.",1,0
385,1786655808.6456954,WARN,key_backoff,ollama_cloud exhausted failure #78,"{""detail"": ""backoff 60.0s; error_type=exhausted"", ""key_name"": ""ollama_cloud""}",1,0
386,1786655871.414089,WARN,key_backoff,ollama_cloud exhausted failure #79,"{""detail"": ""backoff 60.0s; error_type=exhausted"", ""key_name"": ""ollama_cloud""}",1,0
387,1786655972.8789666,WARN,key_backoff,ollama_cloud exhausted failure #80,"{""detail"": ""backoff 60.0s; error_type=exhausted"", ""key_name"": ""ollama_cloud""}",1,0
388,1786656052.9357893,WARN,key_backoff,ollama_cloud exhausted failure #81,"{""detail"": ""backoff 60.0s; error_type=exhausted"", ""key_name"": ""ollama_cloud""}",1,0
389,1786656120.4601736,WARN,key_backoff,ollama_cloud exhausted failure #82,"{""detail"": ""backoff 60.0s; error_type=exhausted"", ""key_name"": ""ollama_cloud""}",1,0
390,1786656199.2455914,WARN,key_backoff,ollama_cloud exhausted failure #83,"{""detail"": ""backoff 60.0s; error_type=exhausted"", ""key_name"": ""ollama_cloud""}",1,0
391,1786656280.4625812,WARN,key_backoff,ollama_cloud exhausted failure #84,"{""detail"": ""backoff 60.0s; error_type=exhausted"", ""key_name"": ""ollama_cloud""}",1,0
392,1786656350.9317348,WARN,key_backoff,ollama_cloud exhausted failure #85,"{""detail"": ""backoff 60.0s; error_type=exhausted"", ""key_name"": ""ollama_cloud""}",1,0
393,1786656412.632624,WARN,key_backoff,ollama_cloud exhausted failure #86,"{""detail"": ""backoff 60.0s; error_type=exhausted"", ""key_name"": ""ollama_cloud""}",1,0
394,1786656475.5787287,WARN,key_backoff,ollama_cloud exhausted failure #87,"{""detail"": ""backoff 60.0s; error_type=exhausted"", ""key_name"": ""ollama_cloud""}",1,0
395,1786656538.2091355,WARN,key_backoff,ollama_cloud exhausted failure #88,"{""detail"": ""backoff 60.0s; error_type=exhausted"", ""key_name"": ""ollama_cloud""}",1,0
396,1786656601.8812904,critical,api_low_balance,ppq balance low: $0.03,"ppq balance at $0.03, below $5.00 threshold. Top up to avoid service interruption.",1,0
397,1786656601.8866599,critical,api_low_balance,openrouter balance low: $-0.01,"openrouter balance at $-0.01, below $5.00 threshold. Top up to avoid service interruption.",1,0
398,1786656649.519068,WARN,key_backoff,ollama_cloud exhausted failure #89,"{""detail"": ""backoff 60.0s; error_type=exhausted"", ""key_name"": ""ollama_cloud""}",1,0
399,1786656712.316048,WARN,key_backoff,ollama_cloud exhausted failure #90,"{""detail"": ""backoff 60.0s; error_type=exhausted"", ""key_name"": ""ollama_cloud""}",1,0
400,1786656791.3380384,WARN,key_backoff,ollama_cloud exhausted failure #91,"{""detail"": ""backoff 60.0s; error_type=exhausted"", ""key_name"": ""ollama_cloud""}",1,0
401,1786656856.976751,WARN,key_backoff,ollama_cloud exhausted failure #92,"{""detail"": ""backoff 60.0s; error_type=exhausted"", ""key_name"": ""ollama_cloud""}",1,0
402,1786656921.7724335,WARN,key_backoff,ollama_cloud exhausted failure #93,"{""detail"": ""backoff 60.0s; error_type=exhausted"", ""key_name"": ""ollama_cloud""}",1,0
403,1786657087.677969,WARN,key_backoff,ollama_cloud exhausted failure #94,"{""detail"": ""backoff 60.0s; error_type=exhausted"", ""key_name"": ""ollama_cloud""}",1,0
404,1786657291.6629238,WARN,key_backoff,ollama_cloud exhausted failure #95,"{""detail"": ""backoff 60.0s; error_type=exhausted"", ""key_name"": ""ollama_cloud""}",1,0
405,1786657360.0209699,WARN,key_backoff,ollama_cloud exhausted failure #96,"{""detail"": ""backoff 60.0s; error_type=exhausted"", ""key_name"": ""ollama_cloud""}",1,0
406,1786657460.2166464,WARN,key_backoff,ollama_cloud exhausted failure #97,"{""detail"": ""backoff 60.0s; error_type=exhausted"", ""key_name"": ""ollama_cloud""}",1,0
407,1786657501.2674417,critical,api_low_balance,ppq balance low: $0.03,"ppq balance at $0.03, below $5.00 threshold. Top up to avoid service interruption.",1,0
408,1786657501.2792556,critical,api_low_balance,openrouter balance low: $-0.01,"openrouter balance at $-0.01, below $5.00 threshold. Top up to avoid service interruption.",1,0
409,1786657582.149672,WARN,key_backoff,ollama_cloud exhausted failure #98,"{""detail"": ""backoff 60.0s; error_type=exhausted"", ""key_name"": ""ollama_cloud""}",1,0
410,1786657694.153317,WARN,key_backoff,ollama_cloud exhausted failure #99,"{""detail"": ""backoff 60.0s; error_type=exhausted"", ""key_name"": ""ollama_cloud""}",1,0
411,1786657782.6347063,WARN,key_backoff,ollama_cloud exhausted failure #100,"{""detail"": ""backoff 60.0s; error_type=exhausted"", ""key_name"": ""ollama_cloud""}",1,0
412,1786657884.9398625,WARN,key_backoff,ollama_cloud exhausted failure #101,"{""detail"": ""backoff 60.0s; error_type=exhausted"", ""key_name"": ""ollama_cloud""}",1,0
413,1786657954.3695426,WARN,key_backoff,ollama_cloud exhausted failure #102,"{""detail"": ""backoff 60.0s; error_type=exhausted"", ""key_name"": ""ollama_cloud""}",1,0
414,1786658016.247544,WARN,key_backoff,ollama_cloud exhausted failure #103,"{""detail"": ""backoff 60.0s; error_type=exhausted"", ""key_name"": ""ollama_cloud""}",1,0
415,1786658091.603634,WARN,key_backoff,ollama_cloud exhausted failure #104,"{""detail"": ""backoff 60.0s; error_type=exhausted"", ""key_name"": ""ollama_cloud""}",1,0
416,1786658166.5183134,WARN,key_backoff,ollama_cloud exhausted failure #105,"{""detail"": ""backoff 60.0s; error_type=exhausted"", ""key_name"": ""ollama_cloud""}",1,0
417,1786658232.3476052,WARN,key_backoff,ollama_cloud exhausted failure #106,"{""detail"": ""backoff 60.0s; error_type=exhausted"", ""key_name"": ""ollama_cloud""}",1,0
418,1786658296.4455533,WARN,key_backoff,ollama_cloud exhausted failure #107,"{""detail"": ""backoff 60.0s; error_type=exhausted"", ""key_name"": ""ollama_cloud""}",1,0
419,1786658357.4292643,WARN,key_backoff,ollama_cloud exhausted failure #108,"{""detail"": ""backoff 60.0s; error_type=exhausted"", ""key_name"": ""ollama_cloud""}",1,0
420,1786658401.4807498,critical,api_low_balance,ppq balance low: $0.03,"ppq balance at $0.03, below $5.00 threshold. Top up to avoid service interruption.",1,0
421,1786658401.4836726,critical,api_low_balance,openrouter balance low: $-0.01,"openrouter balance at $-0.01, below $5.00 threshold. Top up to avoid service interruption.",1,0
422,1786658432.5008097,WARN,key_backoff,ollama_cloud exhausted failure #109,"{""detail"": ""backoff 60.0s; error_type=exhausted"", ""key_name"": ""ollama_cloud""}",1,0
423,1786658496.548725,WARN,key_backoff,ollama_cloud exhausted failure #110,"{""detail"": ""backoff 60.0s; error_type=exhausted"", ""key_name"": ""ollama_cloud""}",1,0
424,1786658561.583027,WARN,key_backoff,ollama_cloud exhausted failure #111,"{""detail"": ""backoff 60.0s; error_type=exhausted"", ""key_name"": ""ollama_cloud""}",1,0
425,1786658630.3856478,WARN,key_backoff,ollama_cloud exhausted failure #112,"{""detail"": ""backoff 60.0s; error_type=exhausted"", ""key_name"": ""ollama_cloud""}",1,0
426,1786658700.921265,WARN,key_backoff,ollama_cloud exhausted failure #113,"{""detail"": ""backoff 60.0s; error_type=exhausted"", ""key_name"": ""ollama_cloud""}",1,0
427,1786658767.276388,WARN,key_backoff,ollama_cloud exhausted failure #114,"{""detail"": ""backoff 60.0s; error_type=exhausted"", ""key_name"": ""ollama_cloud""}",1,0
428,1786659301.3362393,critical,api_low_balance,ppq balance low: $0.03,"ppq balance at $0.03, below $5.00 threshold. Top up to avoid service interruption.",1,0
429,1786659301.3440921,critical,api_low_balance,openrouter balance low: $-0.01,"openrouter balance at $-0.01, below $5.00 threshold. Top up to avoid service interruption.",1,0
430,1786660201.6094456,critical,api_low_balance,ppq balance low: $0.03,"ppq balance at $0.03, below $5.00 threshold. Top up to avoid service interruption.",1,0
431,1786660201.6152887,critical,api_low_balance,openrouter balance low: $-0.01,"openrouter balance at $-0.01, below $5.00 threshold. Top up to avoid service interruption.",1,0
432,1786660259.0298948,WARN,key_backoff,ollama_cloud exhausted failure #115,"{""detail"": ""backoff 60.0s; error_type=exhausted"", ""key_name"": ""ollama_cloud""}",1,0
433,1786660259.4330397,WARN,key_backoff,ollama_cloud exhausted failure #116,"{""detail"": ""backoff 60.0s; error_type=exhausted"", ""key_name"": ""ollama_cloud""}",1,0
434,1786660259.6725569,WARN,key_backoff,ollama_cloud exhausted failure #117,"{""detail"": ""backoff 60.0s; error_type=exhausted"", ""key_name"": ""ollama_cloud""}",1,0
435,1786661102.0551069,critical,api_low_balance,ppq balance low: $0.02,"ppq balance at $0.02, below $5.00 threshold. Top up to avoid service interruption.",1,0
436,1786661102.0635717,critical,api_low_balance,openrouter balance low: $-0.01,"openrouter balance at $-0.01, below $5.00 threshold. Top up to avoid service interruption.",1,0
437,1786662001.7467716,critical,api_low_balance,ppq balance low: $0.02,"ppq balance at $0.02, below $5.00 threshold. Top up to avoid service interruption.",1,0
438,1786662001.758896,critical,api_low_balance,openrouter balance low: $-0.01,"openrouter balance at $-0.01, below $5.00 threshold. Top up to avoid service interruption.",1,0
439,1786662901.4006512,critical,api_low_balance,ppq balance low: $0.02,"ppq balance at $0.02, below $5.00 threshold. Top up to avoid service interruption.",1,0
440,1786662901.4075341,critical,api_low_balance,openrouter balance low: $-0.01,"openrouter balance at $-0.01, below $5.00 threshold. Top up to avoid service interruption.",1,0
441,1786663802.0140116,critical,api_low_balance,ppq balance low: $0.02,"ppq balance at $0.02, below $5.00 threshold. Top up to avoid service interruption.",1,0
442,1786663802.0279608,critical,api_low_balance,openrouter balance low: $-0.01,"openrouter balance at $-0.01, below $5.00 threshold. Top up to avoid service interruption.",1,0
443,1786663855.2421503,WARN,key_backoff,ollama_cloud exhausted failure #118,"{""detail"": ""backoff 60.0s; error_type=exhausted"", ""key_name"": ""ollama_cloud""}",1,0
444,1786663855.5061,WARN,key_backoff,ollama_cloud exhausted failure #119,"{""detail"": ""backoff 60.0s; error_type=exhausted"", ""key_name"": ""ollama_cloud""}",1,0
445,1786664702.0453951,critical,api_low_balance,ppq balance low: $0.02,"ppq balance at $0.02, below $5.00 threshold. Top up to avoid service interruption.",1,0
446,1786664702.0483084,critical,api_low_balance,openrouter balance low: $-0.01,"openrouter balance at $-0.01, below $5.00 threshold. Top up to avoid service interruption.",1,0
447,1786665601.8253973,critical,api_low_balance,ppq balance low: $0.02,"ppq balance at $0.02, below $5.00 threshold. Top up to avoid service interruption.",1,0
448,1786665601.8402655,critical,api_low_balance,openrouter balance low: $-0.01,"openrouter balance at $-0.01, below $5.00 threshold. Top up to avoid service interruption.",1,0
449,1786666501.9929168,critical,api_low_balance,ppq balance low: $0.02,"ppq balance at $0.02, below $5.00 threshold. Top up to avoid service interruption.",1,0
450,1786666502.004746,critical,api_low_balance,openrouter balance low: $-0.01,"openrouter balance at $-0.01, below $5.00 threshold. Top up to avoid service interruption.",1,0
451,1786667401.4573488,critical,api_low_balance,ppq balance low: $0.02,"ppq balance at $0.02, below $5.00 threshold. Top up to avoid service interruption.",1,0
452,1786667401.4733117,critical,api_low_balance,openrouter balance low: $-0.01,"openrouter balance at $-0.01, below $5.00 threshold. Top up to avoid service interruption.",1,0
453,1786667458.2395003,WARN,key_backoff,ollama_cloud exhausted failure #120,"{""detail"": ""backoff 60.0s; error_type=exhausted"", ""key_name"": ""ollama_cloud""}",1,0
454,1786667528.2956743,WARN,key_backoff,ollama_cloud exhausted failure #121,"{""detail"": ""backoff 60.0s; error_type=exhausted"", ""key_name"": ""ollama_cloud""}",1,0
455,1786668301.6648955,critical,api_low_balance,ppq balance low: $0.02,"ppq balance at $0.02, below $5.00 threshold. Top up to avoid service interruption.",1,0
456,1786668301.6749232,critical,api_low_balance,openrouter balance low: $-0.01,"openrouter balance at $-0.01, below $5.00 threshold. Top up to avoid service interruption.",1,0
457,1786668321.7525973,WARN,key_backoff,ollama_cloud exhausted failure #122,"{""detail"": ""backoff 60.0s; error_type=exhausted"", ""key_name"": ""ollama_cloud""}",1,0
458,1786668422.7746618,WARN,key_backoff,ollama_cloud exhausted failure #123,"{""detail"": ""backoff 60.0s; error_type=exhausted"", ""key_name"": ""ollama_cloud""}",1,0
459,1786668563.4625342,WARN,key_backoff,ollama_cloud exhausted failure #124,"{""detail"": ""backoff 60.0s; error_type=exhausted"", ""key_name"": ""ollama_cloud""}",1,0
460,1786669201.5421026,critical,api_low_balance,ppq balance low: $0.02,"ppq balance at $0.02, below $5.00 threshold. Top up to avoid service interruption.",1,0
461,1786669201.5645728,critical,api_low_balance,openrouter balance low: $-0.01,"openrouter balance at $-0.01, below $5.00 threshold. Top up to avoid service interruption.",1,0
462,1786669718.4928725,WARN,key_backoff,ollama_cloud exhausted failure #125,"{""detail"": ""backoff 60.0s; error_type=exhausted"", ""key_name"": ""ollama_cloud""}",1,0
463,1786669784.067311,WARN,key_backoff,ollama_cloud exhausted failure #126,"{""detail"": ""backoff 60.0s; error_type=exhausted"", ""key_name"": ""ollama_cloud""}",1,0
464,1786669858.4606953,WARN,key_backoff,ollama_cloud exhausted failure #127,"{""detail"": ""backoff 60.0s; error_type=exhausted"", ""key_name"": ""ollama_cloud""}",1,0
465,1786669954.19471,WARN,key_backoff,ollama_cloud exhausted failure #128,"{""detail"": ""backoff 60.0s; error_type=exhausted"", ""key_name"": ""ollama_cloud""}",1,0
466,1786670069.887152,WARN,key_backoff,ollama_cloud exhausted failure #129,"{""detail"": ""backoff 60.0s; error_type=exhausted"", ""key_name"": ""ollama_cloud""}",1,0
467,1786670102.0597968,critical,api_low_balance,ppq balance low: $0.02,"ppq balance at $0.02, below $5.00 threshold. Top up to avoid service interruption.",1,0
468,1786670102.0701823,critical,api_low_balance,openrouter balance low: $-0.01,"openrouter balance at $-0.01, below $5.00 threshold. Top up to avoid service interruption.",1,0
469,1786670273.027706,WARN,key_backoff,ollama_cloud exhausted failure #130,"{""detail"": ""backoff 60.0s; error_type=exhausted"", ""key_name"": ""ollama_cloud""}",1,0
470,1786670342.6807046,WARN,key_backoff,ollama_cloud exhausted failure #131,"{""detail"": ""backoff 60.0s; error_type=exhausted"", ""key_name"": ""ollama_cloud""}",1,0
471,1786670439.9880028,WARN,key_backoff,ollama_cloud exhausted failure #132,"{""detail"": ""backoff 60.0s; error_type=exhausted"", ""key_name"": ""ollama_cloud""}",1,0
472,1786670552.803501,WARN,key_backoff,ollama_cloud exhausted failure #133,"{""detail"": ""backoff 60.0s; error_type=exhausted"", ""key_name"": ""ollama_cloud""}",1,0
473,1786670614.109161,WARN,key_backoff,ollama_cloud exhausted failure #134,"{""detail"": ""backoff 60.0s; error_type=exhausted"", ""key_name"": ""ollama_cloud""}",1,0
474,1786671001.4713526,critical,api_low_balance,ppq balance low: $0.02,"ppq balance at $0.02, below $5.00 threshold. Top up to avoid service interruption.",1,0
475,1786671001.4976027,critical,api_low_balance,openrouter balance low: $-0.01,"openrouter balance at $-0.01, below $5.00 threshold. Top up to avoid service interruption.",1,0
476,1786671071.4007065,WARN,key_backoff,ollama_cloud exhausted failure #135,"{""detail"": ""backoff 60.0s; error_type=exhausted"", ""key_name"": ""ollama_cloud""}",1,0
477,1786671136.361106,WARN,key_backoff,ollama_cloud exhausted failure #136,"{""detail"": ""backoff 60.0s; error_type=exhausted"", ""key_name"": ""ollama_cloud""}",1,0
478,1786671198.9689646,WARN,key_backoff,ollama_cloud exhausted failure #137,"{""detail"": ""backoff 60.0s; error_type=exhausted"", ""key_name"": ""ollama_cloud""}",1,0
479,1786671521.016049,WARN,key_backoff,ollama_cloud exhausted failure #138,"{""detail"": ""backoff 60.0s; error_type=exhausted"", ""key_name"": ""ollama_cloud""}",1,0
480,1786671593.6592388,WARN,key_backoff,ollama_cloud exhausted failure #139,"{""detail"": ""backoff 60.0s; error_type=exhausted"", ""key_name"": ""ollama_cloud""}",1,0
481,1786671655.5020862,WARN,key_backoff,ollama_cloud exhausted failure #140,"{""detail"": ""backoff 60.0s; error_type=exhausted"", ""key_name"": ""ollama_cloud""}",1,0
482,1786671901.5306222,critical,api_low_balance,ppq balance low: $0.02,"ppq balance at $0.02, below $5.00 threshold. Top up to avoid service interruption.",1,0
483,1786671901.5532954,critical,api_low_balance,openrouter balance low: $-0.01,"openrouter balance at $-0.01, below $5.00 threshold. Top up to avoid service interruption.",1,0
484,1786672802.0066206,critical,api_low_balance,ppq balance low: $0.02,"ppq balance at $0.02, below $5.00 threshold. Top up to avoid service interruption.",1,0
485,1786672802.0194297,critical,api_low_balance,openrouter balance low: $-0.01,"openrouter balance at $-0.01, below $5.00 threshold. Top up to avoid service interruption.",1,0
486,1786673588.1559432,WARN,key_backoff,ollama_cloud exhausted failure #141,"{""detail"": ""backoff 60.0s; error_type=exhausted"", ""key_name"": ""ollama_cloud""}",1,0
487,1786673701.6297965,critical,api_low_balance,ppq balance low: $0.02,"ppq balance at $0.02, below $5.00 threshold. Top up to avoid service interruption.",1,0
488,1786673701.6389012,critical,api_low_balance,openrouter balance low: $-0.01,"openrouter balance at $-0.01, below $5.00 threshold. Top up to avoid service interruption.",1,0
489,1786673704.4512918,WARN,key_backoff,ollama_cloud exhausted failure #142,"{""detail"": ""backoff 60.0s; error_type=exhausted"", ""key_name"": ""ollama_cloud""}",1,0
490,1786674601.487769,critical,api_low_balance,ppq balance low: $0.02,"ppq balance at $0.02, below $5.00 threshold. Top up to avoid service interruption.",1,0
491,1786674601.502229,critical,api_low_balance,openrouter balance low: $-0.01,"openrouter balance at $-0.01, below $5.00 threshold. Top up to avoid service interruption.",1,0
492,1786674670.9887,WARN,key_backoff,ollama_cloud exhausted failure #143,"{""detail"": ""backoff 60.0s; error_type=exhausted"", ""key_name"": ""ollama_cloud""}",1,0
493,1786675502.003252,critical,api_low_balance,ppq balance low: $0.02,"ppq balance at $0.02, below $5.00 threshold. Top up to avoid service interruption.",1,0
494,1786675502.0231757,critical,api_low_balance,openrouter balance low: $-0.01,"openrouter balance at $-0.01, below $5.00 threshold. Top up to avoid service interruption.",1,0
495,1786676401.9310439,critical,api_low_balance,ppq balance low: $0.02,"ppq balance at $0.02, below $5.00 threshold. Top up to avoid service interruption.",1,0
496,1786676401.947639,critical,api_low_balance,openrouter balance low: $-0.01,"openrouter balance at $-0.01, below $5.00 threshold. Top up to avoid service interruption.",1,0
497,1786677302.0693305,critical,api_low_balance,ppq balance low: $0.02,"ppq balance at $0.02, below $5.00 threshold. Top up to avoid service interruption.",1,0
498,1786677302.0752313,critical,api_low_balance,openrouter balance low: $-0.01,"openrouter balance at $-0.01, below $5.00 threshold. Top up to avoid service interruption.",1,0
499,1786677968.815426,WARN,key_backoff,ollama_cloud exhausted failure #144,"{""detail"": ""backoff 60.0s; error_type=exhausted"", ""key_name"": ""ollama_cloud""}",1,0
500,1786678201.5479274,critical,api_low_balance,ppq balance low: $0.02,"ppq balance at $0.02, below $5.00 threshold. Top up to avoid service interruption.",1,0
501,1786678201.5673647,critical,api_low_balance,openrouter balance low: $-0.01,"openrouter balance at $-0.01, below $5.00 threshold. Top up to avoid service interruption.",1,0
502,1786678270.983136,WARN,key_backoff,ollama_cloud exhausted failure #145,"{""detail"": ""backoff 60.0s; error_type=exhausted"", ""key_name"": ""ollama_cloud""}",1,0
503,1786678355.685829,WARN,key_backoff,ollama_cloud exhausted failure #146,"{""detail"": ""backoff 60.0s; error_type=exhausted"", ""key_name"": ""ollama_cloud""}",1,0
504,1786678467.5539656,WARN,key_backoff,ollama_cloud exhausted failure #147,"{""detail"": ""backoff 60.0s; error_type=exhausted"", ""key_name"": ""ollama_cloud""}",1,0
505,1786678619.321332,WARN,key_backoff,ollama_cloud exhausted failure #148,"{""detail"": ""backoff 60.0s; error_type=exhausted"", ""key_name"": ""ollama_cloud""}",1,0
506,1786678718.2476068,WARN,key_backoff,ollama_cloud exhausted failure #149,"{""detail"": ""backoff 60.0s; error_type=exhausted"", ""key_name"": ""ollama_cloud""}",1,0
507,1786678934.6742094,WARN,key_backoff,ollama_cloud exhausted failure #150,"{""detail"": ""backoff 60.0s; error_type=exhausted"", ""key_name"": ""ollama_cloud""}",1,0
508,1786679101.9131763,critical,api_low_balance,ppq balance low: $0.02,"ppq balance at $0.02, below $5.00 threshold. Top up to avoid service interruption.",1,0
509,1786679101.9312985,critical,api_low_balance,openrouter balance low: $-0.01,"openrouter balance at $-0.01, below $5.00 threshold. Top up to avoid service interruption.",1,0
510,1786679123.8575988,WARN,key_backoff,ollama_cloud exhausted failure #151,"{""detail"": ""backoff 60.0s; error_type=exhausted"", ""key_name"": ""ollama_cloud""}",1,0
511,1786679186.7470415,WARN,key_backoff,ollama_cloud exhausted failure #152,"{""detail"": ""backoff 60.0s; error_type=exhausted"", ""key_name"": ""ollama_cloud""}",1,0
512,1786680001.9817717,critical,api_low_balance,ppq balance low: $0.02,"ppq balance at $0.02, below $5.00 threshold. Top up to avoid service interruption.",1,0
513,1786680001.99291,critical,api_low_balance,openrouter balance low: $-0.01,"openrouter balance at $-0.01, below $5.00 threshold. Top up to avoid service interruption.",1,0
514,1786680901.5695484,critical,api_low_balance,ppq balance low: $0.02,"ppq balance at $0.02, below $5.00 threshold. Top up to avoid service interruption.",1,0
515,1786680901.5903165,critical,api_low_balance,openrouter balance low: $-0.01,"openrouter balance at $-0.01, below $5.00 threshold. Top up to avoid service interruption.",1,0
516,1786681801.4442682,critical,api_low_balance,ppq balance low: $0.02,"ppq balance at $0.02, below $5.00 threshold. Top up to avoid service interruption.",1,0
517,1786681801.4487588,critical,api_low_balance,openrouter balance low: $-0.01,"openrouter balance at $-0.01, below $5.00 threshold. Top up to avoid service interruption.",1,0
518,1786681815.8531106,WARN,key_backoff,ollama_cloud exhausted failure #153,"{""detail"": ""backoff 60.0s; error_type=exhausted"", ""key_name"": ""ollama_cloud""}",1,0
519,1786681877.5393434,WARN,key_backoff,ollama_cloud exhausted failure #154,"{""detail"": ""backoff 60.0s; error_type=exhausted"", ""key_name"": ""ollama_cloud""}",1,0
520,1786681942.1721246,WARN,key_backoff,ollama_cloud exhausted failure #155,"{""detail"": ""backoff 60.0s; error_type=exhausted"", ""key_name"": ""ollama_cloud""}",1,0
521,1786682702.0346537,critical,api_low_balance,ppq balance low: $0.02,"ppq balance at $0.02, below $5.00 threshold. Top up to avoid service interruption.",1,0
522,1786682702.0448189,critical,api_low_balance,openrouter balance low: $-0.01,"openrouter balance at $-0.01, below $5.00 threshold. Top up to avoid service interruption.",1,0
523,1786683601.738093,critical,api_low_balance,ppq balance low: $0.02,"ppq balance at $0.02, below $5.00 threshold. Top up to avoid service interruption.",1,0
524,1786683601.7502537,critical,api_low_balance,openrouter balance low: $-0.01,"openrouter balance at $-0.01, below $5.00 threshold. Top up to avoid service interruption.",1,0
525,1786684501.5641646,critical,api_low_balance,ppq balance low: $0.02,"ppq balance at $0.02, below $5.00 threshold. Top up to avoid service interruption.",1,0
526,1786684501.573324,critical,api_low_balance,openrouter balance low: $-0.01,"openrouter balance at $-0.01, below $5.00 threshold. Top up to avoid service interruption.",1,0
527,1786685401.9359293,critical,api_low_balance,ppq balance low: $0.02,"ppq balance at $0.02, below $5.00 threshold. Top up to avoid service interruption.",1,0
528,1786685401.9540756,critical,api_low_balance,openrouter balance low: $-0.01,"openrouter balance at $-0.01, below $5.00 threshold. Top up to avoid service interruption.",1,0
529,1786685421.8621578,WARN,key_backoff,ollama_cloud exhausted failure #156,"{""detail"": ""backoff 60.0s; error_type=exhausted"", ""key_name"": ""ollama_cloud""}",1,0
530,1786685495.1690018,WARN,key_backoff,ollama_cloud exhausted failure #157,"{""detail"": ""backoff 60.0s; error_type=exhausted"", ""key_name"": ""ollama_cloud""}",1,0
531,1786686301.9727738,critical,api_low_balance,ppq balance low: $0.02,"ppq balance at $0.02, below $5.00 threshold. Top up to avoid service interruption.",1,0
532,1786686301.9825823,critical,api_low_balance,openrouter balance low: $-0.01,"openrouter balance at $-0.01, below $5.00 threshold. Top up to avoid service interruption.",1,0
533,1786687201.4998124,critical,api_low_balance,ppq balance low: $0.02,"ppq balance at $0.02, below $5.00 threshold. Top up to avoid service interruption.",1,0
534,1786687201.5223105,critical,api_low_balance,openrouter balance low: $-0.01,"openrouter balance at $-0.01, below $5.00 threshold. Top up to avoid service interruption.",1,0
535,1786688101.522634,critical,api_low_balance,ppq balance low: $0.02,"ppq balance at $0.02, below $5.00 threshold. Top up to avoid service interruption.",1,0
536,1786688101.533646,critical,api_low_balance,openrouter balance low: $-0.01,"openrouter balance at $-0.01, below $5.00 threshold. Top up to avoid service interruption.",1,0
537,1786689002.3909457,critical,api_low_balance,ppq balance low: $0.02,"ppq balance at $0.02, below $5.00 threshold. Top up to avoid service interruption.",1,0
538,1786689002.4225264,critical,api_low_balance,openrouter balance low: $-0.01,"openrouter balance at $-0.01, below $5.00 threshold. Top up to avoid service interruption.",1,0
539,1786689026.4335132,WARN,key_backoff,ollama_cloud exhausted failure #158,"{""detail"": ""backoff 60.0s; error_type=exhausted"", ""key_name"": ""ollama_cloud""}",1,0
540,1786689026.5292754,WARN,key_backoff,ollama_cloud exhausted failure #159,"{""detail"": ""backoff 60.0s; error_type=exhausted"", ""key_name"": ""ollama_cloud""}",1,0
541,1786689104.468165,WARN,key_backoff,ollama_cloud exhausted failure #160,"{""detail"": ""backoff 60.0s; error_type=exhausted"", ""key_name"": ""ollama_cloud""}",1,0
542,1786689901.4814355,critical,api_low_balance,ppq balance low: $0.02,"ppq balance at $0.02, below $5.00 threshold. Top up to avoid service interruption.",1,0
543,1786689901.4904268,critical,api_low_balance,openrouter balance low: $-0.01,"openrouter balance at $-0.01, below $5.00 threshold. Top up to avoid service interruption.",1,0
544,1786690801.6295483,critical,api_low_balance,ppq balance low: $0.02,"ppq balance at $0.02, below $5.00 threshold. Top up to avoid service interruption.",1,0
545,1786690801.6526055,critical,api_low_balance,openrouter balance low: $-0.01,"openrouter balance at $-0.01, below $5.00 threshold. Top up to avoid service interruption.",1,0
546,1786691702.0546627,critical,api_low_balance,ppq balance low: $0.02,"ppq balance at $0.02, below $5.00 threshold. Top up to avoid service interruption.",1,0
547,1786691702.066453,critical,api_low_balance,openrouter balance low: $-0.01,"openrouter balance at $-0.01, below $5.00 threshold. Top up to avoid service interruption.",1,0
548,1786692601.7707355,critical,api_low_balance,ppq balance low: $0.02,"ppq balance at $0.02, below $5.00 threshold. Top up to avoid service interruption.",1,0
549,1786692601.792945,critical,api_low_balance,openrouter balance low: $-0.01,"openrouter balance at $-0.01, below $5.00 threshold. Top up to avoid service interruption.",1,0
550,1786692629.3252332,WARN,key_backoff,ollama_cloud exhausted failure #161,"{""detail"": ""backoff 60.0s; error_type=exhausted"", ""key_name"": ""ollama_cloud""}",1,0
551,1786692629.349318,WARN,key_backoff,ollama_cloud exhausted failure #162,"{""detail"": ""backoff 60.0s; error_type=exhausted"", ""key_name"": ""ollama_cloud""}",1,0
552,1786692701.4783106,WARN,key_backoff,ollama_cloud exhausted failure #163,"{""detail"": ""backoff 60.0s; error_type=exhausted"", ""key_name"": ""ollama_cloud""}",1,0
553,1786693501.4006643,critical,api_low_balance,ppq balance low: $0.02,"ppq balance at $0.02, below $5.00 threshold. Top up to avoid service interruption.",1,0
554,1786693501.410852,critical,api_low_balance,openrouter balance low: $-0.01,"openrouter balance at $-0.01, below $5.00 threshold. Top up to avoid service interruption.",1,0
555,1786694401.6295273,critical,api_low_balance,ppq balance low: $0.02,"ppq balance at $0.02, below $5.00 threshold. Top up to avoid service interruption.",1,0
556,1786694401.645432,critical,api_low_balance,openrouter balance low: $-0.01,"openrouter balance at $-0.01, below $5.00 threshold. Top up to avoid service interruption.",1,0
557,1786695251.0618834,WARN,key_backoff,ollama_cloud exhausted failure #164,"{""detail"": ""backoff 60.0s; error_type=exhausted"", ""key_name"": ""ollama_cloud""}",1,0
558,1786695301.7455902,critical,api_low_balance,ppq balance low: $0.02,"ppq balance at $0.02, below $5.00 threshold. Top up to avoid service interruption.",1,0
559,1786695301.757833,critical,api_low_balance,openrouter balance low: $-0.01,"openrouter balance at $-0.01, below $5.00 threshold. Top up to avoid service interruption.",1,0
560,1786695330.8858802,WARN,key_backoff,ollama_cloud exhausted failure #165,"{""detail"": ""backoff 60.0s; error_type=exhausted"", ""key_name"": ""ollama_cloud""}",1,0
561,1786695391.2987847,WARN,key_backoff,ollama_cloud exhausted failure #166,"{""detail"": ""backoff 60.0s; error_type=exhausted"", ""key_name"": ""ollama_cloud""}",1,0
562,1786695461.3050637,WARN,key_backoff,ollama_cloud exhausted failure #167,"{""detail"": ""backoff 60.0s; error_type=exhausted"", ""key_name"": ""ollama_cloud""}",1,0
563,1786695860.0212114,WARN,key_backoff,ollama_cloud exhausted failure #168,"{""detail"": ""backoff 60.0s; error_type=exhausted"", ""key_name"": ""ollama_cloud""}",1,0
564,1786695947.2061625,WARN,key_backoff,ollama_cloud exhausted failure #169,"{""detail"": ""backoff 60.0s; error_type=exhausted"", ""key_name"": ""ollama_cloud""}",1,0
565,1786696087.229243,WARN,key_backoff,ollama_cloud exhausted failure #170,"{""detail"": ""backoff 60.0s; error_type=exhausted"", ""key_name"": ""ollama_cloud""}",1,0
566,1786696170.7078874,WARN,key_backoff,ollama_cloud exhausted failure #171,"{""detail"": ""backoff 60.0s; error_type=exhausted"", ""key_name"": ""ollama_cloud""}",1,0
567,1786696201.7891133,critical,api_low_balance,ppq balance low: $0.02,"ppq balance at $0.02, below $5.00 threshold. Top up to avoid service interruption.",1,0
568,1786696201.7919064,critical,api_low_balance,openrouter balance low: $-0.01,"openrouter balance at $-0.01, below $5.00 threshold. Top up to avoid service interruption.",1,0
569,1786696234.8098717,WARN,key_backoff,ollama_cloud exhausted failure #172,"{""detail"": ""backoff 60.0s; error_type=exhausted"", ""key_name"": ""ollama_cloud""}",1,0
570,1786696305.416846,WARN,key_backoff,ollama_cloud exhausted failure #173,"{""detail"": ""backoff 60.0s; error_type=exhausted"", ""key_name"": ""ollama_cloud""}",1,0
571,1786697102.1020155,critical,api_low_balance,ppq balance low: $0.02,"ppq balance at $0.02, below $5.00 threshold. Top up to avoid service interruption.",1,0
572,1786697102.113816,critical,api_low_balance,openrouter balance low: $-0.01,"openrouter balance at $-0.01, below $5.00 threshold. Top up to avoid service interruption.",1,0
573,1786698001.732264,critical,api_low_balance,ppq balance low: $0.02,"ppq balance at $0.02, below $5.00 threshold. Top up to avoid service interruption.",1,0
574,1786698001.7659607,critical,api_low_balance,openrouter balance low: $-0.01,"openrouter balance at $-0.01, below $5.00 threshold. Top up to avoid service interruption.",1,0
575,1786698901.532539,critical,api_low_balance,ppq balance low: $0.02,"ppq balance at $0.02, below $5.00 threshold. Top up to avoid service interruption.",1,0
576,1786698901.5386474,critical,api_low_balance,openrouter balance low: $-0.01,"openrouter balance at $-0.01, below $5.00 threshold. Top up to avoid service interruption.",1,0
577,1786698960.8444812,WARN,key_backoff,ollama_cloud exhausted failure #174,"{""detail"": ""backoff 60.0s; error_type=exhausted"", ""key_name"": ""ollama_cloud""}",1,0
578,1786699022.316837,WARN,key_backoff,ollama_cloud exhausted failure #175,"{""detail"": ""backoff 60.0s; error_type=exhausted"", ""key_name"": ""ollama_cloud""}",1,0
579,1786699087.854744,WARN,key_backoff,ollama_cloud exhausted failure #176,"{""detail"": ""backoff 60.0s; error_type=exhausted"", ""key_name"": ""ollama_cloud""}",1,0
580,1786699152.9251142,WARN,key_backoff,ollama_cloud exhausted failure #177,"{""detail"": ""backoff 60.0s; error_type=exhausted"", ""key_name"": ""ollama_cloud""}",1,0
581,1786699215.2021356,WARN,key_backoff,ollama_cloud exhausted failure #178,"{""detail"": ""backoff 60.0s; error_type=exhausted"", ""key_name"": ""ollama_cloud""}",1,0
582,1786699280.1039238,WARN,key_backoff,ollama_cloud exhausted failure #179,"{""detail"": ""backoff 60.0s; error_type=exhausted"", ""key_name"": ""ollama_cloud""}",1,0
583,1786699352.5776014,WARN,key_backoff,ollama_cloud exhausted failure #180,"{""detail"": ""backoff 60.0s; error_type=exhausted"", ""key_name"": ""ollama_cloud""}",1,0
584,1786699415.1744974,WARN,key_backoff,ollama_cloud exhausted failure #181,"{""detail"": ""backoff 60.0s; error_type=exhausted"", ""key_name"": ""ollama_cloud""}",1,0
585,1786699485.3152452,WARN,key_backoff,ollama_cloud exhausted failure #182,"{""detail"": ""backoff 60.0s; error_type=exhausted"", ""key_name"": ""ollama_cloud""}",1,0
586,1786699547.6638203,WARN,key_backoff,ollama_cloud exhausted failure #183,"{""detail"": ""backoff 60.0s; error_type=exhausted"", ""key_name"": ""ollama_cloud""}",1,0
587,1786699616.5693617,WARN,key_backoff,ollama_cloud exhausted failure #184,"{""detail"": ""backoff 60.0s; error_type=exhausted"", ""key_name"": ""ollama_cloud""}",1,0
588,1786699680.9892397,WARN,key_backoff,ollama_cloud exhausted failure #185,"{""detail"": ""backoff 60.0s; error_type=exhausted"", ""key_name"": ""ollama_cloud""}",1,0
589,1786699741.0966551,WARN,key_backoff,ollama_cloud exhausted failure #186,"{""detail"": ""backoff 60.0s; error_type=exhausted"", ""key_name"": ""ollama_cloud""}",1,0
590,1786699802.07478,critical,api_low_balance,ppq balance low: $0.02,"ppq balance at $0.02, below $5.00 threshold. Top up to avoid service interruption.",1,0
591,1786699802.099946,critical,api_low_balance,openrouter balance low: $-0.01,"openrouter balance at $-0.01, below $5.00 threshold. Top up to avoid service interruption.",1,0
592,1786699803.4469714,WARN,key_backoff,ollama_cloud exhausted failure #187,"{""detail"": ""backoff 60.0s; error_type=exhausted"", ""key_name"": ""ollama_cloud""}",1,0
593,1786699803.699047,WARN,key_backoff,ollama_cloud exhausted failure #188,"{""detail"": ""backoff 60.0s; error_type=exhausted"", ""key_name"": ""ollama_cloud""}",1,0
594,1786699871.9929636,WARN,key_backoff,ollama_cloud exhausted failure #189,"{""detail"": ""backoff 60.0s; error_type=exhausted"", ""key_name"": ""ollama_cloud""}",1,0
595,1786699872.4205995,WARN,key_backoff,ollama_cloud exhausted failure #190,"{""detail"": ""backoff 60.0s; error_type=exhausted"", ""key_name"": ""ollama_cloud""}",1,0
596,1786699933.76372,WARN,key_backoff,ollama_cloud exhausted failure #191,"{""detail"": ""backoff 60.0s; error_type=exhausted"", ""key_name"": ""ollama_cloud""}",1,0
597,1786699995.8120513,WARN,key_backoff,ollama_cloud exhausted failure #192,"{""detail"": ""backoff 60.0s; error_type=exhausted"", ""key_name"": ""ollama_cloud""}",1,0
598,1786700057.5601535,WARN,key_backoff,ollama_cloud exhausted failure #193,"{""detail"": ""backoff 60.0s; error_type=exhausted"", ""key_name"": ""ollama_cloud""}",1,0
599,1786700121.3543196,WARN,key_backoff,ollama_cloud exhausted failure #194,"{""detail"": ""backoff 60.0s; error_type=exhausted"", ""key_name"": ""ollama_cloud""}",1,0
600,1786700182.342765,WARN,key_backoff,ollama_cloud exhausted failure #195,"{""detail"": ""backoff 60.0s; error_type=exhausted"", ""key_name"": ""ollama_cloud""}",1,0
601,1786700243.8689494,WARN,key_backoff,ollama_cloud exhausted failure #196,"{""detail"": ""backoff 60.0s; error_type=exhausted"", ""key_name"": ""ollama_cloud""}",1,0
602,1786700336.49742,WARN,key_backoff,ollama_cloud exhausted failure #197,"{""detail"": ""backoff 60.0s; error_type=exhausted"", ""key_name"": ""ollama_cloud""}",1,0
603,1786700396.9126685,WARN,key_backoff,ollama_cloud exhausted failure #198,"{""detail"": ""backoff 60.0s; error_type=exhausted"", ""key_name"": ""ollama_cloud""}",1,0
604,1786700460.101978,WARN,key_backoff,ollama_cloud exhausted failure #199,"{""detail"": ""backoff 60.0s; error_type=exhausted"", ""key_name"": ""ollama_cloud""}",1,0
605,1786700701.6608522,critical,api_low_balance,ppq balance low: $0.02,"ppq balance at $0.02, below $5.00 threshold. Top up to avoid service interruption.",1,0
606,1786700701.670178,critical,api_low_balance,openrouter balance low: $-0.01,"openrouter balance at $-0.01, below $5.00 threshold. Top up to avoid service interruption.",1,0
607,1786700853.8803382,WARN,key_backoff,ollama_cloud exhausted failure #200,"{""detail"": ""backoff 60.0s; error_type=exhausted"", ""key_name"": ""ollama_cloud""}",1,0
608,1786700915.7300544,WARN,key_backoff,ollama_cloud exhausted failure #201,"{""detail"": ""backoff 60.0s; error_type=exhausted"", ""key_name"": ""ollama_cloud""}",1,0
609,1786701049.817639,WARN,key_backoff,ollama_cloud exhausted failure #202,"{""detail"": ""backoff 60.0s; error_type=exhausted"", ""key_name"": ""ollama_cloud""}",1,0
610,1786701140.2726433,WARN,key_backoff,ollama_cloud exhausted failure #203,"{""detail"": ""backoff 60.0s; error_type=exhausted"", ""key_name"": ""ollama_cloud""}",1,0
611,1786701236.07171,WARN,key_backoff,ollama_cloud exhausted failure #204,"{""detail"": ""backoff 60.0s; error_type=exhausted"", ""key_name"": ""ollama_cloud""}",1,0
612,1786701328.4006793,WARN,key_backoff,ollama_cloud exhausted failure #205,"{""detail"": ""backoff 60.0s; error_type=exhausted"", ""key_name"": ""ollama_cloud""}",1,0
613,1786701447.2927368,WARN,key_backoff,ollama_cloud exhausted failure #206,"{""detail"": ""backoff 60.0s; error_type=exhausted"", ""key_name"": ""ollama_cloud""}",1,0
614,1786701508.9594626,WARN,key_backoff,ollama_cloud exhausted failure #207,"{""detail"": ""backoff 60.0s; error_type=exhausted"", ""key_name"": ""ollama_cloud""}",1,0
615,1786701571.2396595,WARN,key_backoff,ollama_cloud exhausted failure #208,"{""detail"": ""backoff 60.0s; error_type=exhausted"", ""key_name"": ""ollama_cloud""}",1,0
616,1786701602.2987084,critical,api_low_balance,ppq balance low: $1.70,"ppq balance at $1.70, below $5.00 threshold. Top up to avoid service interruption.",1,0
617,1786701602.2987084,warning,api_expensive_request,ppq expensive interval: $0.42,ppq spend in last interval ($0.42) exceeds $0.10 threshold.,1,0
618,1786701602.313578,critical,api_low_balance,openrouter balance low: $-0.01,"openrouter balance at $-0.01, below $5.00 threshold. Top up to avoid service interruption.",1,0
619,1786701633.6849666,WARN,key_backoff,ollama_cloud exhausted failure #209,"{""detail"": ""backoff 60.0s; error_type=exhausted"", ""key_name"": ""ollama_cloud""}",1,0
620,1786701694.3158524,WARN,key_backoff,ollama_cloud exhausted failure #210,"{""detail"": ""backoff 60.0s; error_type=exhausted"", ""key_name"": ""ollama_cloud""}",1,0
621,1786701694.7336679,WARN,key_backoff,ollama_cloud exhausted failure #211,"{""detail"": ""backoff 60.0s; error_type=exhausted"", ""key_name"": ""ollama_cloud""}",1,0
622,1786701755.628007,WARN,key_backoff,ollama_cloud exhausted failure #212,"{""detail"": ""backoff 60.0s; error_type=exhausted"", ""key_name"": ""ollama_cloud""}",1,0
623,1786701755.815954,WARN,key_backoff,ollama_cloud exhausted failure #213,"{""detail"": ""backoff 60.0s; error_type=exhausted"", ""key_name"": ""ollama_cloud""}",1,0
624,1786701755.9305012,WARN,key_backoff,ollama_cloud exhausted failure #214,"{""detail"": ""backoff 60.0s; error_type=exhausted"", ""key_name"": ""ollama_cloud""}",1,0
625,1786701816.7362392,WARN,key_backoff,ollama_cloud exhausted failure #215,"{""detail"": ""backoff 60.0s; error_type=exhausted"", ""key_name"": ""ollama_cloud""}",1,0
626,1786701816.9206367,WARN,key_backoff,ollama_cloud exhausted failure #216,"{""detail"": ""backoff 60.0s; error_type=exhausted"", ""key_name"": ""ollama_cloud""}",1,0
627,1786701879.136676,WARN,key_backoff,ollama_cloud exhausted failure #217,"{""detail"": ""backoff 60.0s; error_type=exhausted"", ""key_name"": ""ollama_cloud""}",1,0
628,1786701879.4480853,WARN,key_backoff,ollama_cloud exhausted failure #218,"{""detail"": ""backoff 60.0s; error_type=exhausted"", ""key_name"": ""ollama_cloud""}",1,0
629,1786701941.3265634,WARN,key_backoff,ollama_cloud exhausted failure #219,"{""detail"": ""backoff 60.0s; error_type=exhausted"", ""key_name"": ""ollama_cloud""}",1,0
630,1786702002.7783473,WARN,key_backoff,ollama_cloud exhausted failure #220,"{""detail"": ""backoff 60.0s; error_type=exhausted"", ""key_name"": ""ollama_cloud""}",1,0
631,1786702065.0260994,WARN,key_backoff,ollama_cloud exhausted failure #221,"{""detail"": ""backoff 60.0s; error_type=exhausted"", ""key_name"": ""ollama_cloud""}",1,0
632,1786702065.4627771,WARN,key_backoff,ollama_cloud exhausted failure #222,"{""detail"": ""backoff 60.0s; error_type=exhausted"", ""key_name"": ""ollama_cloud""}",1,0
633,1786702131.5957704,WARN,key_backoff,ollama_cloud exhausted failure #223,"{""detail"": ""backoff 60.0s; error_type=exhausted"", ""key_name"": ""ollama_cloud""}",1,0
634,1786702194.012979,WARN,key_backoff,ollama_cloud exhausted failure #224,"{""detail"": ""backoff 60.0s; error_type=exhausted"", ""key_name"": ""ollama_cloud""}",1,0
635,1786702255.1065872,WARN,key_backoff,ollama_cloud exhausted failure #225,"{""detail"": ""backoff 60.0s; error_type=exhausted"", ""key_name"": ""ollama_cloud""}",1,0
636,1786702317.0196686,WARN,key_backoff,ollama_cloud exhausted failure #226,"{""detail"": ""backoff 60.0s; error_type=exhausted"", ""key_name"": ""ollama_cloud""}",1,0
637,1786702379.4227853,WARN,key_backoff,ollama_cloud exhausted failure #227,"{""detail"": ""backoff 60.0s; error_type=exhausted"", ""key_name"": ""ollama_cloud""}",1,0
638,1786702441.1314301,WARN,key_backoff,ollama_cloud exhausted failure #228,"{""detail"": ""backoff 60.0s; error_type=exhausted"", ""key_name"": ""ollama_cloud""}",1,0
639,1786702502.1285903,critical,api_low_balance,ppq balance low: $1.31,"ppq balance at $1.31, below $5.00 threshold. Top up to avoid service interruption.",1,0
640,1786702502.138915,critical,api_low_balance,openrouter balance low: $-0.01,"openrouter balance at $-0.01, below $5.00 threshold. Top up to avoid service interruption.",1,0
641,1786702923.5913537,WARN,key_backoff,ollama_cloud exhausted failure #1,"{""detail"": ""backoff 2.0s; error_type=exhausted"", ""key_name"": ""ollama_cloud""}",1,0
642,1786702944.4984474,WARN,key_backoff,ollama_cloud exhausted failure #2,"{""detail"": ""backoff 4.0s; error_type=exhausted"", ""key_name"": ""ollama_cloud""}",1,0
643,1786702994.8207116,WARN,key_backoff,ollama_cloud exhausted failure #3,"{""detail"": ""backoff 8.0s; error_type=exhausted"", ""key_name"": ""ollama_cloud""}",1,0
644,1786703011.6707265,WARN,key_backoff,ollama_cloud exhausted failure #4,"{""detail"": ""backoff 16.0s; error_type=exhausted"", ""key_name"": ""ollama_cloud""}",1,0
645,1786703070.8954816,WARN,key_backoff,ollama_cloud exhausted failure #5,"{""detail"": ""backoff 32.0s; error_type=exhausted"", ""key_name"": ""ollama_cloud""}",1,0
646,1786703108.4134016,WARN,key_backoff,ollama_cloud exhausted failure #6,"{""detail"": ""backoff 60.0s; error_type=exhausted"", ""key_name"": ""ollama_cloud""}",1,0
647,1786703184.4279401,WARN,key_backoff,ollama_cloud exhausted failure #7,"{""detail"": ""backoff 60.0s; error_type=exhausted"", ""key_name"": ""ollama_cloud""}",1,0
648,1786703184.4280698,CRITICAL,KEY_DEAD,ollama_cloud reached 7 consecutive failures,"{""detail"": ""backoff 60.0s; likely dead"", ""key_name"": ""ollama_cloud""}",1,0
649,1786703251.4251459,WARN,key_backoff,ollama_cloud exhausted failure #8,"{""detail"": ""backoff 60.0s; error_type=exhausted"", ""key_name"": ""ollama_cloud""}",1,0
650,1786703313.007088,WARN,key_backoff,ollama_cloud exhausted failure #9,"{""detail"": ""backoff 60.0s; error_type=exhausted"", ""key_name"": ""ollama_cloud""}",1,0
651,1786703329.0551245,WARN,crash_rate,worker-base crash rate 100%,23/23 runs failed in last 24h (0 done). Consider switching model or reducing max_turns.,1,0
652,1786703329.055591,WARN,crash_rate,worker-merchant-deploy crash rate 79%,45/57 runs failed in last 24h (1 done). Consider switching model or reducing max_turns.,1,0
653,1786703329.0556107,WARN,crash_rate,worker-merchant-qa crash rate 77%,10/13 runs failed in last 24h (2 done). Consider switching model or reducing max_turns.,1,0
654,1786703329.055624,CRITICAL,api_low_balance,ppq balance low: $1.12,"ppq balance at $1.12, below $5 threshold. Top up to avoid service interruption. (data 4 min old)",1,0
655,1786703329.0556362,CRITICAL,api_low_balance,openrouter balance low: $-0.01,"openrouter balance at $-0.01, below $5 threshold. Top up to avoid service interruption. (data 4 min old)",1,0
656,1786703329.0556445,WARN,cost_inefficiency,Telnyx serving glm-5.2 (available on Ollama Cloud),2093 calls / 127472079 tokens on Telnyx (pay-per-token) but glm-5.2 is on Ollama Cloud ($0 marginal). Check routing priority.,1,0
657,1786703377.8179631,WARN,key_backoff,ollama_cloud exhausted failure #10,"{""detail"": ""backoff 60.0s; error_type=exhausted"", ""key_name"": ""ollama_cloud""}",1,0
658,1786703402.0194662,critical,api_low_balance,ppq balance low: $1.12,"ppq balance at $1.12, below $5.00 threshold. Top up to avoid service interruption.",1,0
659,1786703402.0194662,warning,api_expensive_request,ppq expensive interval: $0.18,ppq spend in last interval ($0.18) exceeds $0.10 threshold.,1,0
660,1786703402.1072652,critical,api_low_balance,openrouter balance low: $-0.01,"openrouter balance at $-0.01, below $5.00 threshold. Top up to avoid service interruption.",1,0
661,1786703404.042096,WARN,crash_rate,worker-base crash rate 100%,23/23 runs failed in last 24h (0 done). Consider switching model or reducing max_turns.,1,0
662,1786703404.0447192,WARN,crash_rate,worker-merchant-deploy crash rate 79%,45/57 runs failed in last 24h (1 done). Consider switching model or reducing max_turns.,1,0
663,1786703404.044744,WARN,crash_rate,worker-merchant-qa crash rate 77%,10/13 runs failed in last 24h (2 done). Consider switching model or reducing max_turns.,1,0
664,1786703404.0447583,CRITICAL,api_low_balance,ppq balance low: $1.12,"ppq balance at $1.12, below $5 threshold. Top up to avoid service interruption. (data 5 min old)",1,0
665,1786703404.044766,CRITICAL,api_low_balance,openrouter balance low: $-0.01,"openrouter balance at $-0.01, below $5 threshold. Top up to avoid service interruption. (data 5 min old)",1,0
666,1786703404.0447726,WARN,cost_inefficiency,Telnyx serving glm-5.2 (available on Ollama Cloud),2093 calls / 127472079 tokens on Telnyx (pay-per-token) but glm-5.2 is on Ollama Cloud ($0 marginal). Check routing priority.,1,0
667,1786703438.750326,WARN,key_backoff,ollama_cloud exhausted failure #11,"{""detail"": ""backoff 60.0s; error_type=exhausted"", ""key_name"": ""ollama_cloud""}",1,0
668,1786703506.3348942,WARN,key_backoff,ollama_cloud exhausted failure #12,"{""detail"": ""backoff 60.0s; error_type=exhausted"", ""key_name"": ""ollama_cloud""}",1,0
669,1786703567.7301538,WARN,key_backoff,ollama_cloud exhausted failure #13,"{""detail"": ""backoff 60.0s; error_type=exhausted"", ""key_name"": ""ollama_cloud""}",1,0
670,1786703630.367632,WARN,key_backoff,ollama_cloud exhausted failure #14,"{""detail"": ""backoff 60.0s; error_type=exhausted"", ""key_name"": ""ollama_cloud""}",1,0
671,1786703691.8188694,WARN,key_backoff,ollama_cloud exhausted failure #15,"{""detail"": ""backoff 60.0s; error_type=exhausted"", ""key_name"": ""ollama_cloud""}",1,0
672,1786703760.019473,WARN,key_backoff,ollama_cloud exhausted failure #16,"{""detail"": ""backoff 60.0s; error_type=exhausted"", ""key_name"": ""ollama_cloud""}",1,0
673,1786703820.7217317,WARN,key_backoff,ollama_cloud exhausted failure #17,"{""detail"": ""backoff 60.0s; error_type=exhausted"", ""key_name"": ""ollama_cloud""}",1,0
674,1786703820.8871427,WARN,key_backoff,ollama_cloud exhausted failure #18,"{""detail"": ""backoff 60.0s; error_type=exhausted"", ""key_name"": ""ollama_cloud""}",1,0
675,1786703883.1302047,WARN,key_backoff,ollama_cloud exhausted failure #19,"{""detail"": ""backoff 60.0s; error_type=exhausted"", ""key_name"": ""ollama_cloud""}",1,0
676,1786703950.847318,WARN,key_backoff,ollama_cloud exhausted failure #20,"{""detail"": ""backoff 60.0s; error_type=exhausted"", ""key_name"": ""ollama_cloud""}",1,0
677,1786704011.9323444,WARN,key_backoff,ollama_cloud exhausted failure #21,"{""detail"": ""backoff 60.0s; error_type=exhausted"", ""key_name"": ""ollama_cloud""}",1,0
678,1786704073.1970084,WARN,key_backoff,ollama_cloud exhausted failure #22,"{""detail"": ""backoff 60.0s; error_type=exhausted"", ""key_name"": ""ollama_cloud""}",1,0
679,1786704073.5041854,WARN,key_backoff,ollama_cloud exhausted failure #23,"{""detail"": ""backoff 60.0s; error_type=exhausted"", ""key_name"": ""ollama_cloud""}",1,0
680,1786704134.432568,WARN,key_backoff,ollama_cloud exhausted failure #24,"{""detail"": ""backoff 60.0s; error_type=exhausted"", ""key_name"": ""ollama_cloud""}",1,0
681,1786704195.6799676,WARN,key_backoff,ollama_cloud exhausted failure #25,"{""detail"": ""backoff 60.0s; error_type=exhausted"", ""key_name"": ""ollama_cloud""}",1,0
682,1786704256.3197718,WARN,key_backoff,ollama_cloud exhausted failure #26,"{""detail"": ""backoff 60.0s; error_type=exhausted"", ""key_name"": ""ollama_cloud""}",1,0
683,1786704301.4941986,critical,api_low_balance,ppq balance low: $0.15,"ppq balance at $0.15, below $5.00 threshold. Top up to avoid service interruption.",1,0
684,1786704301.5267327,critical,api_low_balance,openrouter balance low: $-0.01,"openrouter balance at $-0.01, below $5.00 threshold. Top up to avoid service interruption.",1,0
685,1786704318.3900769,WARN,key_backoff,ollama_cloud exhausted failure #27,"{""detail"": ""backoff 60.0s; error_type=exhausted"", ""key_name"": ""ollama_cloud""}",1,0
686,1786704318.764174,WARN,key_backoff,ollama_cloud exhausted failure #28,"{""detail"": ""backoff 60.0s; error_type=exhausted"", ""key_name"": ""ollama_cloud""}",1,0
687,1786704382.4910727,WARN,key_backoff,ollama_cloud exhausted failure #29,"{""detail"": ""backoff 60.0s; error_type=exhausted"", ""key_name"": ""ollama_cloud""}",1,0
688,1786704445.8293192,WARN,key_backoff,ollama_cloud exhausted failure #30,"{""detail"": ""backoff 60.0s; error_type=exhausted"", ""key_name"": ""ollama_cloud""}",1,0
689,1786704507.0894742,WARN,key_backoff,ollama_cloud exhausted failure #31,"{""detail"": ""backoff 60.0s; error_type=exhausted"", ""key_name"": ""ollama_cloud""}",1,0
690,1786704568.9199483,WARN,key_backoff,ollama_cloud exhausted failure #32,"{""detail"": ""backoff 60.0s; error_type=exhausted"", ""key_name"": ""ollama_cloud""}",1,0
691,1786704630.468689,WARN,key_backoff,ollama_cloud exhausted failure #33,"{""detail"": ""backoff 60.0s; error_type=exhausted"", ""key_name"": ""ollama_cloud""}",1,0
692,1786704630.5068636,WARN,key_backoff,ollama_cloud exhausted failure #34,"{""detail"": ""backoff 60.0s; error_type=exhausted"", ""key_name"": ""ollama_cloud""}",1,0
693,1786704691.513831,WARN,key_backoff,ollama_cloud exhausted failure #35,"{""detail"": ""backoff 60.0s; error_type=exhausted"", ""key_name"": ""ollama_cloud""}",1,0
694,1786704753.2430432,WARN,key_backoff,ollama_cloud exhausted failure #36,"{""detail"": ""backoff 60.0s; error_type=exhausted"", ""key_name"": ""ollama_cloud""}",1,0
695,1786704813.9440534,WARN,key_backoff,ollama_cloud exhausted failure #37,"{""detail"": ""backoff 60.0s; error_type=exhausted"", ""key_name"": ""ollama_cloud""}",1,0
696,1786704814.0224357,WARN,key_backoff,ollama_cloud exhausted failure #38,"{""detail"": ""backoff 60.0s; error_type=exhausted"", ""key_name"": ""ollama_cloud""}",1,0
697,1786704814.1024554,WARN,key_backoff,ollama_cloud exhausted failure #39,"{""detail"": ""backoff 60.0s; error_type=exhausted"", ""key_name"": ""ollama_cloud""}",1,0
698,1786704832.750295,WARN,crash_rate,kimi-consultant crash rate 100%,4/4 runs failed in last 24h (0 done). Consider switching model or reducing max_turns.,1,0
699,1786704832.750676,WARN,crash_rate,worker-base crash rate 100%,23/23 runs failed in last 24h (0 done). Consider switching model or reducing max_turns.,1,0
700,1786704832.7506866,WARN,crash_rate,worker-merchant-deploy crash rate 79%,45/57 runs failed in last 24h (1 done). Consider switching model or reducing max_turns.,1,0
701,1786704832.750695,WARN,crash_rate,worker-merchant-qa crash rate 77%,10/13 runs failed in last 24h (2 done). Consider switching model or reducing max_turns.,1,0
702,1786704832.7507005,CRITICAL,api_low_balance,ppq balance low: $0.15,"ppq balance at $0.15, below $5 threshold. Top up to avoid service interruption. (data 4 min old)",1,0
703,1786704832.7507062,CRITICAL,api_low_balance,openrouter balance low: $-0.01,"openrouter balance at $-0.01, below $5 threshold. Top up to avoid service interruption. (data 4 min old)",1,0
704,1786704832.7507114,WARN,cost_inefficiency,Telnyx serving glm-5.2 (available on Ollama Cloud),2539 calls / 160425223 tokens on Telnyx (pay-per-token) but glm-5.2 is on Ollama Cloud ($0 marginal). Check routing priority.,1,0
705,1786704872.073234,WARN,key_backoff,ollama_cloud exhausted failure #1,"{""detail"": ""backoff 2.0s; error_type=exhausted"", ""key_name"": ""ollama_cloud""}",1,0
706,1786704884.6916485,WARN,key_backoff,ollama_cloud exhausted failure #2,"{""detail"": ""backoff 4.0s; error_type=exhausted"", ""key_name"": ""ollama_cloud""}",1,0
707,1786704901.6653588,WARN,key_backoff,ollama_cloud exhausted failure #3,"{""detail"": ""backoff 8.0s; error_type=exhausted"", ""key_name"": ""ollama_cloud""}",1,0
708,1786704910.7253811,WARN,key_backoff,ollama_cloud exhausted failure #4,"{""detail"": ""backoff 16.0s; error_type=exhausted"", ""key_name"": ""ollama_cloud""}",1,0
709,1786704928.0150552,WARN,key_backoff,ollama_cloud exhausted failure #5,"{""detail"": ""backoff 32.0s; error_type=exhausted"", ""key_name"": ""ollama_cloud""}",1,0
710,1786704961.981607,WARN,key_backoff,ollama_cloud exhausted failure #6,"{""detail"": ""backoff 60.0s; error_type=exhausted"", ""key_name"": ""ollama_cloud""}",1,0
711,1786705033.035315,WARN,key_backoff,ollama_cloud exhausted failure #7,"{""detail"": ""backoff 60.0s; error_type=exhausted"", ""key_name"": ""ollama_cloud""}",1,0
712,1786705033.0355246,CRITICAL,KEY_DEAD,ollama_cloud reached 7 consecutive failures,"{""detail"": ""backoff 60.0s; likely dead"", ""key_name"": ""ollama_cloud""}",1,0
713,1786705108.0321052,WARN,key_backoff,ollama_cloud exhausted failure #8,"{""detail"": ""backoff 60.0s; error_type=exhausted"", ""key_name"": ""ollama_cloud""}",1,0
714,1786705170.0275092,WARN,key_backoff,ollama_cloud exhausted failure #9,"{""detail"": ""backoff 60.0s; error_type=exhausted"", ""key_name"": ""ollama_cloud""}",1,0
715,1786705170.5274224,WARN,key_backoff,ollama_cloud exhausted failure #10,"{""detail"": ""backoff 60.0s; error_type=exhausted"", ""key_name"": ""ollama_cloud""}",1,0
716,1786705202.1785276,critical,api_low_balance,ppq balance low: $0.15,"ppq balance at $0.15, below $5.00 threshold. Top up to avoid service interruption.",1,0
717,1786705202.185845,critical,api_low_balance,openrouter balance low: $-0.01,"openrouter balance at $-0.01, below $5.00 threshold. Top up to avoid service interruption.",1,0
718,1786705203.7435575,WARN,crash_rate,kimi-consultant crash rate 100%,4/4 runs failed in last 24h (0 done). Consider switching model or reducing max_turns.,1,0
719,1786705203.744115,WARN,crash_rate,worker-base crash rate 100%,23/23 runs failed in last 24h (0 done). Consider switching model or reducing max_turns.,1,0
720,1786705203.7441275,WARN,crash_rate,worker-merchant-deploy crash rate 79%,45/57 runs failed in last 24h (1 done). Consider switching model or reducing max_turns.,1,0
721,1786705203.7441342,WARN,crash_rate,worker-merchant-qa crash rate 77%,10/13 runs failed in last 24h (2 done). Consider switching model or reducing max_turns.,1,0
722,1786705203.7441401,CRITICAL,api_low_balance,ppq balance low: $0.15,"ppq balance at $0.15, below $5 threshold. Top up to avoid service interruption. (data 5 min old)",1,0
723,1786705203.744146,CRITICAL,api_low_balance,openrouter balance low: $-0.01,"openrouter balance at $-0.01, below $5 threshold. Top up to avoid service interruption. (data 5 min old)",1,0
724,1786705203.7441514,WARN,cost_inefficiency,Telnyx serving glm-5.2 (available on Ollama Cloud),2539 calls / 160425223 tokens on Telnyx (pay-per-token) but glm-5.2 is on Ollama Cloud ($0 marginal). Check routing priority.,1,0
725,1786705237.4447389,WARN,key_backoff,ollama_cloud exhausted failure #11,"{""detail"": ""backoff 60.0s; error_type=exhausted"", ""key_name"": ""ollama_cloud""}",1,0
726,1786705305.8401237,WARN,key_backoff,ollama_cloud exhausted failure #12,"{""detail"": ""backoff 60.0s; error_type=exhausted"", ""key_name"": ""ollama_cloud""}",1,0
727,1786705367.1514993,WARN,key_backoff,ollama_cloud exhausted failure #13,"{""detail"": ""backoff 60.0s; error_type=exhausted"", ""key_name"": ""ollama_cloud""}",1,0
728,1786705435.2123168,WARN,key_backoff,ollama_cloud exhausted failure #14,"{""detail"": ""backoff 60.0s; error_type=exhausted"", ""key_name"": ""ollama_cloud""}",1,0
729,1786705530.0629342,WARN,key_backoff,ollama_cloud exhausted failure #15,"{""detail"": ""backoff 60.0s; error_type=exhausted"", ""key_name"": ""ollama_cloud""}",1,0
730,1786705593.660848,WARN,key_backoff,ollama_cloud exhausted failure #16,"{""detail"": ""backoff 60.0s; error_type=exhausted"", ""key_name"": ""ollama_cloud""}",1,0
731,1786705659.7099373,WARN,key_backoff,ollama_cloud exhausted failure #17,"{""detail"": ""backoff 60.0s; error_type=exhausted"", ""key_name"": ""ollama_cloud""}",1,0
732,1786705722.1874602,WARN,key_backoff,ollama_cloud exhausted failure #18,"{""detail"": ""backoff 60.0s; error_type=exhausted"", ""key_name"": ""ollama_cloud""}",1,0
733,1786705796.889569,WARN,key_backoff,ollama_cloud exhausted failure #19,"{""detail"": ""backoff 60.0s; error_type=exhausted"", ""key_name"": ""ollama_cloud""}",1,0
734,1786705907.8653376,WARN,key_backoff,ollama_cloud exhausted failure #20,"{""detail"": ""backoff 60.0s; error_type=exhausted"", ""key_name"": ""ollama_cloud""}",1,0
735,1786705975.2418995,WARN,key_backoff,ollama_cloud exhausted failure #21,"{""detail"": ""backoff 60.0s; error_type=exhausted"", ""key_name"": ""ollama_cloud""}",1,0
736,1786706036.7269652,WARN,key_backoff,ollama_cloud exhausted failure #22,"{""detail"": ""backoff 60.0s; error_type=exhausted"", ""key_name"": ""ollama_cloud""}",1,0
737,1786706100.3469415,WARN,key_backoff,ollama_cloud exhausted failure #23,"{""detail"": ""backoff 60.0s; error_type=exhausted"", ""key_name"": ""ollama_cloud""}",1,0
738,1786706101.7615356,critical,api_low_balance,ppq balance low: $0.05,"ppq balance at $0.05, below $5.00 threshold. Top up to avoid service interruption.",1,0
739,1786706101.769731,critical,api_low_balance,openrouter balance low: $-0.01,"openrouter balance at $-0.01, below $5.00 threshold. Top up to avoid service interruption.",1,0
740,1786706172.3314915,WARN,key_backoff,ollama_cloud exhausted failure #24,"{""detail"": ""backoff 60.0s; error_type=exhausted"", ""key_name"": ""ollama_cloud""}",1,0
741,1786706172.4129515,WARN,key_backoff,ollama_cloud exhausted failure #25,"{""detail"": ""backoff 60.0s; error_type=exhausted"", ""key_name"": ""ollama_cloud""}",1,0
742,1786706234.2450845,WARN,key_backoff,ollama_cloud exhausted failure #26,"{""detail"": ""backoff 60.0s; error_type=exhausted"", ""key_name"": ""ollama_cloud""}",1,0
743,1786706302.697159,WARN,key_backoff,ollama_cloud exhausted failure #27,"{""detail"": ""backoff 60.0s; error_type=exhausted"", ""key_name"": ""ollama_cloud""}",1,0
744,1786706364.1603816,WARN,key_backoff,ollama_cloud exhausted failure #28,"{""detail"": ""backoff 60.0s; error_type=exhausted"", ""key_name"": ""ollama_cloud""}",1,0
745,1786706429.4315274,WARN,key_backoff,ollama_cloud exhausted failure #29,"{""detail"": ""backoff 60.0s; error_type=exhausted"", ""key_name"": ""ollama_cloud""}",1,0
746,1786706491.3747854,WARN,key_backoff,ollama_cloud exhausted failure #30,"{""detail"": ""backoff 60.0s; error_type=exhausted"", ""key_name"": ""ollama_cloud""}",1,0
747,1786706552.4271097,WARN,key_backoff,ollama_cloud exhausted failure #31,"{""detail"": ""backoff 60.0s; error_type=exhausted"", ""key_name"": ""ollama_cloud""}",1,0
748,1786706616.7317598,WARN,key_backoff,ollama_cloud exhausted failure #32,"{""detail"": ""backoff 60.0s; error_type=exhausted"", ""key_name"": ""ollama_cloud""}",1,0
749,1786706682.225638,WARN,key_backoff,ollama_cloud exhausted failure #33,"{""detail"": ""backoff 60.0s; error_type=exhausted"", ""key_name"": ""ollama_cloud""}",1,0
750,1786706749.44944,WARN,key_backoff,ollama_cloud exhausted failure #34,"{""detail"": ""backoff 60.0s; error_type=exhausted"", ""key_name"": ""ollama_cloud""}",1,0
751,1786706815.8698218,WARN,key_backoff,ollama_cloud exhausted failure #35,"{""detail"": ""backoff 60.0s; error_type=exhausted"", ""key_name"": ""ollama_cloud""}",1,0
752,1786706877.4468822,WARN,key_backoff,ollama_cloud exhausted failure #36,"{""detail"": ""backoff 60.0s; error_type=exhausted"", ""key_name"": ""ollama_cloud""}",1,0
753,1786706943.755743,WARN,key_backoff,ollama_cloud exhausted failure #37,"{""detail"": ""backoff 60.0s; error_type=exhausted"", ""key_name"": ""ollama_cloud""}",1,0
754,1786707002.2094233,critical,api_low_balance,ppq balance low: $0.05,"ppq balance at $0.05, below $5.00 threshold. Top up to avoid service interruption.",1,0
755,1786707002.2132452,critical,api_low_balance,openrouter balance low: $-0.01,"openrouter balance at $-0.01, below $5.00 threshold. Top up to avoid service interruption.",1,0
756,1786707003.7856097,WARN,crash_rate,kimi-consultant crash rate 100%,4/4 runs failed in last 24h (0 done). Consider switching model or reducing max_turns.,1,0
757,1786707003.7860565,WARN,crash_rate,worker-base crash rate 100%,23/23 runs failed in last 24h (0 done). Consider switching model or reducing max_turns.,1,0
758,1786707003.786072,WARN,crash_rate,worker-merchant crash rate 33%,1/3 runs failed in last 24h (1 done). Consider switching model or reducing max_turns.,1,0
759,1786707003.786081,WARN,crash_rate,worker-merchant-deploy crash rate 83%,45/54 runs failed in last 24h (1 done). Consider switching model or reducing max_turns.,1,0
760,1786707003.7860875,WARN,crash_rate,worker-merchant-qa crash rate 77%,10/13 runs failed in last 24h (2 done). Consider switching model or reducing max_turns.,1,0
761,1786707003.7860963,CRITICAL,api_low_balance,ppq balance low: $0.05,"ppq balance at $0.05, below $5 threshold. Top up to avoid service interruption. (data 5 min old)",1,0
762,1786707003.786122,CRITICAL,api_low_balance,openrouter balance low: $-0.01,"openrouter balance at $-0.01, below $5 threshold. Top up to avoid service interruption. (data 5 min old)",1,0
763,1786707003.7861295,WARN,cost_inefficiency,Telnyx serving glm-5.2 (available on Ollama Cloud),2539 calls / 160425223 tokens on Telnyx (pay-per-token) but glm-5.2 is on Ollama Cloud ($0 marginal). Check routing priority.,1,0
764,1786707012.3657372,WARN,key_backoff,ollama_cloud exhausted failure #38,"{""detail"": ""backoff 60.0s; error_type=exhausted"", ""key_name"": ""ollama_cloud""}",1,0
765,1786707121.8293538,WARN,key_backoff,ollama_cloud exhausted failure #39,"{""detail"": ""backoff 60.0s; error_type=exhausted"", ""key_name"": ""ollama_cloud""}",1,0
766,1786707190.0258825,WARN,key_backoff,ollama_cloud exhausted failure #40,"{""detail"": ""backoff 60.0s; error_type=exhausted"", ""key_name"": ""ollama_cloud""}",1,0
767,1786707258.3514965,WARN,key_backoff,ollama_cloud exhausted failure #41,"{""detail"": ""backoff 60.0s; error_type=exhausted"", ""key_name"": ""ollama_cloud""}",1,0
768,1786707321.1618147,WARN,key_backoff,ollama_cloud exhausted failure #42,"{""detail"": ""backoff 60.0s; error_type=exhausted"", ""key_name"": ""ollama_cloud""}",1,0
769,1786707495.8533535,WARN,key_backoff,ollama_cloud exhausted failure #1,"{""detail"": ""backoff 2.0s; error_type=exhausted"", ""key_name"": ""ollama_cloud""}",1,0
770,1786707520.3073266,WARN,key_backoff,ollama_cloud exhausted failure #2,"{""detail"": ""backoff 4.0s; error_type=exhausted"", ""key_name"": ""ollama_cloud""}",1,0
771,1786707626.552692,WARN,key_backoff,ollama_cloud exhausted failure #3,"{""detail"": ""backoff 8.0s; error_type=exhausted"", ""key_name"": ""ollama_cloud""}",1,0
772,1786707876.758622,WARN,key_backoff,ollama_cloud exhausted failure #4,"{""detail"": ""backoff 16.0s; error_type=exhausted"", ""key_name"": ""ollama_cloud""}",1,0
773,1786707901.6846566,critical,api_low_balance,ppq balance low: $0.05,"ppq balance at $0.05, below $5.00 threshold. Top up to avoid service interruption.",1,0
774,1786708110.2502732,WARN,key_backoff,ollama_cloud exhausted failure #5,"{""detail"": ""backoff 32.0s; error_type=exhausted"", ""key_name"": ""ollama_cloud""}",1,0
775,1786708359.3283334,WARN,key_backoff,ollama_cloud exhausted failure #6,"{""detail"": ""backoff 60.0s; error_type=exhausted"", ""key_name"": ""ollama_cloud""}",1,0
776,1786708588.6651976,WARN,key_backoff,ollama_cloud exhausted failure #7,"{""detail"": ""backoff 60.0s; error_type=exhausted"", ""key_name"": ""ollama_cloud""}",1,0
777,1786708588.6653032,CRITICAL,KEY_DEAD,ollama_cloud reached 7 consecutive failures,"{""detail"": ""backoff 60.0s; likely dead"", ""key_name"": ""ollama_cloud""}",1,0
778,1786708802.1775904,critical,api_low_balance,ppq balance low: $0.05,"ppq balance at $0.05, below $5.00 threshold. Top up to avoid service interruption.",1,0
779,1786708803.9345753,WARN,crash_rate,kimi-consultant crash rate 100%,4/4 runs failed in last 24h (0 done). Consider switching model or reducing max_turns.,1,0
780,1786708803.9350479,WARN,crash_rate,worker-base crash rate 100%,23/23 runs failed in last 24h (0 done). Consider switching model or reducing max_turns.,1,0
781,1786708803.9350626,WARN,crash_rate,worker-merchant crash rate 33%,1/3 runs failed in last 24h (1 done). Consider switching model or reducing max_turns.,1,0
782,1786708803.9350717,WARN,crash_rate,worker-merchant-deploy crash rate 83%,45/54 runs failed in last 24h (1 done). Consider switching model or reducing max_turns.,1,0
783,1786708803.9350793,WARN,crash_rate,worker-merchant-qa crash rate 77%,10/13 runs failed in last 24h (2 done). Consider switching model or reducing max_turns.,1,0
784,1786708803.935086,CRITICAL,api_low_balance,ppq balance low: $0.05,"ppq balance at $0.05, below $5 threshold. Top up to avoid service interruption. (data 5 min old)",1,0
785,1786708803.935093,WARN,cost_inefficiency,"Using telnyx for glm-5.2 ($2.15/M), ollama_cloud cheaper ($0.02/M)","2539 calls / 160,425,223 tokens on telnyx at $2.15/M. ollama_cloud available at $0.02/M — potential savings $341.71/24h. Top up ollama_cloud if depleted.",1,0
786,1786708803.935101,WARN,cost_inefficiency,"Using ppq for glm-5.2 ($2.27/M), ollama_cloud cheaper ($0.02/M)","379 calls / 20,018,388 tokens on ppq at $2.27/M. ollama_cloud available at $0.02/M — potential savings $45.04/24h. Top up ollama_cloud if depleted.",1,0
787,1786708844.087754,WARN,key_backoff,ollama_cloud exhausted failure #8,"{""detail"": ""backoff 60.0s; error_type=exhausted"", ""key_name"": ""ollama_cloud""}",1,0
788,1786709070.0514195,WARN,key_backoff,ollama_cloud exhausted failure #9,"{""detail"": ""backoff 60.0s; error_type=exhausted"", ""key_name"": ""ollama_cloud""}",1,0
789,1786709318.577112,WARN,key_backoff,ollama_cloud exhausted failure #10,"{""detail"": ""backoff 60.0s; error_type=exhausted"", ""key_name"": ""ollama_cloud""}",1,0
790,1786709552.283397,WARN,key_backoff,ollama_cloud exhausted failure #11,"{""detail"": ""backoff 60.0s; error_type=exhausted"", ""key_name"": ""ollama_cloud""}",1,0
791,1786709702.0798788,critical,api_low_balance,ppq balance low: $0.05,"ppq balance at $0.05, below $5.00 threshold. Top up to avoid service interruption.",1,0
792,1786709702.0833502,warning,api_burn_burst,openrouter burn burst: $0.0158 (z=3.3σ),"openrouter spend this interval ($0.0158) is 3.3σ above the rolling mean ($0.0011, σ=$0.0044). Possible runaway agent or expensive request.",1,0
793,1786709798.9580038,WARN,key_backoff,ollama_cloud exhausted failure #12,"{""detail"": ""backoff 60.0s; error_type=exhausted"", ""key_name"": ""ollama_cloud""}",1,0
794,1786710031.4633865,WARN,key_backoff,ollama_cloud exhausted failure #13,"{""detail"": ""backoff 60.0s; error_type=exhausted"", ""key_name"": ""ollama_cloud""}",1,0
795,1786710279.8153868,WARN,key_backoff,ollama_cloud exhausted failure #14,"{""detail"": ""backoff 60.0s; error_type=exhausted"", ""key_name"": ""ollama_cloud""}",1,0
796,1786710512.4998503,WARN,key_backoff,ollama_cloud exhausted failure #15,"{""detail"": ""backoff 60.0s; error_type=exhausted"", ""key_name"": ""ollama_cloud""}",1,0
797,1786710601.8182876,critical,api_low_balance,ppq balance low: $0.05,"ppq balance at $0.05, below $5.00 threshold. Top up to avoid service interruption.",1,0
798,1786710603.6147263,WARN,crash_rate,kimi-consultant crash rate 100%,4/4 runs failed in last 24h (0 done). Consider switching model or reducing max_turns.,1,0
799,1786710603.615181,WARN,crash_rate,worker-base crash rate 100%,23/23 runs failed in last 24h (0 done). Consider switching model or reducing max_turns.,1,0
800,1786710603.6151948,WARN,crash_rate,worker-merchant-deploy crash rate 90%,45/50 runs failed in last 24h (1 done). Consider switching model or reducing max_turns.,1,0
801,1786710603.6152027,WARN,crash_rate,worker-merchant-qa crash rate 77%,10/13 runs failed in last 24h (2 done). Consider switching model or reducing max_turns.,1,0
802,1786710603.6152096,CRITICAL,api_low_balance,ppq balance low: $0.05,"ppq balance at $0.05, below $5 threshold. Top up to avoid service interruption. (data 5 min old)",1,0
803,1786710603.6152189,WARN,cost_inefficiency,"Using telnyx for glm-5.2 ($2.15/M), openrouter cheaper ($0.97/M)","2539 calls / 160,425,223 tokens on telnyx at $2.15/M. openrouter available at $0.97/M — potential savings $189.30/24h. Top up openrouter if depleted.",1,0
804,1786710603.6152275,WARN,cost_inefficiency,"Using ppq for glm-5.2 ($2.27/M), openrouter cheaper ($0.97/M)","379 calls / 20,018,388 tokens on ppq at $2.27/M. openrouter available at $0.97/M — potential savings $26.02/24h. Top up openrouter if depleted.",1,0
805,1786711501.5863245,critical,api_low_balance,ppq balance low: $0.05,"ppq balance at $0.05, below $5.00 threshold. Top up to avoid service interruption.",1,0
806,1786711994.0641322,WARN,key_backoff,ollama_cloud exhausted failure #1,"{""detail"": ""backoff 2.0s; error_type=exhausted"", ""key_name"": ""ollama_cloud""}",1,0
807,1786712401.9182217,critical,api_low_balance,ppq balance low: $0.05,"ppq balance at $0.05, below $5.00 threshold. Top up to avoid service interruption.",1,0
808,1786712403.249953,WARN,key_backoff,friend exhausted failure #1,"{""detail"": ""backoff 2.0s; error_type=exhausted"", ""key_name"": ""friend""}",1,0
809,1786712403.5904965,WARN,crash_rate,kimi-consultant crash rate 100%,4/4 runs failed in last 24h (0 done). Consider switching model or reducing max_turns.,1,0
810,1786712403.5910344,WARN,crash_rate,worker-base crash rate 100%,21/21 runs failed in last 24h (0 done). Consider switching model or reducing max_turns.,1,0
811,1786712403.5910492,WARN,crash_rate,worker-merchant-deploy crash rate 89%,41/46 runs failed in last 24h (1 done). Consider switching model or reducing max_turns.,1,0
812,1786712403.5910578,WARN,crash_rate,worker-merchant-qa crash rate 77%,10/13 runs failed in last 24h (2 done). Consider switching model or reducing max_turns.,1,0
813,1786712403.5910652,CRITICAL,api_low_balance,ppq balance low: $0.05,"ppq balance at $0.05, below $5 threshold. Top up to avoid service interruption. (data 5 min old)",1,0
814,1786712403.591073,WARN,cost_inefficiency,"Using telnyx for glm-5.2 ($2.15/M), ollama_cloud cheaper ($0.02/M)","2539 calls / 160,425,223 tokens on telnyx at $2.15/M. ollama_cloud available at $0.02/M — potential savings $341.71/24h. Top up ollama_cloud if depleted.",1,0
815,1786712403.5910828,WARN,cost_inefficiency,"Using ppq for glm-5.2 ($2.27/M), ollama_cloud cheaper ($0.02/M)","379 calls / 20,018,388 tokens on ppq at $2.27/M. ollama_cloud available at $0.02/M — potential savings $45.04/24h. Top up ollama_cloud if depleted.",1,0
816,1786712405.9016051,WARN,key_backoff,ollama_cloud exhausted failure #2,"{""detail"": ""backoff 4.0s; error_type=exhausted"", ""key_name"": ""ollama_cloud""}",1,0
817,1786712411.0098026,WARN,key_backoff,ollama_cloud exhausted failure #3,"{""detail"": ""backoff 8.0s; error_type=exhausted"", ""key_name"": ""ollama_cloud""}",1,0
818,1786712496.3346088,WARN,key_backoff,friend exhausted failure #1,"{""detail"": ""backoff 2.0s; error_type=exhausted"", ""key_name"": ""friend""}",1,0
819,1786712616.8645337,WARN,key_backoff,ollama_cloud exhausted failure #4,"{""detail"": ""backoff 16.0s; error_type=exhausted"", ""key_name"": ""ollama_cloud""}",1,0
820,1786712973.6813934,WARN,key_backoff,ollama_cloud exhausted failure #5,"{""detail"": ""backoff 32.0s; error_type=exhausted"", ""key_name"": ""ollama_cloud""}",1,0
821,1786712989.542227,WARN,key_backoff,friend exhausted failure #1,"{""detail"": ""backoff 2.0s; error_type=exhausted"", ""key_name"": ""friend""}",1,0
822,1786713009.9578383,WARN,key_backoff,ollama_cloud exhausted failure #6,"{""detail"": ""backoff 60.0s; error_type=exhausted"", ""key_name"": ""ollama_cloud""}",1,0
823,1786713029.4012241,WARN,key_backoff,friend exhausted failure #1,"{""detail"": ""backoff 2.0s; error_type=exhausted"", ""key_name"": ""friend""}",1,0
824,1786713076.0597239,WARN,key_backoff,ollama_cloud exhausted failure #7,"{""detail"": ""backoff 60.0s; error_type=exhausted"", ""key_name"": ""ollama_cloud""}",1,0
825,1786713076.0598016,CRITICAL,KEY_DEAD,ollama_cloud reached 7 consecutive failures,"{""detail"": ""backoff 60.0s; likely dead"", ""key_name"": ""ollama_cloud""}",1,0
826,1786713141.3417284,WARN,key_backoff,ollama_cloud exhausted failure #8,"{""detail"": ""backoff 60.0s; error_type=exhausted"", ""key_name"": ""ollama_cloud""}",1,0
827,1786713232.8802798,WARN,key_backoff,ollama_cloud exhausted failure #9,"{""detail"": ""backoff 60.0s; error_type=exhausted"", ""key_name"": ""ollama_cloud""}",1,0
828,1786713293.6310043,WARN,key_backoff,ollama_cloud exhausted failure #10,"{""detail"": ""backoff 60.0s; error_type=exhausted"", ""key_name"": ""ollama_cloud""}",1,0
829,1786713301.5031958,critical,api_low_balance,ppq balance low: $0.05,"ppq balance at $0.05, below $5.00 threshold. Top up to avoid service interruption.",1,0
830,1786713577.7312694,WARN,key_backoff,ollama_cloud exhausted failure #11,"{""detail"": ""backoff 60.0s; error_type=exhausted"", ""key_name"": ""ollama_cloud""}",1,0
831,1786713689.9120274,WARN,key_backoff,ollama_cloud exhausted failure #12,"{""detail"": ""backoff 60.0s; error_type=exhausted"", ""key_name"": ""ollama_cloud""}",1,0
832,1786713814.7439716,WARN,key_backoff,ollama_cloud exhausted failure #13,"{""detail"": ""backoff 60.0s; error_type=exhausted"", ""key_name"": ""ollama_cloud""}",1,0
833,1786714070.790584,WARN,key_backoff,ollama_cloud exhausted failure #14,"{""detail"": ""backoff 60.0s; error_type=exhausted"", ""key_name"": ""ollama_cloud""}",1,0
834,1786714202.3133504,critical,api_low_balance,ppq balance low: $0.05,"ppq balance at $0.05, below $5.00 threshold. Top up to avoid service interruption.",1,0
835,1786714203.8793108,WARN,crash_rate,kimi-consultant crash rate 100%,4/4 runs failed in last 24h (0 done). Consider switching model or reducing max_turns.,1,0
836,1786714203.8798032,WARN,crash_rate,worker-base crash rate 100%,20/20 runs failed in last 24h (0 done). Consider switching model or reducing max_turns.,1,0
837,1786714203.8798172,WARN,crash_rate,worker-merchant-deploy crash rate 89%,39/44 runs failed in last 24h (1 done). Consider switching model or reducing max_turns.,1,0
838,1786714203.8798277,WARN,crash_rate,worker-merchant-qa crash rate 77%,10/13 runs failed in last 24h (2 done). Consider switching model or reducing max_turns.,1,0
839,1786714203.8798378,CRITICAL,api_low_balance,ppq balance low: $0.05,"ppq balance at $0.05, below $5 threshold. Top up to avoid service interruption. (data 5 min old)",1,0
840,1786714203.879848,WARN,cost_inefficiency,"Using telnyx for glm-5.2 ($2.15/M), ollama_cloud cheaper ($0.02/M)","2539 calls / 160,425,223 tokens on telnyx at $2.15/M. ollama_cloud available at $0.02/M — potential savings $341.71/24h. Top up ollama_cloud if depleted.",1,0
841,1786714203.879859,WARN,cost_inefficiency,"Using ppq for glm-5.2 ($2.27/M), ollama_cloud cheaper ($0.02/M)","379 calls / 20,018,388 tokens on ppq at $2.27/M. ollama_cloud available at $0.02/M — potential savings $45.04/24h. Top up ollama_cloud if depleted.",1,0
842,1786714247.6074739,WARN,key_backoff,friend exhausted failure #1,"{""detail"": ""backoff 2.0s; error_type=exhausted"", ""key_name"": ""friend""}",1,0
843,1786714367.9775662,WARN,key_backoff,ollama_cloud exhausted failure #1,"{""detail"": ""backoff 2.0s; error_type=exhausted"", ""key_name"": ""ollama_cloud""}",1,0
844,1786714465.9527621,WARN,key_backoff,ollama_cloud exhausted failure #2,"{""detail"": ""backoff 4.0s; error_type=exhausted"", ""key_name"": ""ollama_cloud""}",1,0
845,1786714493.4666083,WARN,key_backoff,ollama_cloud exhausted failure #3,"{""detail"": ""backoff 8.0s; error_type=exhausted"", ""key_name"": ""ollama_cloud""}",1,0
846,1786714642.0225675,WARN,key_backoff,friend exhausted failure #1,"{""detail"": ""backoff 2.0s; error_type=exhausted"", ""key_name"": ""friend""}",1,0
847,1786714762.8738825,WARN,key_backoff,ollama_cloud exhausted failure #4,"{""detail"": ""backoff 16.0s; error_type=exhausted"", ""key_name"": ""ollama_cloud""}",1,0
848,1786714787.4764001,WARN,key_backoff,friend exhausted failure #1,"{""detail"": ""backoff 2.0s; error_type=exhausted"", ""key_name"": ""friend""}",1,0
849,1786714908.2514803,WARN,key_backoff,ollama_cloud exhausted failure #5,"{""detail"": ""backoff 32.0s; error_type=exhausted"", ""key_name"": ""ollama_cloud""}",1,0
850,1786715101.5342958,critical,api_low_balance,ppq balance low: $0.05,"ppq balance at $0.05, below $5.00 threshold. Top up to avoid service interruption.",1,0
851,1786715101.5765398,warning,api_burn_burst,openrouter burn burst: $0.0627 (z=4.3σ),"openrouter spend this interval ($0.0627) is 4.3σ above the rolling mean ($0.0042, σ=$0.0137). Possible runaway agent or expensive request.",1,0
852,1786715171.253751,WARN,key_backoff,ollama_cloud exhausted failure #6,"{""detail"": ""backoff 60.0s; error_type=exhausted"", ""key_name"": ""ollama_cloud""}",1,0
853,1786715242.9908526,WARN,key_backoff,ollama_cloud exhausted failure #7,"{""detail"": ""backoff 60.0s; error_type=exhausted"", ""key_name"": ""ollama_cloud""}",1,0
854,1786715242.9914706,CRITICAL,KEY_DEAD,ollama_cloud reached 7 consecutive failures,"{""detail"": ""backoff 60.0s; likely dead"", ""key_name"": ""ollama_cloud""}",1,0
855,1786716001.6347032,critical,api_low_balance,ppq balance low: $0.05,"ppq balance at $0.05, below $5.00 threshold. Top up to avoid service interruption.",1,0
856,1786716005.747082,WARN,crash_rate,kimi-consultant crash rate 100%,4/4 runs failed in last 24h (0 done). Consider switching model or reducing max_turns.,1,0
857,1786716005.7474096,WARN,crash_rate,worker-base crash rate 100%,20/20 runs failed in last 24h (0 done). Consider switching model or reducing max_turns.,1,0
858,1786716005.7474189,WARN,crash_rate,worker-merchant-deploy crash rate 88%,37/42 runs failed in last 24h (1 done). Consider switching model or reducing max_turns.,1,0
859,1786716005.7474232,WARN,crash_rate,worker-merchant-qa crash rate 77%,10/13 runs failed in last 24h (2 done). Consider switching model or reducing max_turns.,1,0
860,1786716005.7474265,CRITICAL,api_low_balance,ppq balance low: $0.05,"ppq balance at $0.05, below $5 threshold. Top up to avoid service interruption. (data 5 min old)",1,0
861,1786716005.7474303,WARN,cost_inefficiency,"Using telnyx for glm-5.2 ($2.15/M), ollama_cloud cheaper ($0.02/M)","2539 calls / 160,425,223 tokens on telnyx at $2.15/M. ollama_cloud available at $0.02/M — potential savings $341.71/24h. Top up ollama_cloud if depleted.",1,0
862,1786716005.7474356,WARN,cost_inefficiency,"Using ppq for glm-5.2 ($2.27/M), ollama_cloud cheaper ($0.02/M)","379 calls / 20,018,388 tokens on ppq at $2.27/M. ollama_cloud available at $0.02/M — potential savings $45.04/24h. Top up ollama_cloud if depleted.",1,0
863,1786716005.747439,WARN,cost_inefficiency,"Using openrouter for glm-5.2 ($0.97/M), ollama_cloud cheaper ($0.02/M)","45 calls / 570,841 tokens on openrouter at $0.97/M. ollama_cloud available at $0.02/M — potential savings $0.54/24h. Top up ollama_cloud if depleted.",1,0
864,1786716006.5699675,WARN,key_backoff,friend exhausted failure #1,"{""detail"": ""backoff 2.0s; error_type=exhausted"", ""key_name"": ""friend""}",1,0
865,1786716007.2899113,WARN,key_backoff,friend exhausted failure #2,"{""detail"": ""backoff 4.0s; error_type=exhausted"", ""key_name"": ""friend""}",1,0
866,1786716020.215025,WARN,key_backoff,friend exhausted failure #1,"{""detail"": ""backoff 2.0s; error_type=exhausted"", ""key_name"": ""friend""}",1,0
867,1786716020.5875556,WARN,key_backoff,friend exhausted failure #2,"{""detail"": ""backoff 4.0s; error_type=exhausted"", ""key_name"": ""friend""}",1,0
868,1786716112.0925193,WARN,key_backoff,friend exhausted failure #1,"{""detail"": ""backoff 2.0s; error_type=exhausted"", ""key_name"": ""friend""}",1,0
869,1786716129.1285431,WARN,key_backoff,friend exhausted failure #1,"{""detail"": ""backoff 2.0s; error_type=exhausted"", ""key_name"": ""friend""}",1,0
870,1786716129.2708719,WARN,key_backoff,friend exhausted failure #2,"{""detail"": ""backoff 4.0s; error_type=exhausted"", ""key_name"": ""friend""}",1,0
871,1786716144.6176677,WARN,key_backoff,friend exhausted failure #3,"{""detail"": ""backoff 8.0s; error_type=exhausted"", ""key_name"": ""friend""}",1,0
872,1786716171.6640737,WARN,key_backoff,friend exhausted failure #1,"{""detail"": ""backoff 2.0s; error_type=exhausted"", ""key_name"": ""friend""}",1,0
873,1786716177.9277432,WARN,key_backoff,friend exhausted failure #2,"{""detail"": ""backoff 4.0s; error_type=exhausted"", ""key_name"": ""friend""}",1,0
874,1786716227.145288,WARN,key_backoff,friend exhausted failure #1,"{""detail"": ""backoff 2.0s; error_type=exhausted"", ""key_name"": ""friend""}",1,0
875,1786716901.5212383,critical,api_low_balance,ppq balance low: $0.04,"ppq balance at $0.04, below $5.00 threshold. Top up to avoid service interruption.",1,0
876,1786716901.565241,warning,api_expensive_request,openrouter expensive interval: $0.17,openrouter spend in last interval ($0.17) exceeds $0.10 threshold.,1,0
877,1786717802.1190312,critical,api_low_balance,ppq balance low: $0.04,"ppq balance at $0.04, below $5.00 threshold. Top up to avoid service interruption.",1,0
878,1786717809.9340727,WARN,crash_rate,kimi-consultant crash rate 100%,4/4 runs failed in last 24h (0 done). Consider switching model or reducing max_turns.,1,0
879,1786717809.9344974,WARN,crash_rate,worker-base crash rate 100%,20/20 runs failed in last 24h (0 done). Consider switching model or reducing max_turns.,1,0
880,1786717809.9345095,WARN,crash_rate,worker-merchant-deploy crash rate 86%,31/36 runs failed in last 24h (1 done). Consider switching model or reducing max_turns.,1,0
881,1786717809.9345171,WARN,crash_rate,worker-merchant-qa crash rate 77%,10/13 runs failed in last 24h (2 done). Consider switching model or reducing max_turns.,1,0
882,1786717809.9345233,CRITICAL,api_low_balance,ppq balance low: $0.04,"ppq balance at $0.04, below $5 threshold. Top up to avoid service interruption. (data 5 min old)",1,0
883,1786717809.9345295,WARN,cost_inefficiency,"Using telnyx for glm-5.2 ($2.15/M), ollama_cloud cheaper ($0.02/M)","2532 calls / 160,014,500 tokens on telnyx at $2.15/M. ollama_cloud available at $0.02/M — potential savings $340.83/24h. Top up ollama_cloud if depleted.",1,0
884,1786717809.9345367,WARN,cost_inefficiency,"Using ppq for glm-5.2 ($2.27/M), ollama_cloud cheaper ($0.02/M)","377 calls / 20,018,350 tokens on ppq at $2.27/M. ollama_cloud available at $0.02/M — potential savings $45.04/24h. Top up ollama_cloud if depleted.",1,0
885,1786717809.9345427,WARN,cost_inefficiency,"Using openrouter for glm-5.2 ($0.97/M), ollama_cloud cheaper ($0.02/M)","60 calls / 1,562,018 tokens on openrouter at $0.97/M. ollama_cloud available at $0.02/M — potential savings $1.48/24h. Top up ollama_cloud if depleted.",1,0
886,1786717871.5963755,WARN,key_backoff,friend exhausted failure #1,"{""detail"": ""backoff 2.0s; error_type=exhausted"", ""key_name"": ""friend""}",1,0
887,1786718702.2338061,critical,api_low_balance,ppq balance low: $0.04,"ppq balance at $0.04, below $5.00 threshold. Top up to avoid service interruption.",1,0
888,1786719602.3787017,critical,api_low_balance,ppq balance low: $0.04,"ppq balance at $0.04, below $5.00 threshold. Top up to avoid service interruption.",1,0
889,1786719608.9625292,WARN,crash_rate,kimi-consultant crash rate 100%,4/4 runs failed in last 24h (0 done). Consider switching model or reducing max_turns.,1,0
890,1786719608.9629433,WARN,crash_rate,worker-base crash rate 100%,20/20 runs failed in last 24h (0 done). Consider switching model or reducing max_turns.,1,0
891,1786719608.9629536,WARN,crash_rate,worker-merchant-deploy crash rate 83%,25/30 runs failed in last 24h (1 done). Consider switching model or reducing max_turns.,1,0
892,1786719608.9629586,WARN,crash_rate,worker-merchant-qa crash rate 77%,10/13 runs failed in last 24h (2 done). Consider switching model or reducing max_turns.,1,0
893,1786719608.9629626,CRITICAL,api_low_balance,ppq balance low: $0.04,"ppq balance at $0.04, below $5 threshold. Top up to avoid service interruption. (data 5 min old)",1,0
894,1786719608.9629674,WARN,cost_inefficiency,"Using telnyx for glm-5.2 ($2.15/M), routstrd cheaper ($0.53/M)","2534 calls / 160,030,500 tokens on telnyx at $2.15/M. routstrd available at $0.53/M — potential savings $259.25/24h. Top up routstrd if depleted.",1,0
895,1786719608.9629726,WARN,cost_inefficiency,"Using ppq for glm-5.2 ($2.27/M), routstrd cheaper ($0.53/M)","326 calls / 17,878,034 tokens on ppq at $2.27/M. routstrd available at $0.53/M — potential savings $31.11/24h. Top up routstrd if depleted.",1,0
896,1786719608.962977,WARN,cost_inefficiency,"Using openrouter for glm-5.2 ($0.97/M), routstrd cheaper ($0.53/M)","60 calls / 1,562,018 tokens on openrouter at $0.97/M. routstrd available at $0.53/M — potential savings $0.69/24h. Top up routstrd if depleted.",1,0
897,1786720501.9805915,critical,api_low_balance,ppq balance low: $0.04,"ppq balance at $0.04, below $5.00 threshold. Top up to avoid service interruption.",1,0
898,1786721402.469489,critical,api_low_balance,ppq balance low: $0.04,"ppq balance at $0.04, below $5.00 threshold. Top up to avoid service interruption.",1,0
899,1786721409.1961231,WARN,crash_rate,kimi-consultant crash rate 100%,4/4 runs failed in last 24h (0 done). Consider switching model or reducing max_turns.,1,0
900,1786721409.1973069,WARN,crash_rate,worker-base crash rate 100%,20/20 runs failed in last 24h (0 done). Consider switching model or reducing max_turns.,1,0
901,1786721409.1973405,WARN,crash_rate,worker-merchant-deploy crash rate 83%,25/30 runs failed in last 24h (1 done). Consider switching model or reducing max_turns.,1,0
902,1786721409.1973586,WARN,crash_rate,worker-merchant-qa crash rate 77%,10/13 runs failed in last 24h (2 done). Consider switching model or reducing max_turns.,1,0
903,1786721409.1973724,CRITICAL,api_low_balance,ppq balance low: $0.04,"ppq balance at $0.04, below $5 threshold. Top up to avoid service interruption. (data 5 min old)",1,0
904,1786721409.1973872,WARN,cost_inefficiency,"Using telnyx for glm-5.2 ($2.15/M), routstrd cheaper ($0.53/M)","2488 calls / 156,550,626 tokens on telnyx at $2.15/M. routstrd available at $0.53/M — potential savings $253.61/24h. Top up routstrd if depleted.",1,0
905,1786721409.1974049,WARN,cost_inefficiency,"Using ppq for glm-5.2 ($2.27/M), routstrd cheaper ($0.53/M)","253 calls / 13,129,577 tokens on ppq at $2.27/M. routstrd available at $0.53/M — potential savings $22.85/24h. Top up routstrd if depleted.",1,0
906,1786721409.203427,WARN,cost_inefficiency,"Using openrouter for glm-5.2 ($0.97/M), routstrd cheaper ($0.53/M)","60 calls / 1,562,018 tokens on openrouter at $0.97/M. routstrd available at $0.53/M — potential savings $0.69/24h. Top up routstrd if depleted.",1,0
907,1786721460.521493,WARN,key_backoff,friend exhausted failure #1,"{""detail"": ""backoff 2.0s; error_type=exhausted"", ""key_name"": ""friend""}",1,0
908,1786721465.3625867,WARN,key_backoff,friend exhausted failure #1,"{""detail"": ""backoff 2.0s; error_type=exhausted"", ""key_name"": ""friend""}",1,0
909,1786722301.9626064,critical,api_low_balance,ppq balance low: $0.03,"ppq balance at $0.03, below $5.00 threshold. Top up to avoid service interruption.",1,0
910,1786723202.1647336,critical,api_low_balance,ppq balance low: $0.03,"ppq balance at $0.03, below $5.00 threshold. Top up to avoid service interruption.",1,0
911,1786723209.0892632,WARN,crash_rate,kimi-consultant crash rate 100%,4/4 runs failed in last 24h (0 done). Consider switching model or reducing max_turns.,1,0
912,1786723209.0898318,WARN,crash_rate,worker-base crash rate 100%,20/20 runs failed in last 24h (0 done). Consider switching model or reducing max_turns.,1,0
913,1786723209.0898497,WARN,crash_rate,worker-merchant-deploy crash rate 83%,25/30 runs failed in last 24h (1 done). Consider switching model or reducing max_turns.,1,0
914,1786723209.0898578,WARN,crash_rate,worker-merchant-qa crash rate 77%,10/13 runs failed in last 24h (2 done). Consider switching model or reducing max_turns.,1,0
915,1786723209.0898647,CRITICAL,api_low_balance,ppq balance low: $0.03,"ppq balance at $0.03, below $5 threshold. Top up to avoid service interruption. (data 5 min old)",1,0
916,1786723209.0898724,WARN,cost_inefficiency,"Using telnyx for glm-5.2 ($2.15/M), routstrd cheaper ($0.53/M)","2490 calls / 156,617,443 tokens on telnyx at $2.15/M. routstrd available at $0.53/M — potential savings $253.72/24h. Top up routstrd if depleted.",1,0
917,1786723209.0898802,WARN,cost_inefficiency,"Using ppq for glm-5.2 ($2.27/M), routstrd cheaper ($0.53/M)","253 calls / 13,129,577 tokens on ppq at $2.27/M. routstrd available at $0.53/M — potential savings $22.85/24h. Top up routstrd if depleted.",1,0
918,1786723209.0898871,WARN,cost_inefficiency,"Using openrouter for glm-5.2 ($0.97/M), routstrd cheaper ($0.53/M)","60 calls / 1,562,018 tokens on openrouter at $0.97/M. routstrd available at $0.53/M — potential savings $0.69/24h. Top up routstrd if depleted.",1,0
919,1786723231.751192,WARN,key_backoff,friend exhausted failure #1,"{""detail"": ""backoff 2.0s; error_type=exhausted"", ""key_name"": ""friend""}",1,0
920,1786723231.917936,WARN,key_backoff,friend exhausted failure #2,"{""detail"": ""backoff 4.0s; error_type=exhausted"", ""key_name"": ""friend""}",1,0
921,1786723264.95962,WARN,key_backoff,friend exhausted failure #1,"{""detail"": ""backoff 2.0s; error_type=exhausted"", ""key_name"": ""friend""}",1,0
922,1786723318.1438572,WARN,key_backoff,friend exhausted failure #2,"{""detail"": ""backoff 4.0s; error_type=exhausted"", ""key_name"": ""friend""}",1,0
923,1786724102.3044684,critical,api_low_balance,ppq balance low: $0.03,"ppq balance at $0.03, below $5.00 threshold. Top up to avoid service interruption.",1,0
924,1786725001.8722978,critical,api_low_balance,ppq balance low: $0.03,"ppq balance at $0.03, below $5.00 threshold. Top up to avoid service interruption.",1,0
925,1786725008.9110758,WARN,crash_rate,kimi-consultant crash rate 100%,4/4 runs failed in last 24h (0 done). Consider switching model or reducing max_turns.,1,0
926,1786725008.9115546,WARN,crash_rate,worker-base crash rate 100%,20/20 runs failed in last 24h (0 done). Consider switching model or reducing max_turns.,1,0
927,1786725008.9115674,WARN,crash_rate,worker-merchant-deploy crash rate 83%,25/30 runs failed in last 24h (1 done). Consider switching model or reducing max_turns.,1,0
928,1786725008.911575,WARN,crash_rate,worker-merchant-qa crash rate 77%,10/13 runs failed in last 24h (2 done). Consider switching model or reducing max_turns.,1,0
929,1786725008.9115818,CRITICAL,api_low_balance,ppq balance low: $0.03,"ppq balance at $0.03, below $5 threshold. Top up to avoid service interruption. (data 5 min old)",1,0
930,1786725008.9115882,WARN,cost_inefficiency,"Using telnyx for glm-5.2 ($2.15/M), routstrd cheaper ($0.53/M)","2490 calls / 156,617,443 tokens on telnyx at $2.15/M. routstrd available at $0.53/M — potential savings $253.72/24h. Top up routstrd if depleted.",1,0
931,1786725008.911596,WARN,cost_inefficiency,"Using ppq for glm-5.2 ($2.27/M), routstrd cheaper ($0.53/M)","253 calls / 13,129,577 tokens on ppq at $2.27/M. routstrd available at $0.53/M — potential savings $22.85/24h. Top up routstrd if depleted.",1,0
932,1786725008.911603,WARN,cost_inefficiency,"Using openrouter for glm-5.2 ($0.97/M), routstrd cheaper ($0.53/M)","64 calls / 1,762,940 tokens on openrouter at $0.97/M. routstrd available at $0.53/M — potential savings $0.78/24h. Top up routstrd if depleted.",1,0
933,1786725902.0409477,critical,api_low_balance,ppq balance low: $0.03,"ppq balance at $0.03, below $5.00 threshold. Top up to avoid service interruption.",1,0
934,1786726801.9768128,critical,api_low_balance,ppq balance low: $0.03,"ppq balance at $0.03, below $5.00 threshold. Top up to avoid service interruption.",1,0
935,1786726809.4072042,WARN,crash_rate,kimi-consultant crash rate 100%,4/4 runs failed in last 24h (0 done). Consider switching model or reducing max_turns.,1,0
936,1786726809.4077225,WARN,crash_rate,worker-base crash rate 100%,20/20 runs failed in last 24h (0 done). Consider switching model or reducing max_turns.,1,0
937,1786726809.4077375,WARN,crash_rate,worker-merchant-deploy crash rate 83%,25/30 runs failed in last 24h (1 done). Consider switching model or reducing max_turns.,1,0
938,1786726809.4077466,WARN,crash_rate,worker-merchant-qa crash rate 77%,10/13 runs failed in last 24h (2 done). Consider switching model or reducing max_turns.,1,0
939,1786726809.4077542,CRITICAL,api_low_balance,ppq balance low: $0.03,"ppq balance at $0.03, below $5 threshold. Top up to avoid service interruption. (data 5 min old)",1,0
940,1786726809.4077744,WARN,cost_inefficiency,"Using telnyx for glm-5.2 ($2.15/M), routstrd cheaper ($0.53/M)","2490 calls / 156,617,443 tokens on telnyx at $2.15/M. routstrd available at $0.53/M — potential savings $253.72/24h. Top up routstrd if depleted.",1,0
941,1786726809.4077833,WARN,cost_inefficiency,"Using ppq for glm-5.2 ($2.27/M), routstrd cheaper ($0.53/M)","253 calls / 13,129,577 tokens on ppq at $2.27/M. routstrd available at $0.53/M — potential savings $22.85/24h. Top up routstrd if depleted.",1,0
942,1786726809.4077907,WARN,cost_inefficiency,"Using openrouter for glm-5.2 ($0.97/M), routstrd cheaper ($0.53/M)","64 calls / 1,762,940 tokens on openrouter at $0.97/M. routstrd available at $0.53/M — potential savings $0.78/24h. Top up routstrd if depleted.",1,0
943,1786727702.2995083,critical,api_low_balance,ppq balance low: $0.03,"ppq balance at $0.03, below $5.00 threshold. Top up to avoid service interruption.",1,0
944,1786728602.2629998,critical,api_low_balance,ppq balance low: $0.03,"ppq balance at $0.03, below $5.00 threshold. Top up to avoid service interruption.",1,0
945,1786728608.8061113,WARN,crash_rate,kimi-consultant crash rate 100%,4/4 runs failed in last 24h (0 done). Consider switching model or reducing max_turns.,1,0
946,1786728608.8066423,WARN,crash_rate,worker-base crash rate 100%,20/20 runs failed in last 24h (0 done). Consider switching model or reducing max_turns.,1,0
947,1786728608.8066578,WARN,crash_rate,worker-merchant-deploy crash rate 83%,25/30 runs failed in last 24h (1 done). Consider switching model or reducing max_turns.,1,0
948,1786728608.8066707,WARN,crash_rate,worker-merchant-qa crash rate 77%,10/13 runs failed in last 24h (2 done). Consider switching model or reducing max_turns.,1,0
949,1786728608.8066778,CRITICAL,api_low_balance,ppq balance low: $0.03,"ppq balance at $0.03, below $5 threshold. Top up to avoid service interruption. (data 5 min old)",1,0
950,1786728608.8066869,WARN,cost_inefficiency,"Using telnyx for glm-5.2 ($2.15/M), routstrd cheaper ($0.53/M)","2490 calls / 156,617,443 tokens on telnyx at $2.15/M. routstrd available at $0.53/M — potential savings $253.72/24h. Top up routstrd if depleted.",1,0
951,1786728608.8066955,WARN,cost_inefficiency,"Using ppq for glm-5.2 ($2.27/M), routstrd cheaper ($0.53/M)","189 calls / 10,697,439 tokens on ppq at $2.27/M. routstrd available at $0.53/M — potential savings $18.61/24h. Top up routstrd if depleted.",1,0
952,1786728608.8067026,WARN,cost_inefficiency,"Using openrouter for glm-5.2 ($0.97/M), routstrd cheaper ($0.53/M)","64 calls / 1,762,940 tokens on openrouter at $0.97/M. routstrd available at $0.53/M — potential savings $0.78/24h. Top up routstrd if depleted.",1,0
953,1786729501.8305736,critical,api_low_balance,ppq balance low: $0.03,"ppq balance at $0.03, below $5.00 threshold. Top up to avoid service interruption.",1,0
954,1786730402.001076,critical,api_low_balance,ppq balance low: $0.03,"ppq balance at $0.03, below $5.00 threshold. Top up to avoid service interruption.",1,0
955,1786730409.0032113,WARN,crash_rate,kimi-consultant crash rate 100%,4/4 runs failed in last 24h (0 done). Consider switching model or reducing max_turns.,1,0
956,1786730409.0035875,WARN,crash_rate,worker-base crash rate 100%,20/20 runs failed in last 24h (0 done). Consider switching model or reducing max_turns.,1,0
957,1786730409.0035956,WARN,crash_rate,worker-merchant-deploy crash rate 83%,25/30 runs failed in last 24h (1 done). Consider switching model or reducing max_turns.,1,0
958,1786730409.0036,WARN,crash_rate,worker-merchant-qa crash rate 77%,10/13 runs failed in last 24h (2 done). Consider switching model or reducing max_turns.,1,0
959,1786730409.0036032,CRITICAL,api_low_balance,ppq balance low: $0.03,"ppq balance at $0.03, below $5 threshold. Top up to avoid service interruption. (data 5 min old)",1,0
960,1786730409.0036068,WARN,cost_inefficiency,"Using telnyx for glm-5.2 ($2.15/M), routstrd cheaper ($0.53/M)","2490 calls / 156,617,443 tokens on telnyx at $2.15/M. routstrd available at $0.53/M — potential savings $253.72/24h. Top up routstrd if depleted.",1,0
961,1786730409.003611,WARN,cost_inefficiency,"Using ppq for glm-5.2 ($2.27/M), routstrd cheaper ($0.53/M)","167 calls / 10,289,832 tokens on ppq at $2.27/M. routstrd available at $0.53/M — potential savings $17.90/24h. Top up routstrd if depleted.",1,0
962,1786730409.0036151,WARN,cost_inefficiency,"Using openrouter for glm-5.2 ($0.97/M), routstrd cheaper ($0.53/M)","64 calls / 1,762,940 tokens on openrouter at $0.97/M. routstrd available at $0.53/M — potential savings $0.78/24h. Top up routstrd if depleted.",1,0
963,1786731302.3147147,critical,api_low_balance,ppq balance low: $0.03,"ppq balance at $0.03, below $5.00 threshold. Top up to avoid service interruption.",1,0
964,1786732202.3593678,critical,api_low_balance,ppq balance low: $0.03,"ppq balance at $0.03, below $5.00 threshold. Top up to avoid service interruption.",1,0
965,1786732209.2353444,WARN,crash_rate,kimi-consultant crash rate 100%,4/4 runs failed in last 24h (0 done). Consider switching model or reducing max_turns.,1,0
966,1786732209.2358701,WARN,crash_rate,worker-base crash rate 100%,20/20 runs failed in last 24h (0 done). Consider switching model or reducing max_turns.,1,0
967,1786732209.2358851,WARN,crash_rate,worker-merchant-deploy crash rate 83%,25/30 runs failed in last 24h (1 done). Consider switching model or reducing max_turns.,1,0
968,1786732209.2358942,WARN,crash_rate,worker-merchant-qa crash rate 77%,10/13 runs failed in last 24h (2 done). Consider switching model or reducing max_turns.,1,0
969,1786732209.2359025,CRITICAL,api_low_balance,ppq balance low: $0.03,"ppq balance at $0.03, below $5 threshold. Top up to avoid service interruption. (data 5 min old)",1,0
970,1786732209.2359104,WARN,cost_inefficiency,"Using telnyx for glm-5.2 ($2.15/M), routstrd cheaper ($0.53/M)","2490 calls / 156,617,443 tokens on telnyx at $2.15/M. routstrd available at $0.53/M — potential savings $253.72/24h. Top up routstrd if depleted.",1,0
971,1786732209.2359195,WARN,cost_inefficiency,"Using ppq for glm-5.2 ($2.27/M), routstrd cheaper ($0.53/M)","167 calls / 10,289,832 tokens on ppq at $2.27/M. routstrd available at $0.53/M — potential savings $17.90/24h. Top up routstrd if depleted.",1,0
972,1786732209.235927,WARN,cost_inefficiency,"Using openrouter for glm-5.2 ($0.97/M), routstrd cheaper ($0.53/M)","64 calls / 1,762,940 tokens on openrouter at $0.97/M. routstrd available at $0.53/M — potential savings $0.78/24h. Top up routstrd if depleted.",1,0
973,1786733101.617853,critical,api_low_balance,ppq balance low: $0.03,"ppq balance at $0.03, below $5.00 threshold. Top up to avoid service interruption.",1,0
974,1786734001.345521,critical,api_low_balance,ppq balance low: $0.03,"ppq balance at $0.03, below $5.00 threshold. Top up to avoid service interruption.",1,0
975,1786734008.1412158,WARN,crash_rate,kimi-consultant crash rate 100%,4/4 runs failed in last 24h (0 done). Consider switching model or reducing max_turns.,1,0
976,1786734008.1422715,WARN,crash_rate,worker-base crash rate 100%,20/20 runs failed in last 24h (0 done). Consider switching model or reducing max_turns.,1,0
977,1786734008.1423013,WARN,crash_rate,worker-merchant-deploy crash rate 83%,25/30 runs failed in last 24h (1 done). Consider switching model or reducing max_turns.,1,0
978,1786734008.1423175,WARN,crash_rate,worker-merchant-qa crash rate 77%,10/13 runs failed in last 24h (2 done). Consider switching model or reducing max_turns.,1,0
979,1786734008.142362,CRITICAL,api_low_balance,ppq balance low: $0.03,"ppq balance at $0.03, below $5 threshold. Top up to avoid service interruption. (data 5 min old)",1,0
980,1786734008.1423786,WARN,cost_inefficiency,"Using telnyx for glm-5.2 ($2.15/M), routstrd cheaper ($0.53/M)","2490 calls / 156,617,443 tokens on telnyx at $2.15/M. routstrd available at $0.53/M — potential savings $253.72/24h. Top up routstrd if depleted.",1,0
981,1786734008.1423945,WARN,cost_inefficiency,"Using ppq for glm-5.2 ($2.27/M), routstrd cheaper ($0.53/M)","158 calls / 10,069,953 tokens on ppq at $2.27/M. routstrd available at $0.53/M — potential savings $17.52/24h. Top up routstrd if depleted.",1,0
982,1786734008.1424077,WARN,cost_inefficiency,"Using openrouter for glm-5.2 ($0.97/M), routstrd cheaper ($0.53/M)","64 calls / 1,762,940 tokens on openrouter at $0.97/M. routstrd available at $0.53/M — potential savings $0.78/24h. Top up routstrd if depleted.",1,0
983,1786734901.6338062,critical,api_low_balance,ppq balance low: $0.03,"ppq balance at $0.03, below $5.00 threshold. Top up to avoid service interruption.",1,0
984,1786735802.2849145,critical,api_low_balance,ppq balance low: $0.03,"ppq balance at $0.03, below $5.00 threshold. Top up to avoid service interruption.",1,0
985,1786735809.212167,WARN,crash_rate,kimi-consultant crash rate 100%,4/4 runs failed in last 24h (0 done). Consider switching model or reducing max_turns.,1,0
986,1786735809.2131915,WARN,crash_rate,worker-base crash rate 100%,20/20 runs failed in last 24h (0 done). Consider switching model or reducing max_turns.,1,0
987,1786735809.2132225,WARN,crash_rate,worker-merchant-deploy crash rate 83%,25/30 runs failed in last 24h (1 done). Consider switching model or reducing max_turns.,1,0
988,1786735809.2132387,WARN,crash_rate,worker-merchant-qa crash rate 77%,10/13 runs failed in last 24h (2 done). Consider switching model or reducing max_turns.,1,0
989,1786735809.213252,CRITICAL,api_low_balance,ppq balance low: $0.03,"ppq balance at $0.03, below $5 threshold. Top up to avoid service interruption. (data 5 min old)",1,0
990,1786735809.2132657,WARN,cost_inefficiency,"Using telnyx for glm-5.2 ($2.15/M), routstrd cheaper ($0.53/M)","2490 calls / 156,617,443 tokens on telnyx at $2.15/M. routstrd available at $0.53/M — potential savings $253.72/24h. Top up routstrd if depleted.",1,0
991,1786735809.2133112,WARN,cost_inefficiency,"Using ppq for glm-5.2 ($2.27/M), routstrd cheaper ($0.53/M)","158 calls / 10,069,953 tokens on ppq at $2.27/M. routstrd available at $0.53/M — potential savings $17.52/24h. Top up routstrd if depleted.",1,0
992,1786735809.2133274,WARN,cost_inefficiency,"Using openrouter for glm-5.2 ($0.97/M), routstrd cheaper ($0.53/M)","64 calls / 1,762,940 tokens on openrouter at $0.97/M. routstrd available at $0.53/M — potential savings $0.78/24h. Top up routstrd if depleted.",1,0
993,1786736701.8656025,critical,api_low_balance,ppq balance low: $0.03,"ppq balance at $0.03, below $5.00 threshold. Top up to avoid service interruption.",1,0
994,1786737601.6852872,critical,api_low_balance,ppq balance low: $0.03,"ppq balance at $0.03, below $5.00 threshold. Top up to avoid service interruption.",1,0
995,1786737608.7980227,WARN,crash_rate,kimi-consultant crash rate 100%,4/4 runs failed in last 24h (0 done). Consider switching model or reducing max_turns.,1,0
996,1786737608.7984488,WARN,crash_rate,worker-base crash rate 100%,20/20 runs failed in last 24h (0 done). Consider switching model or reducing max_turns.,1,0
997,1786737608.798473,WARN,crash_rate,worker-merchant-deploy crash rate 83%,25/30 runs failed in last 24h (1 done). Consider switching model or reducing max_turns.,1,0
998,1786737608.7984803,WARN,crash_rate,worker-merchant-qa crash rate 77%,10/13 runs failed in last 24h (2 done). Consider switching model or reducing max_turns.,1,0
999,1786737608.798486,CRITICAL,api_low_balance,ppq balance low: $0.03,"ppq balance at $0.03, below $5 threshold. Top up to avoid service interruption. (data 5 min old)",1,0
1000,1786737608.798496,WARN,cost_inefficiency,"Using telnyx for glm-5.2 ($2.15/M), routstrd cheaper ($0.53/M)","2490 calls / 156,617,443 tokens on telnyx at $2.15/M. routstrd available at $0.53/M — potential savings $253.72/24h. Top up routstrd if depleted.",1,0
1001,1786737608.7985032,WARN,cost_inefficiency,"Using ppq for glm-5.2 ($2.27/M), routstrd cheaper ($0.53/M)","145 calls / 9,791,754 tokens on ppq at $2.27/M. routstrd available at $0.53/M — potential savings $17.04/24h. Top up routstrd if depleted.",1,0
1002,1786737608.7985203,WARN,cost_inefficiency,"Using openrouter for glm-5.2 ($0.97/M), routstrd cheaper ($0.53/M)","64 calls / 1,762,940 tokens on openrouter at $0.97/M. routstrd available at $0.53/M — potential savings $0.78/24h. Top up routstrd if depleted.",1,0
1003,1786738502.2225282,critical,api_low_balance,ppq balance low: $0.03,"ppq balance at $0.03, below $5.00 threshold. Top up to avoid service interruption.",1,0
1004,1786739402.1025512,critical,api_low_balance,ppq balance low: $0.03,"ppq balance at $0.03, below $5.00 threshold. Top up to avoid service interruption.",1,0
1005,1786739408.8326051,WARN,crash_rate,kimi-consultant crash rate 100%,4/4 runs failed in last 24h (0 done). Consider switching model or reducing max_turns.,1,0
1006,1786739408.8336709,WARN,crash_rate,worker-base crash rate 100%,20/20 runs failed in last 24h (0 done). Consider switching model or reducing max_turns.,1,0
1007,1786739408.8337016,WARN,crash_rate,worker-merchant-deploy crash rate 88%,23/26 runs failed in last 24h (0 done). Consider switching model or reducing max_turns.,1,0
1008,1786739408.8337245,WARN,crash_rate,worker-merchant-qa crash rate 77%,10/13 runs failed in last 24h (2 done). Consider switching model or reducing max_turns.,1,0
1009,1786739408.8337388,CRITICAL,api_low_balance,ppq balance low: $0.03,"ppq balance at $0.03, below $5 threshold. Top up to avoid service interruption. (data 5 min old)",1,0
1010,1786739408.8337529,WARN,cost_inefficiency,"Using telnyx for glm-5.2 ($2.15/M), routstrd cheaper ($0.53/M)","2198 calls / 134,911,918 tokens on telnyx at $2.15/M. routstrd available at $0.53/M — potential savings $218.56/24h. Top up routstrd if depleted.",1,0
1011,1786739408.8337693,WARN,cost_inefficiency,"Using ppq for glm-5.2 ($2.27/M), routstrd cheaper ($0.53/M)","83 calls / 7,144,567 tokens on ppq at $2.27/M. routstrd available at $0.53/M — potential savings $12.43/24h. Top up routstrd if depleted.",1,0
1012,1786739408.8337827,WARN,cost_inefficiency,"Using openrouter for glm-5.2 ($0.97/M), routstrd cheaper ($0.53/M)","64 calls / 1,762,940 tokens on openrouter at $0.97/M. routstrd available at $0.53/M — potential savings $0.78/24h. Top up routstrd if depleted.",1,0
1013,1786740302.1481533,critical,api_low_balance,ppq balance low: $0.03,"ppq balance at $0.03, below $5.00 threshold. Top up to avoid service interruption.",1,0
1014,1786741202.5297415,critical,api_low_balance,ppq balance low: $0.03,"ppq balance at $0.03, below $5.00 threshold. Top up to avoid service interruption.",1,0
1015,1786741210.0681355,WARN,crash_rate,kimi-consultant crash rate 100%,4/4 runs failed in last 24h (0 done). Consider switching model or reducing max_turns.,1,0
1016,1786741210.0685844,WARN,crash_rate,worker-base crash rate 100%,20/20 runs failed in last 24h (0 done). Consider switching model or reducing max_turns.,1,0
1017,1786741210.0685956,WARN,crash_rate,worker-merchant-deploy crash rate 87%,20/23 runs failed in last 24h (0 done). Consider switching model or reducing max_turns.,1,0
1018,1786741210.0686038,WARN,crash_rate,worker-merchant-qa crash rate 77%,10/13 runs failed in last 24h (2 done). Consider switching model or reducing max_turns.,1,0
1019,1786741210.0686114,CRITICAL,api_low_balance,ppq balance low: $0.03,"ppq balance at $0.03, below $5 threshold. Top up to avoid service interruption. (data 5 min old)",1,0
1020,1786741210.068619,WARN,cost_inefficiency,"Using telnyx for glm-5.2 ($2.15/M), routstrd cheaper ($0.53/M)","1992 calls / 120,914,581 tokens on telnyx at $2.15/M. routstrd available at $0.53/M — potential savings $195.88/24h. Top up routstrd if depleted.",1,0
1021,1786741210.0686283,WARN,cost_inefficiency,"Using ppq for glm-5.2 ($2.27/M), routstrd cheaper ($0.53/M)","83 calls / 7,144,567 tokens on ppq at $2.27/M. routstrd available at $0.53/M — potential savings $12.43/24h. Top up routstrd if depleted.",1,0
1022,1786741210.0686362,WARN,cost_inefficiency,"Using openrouter for glm-5.2 ($0.97/M), routstrd cheaper ($0.53/M)","64 calls / 1,762,940 tokens on openrouter at $0.97/M. routstrd available at $0.53/M — potential savings $0.78/24h. Top up routstrd if depleted.",1,0
1023,1786742101.9397876,critical,api_low_balance,ppq balance low: $0.03,"ppq balance at $0.03, below $5.00 threshold. Top up to avoid service interruption.",1,0
1024,1786743001.9473372,critical,api_low_balance,ppq balance low: $0.03,"ppq balance at $0.03, below $5.00 threshold. Top up to avoid service interruption.",1,0
1025,1786743008.8825483,WARN,crash_rate,kimi-consultant crash rate 100%,4/4 runs failed in last 24h (0 done). Consider switching model or reducing max_turns.,1,0
1026,1786743008.883063,WARN,crash_rate,worker-base crash rate 100%,14/14 runs failed in last 24h (0 done). Consider switching model or reducing max_turns.,1,0
1027,1786743008.8830752,WARN,crash_rate,worker-merchant-deploy crash rate 86%,18/21 runs failed in last 24h (0 done). Consider switching model or reducing max_turns.,1,0
1028,1786743008.883082,WARN,crash_rate,worker-merchant-qa crash rate 77%,10/13 runs failed in last 24h (2 done). Consider switching model or reducing max_turns.,1,0
1029,1786743008.8830879,CRITICAL,api_low_balance,ppq balance low: $0.03,"ppq balance at $0.03, below $5 threshold. Top up to avoid service interruption. (data 5 min old)",1,0
1030,1786743008.883096,WARN,cost_inefficiency,"Using telnyx for glm-5.2 ($2.15/M), routstrd cheaper ($0.53/M)","1776 calls / 105,722,286 tokens on telnyx at $2.15/M. routstrd available at $0.53/M — potential savings $171.27/24h. Top up routstrd if depleted.",1,0
1031,1786743008.8831038,WARN,cost_inefficiency,"Using ppq for glm-5.2 ($2.27/M), routstrd cheaper ($0.53/M)","79 calls / 7,096,970 tokens on ppq at $2.27/M. routstrd available at $0.53/M — potential savings $12.35/24h. Top up routstrd if depleted.",1,0
1032,1786743008.8831098,WARN,cost_inefficiency,"Using openrouter for glm-5.2 ($0.97/M), routstrd cheaper ($0.53/M)","64 calls / 1,762,940 tokens on openrouter at $0.97/M. routstrd available at $0.53/M — potential savings $0.78/24h. Top up routstrd if depleted.",1,0
1033,1786743902.0231192,critical,api_low_balance,ppq balance low: $0.03,"ppq balance at $0.03, below $5.00 threshold. Top up to avoid service interruption.",1,0
1034,1786744801.5645714,critical,api_low_balance,ppq balance low: $0.03,"ppq balance at $0.03, below $5.00 threshold. Top up to avoid service interruption.",1,0
1035,1786744808.331572,WARN,crash_rate,kimi-consultant crash rate 100%,4/4 runs failed in last 24h (0 done). Consider switching model or reducing max_turns.,1,0
1036,1786744808.3320634,WARN,crash_rate,worker-base crash rate 100%,14/14 runs failed in last 24h (0 done). Consider switching model or reducing max_turns.,1,0
1037,1786744808.332077,WARN,crash_rate,worker-merchant-deploy crash rate 83%,15/18 runs failed in last 24h (0 done). Consider switching model or reducing max_turns.,1,0
1038,1786744808.3320851,WARN,crash_rate,worker-merchant-qa crash rate 77%,10/13 runs failed in last 24h (2 done). Consider switching model or reducing max_turns.,1,0
1039,1786744808.3320925,CRITICAL,api_low_balance,ppq balance low: $0.03,"ppq balance at $0.03, below $5 threshold. Top up to avoid service interruption. (data 5 min old)",1,0
1040,1786744808.3321,WARN,cost_inefficiency,"Using telnyx for glm-5.2 ($2.15/M), routstrd cheaper ($0.53/M)","1735 calls / 102,111,828 tokens on telnyx at $2.15/M. routstrd available at $0.53/M — potential savings $165.42/24h. Top up routstrd if depleted.",1,0
1041,1786744808.3321083,WARN,cost_inefficiency,"Using ppq for glm-5.2 ($2.27/M), routstrd cheaper ($0.53/M)","79 calls / 7,096,970 tokens on ppq at $2.27/M. routstrd available at $0.53/M — potential savings $12.35/24h. Top up routstrd if depleted.",1,0
1042,1786744808.3321157,WARN,cost_inefficiency,"Using openrouter for glm-5.2 ($0.97/M), routstrd cheaper ($0.53/M)","64 calls / 1,762,940 tokens on openrouter at $0.97/M. routstrd available at $0.53/M — potential savings $0.78/24h. Top up routstrd if depleted.",1,0
1043,1786745702.3008451,critical,api_low_balance,ppq balance low: $0.03,"ppq balance at $0.03, below $5.00 threshold. Top up to avoid service interruption.",1,0
1044,1786746602.3087273,critical,api_low_balance,ppq balance low: $0.03,"ppq balance at $0.03, below $5.00 threshold. Top up to avoid service interruption.",1,0
1045,1786746608.9238005,WARN,crash_rate,kimi-consultant crash rate 100%,4/4 runs failed in last 24h (0 done). Consider switching model or reducing max_turns.,1,0
1046,1786746608.924295,WARN,crash_rate,worker-base crash rate 100%,12/12 runs failed in last 24h (0 done). Consider switching model or reducing max_turns.,1,0
1047,1786746608.924308,WARN,crash_rate,worker-merchant-deploy crash rate 81%,13/16 runs failed in last 24h (0 done). Consider switching model or reducing max_turns.,1,0
1048,1786746608.9243174,WARN,crash_rate,worker-merchant-qa crash rate 77%,10/13 runs failed in last 24h (2 done). Consider switching model or reducing max_turns.,1,0
1049,1786746608.9243248,CRITICAL,api_low_balance,ppq balance low: $0.03,"ppq balance at $0.03, below $5 threshold. Top up to avoid service interruption. (data 5 min old)",1,0
1050,1786746608.9243324,WARN,cost_inefficiency,"Using telnyx for glm-5.2 ($2.15/M), routstrd cheaper ($0.53/M)","1699 calls / 100,709,032 tokens on telnyx at $2.15/M. routstrd available at $0.53/M — potential savings $163.15/24h. Top up routstrd if depleted.",1,0
1051,1786746608.9243436,WARN,cost_inefficiency,"Using ppq for glm-5.2 ($2.27/M), routstrd cheaper ($0.53/M)","79 calls / 7,096,970 tokens on ppq at $2.27/M. routstrd available at $0.53/M — potential savings $12.35/24h. Top up routstrd if depleted.",1,0
1052,1786746608.9243512,WARN,cost_inefficiency,"Using openrouter for glm-5.2 ($0.97/M), routstrd cheaper ($0.53/M)","64 calls / 1,762,940 tokens on openrouter at $0.97/M. routstrd available at $0.53/M — potential savings $0.78/24h. Top up routstrd if depleted.",1,0
1053,1786747501.8148744,critical,api_low_balance,ppq balance low: $0.03,"ppq balance at $0.03, below $5.00 threshold. Top up to avoid service interruption.",1,0
1054,1786748402.2615001,critical,api_low_balance,ppq balance low: $0.03,"ppq balance at $0.03, below $5.00 threshold. Top up to avoid service interruption.",1,0
1055,1786748409.142609,WARN,crash_rate,kimi-consultant crash rate 100%,4/4 runs failed in last 24h (0 done). Consider switching model or reducing max_turns.,1,0
1056,1786748409.143583,WARN,crash_rate,worker-base crash rate 100%,12/12 runs failed in last 24h (0 done). Consider switching model or reducing max_turns.,1,0
1057,1786748409.1436093,WARN,crash_rate,worker-merchant-deploy crash rate 79%,11/14 runs failed in last 24h (0 done). Consider switching model or reducing max_turns.,1,0
1058,1786748409.1436226,WARN,crash_rate,worker-merchant-qa crash rate 77%,10/13 runs failed in last 24h (2 done). Consider switching model or reducing max_turns.,1,0
1059,1786748409.1436327,CRITICAL,api_low_balance,ppq balance low: $0.03,"ppq balance at $0.03, below $5 threshold. Top up to avoid service interruption. (data 5 min old)",1,0
1060,1786748409.1436436,WARN,cost_inefficiency,"Using telnyx for glm-5.2 ($2.15/M), routstrd cheaper ($0.53/M)","1683 calls / 100,420,619 tokens on telnyx at $2.15/M. routstrd available at $0.53/M — potential savings $162.68/24h. Top up routstrd if depleted.",1,0
1061,1786748409.1436563,WARN,cost_inefficiency,"Using ppq for glm-5.2 ($2.27/M), routstrd cheaper ($0.53/M)","79 calls / 7,096,970 tokens on ppq at $2.27/M. routstrd available at $0.53/M — potential savings $12.35/24h. Top up routstrd if depleted.",1,0
1062,1786748409.1436665,WARN,cost_inefficiency,"Using openrouter for glm-5.2 ($0.97/M), routstrd cheaper ($0.53/M)","64 calls / 1,762,940 tokens on openrouter at $0.97/M. routstrd available at $0.53/M — potential savings $0.78/24h. Top up routstrd if depleted.",1,0
1063,1786749301.8703547,critical,api_low_balance,ppq balance low: $0.03,"ppq balance at $0.03, below $5.00 threshold. Top up to avoid service interruption.",1,0
1064,1786750202.6493921,critical,api_low_balance,ppq balance low: $0.03,"ppq balance at $0.03, below $5.00 threshold. Top up to avoid service interruption.",1,0
1065,1786750209.31374,WARN,crash_rate,kimi-consultant crash rate 100%,4/4 runs failed in last 24h (0 done). Consider switching model or reducing max_turns.,1,0
1066,1786750209.3142135,WARN,crash_rate,worker-base crash rate 100%,9/9 runs failed in last 24h (0 done). Consider switching model or reducing max_turns.,1,0
1067,1786750209.314228,WARN,crash_rate,worker-merchant-deploy crash rate 73%,8/11 runs failed in last 24h (0 done). Consider switching model or reducing max_turns.,1,0
1068,1786750209.314236,WARN,crash_rate,worker-merchant-qa crash rate 77%,10/13 runs failed in last 24h (2 done). Consider switching model or reducing max_turns.,1,0
1069,1786750209.3142436,CRITICAL,api_low_balance,ppq balance low: $0.03,"ppq balance at $0.03, below $5 threshold. Top up to avoid service interruption. (data 5 min old)",1,0
1070,1786750209.3142512,WARN,cost_inefficiency,"Using telnyx for glm-5.2 ($2.15/M), routstrd cheaper ($0.53/M)","1683 calls / 100,420,619 tokens on telnyx at $2.15/M. routstrd available at $0.53/M — potential savings $162.68/24h. Top up routstrd if depleted.",1,0
1071,1786750209.3142602,WARN,cost_inefficiency,"Using ppq for glm-5.2 ($2.27/M), routstrd cheaper ($0.53/M)","79 calls / 7,096,970 tokens on ppq at $2.27/M. routstrd available at $0.53/M — potential savings $12.35/24h. Top up routstrd if depleted.",1,0
1072,1786750209.3142705,WARN,cost_inefficiency,"Using openrouter for glm-5.2 ($0.97/M), routstrd cheaper ($0.53/M)","64 calls / 1,762,940 tokens on openrouter at $0.97/M. routstrd available at $0.53/M — potential savings $0.78/24h. Top up routstrd if depleted.",1,0
1073,1786751102.1689625,critical,api_low_balance,ppq balance low: $0.03,"ppq balance at $0.03, below $5.00 threshold. Top up to avoid service interruption.",1,0
1074,1786752002.1410139,critical,api_low_balance,ppq balance low: $0.03,"ppq balance at $0.03, below $5.00 threshold. Top up to avoid service interruption.",1,0
1075,1786752009.1354506,WARN,crash_rate,kimi-consultant crash rate 100%,4/4 runs failed in last 24h (0 done). Consider switching model or reducing max_turns.,1,0
1076,1786752009.1361074,WARN,crash_rate,worker-base crash rate 100%,5/5 runs failed in last 24h (0 done). Consider switching model or reducing max_turns.,1,0
1077,1786752009.1361225,WARN,crash_rate,worker-merchant-deploy crash rate 67%,4/6 runs failed in last 24h (0 done). Consider switching model or reducing max_turns.,1,0
1078,1786752009.1361313,WARN,crash_rate,worker-merchant-qa crash rate 83%,10/12 runs failed in last 24h (2 done). Consider switching model or reducing max_turns.,1,0
1079,1786752009.1361387,CRITICAL,api_low_balance,ppq balance low: $0.03,"ppq balance at $0.03, below $5 threshold. Top up to avoid service interruption. (data 5 min old)",1,0
1080,1786752009.1361496,WARN,cost_inefficiency,"Using telnyx for glm-5.2 ($2.15/M), routstrd cheaper ($0.53/M)","1672 calls / 100,164,784 tokens on telnyx at $2.15/M. routstrd available at $0.53/M — potential savings $162.27/24h. Top up routstrd if depleted.",1,0
1081,1786752009.1361616,WARN,cost_inefficiency,"Using ppq for glm-5.2 ($2.27/M), routstrd cheaper ($0.53/M)","79 calls / 7,096,970 tokens on ppq at $2.27/M. routstrd available at $0.53/M — potential savings $12.35/24h. Top up routstrd if depleted.",1,0
1082,1786752009.136167,WARN,cost_inefficiency,"Using openrouter for glm-5.2 ($0.97/M), routstrd cheaper ($0.53/M)","64 calls / 1,762,940 tokens on openrouter at $0.97/M. routstrd available at $0.53/M — potential savings $0.78/24h. Top up routstrd if depleted.",1,0
1083,1786752902.0114949,critical,api_low_balance,ppq balance low: $0.03,"ppq balance at $0.03, below $5.00 threshold. Top up to avoid service interruption.",1,0
1084,1786753802.2027054,critical,api_low_balance,ppq balance low: $0.03,"ppq balance at $0.03, below $5.00 threshold. Top up to avoid service interruption.",1,0
1085,1786753809.0225708,WARN,crash_rate,kimi-consultant crash rate 100%,4/4 runs failed in last 24h (0 done). Consider switching model or reducing max_turns.,1,0
1086,1786753809.0230558,WARN,crash_rate,worker-merchant-qa crash rate 83%,10/12 runs failed in last 24h (2 done). Consider switching model or reducing max_turns.,1,0
1087,1786753809.0230696,CRITICAL,api_low_balance,ppq balance low: $0.03,"ppq balance at $0.03, below $5 threshold. Top up to avoid service interruption. (data 5 min old)",1,0
1088,1786753809.0230799,WARN,cost_inefficiency,"Using telnyx for glm-5.2 ($2.15/M), routstrd cheaper ($0.53/M)","1672 calls / 100,164,784 tokens on telnyx at $2.15/M. routstrd available at $0.53/M — potential savings $162.27/24h. Top up routstrd if depleted.",1,0
1089,1786753809.023088,WARN,cost_inefficiency,"Using ppq for glm-5.2 ($2.27/M), routstrd cheaper ($0.53/M)","79 calls / 7,096,970 tokens on ppq at $2.27/M. routstrd available at $0.53/M — potential savings $12.35/24h. Top up routstrd if depleted.",1,0
1090,1786753809.023095,WARN,cost_inefficiency,"Using openrouter for glm-5.2 ($0.97/M), routstrd cheaper ($0.53/M)","64 calls / 1,762,940 tokens on openrouter at $0.97/M. routstrd available at $0.53/M — potential savings $0.78/24h. Top up routstrd if depleted.",1,0
1091,1786754701.7953134,critical,api_low_balance,ppq balance low: $0.03,"ppq balance at $0.03, below $5.00 threshold. Top up to avoid service interruption.",1,0
1092,1786755601.5916011,critical,api_low_balance,ppq balance low: $0.03,"ppq balance at $0.03, below $5.00 threshold. Top up to avoid service interruption.",1,0
1093,1786755609.2606454,WARN,crash_rate,kimi-consultant crash rate 100%,4/4 runs failed in last 24h (0 done). Consider switching model or reducing max_turns.,1,0
1094,1786755609.261114,WARN,crash_rate,worker-merchant-qa crash rate 75%,6/8 runs failed in last 24h (2 done). Consider switching model or reducing max_turns.,1,0
1095,1786755609.2611268,CRITICAL,api_low_balance,ppq balance low: $0.03,"ppq balance at $0.03, below $5 threshold. Top up to avoid service interruption. (data 5 min old)",1,0
1096,1786755609.2611344,WARN,cost_inefficiency,"Using telnyx for glm-5.2 ($2.15/M), routstrd cheaper ($0.53/M)","1631 calls / 99,070,245 tokens on telnyx at $2.15/M. routstrd available at $0.53/M — potential savings $160.49/24h. Top up routstrd if depleted.",1,0
1097,1786755609.2611427,WARN,cost_inefficiency,"Using ppq for glm-5.2 ($2.27/M), routstrd cheaper ($0.53/M)","79 calls / 7,096,970 tokens on ppq at $2.27/M. routstrd available at $0.53/M — potential savings $12.35/24h. Top up routstrd if depleted.",1,0
1098,1786755609.26115,WARN,cost_inefficiency,"Using openrouter for glm-5.2 ($0.97/M), routstrd cheaper ($0.53/M)","64 calls / 1,762,940 tokens on openrouter at $0.97/M. routstrd available at $0.53/M — potential savings $0.78/24h. Top up routstrd if depleted.",1,0
1099,1786756501.5639026,critical,api_low_balance,ppq balance low: $0.03,"ppq balance at $0.03, below $5.00 threshold. Top up to avoid service interruption.",1,0
1100,1786757401.8671405,critical,api_low_balance,ppq balance low: $0.03,"ppq balance at $0.03, below $5.00 threshold. Top up to avoid service interruption.",1,0
1101,1786757408.6073909,WARN,crash_rate,kimi-consultant crash rate 100%,4/4 runs failed in last 24h (0 done). Consider switching model or reducing max_turns.,1,0
1102,1786757408.607791,WARN,crash_rate,worker-merchant-qa crash rate 60%,3/5 runs failed in last 24h (2 done). Consider switching model or reducing max_turns.,1,0
1103,1786757408.607803,CRITICAL,api_low_balance,ppq balance low: $0.03,"ppq balance at $0.03, below $5 threshold. Top up to avoid service interruption. (data 5 min old)",1,0
1104,1786757408.6078107,WARN,cost_inefficiency,"Using telnyx for glm-5.2 ($2.15/M), routstrd cheaper ($0.53/M)","1592 calls / 96,795,418 tokens on telnyx at $2.15/M. routstrd available at $0.53/M — potential savings $156.81/24h. Top up routstrd if depleted.",1,0
1105,1786757408.607821,WARN,cost_inefficiency,"Using ppq for glm-5.2 ($2.27/M), routstrd cheaper ($0.53/M)","79 calls / 7,096,970 tokens on ppq at $2.27/M. routstrd available at $0.53/M — potential savings $12.35/24h. Top up routstrd if depleted.",1,0
1106,1786757408.6078308,WARN,cost_inefficiency,"Using openrouter for glm-5.2 ($0.97/M), routstrd cheaper ($0.53/M)","64 calls / 1,762,940 tokens on openrouter at $0.97/M. routstrd available at $0.53/M — potential savings $0.78/24h. Top up routstrd if depleted.",1,0
1107,1786758301.9408524,critical,api_low_balance,ppq balance low: $0.03,"ppq balance at $0.03, below $5.00 threshold. Top up to avoid service interruption.",1,0
1108,1786759202.0447483,critical,api_low_balance,ppq balance low: $0.03,"ppq balance at $0.03, below $5.00 threshold. Top up to avoid service interruption.",1,0
1109,1786759208.851454,WARN,crash_rate,kimi-consultant crash rate 100%,4/4 runs failed in last 24h (0 done). Consider switching model or reducing max_turns.,1,0
1110,1786759208.8528562,WARN,crash_rate,worker-merchant-qa crash rate 75%,3/4 runs failed in last 24h (1 done). Consider switching model or reducing max_turns.,1,0
1111,1786759208.852918,CRITICAL,api_low_balance,ppq balance low: $0.03,"ppq balance at $0.03, below $5 threshold. Top up to avoid service interruption. (data 5 min old)",1,0
1112,1786759208.8529677,WARN,cost_inefficiency,"Using telnyx for glm-5.2 ($2.15/M), routstrd cheaper ($0.53/M)","1565 calls / 96,270,384 tokens on telnyx at $2.15/M. routstrd available at $0.53/M — potential savings $155.96/24h. Top up routstrd if depleted.",1,0
1113,1786759208.853042,WARN,cost_inefficiency,"Using ppq for glm-5.2 ($2.27/M), routstrd cheaper ($0.53/M)","79 calls / 7,096,970 tokens on ppq at $2.27/M. routstrd available at $0.53/M — potential savings $12.35/24h. Top up routstrd if depleted.",1,0
1114,1786759208.8531055,WARN,cost_inefficiency,"Using openrouter for glm-5.2 ($0.97/M), routstrd cheaper ($0.53/M)","64 calls / 1,762,940 tokens on openrouter at $0.97/M. routstrd available at $0.53/M — potential savings $0.78/24h. Top up routstrd if depleted.",1,0
1115,1786760101.9832232,critical,api_low_balance,ppq balance low: $0.03,"ppq balance at $0.03, below $5.00 threshold. Top up to avoid service interruption.",1,0
1116,1786761002.3933015,critical,api_low_balance,ppq balance low: $0.03,"ppq balance at $0.03, below $5.00 threshold. Top up to avoid service interruption.",1,0
1117,1786761008.8492663,WARN,crash_rate,kimi-consultant crash rate 100%,4/4 runs failed in last 24h (0 done). Consider switching model or reducing max_turns.,1,0
1118,1786761008.850448,CRITICAL,api_low_balance,ppq balance low: $0.03,"ppq balance at $0.03, below $5 threshold. Top up to avoid service interruption. (data 5 min old)",1,0
1119,1786761008.850481,WARN,cost_inefficiency,"Using telnyx for glm-5.2 ($2.15/M), routstrd cheaper ($0.53/M)","1539 calls / 95,849,481 tokens on telnyx at $2.15/M. routstrd available at $0.53/M — potential savings $155.28/24h. Top up routstrd if depleted.",1,0
1120,1786761008.8505025,WARN,cost_inefficiency,"Using ppq for glm-5.2 ($2.27/M), routstrd cheaper ($0.53/M)","79 calls / 7,096,970 tokens on ppq at $2.27/M. routstrd available at $0.53/M — potential savings $12.35/24h. Top up routstrd if depleted.",1,0
1121,1786761008.8505185,WARN,cost_inefficiency,"Using openrouter for glm-5.2 ($0.97/M), routstrd cheaper ($0.53/M)","64 calls / 1,762,940 tokens on openrouter at $0.97/M. routstrd available at $0.53/M — potential savings $0.78/24h. Top up routstrd if depleted.",1,0
1122,1786761901.7948961,critical,api_low_balance,ppq balance low: $0.03,"ppq balance at $0.03, below $5.00 threshold. Top up to avoid service interruption.",1,0
1123,1786762802.0890374,critical,api_low_balance,ppq balance low: $0.03,"ppq balance at $0.03, below $5.00 threshold. Top up to avoid service interruption.",1,0
1124,1786762808.6803927,WARN,crash_rate,kimi-consultant crash rate 100%,4/4 runs failed in last 24h (0 done). Consider switching model or reducing max_turns.,1,0
1125,1786762808.6807501,CRITICAL,api_low_balance,ppq balance low: $0.03,"ppq balance at $0.03, below $5 threshold. Top up to avoid service interruption. (data 5 min old)",1,0
1126,1786762808.6807582,WARN,cost_inefficiency,"Using telnyx for glm-5.2 ($2.15/M), routstrd cheaper ($0.53/M)","1519 calls / 95,580,632 tokens on telnyx at $2.15/M. routstrd available at $0.53/M — potential savings $154.84/24h. Top up routstrd if depleted.",1,0
1127,1786762808.6807637,WARN,cost_inefficiency,"Using ppq for glm-5.2 ($2.27/M), routstrd cheaper ($0.53/M)","79 calls / 7,096,970 tokens on ppq at $2.27/M. routstrd available at $0.53/M — potential savings $12.35/24h. Top up routstrd if depleted.",1,0
1128,1786762808.6807675,WARN,cost_inefficiency,"Using openrouter for glm-5.2 ($0.97/M), routstrd cheaper ($0.53/M)","64 calls / 1,762,940 tokens on openrouter at $0.97/M. routstrd available at $0.53/M — potential savings $0.78/24h. Top up routstrd if depleted.",1,0
1129,1786763702.0478647,critical,api_low_balance,ppq balance low: $0.03,"ppq balance at $0.03, below $5.00 threshold. Top up to avoid service interruption.",1,0
1130,1786764601.836481,critical,api_low_balance,ppq balance low: $0.03,"ppq balance at $0.03, below $5.00 threshold. Top up to avoid service interruption.",1,0
1131,1786764608.4883134,WARN,crash_rate,kimi-consultant crash rate 100%,4/4 runs failed in last 24h (0 done). Consider switching model or reducing max_turns.,1,0
1132,1786764608.4887376,CRITICAL,api_low_balance,ppq balance low: $0.03,"ppq balance at $0.03, below $5 threshold. Top up to avoid service interruption. (data 5 min old)",1,0
1133,1786764608.4887493,WARN,cost_inefficiency,"Using telnyx for glm-5.2 ($2.15/M), routstrd cheaper ($0.53/M)","1514 calls / 95,522,679 tokens on telnyx at $2.15/M. routstrd available at $0.53/M — potential savings $154.75/24h. Top up routstrd if depleted.",1,0
1134,1786764608.4887602,WARN,cost_inefficiency,"Using ppq for glm-5.2 ($2.27/M), routstrd cheaper ($0.53/M)","79 calls / 7,096,970 tokens on ppq at $2.27/M. routstrd available at $0.53/M — potential savings $12.35/24h. Top up routstrd if depleted.",1,0
1135,1786764608.4887679,WARN,cost_inefficiency,"Using openrouter for glm-5.2 ($0.97/M), routstrd cheaper ($0.53/M)","64 calls / 1,762,940 tokens on openrouter at $0.97/M. routstrd available at $0.53/M — potential savings $0.78/24h. Top up routstrd if depleted.",1,0
1136,1786765502.1721804,critical,api_low_balance,ppq balance low: $0.03,"ppq balance at $0.03, below $5.00 threshold. Top up to avoid service interruption.",1,0
1137,1786766402.0898724,critical,api_low_balance,ppq balance low: $0.03,"ppq balance at $0.03, below $5.00 threshold. Top up to avoid service interruption.",1,0
1138,1786766408.8363216,WARN,crash_rate,kimi-consultant crash rate 100%,4/4 runs failed in last 24h (0 done). Consider switching model or reducing max_turns.,1,0
1139,1786766408.837822,CRITICAL,api_low_balance,ppq balance low: $0.03,"ppq balance at $0.03, below $5 threshold. Top up to avoid service interruption. (data 5 min old)",1,0
1140,1786766408.837854,WARN,cost_inefficiency,"Using telnyx for glm-5.2 ($2.15/M), routstrd cheaper ($0.53/M)","1482 calls / 94,932,802 tokens on telnyx at $2.15/M. routstrd available at $0.53/M — potential savings $153.79/24h. Top up routstrd if depleted.",1,0
1141,1786766408.8378747,WARN,cost_inefficiency,"Using ppq for glm-5.2 ($2.27/M), routstrd cheaper ($0.53/M)","79 calls / 7,096,970 tokens on ppq at $2.27/M. routstrd available at $0.53/M — potential savings $12.35/24h. Top up routstrd if depleted.",1,0
1142,1786766408.8378894,WARN,cost_inefficiency,"Using openrouter for glm-5.2 ($0.97/M), routstrd cheaper ($0.53/M)","64 calls / 1,762,940 tokens on openrouter at $0.97/M. routstrd available at $0.53/M — potential savings $0.78/24h. Top up routstrd if depleted.",1,0
1143,1786767301.6074896,critical,api_low_balance,ppq balance low: $0.03,"ppq balance at $0.03, below $5.00 threshold. Top up to avoid service interruption.",1,0
1144,1786768201.7362742,critical,api_low_balance,ppq balance low: $0.03,"ppq balance at $0.03, below $5.00 threshold. Top up to avoid service interruption.",1,0
1145,1786768208.84584,WARN,crash_rate,kimi-consultant crash rate 100%,4/4 runs failed in last 24h (0 done). Consider switching model or reducing max_turns.,1,0
1146,1786768208.8461614,CRITICAL,api_low_balance,ppq balance low: $0.03,"ppq balance at $0.03, below $5 threshold. Top up to avoid service interruption. (data 5 min old)",1,0
1147,1786768208.8461692,WARN,cost_inefficiency,"Using telnyx for glm-5.2 ($2.15/M), routstrd cheaper ($0.53/M)","1482 calls / 94,932,802 tokens on telnyx at $2.15/M. routstrd available at $0.53/M — potential savings $153.79/24h. Top up routstrd if depleted.",1,0
1148,1786768208.8461747,WARN,cost_inefficiency,"Using ppq for glm-5.2 ($2.27/M), routstrd cheaper ($0.53/M)","79 calls / 7,096,970 tokens on ppq at $2.27/M. routstrd available at $0.53/M — potential savings $12.35/24h. Top up routstrd if depleted.",1,0
1149,1786768208.8461788,WARN,cost_inefficiency,"Using openrouter for glm-5.2 ($0.97/M), routstrd cheaper ($0.53/M)","64 calls / 1,762,940 tokens on openrouter at $0.97/M. routstrd available at $0.53/M — potential savings $0.78/24h. Top up routstrd if depleted.",1,0
1150,1786769102.0387866,critical,api_low_balance,ppq balance low: $0.03,"ppq balance at $0.03, below $5.00 threshold. Top up to avoid service interruption.",1,0
1151,1786770002.2297375,critical,api_low_balance,ppq balance low: $0.03,"ppq balance at $0.03, below $5.00 threshold. Top up to avoid service interruption.",1,0
1152,1786770009.290712,WARN,crash_rate,kimi-consultant crash rate 100%,4/4 runs failed in last 24h (0 done). Consider switching model or reducing max_turns.,1,0
1153,1786770009.2918713,CRITICAL,api_low_balance,ppq balance low: $0.03,"ppq balance at $0.03, below $5 threshold. Top up to avoid service interruption. (data 5 min old)",1,0
1154,1786770009.2919104,WARN,cost_inefficiency,"Using telnyx for glm-5.2 ($2.15/M), routstrd cheaper ($0.53/M)","1435 calls / 93,447,868 tokens on telnyx at $2.15/M. routstrd available at $0.53/M — potential savings $151.39/24h. Top up routstrd if depleted.",1,0
1155,1786770009.2919335,WARN,cost_inefficiency,"Using ppq for glm-5.2 ($2.27/M), routstrd cheaper ($0.53/M)","79 calls / 7,096,970 tokens on ppq at $2.27/M. routstrd available at $0.53/M — potential savings $12.35/24h. Top up routstrd if depleted.",1,0
1156,1786770009.2919493,WARN,cost_inefficiency,"Using openrouter for glm-5.2 ($0.97/M), routstrd cheaper ($0.53/M)","64 calls / 1,762,940 tokens on openrouter at $0.97/M. routstrd available at $0.53/M — potential savings $0.78/24h. Top up routstrd if depleted.",1,0
1157,1786770901.4325228,critical,api_low_balance,ppq balance low: $0.03,"ppq balance at $0.03, below $5.00 threshold. Top up to avoid service interruption.",1,0
1158,1786771802.589149,critical,api_low_balance,ppq balance low: $0.03,"ppq balance at $0.03, below $5.00 threshold. Top up to avoid service interruption.",1,0
1159,1786771809.2815084,WARN,crash_rate,kimi-consultant crash rate 100%,4/4 runs failed in last 24h (0 done). Consider switching model or reducing max_turns.,1,0
1160,1786771809.281895,CRITICAL,api_low_balance,ppq balance low: $0.03,"ppq balance at $0.03, below $5 threshold. Top up to avoid service interruption. (data 5 min old)",1,0
1161,1786771809.281907,WARN,cost_inefficiency,"Using telnyx for glm-5.2 ($2.15/M), routstrd cheaper ($0.53/M)","1435 calls / 93,447,868 tokens on telnyx at $2.15/M. routstrd available at $0.53/M — potential savings $151.39/24h. Top up routstrd if depleted.",1,0
1162,1786771809.281916,WARN,cost_inefficiency,"Using ppq for glm-5.2 ($2.27/M), routstrd cheaper ($0.53/M)","79 calls / 7,096,970 tokens on ppq at $2.27/M. routstrd available at $0.53/M — potential savings $12.35/24h. Top up routstrd if depleted.",1,0
1163,1786771809.2819228,WARN,cost_inefficiency,"Using openrouter for glm-5.2 ($0.97/M), routstrd cheaper ($0.53/M)","64 calls / 1,762,940 tokens on openrouter at $0.97/M. routstrd available at $0.53/M — potential savings $0.78/24h. Top up routstrd if depleted.",1,0
1164,1786772702.2472315,critical,api_low_balance,ppq balance low: $0.03,"ppq balance at $0.03, below $5.00 threshold. Top up to avoid service interruption.",1,0
1165,1786773602.0663617,critical,api_low_balance,ppq balance low: $0.03,"ppq balance at $0.03, below $5.00 threshold. Top up to avoid service interruption.",1,0
1166,1786773608.9407449,WARN,crash_rate,kimi-consultant crash rate 100%,4/4 runs failed in last 24h (0 done). Consider switching model or reducing max_turns.,1,0
1167,1786773608.9412537,CRITICAL,api_low_balance,ppq balance low: $0.03,"ppq balance at $0.03, below $5 threshold. Top up to avoid service interruption. (data 5 min old)",1,0
1168,1786773608.9412658,WARN,cost_inefficiency,"Using telnyx for glm-5.2 ($2.15/M), routstrd cheaper ($0.53/M)","1435 calls / 93,447,868 tokens on telnyx at $2.15/M. routstrd available at $0.53/M — potential savings $151.39/24h. Top up routstrd if depleted.",1,0
1169,1786773608.9412746,WARN,cost_inefficiency,"Using ppq for glm-5.2 ($2.27/M), routstrd cheaper ($0.53/M)","79 calls / 7,096,970 tokens on ppq at $2.27/M. routstrd available at $0.53/M — potential savings $12.35/24h. Top up routstrd if depleted.",1,0
1170,1786773608.9412823,WARN,cost_inefficiency,"Using openrouter for glm-5.2 ($0.97/M), routstrd cheaper ($0.53/M)","64 calls / 1,762,940 tokens on openrouter at $0.97/M. routstrd available at $0.53/M — potential savings $0.78/24h. Top up routstrd if depleted.",1,0
1171,1786774501.9069772,critical,api_low_balance,ppq balance low: $0.03,"ppq balance at $0.03, below $5.00 threshold. Top up to avoid service interruption.",1,0
1172,1786775401.9502637,critical,api_low_balance,ppq balance low: $0.03,"ppq balance at $0.03, below $5.00 threshold. Top up to avoid service interruption.",1,0
1173,1786775408.5903537,WARN,crash_rate,kimi-consultant crash rate 100%,4/4 runs failed in last 24h (0 done). Consider switching model or reducing max_turns.,1,0
1174,1786775408.5910416,CRITICAL,api_low_balance,ppq balance low: $0.03,"ppq balance at $0.03, below $5 threshold. Top up to avoid service interruption. (data 5 min old)",1,0
1175,1786775408.59106,WARN,cost_inefficiency,"Using telnyx for glm-5.2 ($2.15/M), routstrd cheaper ($0.53/M)","1435 calls / 93,447,868 tokens on telnyx at $2.15/M. routstrd available at $0.53/M — potential savings $151.39/24h. Top up routstrd if depleted.",1,0
1176,1786775408.591071,WARN,cost_inefficiency,"Using ppq for glm-5.2 ($2.27/M), routstrd cheaper ($0.53/M)","79 calls / 7,096,970 tokens on ppq at $2.27/M. routstrd available at $0.53/M — potential savings $12.35/24h. Top up routstrd if depleted.",1,0
1177,1786775408.5910983,WARN,cost_inefficiency,"Using openrouter for glm-5.2 ($0.97/M), routstrd cheaper ($0.53/M)","64 calls / 1,762,940 tokens on openrouter at $0.97/M. routstrd available at $0.53/M — potential savings $0.78/24h. Top up routstrd if depleted.",1,0
1178,1786776301.5473676,critical,api_low_balance,ppq balance low: $0.03,"ppq balance at $0.03, below $5.00 threshold. Top up to avoid service interruption.",1,0
1179,1786777201.8899283,critical,api_low_balance,ppq balance low: $0.03,"ppq balance at $0.03, below $5.00 threshold. Top up to avoid service interruption.",1,0
1180,1786777208.599177,WARN,crash_rate,kimi-consultant crash rate 100%,4/4 runs failed in last 24h (0 done). Consider switching model or reducing max_turns.,1,0
1181,1786777208.599459,CRITICAL,api_low_balance,ppq balance low: $0.03,"ppq balance at $0.03, below $5 threshold. Top up to avoid service interruption. (data 5 min old)",1,0
1182,1786777208.599466,WARN,cost_inefficiency,"Using telnyx for glm-5.2 ($2.15/M), routstrd cheaper ($0.53/M)","1435 calls / 93,447,868 tokens on telnyx at $2.15/M. routstrd available at $0.53/M — potential savings $151.39/24h. Top up routstrd if depleted.",1,0
1183,1786777208.5994713,WARN,cost_inefficiency,"Using ppq for glm-5.2 ($2.27/M), routstrd cheaper ($0.53/M)","79 calls / 7,096,970 tokens on ppq at $2.27/M. routstrd available at $0.53/M — potential savings $12.35/24h. Top up routstrd if depleted.",1,0
1184,1786777208.599475,WARN,cost_inefficiency,"Using openrouter for glm-5.2 ($0.97/M), routstrd cheaper ($0.53/M)","64 calls / 1,762,940 tokens on openrouter at $0.97/M. routstrd available at $0.53/M — potential savings $0.78/24h. Top up routstrd if depleted.",1,0
1185,1786778101.8586144,critical,api_low_balance,ppq balance low: $0.03,"ppq balance at $0.03, below $5.00 threshold. Top up to avoid service interruption.",1,0
1186,1786779001.735852,critical,api_low_balance,ppq balance low: $0.03,"ppq balance at $0.03, below $5.00 threshold. Top up to avoid service interruption.",1,0
1187,1786779008.8423486,WARN,crash_rate,kimi-consultant crash rate 100%,4/4 runs failed in last 24h (0 done). Consider switching model or reducing max_turns.,1,0
1188,1786779008.8427908,CRITICAL,api_low_balance,ppq balance low: $0.03,"ppq balance at $0.03, below $5 threshold. Top up to avoid service interruption. (data 5 min old)",1,0
1189,1786779008.8428063,WARN,cost_inefficiency,"Using telnyx for glm-5.2 ($2.15/M), routstrd cheaper ($0.53/M)","1435 calls / 93,447,868 tokens on telnyx at $2.15/M. routstrd available at $0.53/M — potential savings $151.39/24h. Top up routstrd if depleted.",1,0
1190,1786779008.8428154,WARN,cost_inefficiency,"Using ppq for glm-5.2 ($2.27/M), routstrd cheaper ($0.53/M)","79 calls / 7,096,970 tokens on ppq at $2.27/M. routstrd available at $0.53/M — potential savings $12.35/24h. Top up routstrd if depleted.",1,0
1191,1786779008.8428223,WARN,cost_inefficiency,"Using openrouter for glm-5.2 ($0.97/M), routstrd cheaper ($0.53/M)","64 calls / 1,762,940 tokens on openrouter at $0.97/M. routstrd available at $0.53/M — potential savings $0.78/24h. Top up routstrd if depleted.",1,0
1192,1786779902.359527,critical,api_low_balance,ppq balance low: $0.03,"ppq balance at $0.03, below $5.00 threshold. Top up to avoid service interruption.",1,0
1193,1786780801.50742,critical,api_low_balance,ppq balance low: $0.03,"ppq balance at $0.03, below $5.00 threshold. Top up to avoid service interruption.",1,0
1194,1786780808.1973324,WARN,crash_rate,kimi-consultant crash rate 100%,4/4 runs failed in last 24h (0 done). Consider switching model or reducing max_turns.,1,0
1195,1786780808.1978714,CRITICAL,api_low_balance,ppq balance low: $0.03,"ppq balance at $0.03, below $5 threshold. Top up to avoid service interruption. (data 5 min old)",1,0
1196,1786780808.197887,WARN,cost_inefficiency,"Using telnyx for glm-5.2 ($2.15/M), routstrd cheaper ($0.53/M)","1435 calls / 93,447,868 tokens on telnyx at $2.15/M. routstrd available at $0.53/M — potential savings $151.39/24h. Top up routstrd if depleted.",1,0
1197,1786780808.1978984,WARN,cost_inefficiency,"Using ppq for glm-5.2 ($2.27/M), routstrd cheaper ($0.53/M)","79 calls / 7,096,970 tokens on ppq at $2.27/M. routstrd available at $0.53/M — potential savings $12.35/24h. Top up routstrd if depleted.",1,0
1198,1786780808.1979077,WARN,cost_inefficiency,"Using openrouter for glm-5.2 ($0.97/M), routstrd cheaper ($0.53/M)","64 calls / 1,762,940 tokens on openrouter at $0.97/M. routstrd available at $0.53/M — potential savings $0.78/24h. Top up routstrd if depleted.",1,0
1199,1786781702.4613764,critical,api_low_balance,ppq balance low: $0.03,"ppq balance at $0.03, below $5.00 threshold. Top up to avoid service interruption.",1,0
1200,1786782602.6546922,critical,api_low_balance,ppq balance low: $0.03,"ppq balance at $0.03, below $5.00 threshold. Top up to avoid service interruption.",1,0
1201,1786782609.8924546,WARN,crash_rate,kimi-consultant crash rate 100%,4/4 runs failed in last 24h (0 done). Consider switching model or reducing max_turns.,1,0
1202,1786782609.8929157,CRITICAL,api_low_balance,ppq balance low: $0.03,"ppq balance at $0.03, below $5 threshold. Top up to avoid service interruption. (data 5 min old)",1,0
1203,1786782609.89293,WARN,cost_inefficiency,"Using telnyx for glm-5.2 ($2.15/M), routstrd cheaper ($0.53/M)","1435 calls / 93,447,868 tokens on telnyx at $2.15/M. routstrd available at $0.53/M — potential savings $151.39/24h. Top up routstrd if depleted.",1,0
1204,1786782609.8957844,WARN,cost_inefficiency,"Using ppq for glm-5.2 ($2.27/M), routstrd cheaper ($0.53/M)","79 calls / 7,096,970 tokens on ppq at $2.27/M. routstrd available at $0.53/M — potential savings $12.35/24h. Top up routstrd if depleted.",1,0
1205,1786782609.8958082,WARN,cost_inefficiency,"Using openrouter for glm-5.2 ($0.97/M), routstrd cheaper ($0.53/M)","64 calls / 1,762,940 tokens on openrouter at $0.97/M. routstrd available at $0.53/M — potential savings $0.78/24h. Top up routstrd if depleted.",1,0
1206,1786783501.4095323,critical,api_low_balance,ppq balance low: $0.03,"ppq balance at $0.03, below $5.00 threshold. Top up to avoid service interruption.",1,0
1207,1786784402.200393,critical,api_low_balance,ppq balance low: $0.03,"ppq balance at $0.03, below $5.00 threshold. Top up to avoid service interruption.",1,0
1208,1786784408.7529256,WARN,crash_rate,kimi-consultant crash rate 100%,4/4 runs failed in last 24h (0 done). Consider switching model or reducing max_turns.,1,0
1209,1786784408.7533958,CRITICAL,api_low_balance,ppq balance low: $0.03,"ppq balance at $0.03, below $5 threshold. Top up to avoid service interruption. (data 5 min old)",1,0
1210,1786784408.7534077,WARN,cost_inefficiency,"Using telnyx for glm-5.2 ($2.15/M), routstrd cheaper ($0.53/M)","1435 calls / 93,447,868 tokens on telnyx at $2.15/M. routstrd available at $0.53/M — potential savings $151.39/24h. Top up routstrd if depleted.",1,0
1211,1786784408.7534156,WARN,cost_inefficiency,"Using ppq for glm-5.2 ($2.27/M), routstrd cheaper ($0.53/M)","79 calls / 7,096,970 tokens on ppq at $2.27/M. routstrd available at $0.53/M — potential savings $12.35/24h. Top up routstrd if depleted.",1,0
1212,1786784408.7534218,WARN,cost_inefficiency,"Using openrouter for glm-5.2 ($0.97/M), routstrd cheaper ($0.53/M)","64 calls / 1,762,940 tokens on openrouter at $0.97/M. routstrd available at $0.53/M — potential savings $0.78/24h. Top up routstrd if depleted.",1,0
1213,1786785302.09127,critical,api_low_balance,ppq balance low: $0.03,"ppq balance at $0.03, below $5.00 threshold. Top up to avoid service interruption.",1,0
1214,1786786201.776146,critical,api_low_balance,ppq balance low: $0.03,"ppq balance at $0.03, below $5.00 threshold. Top up to avoid service interruption.",1,0
1215,1786786208.1704013,WARN,crash_rate,kimi-consultant crash rate 100%,4/4 runs failed in last 24h (0 done). Consider switching model or reducing max_turns.,1,0
1216,1786786208.1709318,CRITICAL,api_low_balance,ppq balance low: $0.03,"ppq balance at $0.03, below $5 threshold. Top up to avoid service interruption. (data 5 min old)",1,0
1217,1786786208.1709476,WARN,cost_inefficiency,"Using telnyx for glm-5.2 ($2.15/M), routstrd cheaper ($0.53/M)","1272 calls / 86,437,705 tokens on telnyx at $2.15/M. routstrd available at $0.53/M — potential savings $140.03/24h. Top up routstrd if depleted.",1,0
1218,1786786208.1709585,WARN,cost_inefficiency,"Using ppq for glm-5.2 ($2.27/M), routstrd cheaper ($0.53/M)","79 calls / 7,096,970 tokens on ppq at $2.27/M. routstrd available at $0.53/M — potential savings $12.35/24h. Top up routstrd if depleted.",1,0
1219,1786786208.1709669,WARN,cost_inefficiency,"Using openrouter for glm-5.2 ($0.97/M), routstrd cheaper ($0.53/M)","64 calls / 1,762,940 tokens on openrouter at $0.97/M. routstrd available at $0.53/M — potential savings $0.78/24h. Top up routstrd if depleted.",1,0
1220,1786787101.716212,critical,api_low_balance,ppq balance low: $0.03,"ppq balance at $0.03, below $5.00 threshold. Top up to avoid service interruption.",1,0
1221,1786788001.8659987,critical,api_low_balance,ppq balance low: $0.03,"ppq balance at $0.03, below $5.00 threshold. Top up to avoid service interruption.",1,0
1222,1786788008.5721674,WARN,crash_rate,kimi-consultant crash rate 100%,4/4 runs failed in last 24h (0 done). Consider switching model or reducing max_turns.,1,0
1223,1786788008.5726416,CRITICAL,api_low_balance,ppq balance low: $0.03,"ppq balance at $0.03, below $5 threshold. Top up to avoid service interruption. (data 5 min old)",1,0
1224,1786788008.5726554,WARN,cost_inefficiency,"Using telnyx for glm-5.2 ($2.15/M), routstrd cheaper ($0.53/M)","1043 calls / 72,465,634 tokens on telnyx at $2.15/M. routstrd available at $0.53/M — potential savings $117.39/24h. Top up routstrd if depleted.",1,0
1225,1786788008.5726776,WARN,cost_inefficiency,"Using ppq for glm-5.2 ($2.27/M), routstrd cheaper ($0.53/M)","79 calls / 7,096,970 tokens on ppq at $2.27/M. routstrd available at $0.53/M — potential savings $12.35/24h. Top up routstrd if depleted.",1,0
1226,1786788008.5726867,WARN,cost_inefficiency,"Using openrouter for glm-5.2 ($0.97/M), routstrd cheaper ($0.53/M)","64 calls / 1,762,940 tokens on openrouter at $0.97/M. routstrd available at $0.53/M — potential savings $0.78/24h. Top up routstrd if depleted.",1,0
1227,1786788902.3331807,critical,api_low_balance,ppq balance low: $0.03,"ppq balance at $0.03, below $5.00 threshold. Top up to avoid service interruption.",1,0
1228,1786789801.771085,critical,api_low_balance,ppq balance low: $0.03,"ppq balance at $0.03, below $5.00 threshold. Top up to avoid service interruption.",1,0
1229,1786789808.2475846,WARN,crash_rate,kimi-consultant crash rate 100%,3/3 runs failed in last 24h (0 done). Consider switching model or reducing max_turns.,1,0
1230,1786789808.2479024,CRITICAL,api_low_balance,ppq balance low: $0.03,"ppq balance at $0.03, below $5 threshold. Top up to avoid service interruption. (data 5 min old)",1,0
1231,1786789808.2479107,WARN,cost_inefficiency,"Using telnyx for glm-5.2 ($2.15/M), routstrd cheaper ($0.53/M)","450 calls / 33,035,961 tokens on telnyx at $2.15/M. routstrd available at $0.53/M — potential savings $53.52/24h. Top up routstrd if depleted.",1,0
1232,1786789808.247916,WARN,cost_inefficiency,"Using openrouter for glm-5.2 ($0.97/M), routstrd cheaper ($0.53/M)","64 calls / 1,762,940 tokens on openrouter at $0.97/M. routstrd available at $0.53/M — potential savings $0.78/24h. Top up routstrd if depleted.",1,0
1233,1786789808.24792,WARN,cost_inefficiency,"Using ppq for glm-5.2 ($2.27/M), routstrd cheaper ($0.53/M)","15 calls / 1,048,926 tokens on ppq at $2.27/M. routstrd available at $0.53/M — potential savings $1.83/24h. Top up routstrd if depleted.",1,0
1234,1786790701.91598,critical,api_low_balance,ppq balance low: $0.03,"ppq balance at $0.03, below $5.00 threshold. Top up to avoid service interruption.",1,0
1235,1786791602.3224878,critical,api_low_balance,ppq balance low: $0.03,"ppq balance at $0.03, below $5.00 threshold. Top up to avoid service interruption.",1,0
1236,1786791609.4392622,CRITICAL,api_low_balance,ppq balance low: $0.03,"ppq balance at $0.03, below $5 threshold. Top up to avoid service interruption. (data 5 min old)",1,0
1237,1786791609.4400508,WARN,cost_inefficiency,"Using openrouter for glm-5.2 ($0.97/M), routstrd cheaper ($0.53/M)","64 calls / 1,762,940 tokens on openrouter at $0.97/M. routstrd available at $0.53/M — potential savings $0.78/24h. Top up routstrd if depleted.",1,0
1238,1786791630.8289287,WARN,key_backoff,friend exhausted failure #1,"{""detail"": ""backoff 2.0s; error_type=exhausted"", ""key_name"": ""friend""}",1,0
1239,1786791668.1676338,WARN,key_backoff,friend exhausted failure #1,"{""detail"": ""backoff 2.0s; error_type=exhausted"", ""key_name"": ""friend""}",1,0
1240,1786792501.5284872,critical,api_low_balance,ppq balance low: $0.02,"ppq balance at $0.02, below $5.00 threshold. Top up to avoid service interruption.",1,0
1241,1786793248.2332163,warning,circuit_breaker,Circuit breaker: hermes-for-friends/t_fed0231f (10 consecutive crashed runs),"{""last_error"": ""pid 743463 not alive"", ""run_count"": 11, ""crashed_runs"": 10, ""profile"": ""worker-admin"", ""status_at_trip"": ""running""}",1,0
1242,1786793402.0689113,critical,api_low_balance,ppq balance low: $0.02,"ppq balance at $0.02, below $5.00 threshold. Top up to avoid service interruption.",1,0
1243,1786793402.0689113,warning,api_burn_burst,ppq burn burst: $0.0040 (z=9.1σ),"ppq spend this interval ($0.0040) is 9.1σ above the rolling mean ($0.0001, σ=$0.0004). Possible runaway agent or expensive request.",1,0
1244,1786793408.6596053,CRITICAL,api_low_balance,ppq balance low: $0.02,"ppq balance at $0.02, below $5 threshold. Top up to avoid service interruption. (data 5 min old)",1,0
1245,1786793408.6608238,WARN,cost_inefficiency,"Using openrouter for glm-5.2 ($0.97/M), routstrd cheaper ($0.53/M)","64 calls / 1,762,940 tokens on openrouter at $0.97/M. routstrd available at $0.53/M — potential savings $0.78/24h. Top up routstrd if depleted.",1,0
1246,1786793408.6608613,WARN,cost_inefficiency,"Using telnyx for glm-5.2 ($2.15/M), routstrd cheaper ($0.53/M)","6 calls / 338,955 tokens on telnyx at $2.15/M. routstrd available at $0.53/M — potential savings $0.55/24h. Top up routstrd if depleted.",1,0
1247,1786793431.1911428,WARN,key_backoff,friend exhausted failure #1,"{""detail"": ""backoff 2.0s; error_type=exhausted"", ""key_name"": ""friend""}",1,0
1248,1786794301.5502362,critical,api_low_balance,ppq balance low: $0.02,"ppq balance at $0.02, below $5.00 threshold. Top up to avoid service interruption.",1,0
1249,1786795202.2410522,critical,api_low_balance,ppq balance low: $0.02,"ppq balance at $0.02, below $5.00 threshold. Top up to avoid service interruption.",1,0
1250,1786795202.9204624,WARN,key_backoff,friend exhausted failure #1,"{""detail"": ""backoff 2.0s; error_type=exhausted"", ""key_name"": ""friend""}",1,0
1251,1786795203.4229257,WARN,key_backoff,friend exhausted failure #2,"{""detail"": ""backoff 4.0s; error_type=exhausted"", ""key_name"": ""friend""}",1,0
1252,1786795204.072323,WARN,key_backoff,friend exhausted failure #3,"{""detail"": ""backoff 8.0s; error_type=exhausted"", ""key_name"": ""friend""}",1,0
1253,1786795209.0405645,CRITICAL,api_low_balance,ppq balance low: $0.02,"ppq balance at $0.02, below $5 threshold. Top up to avoid service interruption. (data 5 min old)",1,0
1254,1786795209.0418513,WARN,cost_inefficiency,"Using openrouter for glm-5.2 ($0.97/M), routstrd cheaper ($0.53/M)","48 calls / 1,712,470 tokens on openrouter at $0.97/M. routstrd available at $0.53/M — potential savings $0.75/24h. Top up routstrd if depleted.",1,0
1255,1786795209.0418882,WARN,cost_inefficiency,"Using telnyx for glm-5.2 ($2.15/M), routstrd cheaper ($0.53/M)","6 calls / 338,955 tokens on telnyx at $2.15/M. routstrd available at $0.53/M — potential savings $0.55/24h. Top up routstrd if depleted.",1,0
1256,1786795235.2027528,WARN,key_backoff,friend exhausted failure #1,"{""detail"": ""backoff 2.0s; error_type=exhausted"", ""key_name"": ""friend""}",1,0
1257,1786795254.452383,WARN,key_backoff,friend exhausted failure #1,"{""detail"": ""backoff 2.0s; error_type=exhausted"", ""key_name"": ""friend""}",1,0
1258,1786796101.3579488,critical,api_low_balance,ppq balance low: $0.02,"ppq balance at $0.02, below $5.00 threshold. Top up to avoid service interruption.",1,0
1259,1786796101.369434,warning,api_burn_burst,openrouter burn burst: $0.3605 (z=65.5σ),"openrouter spend this interval ($0.3605) is 65.5σ above the rolling mean ($0.0007, σ=$0.0055). Possible runaway agent or expensive request.",1,0
1260,1786796101.369434,warning,api_expensive_request,openrouter expensive interval: $0.36,openrouter spend in last interval ($0.36) exceeds $0.10 threshold.,1,0
1261,1786797002.6530452,critical,api_low_balance,ppq balance low: $0.02,"ppq balance at $0.02, below $5.00 threshold. Top up to avoid service interruption.",1,0
1262,1786797010.329278,CRITICAL,api_low_balance,ppq balance low: $0.02,"ppq balance at $0.02, below $5 threshold. Top up to avoid service interruption. (data 5 min old)",1,0
1263,1786797010.3322442,WARN,cost_inefficiency,"Using openrouter for glm-5.2 ($0.97/M), routstrd cheaper ($0.53/M)","31 calls / 1,945,175 tokens on openrouter at $0.97/M. routstrd available at $0.53/M — potential savings $0.86/24h. Top up routstrd if depleted.",1,0
1264,1786797010.3322697,WARN,cost_inefficiency,"Using telnyx for glm-5.2 ($2.15/M), routstrd cheaper ($0.53/M)","6 calls / 338,955 tokens on telnyx at $2.15/M. routstrd available at $0.53/M — potential savings $0.55/24h. Top up routstrd if depleted.",1,0
1265,1786797901.5916927,critical,api_low_balance,ppq balance low: $0.02,"ppq balance at $0.02, below $5.00 threshold. Top up to avoid service interruption.",1,0
1266,1786798801.9710658,critical,api_low_balance,ppq balance low: $0.02,"ppq balance at $0.02, below $5.00 threshold. Top up to avoid service interruption.",1,0
1267,1786798805.718917,WARN,key_backoff,friend exhausted failure #1,"{""detail"": ""backoff 2.0s; error_type=exhausted"", ""key_name"": ""friend""}",1,0
1268,1786798809.028945,CRITICAL,api_low_balance,ppq balance low: $0.02,"ppq balance at $0.02, below $5 threshold. Top up to avoid service interruption. (data 5 min old)",1,0
1269,1786798809.0294535,WARN,cost_inefficiency,"Using openrouter for glm-5.2 ($0.97/M), routstrd cheaper ($0.53/M)","31 calls / 1,945,175 tokens on openrouter at $0.97/M. routstrd available at $0.53/M — potential savings $0.86/24h. Top up routstrd if depleted.",1,0
1270,1786798809.0294654,WARN,cost_inefficiency,"Using telnyx for glm-5.2 ($2.15/M), routstrd cheaper ($0.53/M)","6 calls / 338,955 tokens on telnyx at $2.15/M. routstrd available at $0.53/M — potential savings $0.55/24h. Top up routstrd if depleted.",1,0
1271,1786798810.7420385,WARN,key_backoff,friend exhausted failure #1,"{""detail"": ""backoff 2.0s; error_type=exhausted"", ""key_name"": ""friend""}",1,0
1272,1786799702.2738106,critical,api_low_balance,ppq balance low: $0.02,"ppq balance at $0.02, below $5.00 threshold. Top up to avoid service interruption.",1,0
1273,1786800601.4729102,critical,api_low_balance,ppq balance low: $0.02,"ppq balance at $0.02, below $5.00 threshold. Top up to avoid service interruption.",1,0
1274,1786800608.1276906,CRITICAL,api_low_balance,ppq balance low: $0.02,"ppq balance at $0.02, below $5 threshold. Top up to avoid service interruption. (data 5 min old)",1,0
1275,1786800608.1295872,WARN,cost_inefficiency,"Using openrouter for glm-5.2 ($0.97/M), routstrd cheaper ($0.53/M)","30 calls / 1,995,047 tokens on openrouter at $0.97/M. routstrd available at $0.53/M — potential savings $0.88/24h. Top up routstrd if depleted.",1,0
1276,1786800608.1296463,WARN,cost_inefficiency,"Using telnyx for glm-5.2 ($2.15/M), routstrd cheaper ($0.53/M)","6 calls / 338,955 tokens on telnyx at $2.15/M. routstrd available at $0.53/M — potential savings $0.55/24h. Top up routstrd if depleted.",1,0
1277,1786800641.5185742,WARN,key_backoff,friend exhausted failure #1,"{""detail"": ""backoff 2.0s; error_type=exhausted"", ""key_name"": ""friend""}",1,0
1278,1786800642.2891486,WARN,key_backoff,friend exhausted failure #2,"{""detail"": ""backoff 4.0s; error_type=exhausted"", ""key_name"": ""friend""}",1,0
1279,1786800656.9087207,WARN,key_backoff,friend exhausted failure #1,"{""detail"": ""backoff 2.0s; error_type=exhausted"", ""key_name"": ""friend""}",1,0
1280,1786801502.2282653,critical,api_low_balance,ppq balance low: $0.02,"ppq balance at $0.02, below $5.00 threshold. Top up to avoid service interruption.",1,0
1281,1786801915.3719194,WARN,key_backoff,friend exhausted failure #1,"{""detail"": ""backoff 2.0s; error_type=exhausted"", ""key_name"": ""friend""}",1,0
1282,1786801915.4576418,WARN,key_backoff,friend exhausted failure #2,"{""detail"": ""backoff 4.0s; error_type=exhausted"", ""key_name"": ""friend""}",1,0
1283,1786801942.722074,WARN,key_backoff,friend server failure #1,"{""detail"": ""backoff 30s; error_type=server"", ""key_name"": ""friend""}",1,0
1284,1786801946.971798,WARN,key_backoff,friend exhausted failure #1,"{""detail"": ""backoff 2.0s; error_type=exhausted"", ""key_name"": ""friend""}",1,0
1285,1786802145.5332885,WARN,key_backoff,friend exhausted failure #1,"{""detail"": ""backoff 2.0s; error_type=exhausted"", ""key_name"": ""friend""}",1,0
1286,1786802173.0345001,WARN,key_backoff,friend exhausted failure #1,"{""detail"": ""backoff 2.0s; error_type=exhausted"", ""key_name"": ""friend""}",1,0
1287,1786802208.5786705,WARN,key_backoff,friend exhausted failure #1,"{""detail"": ""backoff 2.0s; error_type=exhausted"", ""key_name"": ""friend""}",1,0
1288,1786802267.4591858,WARN,key_backoff,friend server failure #1,"{""detail"": ""backoff 30s; error_type=server"", ""key_name"": ""friend""}",1,0
1289,1786802285.0296705,WARN,key_backoff,friend exhausted failure #1,"{""detail"": ""backoff 2.0s; error_type=exhausted"", ""key_name"": ""friend""}",1,0
1290,1786802401.756824,critical,api_low_balance,ppq balance low: $0.02,"ppq balance at $0.02, below $5.00 threshold. Top up to avoid service interruption.",1,0
1291,1786802405.636435,WARN,key_backoff,friend exhausted failure #1,"{""detail"": ""backoff 2.0s; error_type=exhausted"", ""key_name"": ""friend""}",1,0
1292,1786802405.768273,WARN,key_backoff,friend exhausted failure #2,"{""detail"": ""backoff 4.0s; error_type=exhausted"", ""key_name"": ""friend""}",1,0
1293,1786802409.0800242,CRITICAL,api_low_balance,ppq balance low: $0.02,"ppq balance at $0.02, below $5 threshold. Top up to avoid service interruption. (data 5 min old)",1,0
1294,1786802409.080549,WARN,cost_inefficiency,"Using openrouter for glm-5.2 ($0.97/M), routstrd cheaper ($0.53/M)","33 calls / 2,098,371 tokens on openrouter at $0.97/M. routstrd available at $0.53/M — potential savings $0.92/24h. Top up routstrd if depleted.",1,0
1295,1786802409.0805652,WARN,cost_inefficiency,"Using telnyx for glm-5.2 ($2.15/M), routstrd cheaper ($0.53/M)","9 calls / 492,912 tokens on telnyx at $2.15/M. routstrd available at $0.53/M — potential savings $0.80/24h. Top up routstrd if depleted.",1,0
1296,1786802414.865714,WARN,key_backoff,friend exhausted failure #1,"{""detail"": ""backoff 2.0s; error_type=exhausted"", ""key_name"": ""friend""}",1,0
1297,1786802430.0979667,WARN,key_backoff,friend exhausted failure #1,"{""detail"": ""backoff 2.0s; error_type=exhausted"", ""key_name"": ""friend""}",1,0
1298,1786802430.4491868,WARN,key_backoff,friend exhausted failure #2,"{""detail"": ""backoff 4.0s; error_type=exhausted"", ""key_name"": ""friend""}",1,0
1299,1786802431.2077236,WARN,key_backoff,friend exhausted failure #1,"{""detail"": ""backoff 2.0s; error_type=exhausted"", ""key_name"": ""friend""}",1,0
1300,1786802438.0836658,WARN,key_backoff,friend exhausted failure #2,"{""detail"": ""backoff 4.0s; error_type=exhausted"", ""key_name"": ""friend""}",1,0
1301,1786802461.981195,WARN,key_backoff,friend exhausted failure #1,"{""detail"": ""backoff 2.0s; error_type=exhausted"", ""key_name"": ""friend""}",1,0
1302,1786802472.555727,WARN,key_backoff,friend exhausted failure #1,"{""detail"": ""backoff 2.0s; error_type=exhausted"", ""key_name"": ""friend""}",1,0
1303,1786802488.8264687,WARN,key_backoff,friend exhausted failure #2,"{""detail"": ""backoff 4.0s; error_type=exhausted"", ""key_name"": ""friend""}",1,0
1304,1786802749.7466028,WARN,key_backoff,friend exhausted failure #1,"{""detail"": ""backoff 2.0s; error_type=exhausted"", ""key_name"": ""friend""}",1,0
1305,1786802760.193432,WARN,key_backoff,friend exhausted failure #1,"{""detail"": ""backoff 2.0s; error_type=exhausted"", ""key_name"": ""friend""}",1,0
1306,1786803191.9345045,WARN,key_backoff,friend exhausted failure #1,"{""detail"": ""backoff 2.0s; error_type=exhausted"", ""key_name"": ""friend""}",1,0
1307,1786803257.1020925,WARN,key_backoff,friend exhausted failure #1,"{""detail"": ""backoff 2.0s; error_type=exhausted"", ""key_name"": ""friend""}",1,0
1308,1786803257.1485145,WARN,key_backoff,friend exhausted failure #2,"{""detail"": ""backoff 4.0s; error_type=exhausted"", ""key_name"": ""friend""}",1,0
1309,1786803302.0976837,critical,api_low_balance,ppq balance low: $0.02,"ppq balance at $0.02, below $5.00 threshold. Top up to avoid service interruption.",1,0
1310,1786803379.9558203,WARN,key_backoff,friend exhausted failure #1,"{""detail"": ""backoff 2.0s; error_type=exhausted"", ""key_name"": ""friend""}",1,0
1311,1786803380.8409662,WARN,key_backoff,friend exhausted failure #2,"{""detail"": ""backoff 4.0s; error_type=exhausted"", ""key_name"": ""friend""}",1,0
1312,1786803519.5843976,WARN,key_backoff,friend exhausted failure #1,"{""detail"": ""backoff 2.0s; error_type=exhausted"", ""key_name"": ""friend""}",1,0
1313,1786803758.0963092,WARN,key_backoff,friend exhausted failure #1,"{""detail"": ""backoff 2.0s; error_type=exhausted"", ""key_name"": ""friend""}",1,0
1314,1786803773.7063563,WARN,key_backoff,friend exhausted failure #1,"{""detail"": ""backoff 2.0s; error_type=exhausted"", ""key_name"": ""friend""}",1,0
1315,1786803785.424267,WARN,key_backoff,friend exhausted failure #1,"{""detail"": ""backoff 2.0s; error_type=exhausted"", ""key_name"": ""friend""}",1,0
1316,1786803967.0216553,WARN,key_backoff,friend exhausted failure #1,"{""detail"": ""backoff 2.0s; error_type=exhausted"", ""key_name"": ""friend""}",1,0
1317,1786803973.5784256,WARN,key_backoff,friend exhausted failure #1,"{""detail"": ""backoff 2.0s; error_type=exhausted"", ""key_name"": ""friend""}",1,0
1318,1786804066.336087,WARN,key_backoff,friend exhausted failure #1,"{""detail"": ""backoff 2.0s; error_type=exhausted"", ""key_name"": ""friend""}",1,0
1319,1786804202.5481675,critical,api_low_balance,ppq balance low: $0.02,"ppq balance at $0.02, below $5.00 threshold. Top up to avoid service interruption.",1,0
1320,1786804209.4703124,CRITICAL,api_low_balance,ppq balance low: $0.02,"ppq balance at $0.02, below $5 threshold. Top up to avoid service interruption. (data 5 min old)",1,0
1321,1786804209.4706519,WARN,cost_inefficiency,"Using openrouter for glm-5.2 ($0.97/M), routstrd cheaper ($0.53/M)","46 calls / 2,438,545 tokens on openrouter at $0.97/M. routstrd available at $0.53/M — potential savings $1.07/24h. Top up routstrd if depleted.",1,0
1322,1786804209.4706614,WARN,cost_inefficiency,"Using telnyx for glm-5.2 ($2.15/M), routstrd cheaper ($0.53/M)","9 calls / 492,912 tokens on telnyx at $2.15/M. routstrd available at $0.53/M — potential savings $0.80/24h. Top up routstrd if depleted.",1,0
1323,1786804219.5515137,WARN,key_backoff,friend exhausted failure #1,"{""detail"": ""backoff 2.0s; error_type=exhausted"", ""key_name"": ""friend""}",1,0
1324,1786804252.5030744,WARN,key_backoff,friend exhausted failure #1,"{""detail"": ""backoff 2.0s; error_type=exhausted"", ""key_name"": ""friend""}",1,0
1325,1786804263.3963041,WARN,key_backoff,friend exhausted failure #1,"{""detail"": ""backoff 2.0s; error_type=exhausted"", ""key_name"": ""friend""}",1,0
1326,1786804526.8323278,WARN,key_backoff,friend server failure #1,"{""detail"": ""backoff 30s; error_type=server"", ""key_name"": ""friend""}",1,0
1327,1786804536.3182087,warning,ppq_budget,PPQ retry-storm blocked,"identical prompt (sha256 e3b0c442) attempted 3x in 600s — crash-loop signature, PPQ refused",1,1
1328,1786804725.1902544,WARN,key_backoff,friend exhausted failure #1,"{""detail"": ""backoff 2.0s; error_type=exhausted"", ""key_name"": ""friend""}",1,0
1329,1786805078.3650384,WARN,key_backoff,ollama_cloud exhausted failure #1,"{""detail"": ""backoff 2.0s; error_type=exhausted"", ""key_name"": ""ollama_cloud""}",1,0
1330,1786805101.571954,critical,api_low_balance,ppq balance low: $0.02,"ppq balance at $0.02, below $5.00 threshold. Top up to avoid service interruption.",1,0
1331,1786806002.312034,critical,api_low_balance,ppq balance low: $0.02,"ppq balance at $0.02, below $5.00 threshold. Top up to avoid service interruption.",1,0
1332,1786806004.6424425,WARN,key_backoff,friend exhausted failure #1,"{""detail"": ""backoff 2.0s; error_type=exhausted"", ""key_name"": ""friend""}",1,0
1333,1786806009.0071144,CRITICAL,api_low_balance,ppq balance low: $0.02,"ppq balance at $0.02, below $5 threshold. Top up to avoid service interruption. (data 5 min old)",1,0
1334,1786806009.0074124,WARN,cost_inefficiency,"Using openrouter for glm-5.2 ($0.97/M), routstrd cheaper ($0.53/M)","54 calls / 2,770,615 tokens on openrouter at $0.97/M. routstrd available at $0.53/M — potential savings $1.22/24h. Top up routstrd if depleted.",1,0
1335,1786806009.0074203,WARN,cost_inefficiency,"Using telnyx for glm-5.2 ($2.15/M), routstrd cheaper ($0.53/M)","7 calls / 476,912 tokens on telnyx at $2.15/M. routstrd available at $0.53/M — potential savings $0.77/24h. Top up routstrd if depleted.",1,0
1336,1786806011.5328383,WARN,key_backoff,friend exhausted failure #1,"{""detail"": ""backoff 2.0s; error_type=exhausted"", ""key_name"": ""friend""}",1,0
1337,1786806057.796124,WARN,key_backoff,friend exhausted failure #1,"{""detail"": ""backoff 2.0s; error_type=exhausted"", ""key_name"": ""friend""}",1,0
1338,1786806094.716416,WARN,key_backoff,friend exhausted failure #1,"{""detail"": ""backoff 2.0s; error_type=exhausted"", ""key_name"": ""friend""}",1,0
1339,1786806202.1243284,WARN,key_backoff,friend exhausted failure #1,"{""detail"": ""backoff 2.0s; error_type=exhausted"", ""key_name"": ""friend""}",1,0
1340,1786806203.4392416,WARN,key_backoff,friend exhausted failure #2,"{""detail"": ""backoff 4.0s; error_type=exhausted"", ""key_name"": ""friend""}",1,0
1341,1786806306.245225,WARN,key_backoff,friend exhausted failure #1,"{""detail"": ""backoff 2.0s; error_type=exhausted"", ""key_name"": ""friend""}",1,0
1342,1786806576.8901896,WARN,key_backoff,friend server failure #1,"{""detail"": ""backoff 30s; error_type=server"", ""key_name"": ""friend""}",1,0
1343,1786806901.8010573,critical,api_low_balance,ppq balance low: $0.02,"ppq balance at $0.02, below $5.00 threshold. Top up to avoid service interruption.",1,0
1344,1786807224.6204631,WARN,key_backoff,friend server failure #1,"{""detail"": ""backoff 30s; error_type=server"", ""key_name"": ""friend""}",1,0
1345,1786807801.7818675,critical,api_low_balance,ppq balance low: $0.02,"ppq balance at $0.02, below $5.00 threshold. Top up to avoid service interruption.",1,0
1346,1786807808.4305427,CRITICAL,api_low_balance,ppq balance low: $0.02,"ppq balance at $0.02, below $5 threshold. Top up to avoid service interruption. (data 5 min old)",1,0
1347,1786807808.430869,WARN,cost_inefficiency,"Using openrouter for glm-5.2 ($0.97/M), routstrd cheaper ($0.53/M)","61 calls / 3,198,818 tokens on openrouter at $0.97/M. routstrd available at $0.53/M — potential savings $1.41/24h. Top up routstrd if depleted.",1,0
1348,1786807808.4308782,WARN,cost_inefficiency,"Using telnyx for glm-5.2 ($2.15/M), routstrd cheaper ($0.53/M)","7 calls / 476,912 tokens on telnyx at $2.15/M. routstrd available at $0.53/M — potential savings $0.77/24h. Top up routstrd if depleted.",1,0
1349,1786807811.7962697,WARN,key_backoff,friend exhausted failure #1,"{""detail"": ""backoff 2.0s; error_type=exhausted"", ""key_name"": ""friend""}",1,0
1350,1786807829.7312553,WARN,key_backoff,friend exhausted failure #1,"{""detail"": ""backoff 2.0s; error_type=exhausted"", ""key_name"": ""friend""}",1,0
1351,1786808154.4485784,WARN,key_backoff,friend server failure #1,"{""detail"": ""backoff 30s; error_type=server"", ""key_name"": ""friend""}",1,0
1352,1786808701.2854488,critical,api_low_balance,ppq balance low: $0.02,"ppq balance at $0.02, below $5.00 threshold. Top up to avoid service interruption.",1,0
1353,1786809002.9992263,warning,circuit_breaker,Circuit breaker: hermes-for-friends/t_f3100972 (3 consecutive crashed runs),"{""last_error"": ""Iteration budget exhausted (40/40) \u2014 task could not complete within the allowed iterations"", ""run_count"": 3, ""crashed_runs"": 1, ""profile"": ""worker-admin"", ""status_at_trip"": ""ready""}",1,0
1354,1786809500.4203544,WARN,key_backoff,friend server failure #1,"{""detail"": ""backoff 30s; error_type=server"", ""key_name"": ""friend""}",1,0
1355,1786809601.4420903,critical,api_low_balance,ppq balance low: $0.02,"ppq balance at $0.02, below $5.00 threshold. Top up to avoid service interruption.",1,0
1356,1786809608.9932785,CRITICAL,api_low_balance,ppq balance low: $0.02,"ppq balance at $0.02, below $5 threshold. Top up to avoid service interruption. (data 5 min old)",1,0
1357,1786809608.9938254,WARN,cost_inefficiency,"Using openrouter for glm-5.2 ($0.97/M), routstrd cheaper ($0.53/M)","63 calls / 3,310,148 tokens on openrouter at $0.97/M. routstrd available at $0.53/M — potential savings $1.46/24h. Top up routstrd if depleted.",1,0
1358,1786809608.9938402,WARN,cost_inefficiency,"Using telnyx for glm-5.2 ($2.15/M), routstrd cheaper ($0.53/M)","5 calls / 410,095 tokens on telnyx at $2.15/M. routstrd available at $0.53/M — potential savings $0.66/24h. Top up routstrd if depleted.",1,0
1359,1786809630.5986946,WARN,key_backoff,friend exhausted failure #1,"{""detail"": ""backoff 2.0s; error_type=exhausted"", ""key_name"": ""friend""}",1,0
1360,1786809648.2639112,WARN,key_backoff,friend exhausted failure #1,"{""detail"": ""backoff 2.0s; error_type=exhausted"", ""key_name"": ""friend""}",1,0
1361,1786809903.2939234,WARN,key_backoff,friend exhausted failure #1,"{""detail"": ""backoff 2.0s; error_type=exhausted"", ""key_name"": ""friend""}",1,0
1362,1786810411.8335624,WARN,key_backoff,friend exhausted failure #1,"{""detail"": ""backoff 2.0s; error_type=exhausted"", ""key_name"": ""friend""}",1,0
1363,1786810470.4829376,WARN,key_backoff,friend server failure #1,"{""detail"": ""backoff 30s; error_type=server"", ""key_name"": ""friend""}",1,0
1364,1786810501.7592812,critical,api_low_balance,ppq balance low: $0.02,"ppq balance at $0.02, below $5.00 threshold. Top up to avoid service interruption.",1,0
1365,1786810956.6193557,WARN,key_backoff,friend exhausted failure #1,"{""detail"": ""backoff 2.0s; error_type=exhausted"", ""key_name"": ""friend""}",1,0
1366,1786810996.0531518,WARN,key_backoff,friend exhausted failure #1,"{""detail"": ""backoff 2.0s; error_type=exhausted"", ""key_name"": ""friend""}",1,0
1367,1786811137.4420333,WARN,key_backoff,friend exhausted failure #1,"{""detail"": ""backoff 2.0s; error_type=exhausted"", ""key_name"": ""friend""}",1,0
1368,1786811143.588896,WARN,key_backoff,friend exhausted failure #1,"{""detail"": ""backoff 2.0s; error_type=exhausted"", ""key_name"": ""friend""}",1,0
1369,1786811525.2163298,WARN,key_backoff,friend server failure #1,"{""detail"": ""backoff 30s; error_type=server"", ""key_name"": ""friend""}",1,0
1370,1786811610.8984134,WARN,key_backoff,friend server failure #1,"{""detail"": ""backoff 30s; error_type=server"", ""key_name"": ""friend""}",1,0
1371,1786811635.7834754,WARN,key_backoff,friend exhausted failure #1,"{""detail"": ""backoff 2.0s; error_type=exhausted"", ""key_name"": ""friend""}",1,0
1372,1786811663.2301185,WARN,key_backoff,friend exhausted failure #1,"{""detail"": ""backoff 2.0s; error_type=exhausted"", ""key_name"": ""friend""}",1,0
1373,1786811688.371311,WARN,key_backoff,friend exhausted failure #1,"{""detail"": ""backoff 2.0s; error_type=exhausted"", ""key_name"": ""friend""}",1,0
1374,1786811755.2729144,WARN,key_backoff,friend exhausted failure #1,"{""detail"": ""backoff 2.0s; error_type=exhausted"", ""key_name"": ""friend""}",1,0
1375,1786811755.6150796,WARN,key_backoff,friend exhausted failure #1,"{""detail"": ""backoff 2.0s; error_type=exhausted"", ""key_name"": ""friend""}",1,0
1376,1786811814.1376343,WARN,key_backoff,friend server failure #1,"{""detail"": ""backoff 30s; error_type=server"", ""key_name"": ""friend""}",1,0
1377,1786811836.5974727,WARN,key_backoff,friend server failure #1,"{""detail"": ""backoff 30s; error_type=server"", ""key_name"": ""friend""}",1,0
1378,1786811859.7941175,WARN,key_backoff,friend exhausted failure #1,"{""detail"": ""backoff 2.0s; error_type=exhausted"", ""key_name"": ""friend""}",1,0
1379,1786811881.589732,WARN,key_backoff,friend exhausted failure #1,"{""detail"": ""backoff 2.0s; error_type=exhausted"", ""key_name"": ""friend""}",1,0
1380,1786811896.9334304,WARN,key_backoff,friend exhausted failure #1,"{""detail"": ""backoff 2.0s; error_type=exhausted"", ""key_name"": ""friend""}",1,0
1381,1786811918.989589,WARN,key_backoff,friend server failure #1,"{""detail"": ""backoff 30s; error_type=server"", ""key_name"": ""friend""}",1,0
1382,1786812189.6879413,WARN,key_backoff,friend exhausted failure #1,"{""detail"": ""backoff 2.0s; error_type=exhausted"", ""key_name"": ""friend""}",1,0
1383,1786812242.0336099,WARN,key_backoff,friend server failure #1,"{""detail"": ""backoff 30s; error_type=server"", ""key_name"": ""friend""}",1,0
1384,1786812302.176638,critical,api_low_balance,ppq balance low: $0.02,"ppq balance at $0.02, below $5.00 threshold. Top up to avoid service interruption.",1,0
1385,1786812456.2814991,WARN,key_backoff,friend server failure #1,"{""detail"": ""backoff 30s; error_type=server"", ""key_name"": ""friend""}",1,0
1386,1786812964.9155755,WARN,key_backoff,friend server failure #1,"{""detail"": ""backoff 30s; error_type=server"", ""key_name"": ""friend""}",1,0
1387,1786813080.9681206,WARN,key_backoff,friend exhausted failure #1,"{""detail"": ""backoff 2.0s; error_type=exhausted"", ""key_name"": ""friend""}",1,0
1388,1786813085.7093437,WARN,key_backoff,friend server failure #1,"{""detail"": ""backoff 30s; error_type=server"", ""key_name"": ""friend""}",1,0
1389,1786813202.1929498,critical,api_low_balance,ppq balance low: $0.02,"ppq balance at $0.02, below $5.00 threshold. Top up to avoid service interruption.",1,0
1390,1786813204.9410732,warning,circuit_breaker,Circuit breaker: hermes-for-friends/t_b83c56d0 (3 consecutive crashed runs),"{""last_error"": ""Iteration budget exhausted (40/40) \u2014 task could not complete within the allowed iterations"", ""run_count"": 4, ""crashed_runs"": 1, ""profile"": ""worker-admin"", ""status_at_trip"": ""running""}",1,0
1391,1786813208.8637764,CRITICAL,api_low_balance,ppq balance low: $0.02,"ppq balance at $0.02, below $5 threshold. Top up to avoid service interruption. (data 5 min old)",1,0
1392,1786813208.865066,WARN,cost_inefficiency,"Using openrouter for glm-5.2 ($0.97/M), routstrd cheaper ($0.53/M)","73 calls / 3,635,017 tokens on openrouter at $0.97/M. routstrd available at $0.53/M — potential savings $1.60/24h. Top up routstrd if depleted.",1,0
1393,1786813208.865115,WARN,cost_inefficiency,"Using telnyx for glm-5.2 ($2.15/M), routstrd cheaper ($0.53/M)","8 calls / 561,240 tokens on telnyx at $2.15/M. routstrd available at $0.53/M — potential savings $0.91/24h. Top up routstrd if depleted.",1,0
1394,1786813225.1357203,WARN,key_backoff,friend exhausted failure #1,"{""detail"": ""backoff 2.0s; error_type=exhausted"", ""key_name"": ""friend""}",1,0
1395,1786813239.7161813,WARN,key_backoff,friend exhausted failure #1,"{""detail"": ""backoff 2.0s; error_type=exhausted"", ""key_name"": ""friend""}",1,0
1396,1786813258.229496,WARN,key_backoff,friend exhausted failure #1,"{""detail"": ""backoff 2.0s; error_type=exhausted"", ""key_name"": ""friend""}",1,0
1397,1786813270.8223171,WARN,key_backoff,friend exhausted failure #1,"{""detail"": ""backoff 2.0s; error_type=exhausted"", ""key_name"": ""friend""}",1,0
1398,1786813788.5881884,WARN,key_backoff,friend exhausted failure #1,"{""detail"": ""backoff 2.0s; error_type=exhausted"", ""key_name"": ""friend""}",1,0
1399,1786813912.6754768,WARN,key_backoff,friend server failure #1,"{""detail"": ""backoff 30s; error_type=server"", ""key_name"": ""friend""}",1,0
1400,1786814078.3588629,WARN,key_backoff,friend exhausted failure #1,"{""detail"": ""backoff 2.0s; error_type=exhausted"", ""key_name"": ""friend""}",1,0
1401,1786814102.1589186,critical,api_low_balance,ppq balance low: $0.02,"ppq balance at $0.02, below $5.00 threshold. Top up to avoid service interruption.",1,0
1402,1786815002.2653534,critical,api_low_balance,ppq balance low: $0.02,"ppq balance at $0.02, below $5.00 threshold. Top up to avoid service interruption.",1,0
1403,1786815009.00612,CRITICAL,api_low_balance,ppq balance low: $0.02,"ppq balance at $0.02, below $5 threshold. Top up to avoid service interruption. (data 5 min old)",1,0
1404,1786815009.0076032,WARN,cost_inefficiency,"Using openrouter for glm-5.2 ($0.97/M), routstrd cheaper ($0.53/M)","78 calls / 3,997,907 tokens on openrouter at $0.97/M. routstrd available at $0.53/M — potential savings $1.76/24h. Top up routstrd if depleted.",1,0
1405,1786815009.011523,WARN,cost_inefficiency,"Using telnyx for glm-5.2 ($2.15/M), routstrd cheaper ($0.53/M)","8 calls / 561,240 tokens on telnyx at $2.15/M. routstrd available at $0.53/M — potential savings $0.91/24h. Top up routstrd if depleted.",1,0
1406,1786815901.5105946,critical,api_low_balance,ppq balance low: $0.02,"ppq balance at $0.02, below $5.00 threshold. Top up to avoid service interruption.",1,0
1407,1786816356.7882664,WARN,key_backoff,friend server failure #1,"{""detail"": ""backoff 30s; error_type=server"", ""key_name"": ""friend""}",1,0
1408,1786816605.4589758,WARN,key_backoff,friend server failure #1,"{""detail"": ""backoff 30s; error_type=server"", ""key_name"": ""friend""}",1,0
1409,1786816802.4341586,critical,api_low_balance,ppq balance low: $0.02,"ppq balance at $0.02, below $5.00 threshold. Top up to avoid service interruption.",1,0
1410,1786816810.8672614,CRITICAL,api_low_balance,ppq balance low: $0.02,"ppq balance at $0.02, below $5 threshold. Top up to avoid service interruption. (data 5 min old)",1,0
1411,1786816810.8680432,WARN,cost_inefficiency,"Using openrouter for glm-5.2 ($0.97/M), routstrd cheaper ($0.53/M)","78 calls / 3,997,907 tokens on openrouter at $0.97/M. routstrd available at $0.53/M — potential savings $1.76/24h. Top up routstrd if depleted.",1,0
1412,1786816810.868062,WARN,cost_inefficiency,"Using telnyx for glm-5.2 ($2.15/M), routstrd cheaper ($0.53/M)","11 calls / 675,484 tokens on telnyx at $2.15/M. routstrd available at $0.53/M — potential savings $1.09/24h. Top up routstrd if depleted.",1,0
1413,1786816829.0190277,WARN,key_backoff,friend exhausted failure #1,"{""detail"": ""backoff 2.0s; error_type=exhausted"", ""key_name"": ""friend""}",1,0
1414,1786816830.4004245,WARN,key_backoff,friend exhausted failure #2,"{""detail"": ""backoff 4.0s; error_type=exhausted"", ""key_name"": ""friend""}",1,0
1415,1786817701.33893,critical,api_low_balance,ppq balance low: $0.02,"ppq balance at $0.02, below $5.00 threshold. Top up to avoid service interruption.",1,0
1416,1786818601.3159635,critical,api_low_balance,ppq balance low: $0.02,"ppq balance at $0.02, below $5.00 threshold. Top up to avoid service interruption.",1,0
1417,1786818609.8206625,CRITICAL,api_low_balance,ppq balance low: $0.02,"ppq balance at $0.02, below $5 threshold. Top up to avoid service interruption. (data 5 min old)",1,0
1418,1786818609.8217003,WARN,cost_inefficiency,"Using openrouter for glm-5.2 ($0.97/M), routstrd cheaper ($0.53/M)","78 calls / 3,997,907 tokens on openrouter at $0.97/M. routstrd available at $0.53/M — potential savings $1.76/24h. Top up routstrd if depleted.",1,0
1419,1786818609.8217165,WARN,cost_inefficiency,"Using telnyx for glm-5.2 ($2.15/M), routstrd cheaper ($0.53/M)","13 calls / 764,902 tokens on telnyx at $2.15/M. routstrd available at $0.53/M — potential savings $1.24/24h. Top up routstrd if depleted.",1,0
1420,1786819501.9341855,critical,api_low_balance,ppq balance low: $0.02,"ppq balance at $0.02, below $5.00 threshold. Top up to avoid service interruption.",1,0
1421,1786820402.0996633,critical,api_low_balance,ppq balance low: $0.02,"ppq balance at $0.02, below $5.00 threshold. Top up to avoid service interruption.",1,0
1422,1786820409.150223,CRITICAL,api_low_balance,ppq balance low: $0.02,"ppq balance at $0.02, below $5 threshold. Top up to avoid service interruption. (data 5 min old)",1,0
1423,1786820409.1509356,WARN,cost_inefficiency,"Using openrouter for glm-5.2 ($0.97/M), routstrd cheaper ($0.53/M)","78 calls / 3,997,907 tokens on openrouter at $0.97/M. routstrd available at $0.53/M — potential savings $1.76/24h. Top up routstrd if depleted.",1,0
1424,1786820409.1509523,WARN,cost_inefficiency,"Using telnyx for glm-5.2 ($2.15/M), routstrd cheaper ($0.53/M)","13 calls / 764,902 tokens on telnyx at $2.15/M. routstrd available at $0.53/M — potential savings $1.24/24h. Top up routstrd if depleted.",1,0
1425,1786821302.3395693,critical,api_low_balance,ppq balance low: $0.02,"ppq balance at $0.02, below $5.00 threshold. Top up to avoid service interruption.",1,0
1426,1786822202.737497,critical,api_low_balance,ppq balance low: $0.02,"ppq balance at $0.02, below $5.00 threshold. Top up to avoid service interruption.",1,0
1427,1786822209.8122184,CRITICAL,api_low_balance,ppq balance low: $0.02,"ppq balance at $0.02, below $5 threshold. Top up to avoid service interruption. (data 5 min old)",1,0
1428,1786822209.812916,WARN,cost_inefficiency,"Using openrouter for glm-5.2 ($0.97/M), routstrd cheaper ($0.53/M)","78 calls / 3,997,907 tokens on openrouter at $0.97/M. routstrd available at $0.53/M — potential savings $1.76/24h. Top up routstrd if depleted.",1,0
1429,1786822209.8131783,WARN,cost_inefficiency,"Using telnyx for glm-5.2 ($2.15/M), routstrd cheaper ($0.53/M)","13 calls / 764,902 tokens on telnyx at $2.15/M. routstrd available at $0.53/M — potential savings $1.24/24h. Top up routstrd if depleted.",1,0
1430,1786823101.4888597,critical,api_low_balance,ppq balance low: $0.02,"ppq balance at $0.02, below $5.00 threshold. Top up to avoid service interruption.",1,0
1431,1786823745.9421592,WARN,key_backoff,friend server failure #1,"{""detail"": ""backoff 30s; error_type=server"", ""key_name"": ""friend""}",1,0
1432,1786824002.070436,critical,api_low_balance,ppq balance low: $0.02,"ppq balance at $0.02, below $5.00 threshold. Top up to avoid service interruption.",1,0
1433,1786824008.5221922,CRITICAL,api_low_balance,ppq balance low: $0.02,"ppq balance at $0.02, below $5 threshold. Top up to avoid service interruption. (data 5 min old)",1,0
1434,1786824008.522826,WARN,cost_inefficiency,"Using openrouter for glm-5.2 ($0.97/M), routstrd cheaper ($0.53/M)","79 calls / 4,105,390 tokens on openrouter at $0.97/M. routstrd available at $0.53/M — potential savings $1.81/24h. Top up routstrd if depleted.",1,0
1435,1786824008.5228436,WARN,cost_inefficiency,"Using telnyx for glm-5.2 ($2.15/M), routstrd cheaper ($0.53/M)","13 calls / 764,902 tokens on telnyx at $2.15/M. routstrd available at $0.53/M — potential savings $1.24/24h. Top up routstrd if depleted.",1,0
1436,1786824883.8283753,WARN,key_backoff,friend server failure #1,"{""detail"": ""backoff 30s; error_type=server"", ""key_name"": ""friend""}",1,0
1437,1786824902.173785,critical,api_low_balance,ppq balance low: $0.02,"ppq balance at $0.02, below $5.00 threshold. Top up to avoid service interruption.",1,0
1438,1786825159.1753967,WARN,key_backoff,friend server failure #1,"{""detail"": ""backoff 30s; error_type=server"", ""key_name"": ""friend""}",1,0
1439,1786825673.3484943,WARN,key_backoff,friend server failure #1,"{""detail"": ""backoff 30s; error_type=server"", ""key_name"": ""friend""}",1,0
1440,1786825794.081437,WARN,key_backoff,friend server failure #1,"{""detail"": ""backoff 30s; error_type=server"", ""key_name"": ""friend""}",1,0
1441,1786825801.8828979,critical,api_low_balance,ppq balance low: $0.02,"ppq balance at $0.02, below $5.00 threshold. Top up to avoid service interruption.",1,0
1442,1786825808.9296303,CRITICAL,api_low_balance,ppq balance low: $0.02,"ppq balance at $0.02, below $5 threshold. Top up to avoid service interruption. (data 5 min old)",1,0
1443,1786825808.9302268,WARN,cost_inefficiency,"Using openrouter for glm-5.2 ($0.97/M), routstrd cheaper ($0.53/M)","80 calls / 4,132,955 tokens on openrouter at $0.97/M. routstrd available at $0.53/M — potential savings $1.82/24h. Top up routstrd if depleted.",1,0
1444,1786825808.930243,WARN,cost_inefficiency,"Using telnyx for glm-5.2 ($2.15/M), routstrd cheaper ($0.53/M)","13 calls / 764,902 tokens on telnyx at $2.15/M. routstrd available at $0.53/M — potential savings $1.24/24h. Top up routstrd if depleted.",1,0
1445,1786826701.5837827,critical,api_low_balance,ppq balance low: $0.02,"ppq balance at $0.02, below $5.00 threshold. Top up to avoid service interruption.",1,0
1446,1786826712.24097,WARN,key_backoff,friend exhausted failure #1,"{""detail"": ""backoff 2.0s; error_type=exhausted"", ""key_name"": ""friend""}",1,0
1447,1786827308.4743905,WARN,key_backoff,friend server failure #1,"{""detail"": ""backoff 30s; error_type=server"", ""key_name"": ""friend""}",1,0
1448,1786827601.478319,critical,api_low_balance,ppq balance low: $0.02,"ppq balance at $0.02, below $5.00 threshold. Top up to avoid service interruption.",1,0
1449,1786827608.3674247,CRITICAL,api_low_balance,ppq balance low: $0.02,"ppq balance at $0.02, below $5 threshold. Top up to avoid service interruption. (data 5 min old)",1,0
1450,1786827608.3691516,WARN,cost_inefficiency,"Using openrouter for glm-5.2 ($0.97/M), routstrd cheaper ($0.53/M)","82 calls / 4,320,170 tokens on openrouter at $0.97/M. routstrd available at $0.53/M — potential savings $1.90/24h. Top up routstrd if depleted.",1,0
1451,1786827608.3691998,WARN,cost_inefficiency,"Using telnyx for glm-5.2 ($2.15/M), routstrd cheaper ($0.53/M)","13 calls / 764,902 tokens on telnyx at $2.15/M. routstrd available at $0.53/M — potential savings $1.24/24h. Top up routstrd if depleted.",1,0
1452,1786827674.3079035,WARN,key_backoff,friend server failure #1,"{""detail"": ""backoff 30s; error_type=server"", ""key_name"": ""friend""}",1,0
1453,1786827753.1063857,WARN,key_backoff,friend exhausted failure #1,"{""detail"": ""backoff 2.0s; error_type=exhausted"", ""key_name"": ""friend""}",1,0
1454,1786827897.1879575,WARN,key_backoff,friend exhausted failure #1,"{""detail"": ""backoff 2.0s; error_type=exhausted"", ""key_name"": ""friend""}",1,0
1455,1786828089.3234057,WARN,key_backoff,friend server failure #1,"{""detail"": ""backoff 30s; error_type=server"", ""key_name"": ""friend""}",1,0
1456,1786828125.949478,WARN,key_backoff,friend exhausted failure #1,"{""detail"": ""backoff 2.0s; error_type=exhausted"", ""key_name"": ""friend""}",1,0
1457,1786828501.481383,critical,api_low_balance,ppq balance low: $0.02,"ppq balance at $0.02, below $5.00 threshold. Top up to avoid service interruption.",1,0
1458,1786829402.460734,critical,api_low_balance,ppq balance low: $0.02,"ppq balance at $0.02, below $5.00 threshold. Top up to avoid service interruption.",1,0
1459,1786829402.460734,warning,api_expensive_request,ppq expensive interval: $0.98,ppq spend in last interval ($0.98) exceeds $0.10 threshold.,1,0
1460,1786829408.6865065,CRITICAL,api_low_balance,ppq balance low: $0.02,"ppq balance at $0.02, below $5 threshold. Top up to avoid service interruption. (data 5 min old)",1,0
1461,1786829408.6881552,WARN,cost_inefficiency,"Using openrouter for glm-5.2 ($0.97/M), routstrd cheaper ($0.53/M)","82 calls / 4,320,170 tokens on openrouter at $0.97/M. routstrd available at $0.53/M — potential savings $1.90/24h. Top up routstrd if depleted.",1,0
1462,1786829408.6881692,WARN,cost_inefficiency,"Using telnyx for glm-5.2 ($2.15/M), routstrd cheaper ($0.53/M)","23 calls / 1,239,056 tokens on telnyx at $2.15/M. routstrd available at $0.53/M — potential savings $2.01/24h. Top up routstrd if depleted.",1,0
1463,1786829665.4637,WARN,key_backoff,friend server failure #1,"{""detail"": ""backoff 30s; error_type=server"", ""key_name"": ""friend""}",1,0
1464,1786829724.1863751,WARN,key_backoff,friend server failure #1,"{""detail"": ""backoff 30s; error_type=server"", ""key_name"": ""friend""}",1,0
1465,1786829725.3356442,WARN,key_backoff,friend server failure #2,"{""detail"": ""backoff 30s; error_type=server"", ""key_name"": ""friend""}",1,0
1466,1786829950.4560847,WARN,key_backoff,friend server failure #1,"{""detail"": ""backoff 30s; error_type=server"", ""key_name"": ""friend""}",1,0
1467,1786830084.922874,WARN,key_backoff,friend server failure #1,"{""detail"": ""backoff 30s; error_type=server"", ""key_name"": ""friend""}",1,0
1468,1786830245.3040528,WARN,key_backoff,friend server failure #1,"{""detail"": ""backoff 30s; error_type=server"", ""key_name"": ""friend""}",1,0
1469,1786830249.019692,WARN,key_backoff,friend server failure #1,"{""detail"": ""backoff 30s; error_type=server"", ""key_name"": ""friend""}",1,0
1470,1786830265.4480307,WARN,key_backoff,friend exhausted failure #1,"{""detail"": ""backoff 2.0s; error_type=exhausted"", ""key_name"": ""friend""}",1,0
1471,1786830284.488568,WARN,key_backoff,friend exhausted failure #1,"{""detail"": ""backoff 2.0s; error_type=exhausted"", ""key_name"": ""friend""}",1,0
1472,1786830302.1261728,critical,api_low_balance,ppq balance low: $0.02,"ppq balance at $0.02, below $5.00 threshold. Top up to avoid service interruption.",1,0
1473,1786830302.14163,warning,api_burn_burst,openrouter burn burst: $0.1885 (z=3.2σ),"openrouter spend this interval ($0.1885) is 3.2σ above the rolling mean ($0.0153, σ=$0.0537). Possible runaway agent or expensive request.",1,0
1474,1786830302.14163,warning,api_expensive_request,openrouter expensive interval: $0.19,openrouter spend in last interval ($0.19) exceeds $0.10 threshold.,1,0
1475,1786830581.7044091,WARN,key_backoff,friend server failure #1,"{""detail"": ""backoff 30s; error_type=server"", ""key_name"": ""friend""}",1,0
1476,1786830599.87552,warning,ppq_budget,PPQ retry-storm blocked,"identical prompt (sha256 e3b0c442) attempted 3x in 600s — crash-loop signature, PPQ refused",1,1
1477,1786830651.8823993,WARN,key_backoff,friend server failure #1,"{""detail"": ""backoff 30s; error_type=server"", ""key_name"": ""friend""}",1,0
1478,1786830652.4799824,WARN,key_backoff,friend server failure #2,"{""detail"": ""backoff 30s; error_type=server"", ""key_name"": ""friend""}",1,0
1479,1786830655.5229416,WARN,key_backoff,friend server failure #1,"{""detail"": ""backoff 30s; error_type=server"", ""key_name"": ""friend""}",1,0
1480,1786830655.7434027,WARN,key_backoff,friend server failure #2,"{""detail"": ""backoff 30s; error_type=server"", ""key_name"": ""friend""}",1,0
1481,1786831202.2832034,critical,api_low_balance,ppq balance low: $0.02,"ppq balance at $0.02, below $5.00 threshold. Top up to avoid service interruption.",1,0
1482,1786831202.296958,warning,api_burn_burst,openrouter burn burst: $0.2718 (z=4.3σ),"openrouter spend this interval ($0.2718) is 4.3σ above the rolling mean ($0.0200, σ=$0.0588). Possible runaway agent or expensive request.",1,0
1483,1786831202.296958,warning,api_expensive_request,openrouter expensive interval: $0.27,openrouter spend in last interval ($0.27) exceeds $0.10 threshold.,1,0
1484,1786831208.8061373,CRITICAL,api_low_balance,ppq balance low: $0.02,"ppq balance at $0.02, below $5 threshold. Top up to avoid service interruption. (data 5 min old)",1,0
1485,1786831208.8073664,WARN,cost_inefficiency,"Using openrouter for glm-5.2 ($0.97/M), routstrd cheaper ($0.53/M)","94 calls / 5,080,606 tokens on openrouter at $0.97/M. routstrd available at $0.53/M — potential savings $2.24/24h. Top up routstrd if depleted.",1,0
1486,1786831208.8074102,WARN,cost_inefficiency,"Using telnyx for glm-5.2 ($2.15/M), routstrd cheaper ($0.53/M)","23 calls / 1,239,056 tokens on telnyx at $2.15/M. routstrd available at $0.53/M — potential savings $2.01/24h. Top up routstrd if depleted.",1,0
1487,1786831658.3754454,WARN,key_backoff,friend server failure #1,"{""detail"": ""backoff 30s; error_type=server"", ""key_name"": ""friend""}",1,0
1488,1786832101.8526537,critical,api_low_balance,ppq balance low: $0.02,"ppq balance at $0.02, below $5.00 threshold. Top up to avoid service interruption.",1,0
1489,1786832328.0295713,WARN,key_backoff,friend exhausted failure #1,"{""detail"": ""backoff 2.0s; error_type=exhausted"", ""key_name"": ""friend""}",1,0
1490,1786832364.7625318,WARN,key_backoff,friend exhausted failure #1,"{""detail"": ""backoff 2.0s; error_type=exhausted"", ""key_name"": ""friend""}",1,0
1491,1786832485.673079,WARN,key_backoff,friend exhausted failure #1,"{""detail"": ""backoff 2.0s; error_type=exhausted"", ""key_name"": ""friend""}",1,0
1492,1786832528.9433258,WARN,key_backoff,friend exhausted failure #1,"{""detail"": ""backoff 2.0s; error_type=exhausted"", ""key_name"": ""friend""}",1,0
1493,1786832534.0316012,WARN,key_backoff,friend server failure #2,"{""detail"": ""backoff 30s; error_type=server"", ""key_name"": ""friend""}",1,0
1494,1786832609.0318394,WARN,key_backoff,friend exhausted failure #1,"{""detail"": ""backoff 2.0s; error_type=exhausted"", ""key_name"": ""friend""}",1,0
1495,1786832610.08542,WARN,key_backoff,friend exhausted failure #2,"{""detail"": ""backoff 4.0s; error_type=exhausted"", ""key_name"": ""friend""}",1,0
1496,1786832660.9428217,WARN,key_backoff,friend exhausted failure #1,"{""detail"": ""backoff 2.0s; error_type=exhausted"", ""key_name"": ""friend""}",1,0
1497,1786832798.4496388,WARN,key_backoff,friend exhausted failure #1,"{""detail"": ""backoff 2.0s; error_type=exhausted"", ""key_name"": ""friend""}",1,0
1498,1786832799.876961,WARN,key_backoff,friend exhausted failure #1,"{""detail"": ""backoff 2.0s; error_type=exhausted"", ""key_name"": ""friend""}",1,0
1499,1786832812.4812357,WARN,key_backoff,friend exhausted failure #1,"{""detail"": ""backoff 2.0s; error_type=exhausted"", ""key_name"": ""friend""}",1,0
1500,1786832923.1852438,WARN,key_backoff,friend exhausted failure #1,"{""detail"": ""backoff 2.0s; error_type=exhausted"", ""key_name"": ""friend""}",1,0
1501,1786832948.211614,WARN,key_backoff,friend exhausted failure #1,"{""detail"": ""backoff 2.0s; error_type=exhausted"", ""key_name"": ""friend""}",1,0
1502,1786832955.1752222,WARN,key_backoff,friend exhausted failure #1,"{""detail"": ""backoff 2.0s; error_type=exhausted"", ""key_name"": ""friend""}",1,0
1503,1786832968.9211576,WARN,key_backoff,friend exhausted failure #1,"{""detail"": ""backoff 2.0s; error_type=exhausted"", ""key_name"": ""friend""}",1,0
1504,1786833001.9805927,critical,api_low_balance,ppq balance low: $0.02,"ppq balance at $0.02, below $5.00 threshold. Top up to avoid service interruption.",1,0
1505,1786833008.5152233,CRITICAL,api_low_balance,ppq balance low: $0.02,"ppq balance at $0.02, below $5 threshold. Top up to avoid service interruption. (data 5 min old)",1,0
1506,1786833008.5161495,WARN,cost_inefficiency,"Using openrouter for glm-5.2 ($0.97/M), routstrd cheaper ($0.53/M)","103 calls / 5,583,602 tokens on openrouter at $0.97/M. routstrd available at $0.53/M — potential savings $2.46/24h. Top up routstrd if depleted.",1,0
1507,1786833008.5161695,WARN,cost_inefficiency,"Using telnyx for glm-5.2 ($2.15/M), routstrd cheaper ($0.53/M)","23 calls / 1,239,056 tokens on telnyx at $2.15/M. routstrd available at $0.53/M — potential savings $2.01/24h. Top up routstrd if depleted.",1,0
1508,1786833145.9988816,WARN,key_backoff,friend exhausted failure #1,"{""detail"": ""backoff 2.0s; error_type=exhausted"", ""key_name"": ""friend""}",1,0
1509,1786833160.0722668,WARN,key_backoff,friend exhausted failure #1,"{""detail"": ""backoff 2.0s; error_type=exhausted"", ""key_name"": ""friend""}",1,0
1510,1786833168.6323378,WARN,key_backoff,friend exhausted failure #1,"{""detail"": ""backoff 2.0s; error_type=exhausted"", ""key_name"": ""friend""}",1,0
1511,1786833169.512759,WARN,key_backoff,friend exhausted failure #2,"{""detail"": ""backoff 4.0s; error_type=exhausted"", ""key_name"": ""friend""}",1,0
1512,1786833217.1303825,WARN,key_backoff,friend exhausted failure #1,"{""detail"": ""backoff 2.0s; error_type=exhausted"", ""key_name"": ""friend""}",1,0
1513,1786833273.7593029,WARN,key_backoff,friend exhausted failure #1,"{""detail"": ""backoff 2.0s; error_type=exhausted"", ""key_name"": ""friend""}",1,0
1514,1786833275.219076,WARN,key_backoff,friend exhausted failure #2,"{""detail"": ""backoff 4.0s; error_type=exhausted"", ""key_name"": ""friend""}",1,0
1515,1786833391.5075114,WARN,key_backoff,friend exhausted failure #1,"{""detail"": ""backoff 2.0s; error_type=exhausted"", ""key_name"": ""friend""}",1,0
1516,1786833439.9254415,WARN,key_backoff,friend server failure #1,"{""detail"": ""backoff 30s; error_type=server"", ""key_name"": ""friend""}",1,0
1517,1786833461.824241,WARN,key_backoff,friend exhausted failure #1,"{""detail"": ""backoff 2.0s; error_type=exhausted"", ""key_name"": ""friend""}",1,0
1518,1786833544.953741,WARN,key_backoff,friend exhausted failure #1,"{""detail"": ""backoff 2.0s; error_type=exhausted"", ""key_name"": ""friend""}",1,0
1519,1786833550.2059188,WARN,key_backoff,friend exhausted failure #1,"{""detail"": ""backoff 2.0s; error_type=exhausted"", ""key_name"": ""friend""}",1,0
1520,1786833577.0672834,WARN,key_backoff,friend exhausted failure #1,"{""detail"": ""backoff 2.0s; error_type=exhausted"", ""key_name"": ""friend""}",1,0
1521,1786833642.6638293,WARN,key_backoff,friend exhausted failure #1,"{""detail"": ""backoff 2.0s; error_type=exhausted"", ""key_name"": ""friend""}",1,0
1522,1786833669.139829,WARN,key_backoff,friend exhausted failure #1,"{""detail"": ""backoff 2.0s; error_type=exhausted"", ""key_name"": ""friend""}",1,0
1523,1786833677.674665,WARN,key_backoff,friend exhausted failure #1,"{""detail"": ""backoff 2.0s; error_type=exhausted"", ""key_name"": ""friend""}",1,0
1524,1786833703.4923959,WARN,key_backoff,friend exhausted failure #1,"{""detail"": ""backoff 2.0s; error_type=exhausted"", ""key_name"": ""friend""}",1,0
1525,1786833703.7303727,WARN,key_backoff,friend exhausted failure #2,"{""detail"": ""backoff 4.0s; error_type=exhausted"", ""key_name"": ""friend""}",1,0
1526,1786833721.4655683,WARN,key_backoff,friend server failure #1,"{""detail"": ""backoff 30s; error_type=server"", ""key_name"": ""friend""}",1,0
1527,1786833767.2417738,WARN,key_backoff,friend exhausted failure #1,"{""detail"": ""backoff 2.0s; error_type=exhausted"", ""key_name"": ""friend""}",1,0
1528,1786833767.3757927,WARN,key_backoff,friend exhausted failure #2,"{""detail"": ""backoff 4.0s; error_type=exhausted"", ""key_name"": ""friend""}",1,0
1529,1786833812.7772353,WARN,key_backoff,friend exhausted failure #1,"{""detail"": ""backoff 2.0s; error_type=exhausted"", ""key_name"": ""friend""}",1,0
1530,1786833841.0387797,WARN,key_backoff,friend exhausted failure #1,"{""detail"": ""backoff 2.0s; error_type=exhausted"", ""key_name"": ""friend""}",1,0
1531,1786833841.9845695,WARN,key_backoff,friend server failure #1,"{""detail"": ""backoff 30s; error_type=server"", ""key_name"": ""friend""}",1,0
1532,1786833897.659371,WARN,key_backoff,friend exhausted failure #1,"{""detail"": ""backoff 2.0s; error_type=exhausted"", ""key_name"": ""friend""}",1,0
1533,1786833902.2040946,critical,api_low_balance,ppq balance low: $0.02,"ppq balance at $0.02, below $5.00 threshold. Top up to avoid service interruption.",1,0
1534,1786833907.648764,WARN,key_backoff,friend exhausted failure #1,"{""detail"": ""backoff 2.0s; error_type=exhausted"", ""key_name"": ""friend""}",1,0
1535,1786833930.574324,WARN,key_backoff,friend exhausted failure #1,"{""detail"": ""backoff 2.0s; error_type=exhausted"", ""key_name"": ""friend""}",1,0
1536,1786833936.6701353,WARN,key_backoff,friend exhausted failure #2,"{""detail"": ""backoff 4.0s; error_type=exhausted"", ""key_name"": ""friend""}",1,0
1537,1786833961.6552863,WARN,key_backoff,friend exhausted failure #1,"{""detail"": ""backoff 2.0s; error_type=exhausted"", ""key_name"": ""friend""}",1,0
1538,1786833963.1237092,WARN,key_backoff,friend server failure #2,"{""detail"": ""backoff 30s; error_type=server"", ""key_name"": ""friend""}",1,0
1539,1786833999.6474295,WARN,key_backoff,friend exhausted failure #1,"{""detail"": ""backoff 2.0s; error_type=exhausted"", ""key_name"": ""friend""}",1,0
1540,1786834032.3112833,WARN,key_backoff,friend exhausted failure #1,"{""detail"": ""backoff 2.0s; error_type=exhausted"", ""key_name"": ""friend""}",1,0
1541,1786834033.2578545,WARN,key_backoff,friend exhausted failure #2,"{""detail"": ""backoff 4.0s; error_type=exhausted"", ""key_name"": ""friend""}",1,0
1542,1786834047.2863908,WARN,key_backoff,friend exhausted failure #1,"{""detail"": ""backoff 2.0s; error_type=exhausted"", ""key_name"": ""friend""}",1,0
1543,1786834099.4498446,WARN,key_backoff,friend exhausted failure #1,"{""detail"": ""backoff 2.0s; error_type=exhausted"", ""key_name"": ""friend""}",1,0
1544,1786834100.689431,WARN,key_backoff,friend exhausted failure #2,"{""detail"": ""backoff 4.0s; error_type=exhausted"", ""key_name"": ""friend""}",1,0
1545,1786834128.668081,WARN,key_backoff,friend exhausted failure #1,"{""detail"": ""backoff 2.0s; error_type=exhausted"", ""key_name"": ""friend""}",1,0
1546,1786834195.8255644,WARN,key_backoff,friend exhausted failure #1,"{""detail"": ""backoff 2.0s; error_type=exhausted"", ""key_name"": ""friend""}",1,0
1547,1786834203.5268052,WARN,key_backoff,friend server failure #2,"{""detail"": ""backoff 30s; error_type=server"", ""key_name"": ""friend""}",1,0
1548,1786834209.4175794,WARN,key_backoff,friend exhausted failure #1,"{""detail"": ""backoff 2.0s; error_type=exhausted"", ""key_name"": ""friend""}",1,0
1549,1786834220.585263,WARN,key_backoff,friend exhausted failure #1,"{""detail"": ""backoff 2.0s; error_type=exhausted"", ""key_name"": ""friend""}",1,0
1550,1786834243.9681551,WARN,key_backoff,friend exhausted failure #1,"{""detail"": ""backoff 2.0s; error_type=exhausted"", ""key_name"": ""friend""}",1,0
1551,1786834245.1554728,WARN,key_backoff,friend exhausted failure #2,"{""detail"": ""backoff 4.0s; error_type=exhausted"", ""key_name"": ""friend""}",1,0
1552,1786834267.4408987,WARN,key_backoff,friend exhausted failure #1,"{""detail"": ""backoff 2.0s; error_type=exhausted"", ""key_name"": ""friend""}",1,0
1553,1786834313.716435,WARN,key_backoff,friend exhausted failure #1,"{""detail"": ""backoff 2.0s; error_type=exhausted"", ""key_name"": ""friend""}",1,0
1554,1786834315.1638117,WARN,key_backoff,friend exhausted failure #2,"{""detail"": ""backoff 4.0s; error_type=exhausted"", ""key_name"": ""friend""}",1,0
1555,1786834435.481088,WARN,key_backoff,friend exhausted failure #1,"{""detail"": ""backoff 2.0s; error_type=exhausted"", ""key_name"": ""friend""}",1,0
1556,1786834452.0603242,WARN,key_backoff,friend exhausted failure #1,"{""detail"": ""backoff 2.0s; error_type=exhausted"", ""key_name"": ""friend""}",1,0
1557,1786834604.8965924,WARN,key_backoff,friend exhausted failure #1,"{""detail"": ""backoff 2.0s; error_type=exhausted"", ""key_name"": ""friend""}",1,0
1558,1786834619.5547302,WARN,key_backoff,friend exhausted failure #1,"{""detail"": ""backoff 2.0s; error_type=exhausted"", ""key_name"": ""friend""}",1,0
1559,1786834632.2501438,WARN,key_backoff,friend exhausted failure #1,"{""detail"": ""backoff 2.0s; error_type=exhausted"", ""key_name"": ""friend""}",1,0
1560,1786834802.4757838,critical,api_low_balance,ppq balance low: $0.02,"ppq balance at $0.02, below $5.00 threshold. Top up to avoid service interruption.",1,0
1561,1786834802.5093522,critical,api_low_balance,openrouter balance low: $4.82,"openrouter balance at $4.82, below $5.00 threshold. Top up to avoid service interruption.",1,0
1562,1786834802.5093522,warning,api_expensive_request,openrouter expensive interval: $0.11,openrouter spend in last interval ($0.11) exceeds $0.10 threshold.,1,0
1563,1786834809.3897727,CRITICAL,api_low_balance,ppq balance low: $0.02,"ppq balance at $0.02, below $5 threshold. Top up to avoid service interruption. (data 5 min old)",1,0
1564,1786834809.390472,CRITICAL,api_low_balance,openrouter balance low: $4.82,"openrouter balance at $4.82, below $5 threshold. Top up to avoid service interruption. (data 5 min old)",1,0
1565,1786834809.3904932,WARN,cost_inefficiency,"Using openrouter for glm-5.2 ($0.97/M), routstrd cheaper ($0.53/M)","157 calls / 8,530,769 tokens on openrouter at $0.97/M. routstrd available at $0.53/M — potential savings $3.75/24h. Top up routstrd if depleted.",1,0
1566,1786834809.390505,WARN,cost_inefficiency,"Using telnyx for glm-5.2 ($2.15/M), routstrd cheaper ($0.53/M)","23 calls / 1,239,056 tokens on telnyx at $2.15/M. routstrd available at $0.53/M — potential savings $2.01/24h. Top up routstrd if depleted.",1,0
1567,1786834868.1655364,WARN,key_backoff,friend exhausted failure #1,"{""detail"": ""backoff 2.0s; error_type=exhausted"", ""key_name"": ""friend""}",1,0
1568,1786835050.279209,WARN,key_backoff,friend exhausted failure #1,"{""detail"": ""backoff 2.0s; error_type=exhausted"", ""key_name"": ""friend""}",1,0
1569,1786835050.6884308,WARN,key_backoff,friend exhausted failure #2,"{""detail"": ""backoff 4.0s; error_type=exhausted"", ""key_name"": ""friend""}",1,0
1570,1786835167.600579,WARN,key_backoff,friend exhausted failure #1,"{""detail"": ""backoff 2.0s; error_type=exhausted"", ""key_name"": ""friend""}",1,0
1571,1786835177.394384,WARN,key_backoff,friend exhausted failure #1,"{""detail"": ""backoff 2.0s; error_type=exhausted"", ""key_name"": ""friend""}",1,0
1572,1786835332.4337282,WARN,key_backoff,friend exhausted failure #1,"{""detail"": ""backoff 2.0s; error_type=exhausted"", ""key_name"": ""friend""}",1,0
1573,1786835701.5755794,critical,api_low_balance,ppq balance low: $0.02,"ppq balance at $0.02, below $5.00 threshold. Top up to avoid service interruption.",1,0
1574,1786835701.595171,critical,api_low_balance,openrouter balance low: $4.66,"openrouter balance at $4.66, below $5.00 threshold. Top up to avoid service interruption.",1,0
1575,1786835701.595171,warning,api_expensive_request,openrouter expensive interval: $0.12,openrouter spend in last interval ($0.12) exceeds $0.10 threshold.,1,0
1576,1786835738.0756116,WARN,key_backoff,friend exhausted failure #1,"{""detail"": ""backoff 2.0s; error_type=exhausted"", ""key_name"": ""friend""}",1,0
1577,1786835861.8014848,WARN,key_backoff,friend exhausted failure #1,"{""detail"": ""backoff 2.0s; error_type=exhausted"", ""key_name"": ""friend""}",1,0
1578,1786836001.4790409,WARN,key_backoff,friend exhausted failure #1,"{""detail"": ""backoff 2.0s; error_type=exhausted"", ""key_name"": ""friend""}",1,0
1579,1786836067.2793736,WARN,key_backoff,friend server failure #1,"{""detail"": ""backoff 30s; error_type=server"", ""key_name"": ""friend""}",1,0
1580,1786836216.3367453,WARN,key_backoff,friend exhausted failure #1,"{""detail"": ""backoff 2.0s; error_type=exhausted"", ""key_name"": ""friend""}",1,0
1581,1786836229.301531,WARN,key_backoff,friend exhausted failure #1,"{""detail"": ""backoff 2.0s; error_type=exhausted"", ""key_name"": ""friend""}",1,0
1582,1786836238.6334393,WARN,key_backoff,friend server failure #1,"{""detail"": ""backoff 30s; error_type=server"", ""key_name"": ""friend""}",1,0
1583,1786836302.6484969,WARN,key_backoff,friend server failure #1,"{""detail"": ""backoff 30s; error_type=server"", ""key_name"": ""friend""}",1,0
1584,1786836358.961814,WARN,key_backoff,friend exhausted failure #1,"{""detail"": ""backoff 2.0s; error_type=exhausted"", ""key_name"": ""friend""}",1,0
1585,1786836381.6116188,WARN,key_backoff,friend exhausted failure #1,"{""detail"": ""backoff 2.0s; error_type=exhausted"", ""key_name"": ""friend""}",1,0
1586,1786836601.9723928,critical,api_low_balance,ppq balance low: $0.02,"ppq balance at $0.02, below $5.00 threshold. Top up to avoid service interruption.",1,0
1587,1786836602.0335417,critical,api_low_balance,openrouter balance low: $4.54,"openrouter balance at $4.54, below $5.00 threshold. Top up to avoid service interruption.",1,0
1588,1786836609.1562858,CRITICAL,api_low_balance,ppq balance low: $0.02,"ppq balance at $0.02, below $5 threshold. Top up to avoid service interruption. (data 5 min old)",1,0
1589,1786836609.1573737,CRITICAL,api_low_balance,openrouter balance low: $4.54,"openrouter balance at $4.54, below $5 threshold. Top up to avoid service interruption. (data 5 min old)",1,0
1590,1786836609.157444,WARN,cost_inefficiency,"Using openrouter for glm-5.2 ($0.97/M), routstrd cheaper ($0.53/M)","171 calls / 9,660,594 tokens on openrouter at $0.97/M. routstrd available at $0.53/M — potential savings $4.25/24h. Top up routstrd if depleted.",1,0
1591,1786836609.157465,WARN,cost_inefficiency,"Using telnyx for glm-5.2 ($2.15/M), routstrd cheaper ($0.53/M)","23 calls / 1,239,056 tokens on telnyx at $2.15/M. routstrd available at $0.53/M — potential savings $2.01/24h. Top up routstrd if depleted.",1,0
1592,1786837254.9786997,WARN,key_backoff,friend server failure #1,"{""detail"": ""backoff 30s; error_type=server"", ""key_name"": ""friend""}",1,0
1593,1786837502.3865876,critical,api_low_balance,ppq balance low: $0.02,"ppq balance at $0.02, below $5.00 threshold. Top up to avoid service interruption.",1,0
1594,1786837502.397221,critical,api_low_balance,openrouter balance low: $4.40,"openrouter balance at $4.40, below $5.00 threshold. Top up to avoid service interruption.",1,0
1595,1786838104.4307714,warning,circuit_breaker,Circuit breaker: hermes-for-friends/t_fa61e022 (3 consecutive crashed runs),"{""last_error"": ""Iteration budget exhausted (40/40) \u2014 task could not complete within the allowed iterations"", ""run_count"": 3, ""crashed_runs"": 1, ""profile"": ""worker-admin"", ""status_at_trip"": ""ready""}",1,0
1596,1786838402.656244,critical,api_low_balance,ppq balance low: $0.02,"ppq balance at $0.02, below $5.00 threshold. Top up to avoid service interruption.",1,0
1597,1786838402.668187,critical,api_low_balance,openrouter balance low: $4.40,"openrouter balance at $4.40, below $5.00 threshold. Top up to avoid service interruption.",1,0
1598,1786838409.378204,CRITICAL,api_low_balance,ppq balance low: $0.02,"ppq balance at $0.02, below $5 threshold. Top up to avoid service interruption. (data 5 min old)",1,0
1599,1786838409.3785775,CRITICAL,api_low_balance,openrouter balance low: $4.40,"openrouter balance at $4.40, below $5 threshold. Top up to avoid service interruption. (data 5 min old)",1,0
1600,1786838409.3785884,WARN,cost_inefficiency,"Using openrouter for glm-5.2 ($0.97/M), routstrd cheaper ($0.53/M)","171 calls / 9,660,594 tokens on openrouter at $0.97/M. routstrd available at $0.53/M — potential savings $4.25/24h. Top up routstrd if depleted.",1,0
1601,1786838409.3785963,WARN,cost_inefficiency,"Using telnyx for glm-5.2 ($2.15/M), routstrd cheaper ($0.53/M)","23 calls / 1,239,056 tokens on telnyx at $2.15/M. routstrd available at $0.53/M — potential savings $2.01/24h. Top up routstrd if depleted.",1,0
1602,1786838451.6213946,WARN,key_backoff,friend exhausted failure #1,"{""detail"": ""backoff 2.0s; error_type=exhausted"", ""key_name"": ""friend""}",1,0
1603,1786839301.8705432,critical,api_low_balance,ppq balance low: $0.02,"ppq balance at $0.02, below $5.00 threshold. Top up to avoid service interruption.",1,0
1604,1786839301.9086719,critical,api_low_balance,openrouter balance low: $4.30,"openrouter balance at $4.30, below $5.00 threshold. Top up to avoid service interruption.",1,0
1605,1786840202.6456668,critical,api_low_balance,ppq balance low: $0.02,"ppq balance at $0.02, below $5.00 threshold. Top up to avoid service interruption.",1,0
1606,1786840202.6530852,critical,api_low_balance,openrouter balance low: $4.30,"openrouter balance at $4.30, below $5.00 threshold. Top up to avoid service interruption.",1,0
1607,1786840210.3166392,CRITICAL,api_low_balance,ppq balance low: $0.02,"ppq balance at $0.02, below $5 threshold. Top up to avoid service interruption. (data 5 min old)",1,0
1608,1786840210.3173025,CRITICAL,api_low_balance,openrouter balance low: $4.30,"openrouter balance at $4.30, below $5 threshold. Top up to avoid service interruption. (data 5 min old)",1,0
1609,1786840210.317315,WARN,cost_inefficiency,"Using openrouter for glm-5.2 ($0.97/M), routstrd cheaper ($0.53/M)","172 calls / 9,735,228 tokens on openrouter at $0.97/M. routstrd available at $0.53/M — potential savings $4.28/24h. Top up routstrd if depleted.",1,0
1610,1786840210.3173237,WARN,cost_inefficiency,"Using telnyx for glm-5.2 ($2.15/M), routstrd cheaper ($0.53/M)","23 calls / 1,239,056 tokens on telnyx at $2.15/M. routstrd available at $0.53/M — potential savings $2.01/24h. Top up routstrd if depleted.",1,0
1611,1786841102.3851852,critical,api_low_balance,ppq balance low: $0.02,"ppq balance at $0.02, below $5.00 threshold. Top up to avoid service interruption.",1,0
1612,1786841102.4025126,critical,api_low_balance,openrouter balance low: $4.30,"openrouter balance at $4.30, below $5.00 threshold. Top up to avoid service interruption.",1,0
1613,1786842002.3858006,critical,api_low_balance,ppq balance low: $0.02,"ppq balance at $0.02, below $5.00 threshold. Top up to avoid service interruption.",1,0
1614,1786842002.4148571,critical,api_low_balance,openrouter balance low: $4.30,"openrouter balance at $4.30, below $5.00 threshold. Top up to avoid service interruption.",1,0
1615,1786842011.8118908,CRITICAL,api_low_balance,ppq balance low: $0.02,"ppq balance at $0.02, below $5 threshold. Top up to avoid service interruption. (data 5 min old)",1,0
1616,1786842011.8123274,CRITICAL,api_low_balance,openrouter balance low: $4.30,"openrouter balance at $4.30, below $5 threshold. Top up to avoid service interruption. (data 5 min old)",1,0
1617,1786842011.8123367,WARN,cost_inefficiency,"Using openrouter for glm-5.2 ($0.97/M), routstrd cheaper ($0.53/M)","172 calls / 9,735,228 tokens on openrouter at $0.97/M. routstrd available at $0.53/M — potential savings $4.28/24h. Top up routstrd if depleted.",1,0
1618,1786842011.812343,WARN,cost_inefficiency,"Using telnyx for glm-5.2 ($2.15/M), routstrd cheaper ($0.53/M)","23 calls / 1,239,056 tokens on telnyx at $2.15/M. routstrd available at $0.53/M — potential savings $2.01/24h. Top up routstrd if depleted.",1,0
1619,1786842901.994526,critical,api_low_balance,ppq balance low: $0.02,"ppq balance at $0.02, below $5.00 threshold. Top up to avoid service interruption.",1,0
1620,1786842902.0057433,critical,api_low_balance,openrouter balance low: $4.30,"openrouter balance at $4.30, below $5.00 threshold. Top up to avoid service interruption.",1,0
1621,1786843801.729918,critical,api_low_balance,ppq balance low: $0.02,"ppq balance at $0.02, below $5.00 threshold. Top up to avoid service interruption.",1,0
1622,1786843801.7546904,critical,api_low_balance,openrouter balance low: $4.30,"openrouter balance at $4.30, below $5.00 threshold. Top up to avoid service interruption.",1,0
1623,1786843808.4680364,CRITICAL,api_low_balance,ppq balance low: $0.02,"ppq balance at $0.02, below $5 threshold. Top up to avoid service interruption. (data 5 min old)",1,0
1624,1786843808.4685857,CRITICAL,api_low_balance,openrouter balance low: $4.30,"openrouter balance at $4.30, below $5 threshold. Top up to avoid service interruption. (data 5 min old)",1,0
1625,1786843808.4686027,WARN,cost_inefficiency,"Using openrouter for glm-5.2 ($0.97/M), routstrd cheaper ($0.53/M)","172 calls / 9,735,228 tokens on openrouter at $0.97/M. routstrd available at $0.53/M — potential savings $4.28/24h. Top up routstrd if depleted.",1,0
1626,1786843808.468613,WARN,cost_inefficiency,"Using telnyx for glm-5.2 ($2.15/M), routstrd cheaper ($0.53/M)","23 calls / 1,239,056 tokens on telnyx at $2.15/M. routstrd available at $0.53/M — potential savings $2.01/24h. Top up routstrd if depleted.",1,0
1627,1786844702.1676955,critical,api_low_balance,ppq balance low: $0.02,"ppq balance at $0.02, below $5.00 threshold. Top up to avoid service interruption.",1,0
1628,1786844702.1798804,critical,api_low_balance,openrouter balance low: $4.30,"openrouter balance at $4.30, below $5.00 threshold. Top up to avoid service interruption.",1,0
1629,1786845601.730488,critical,api_low_balance,ppq balance low: $0.02,"ppq balance at $0.02, below $5.00 threshold. Top up to avoid service interruption.",1,0
1630,1786845601.7378101,critical,api_low_balance,openrouter balance low: $4.30,"openrouter balance at $4.30, below $5.00 threshold. Top up to avoid service interruption.",1,0
1631,1786845608.5411174,CRITICAL,api_low_balance,ppq balance low: $0.02,"ppq balance at $0.02, below $5 threshold. Top up to avoid service interruption. (data 5 min old)",1,0
1632,1786845608.5416753,CRITICAL,api_low_balance,openrouter balance low: $4.30,"openrouter balance at $4.30, below $5 threshold. Top up to avoid service interruption. (data 5 min old)",1,0
1633,1786845608.541694,WARN,cost_inefficiency,"Using openrouter for glm-5.2 ($0.97/M), routstrd cheaper ($0.53/M)","172 calls / 9,735,228 tokens on openrouter at $0.97/M. routstrd available at $0.53/M — potential savings $4.28/24h. Top up routstrd if depleted.",1,0
1634,1786845608.5417078,WARN,cost_inefficiency,"Using telnyx for glm-5.2 ($2.15/M), routstrd cheaper ($0.53/M)","23 calls / 1,239,056 tokens on telnyx at $2.15/M. routstrd available at $0.53/M — potential savings $2.01/24h. Top up routstrd if depleted.",1,0
1635,1786846502.1582477,critical,api_low_balance,ppq balance low: $0.02,"ppq balance at $0.02, below $5.00 threshold. Top up to avoid service interruption.",1,0
1636,1786846502.1637812,critical,api_low_balance,openrouter balance low: $4.30,"openrouter balance at $4.30, below $5.00 threshold. Top up to avoid service interruption.",1,0
1637,1786847401.3206224,critical,api_low_balance,ppq balance low: $0.02,"ppq balance at $0.02, below $5.00 threshold. Top up to avoid service interruption.",1,0
1638,1786847401.3350205,critical,api_low_balance,openrouter balance low: $4.30,"openrouter balance at $4.30, below $5.00 threshold. Top up to avoid service interruption.",1,0
1639,1786847408.9542282,CRITICAL,api_low_balance,ppq balance low: $0.02,"ppq balance at $0.02, below $5 threshold. Top up to avoid service interruption. (data 5 min old)",1,0
1640,1786847408.9547155,CRITICAL,api_low_balance,openrouter balance low: $4.30,"openrouter balance at $4.30, below $5 threshold. Top up to avoid service interruption. (data 5 min old)",1,0
1641,1786847408.9547276,WARN,cost_inefficiency,"Using openrouter for glm-5.2 ($0.97/M), routstrd cheaper ($0.53/M)","172 calls / 9,735,228 tokens on openrouter at $0.97/M. routstrd available at $0.53/M — potential savings $4.28/24h. Top up routstrd if depleted.",1,0
1642,1786847408.954737,WARN,cost_inefficiency,"Using telnyx for glm-5.2 ($2.15/M), routstrd cheaper ($0.53/M)","23 calls / 1,239,056 tokens on telnyx at $2.15/M. routstrd available at $0.53/M — potential savings $2.01/24h. Top up routstrd if depleted.",1,0
1643,1786848301.6557946,critical,api_low_balance,ppq balance low: $0.02,"ppq balance at $0.02, below $5.00 threshold. Top up to avoid service interruption.",1,0
1644,1786848301.6862493,critical,api_low_balance,openrouter balance low: $4.30,"openrouter balance at $4.30, below $5.00 threshold. Top up to avoid service interruption.",1,0
1645,1786849201.7195697,critical,api_low_balance,ppq balance low: $0.02,"ppq balance at $0.02, below $5.00 threshold. Top up to avoid service interruption.",1,0
1646,1786849201.7504728,critical,api_low_balance,openrouter balance low: $4.30,"openrouter balance at $4.30, below $5.00 threshold. Top up to avoid service interruption.",1,0
1647,1786849208.6284652,CRITICAL,api_low_balance,ppq balance low: $0.02,"ppq balance at $0.02, below $5 threshold. Top up to avoid service interruption. (data 5 min old)",1,0
1648,1786849208.6290236,CRITICAL,api_low_balance,openrouter balance low: $4.30,"openrouter balance at $4.30, below $5 threshold. Top up to avoid service interruption. (data 5 min old)",1,0
1649,1786849208.6290364,WARN,cost_inefficiency,"Using openrouter for glm-5.2 ($0.97/M), routstrd cheaper ($0.53/M)","172 calls / 9,735,228 tokens on openrouter at $0.97/M. routstrd available at $0.53/M — potential savings $4.28/24h. Top up routstrd if depleted.",1,0
1650,1786849208.6290455,WARN,cost_inefficiency,"Using telnyx for glm-5.2 ($2.15/M), routstrd cheaper ($0.53/M)","23 calls / 1,239,056 tokens on telnyx at $2.15/M. routstrd available at $0.53/M — potential savings $2.01/24h. Top up routstrd if depleted.",1,0
1651,1786850101.3707757,critical,api_low_balance,ppq balance low: $0.02,"ppq balance at $0.02, below $5.00 threshold. Top up to avoid service interruption.",1,0
1652,1786850101.3738365,critical,api_low_balance,openrouter balance low: $4.30,"openrouter balance at $4.30, below $5.00 threshold. Top up to avoid service interruption.",1,0
1653,1786851001.592502,critical,api_low_balance,ppq balance low: $0.02,"ppq balance at $0.02, below $5.00 threshold. Top up to avoid service interruption.",1,0
1654,1786851001.5987928,critical,api_low_balance,openrouter balance low: $4.30,"openrouter balance at $4.30, below $5.00 threshold. Top up to avoid service interruption.",1,0
1655,1786851008.3991802,CRITICAL,api_low_balance,ppq balance low: $0.02,"ppq balance at $0.02, below $5 threshold. Top up to avoid service interruption. (data 5 min old)",1,0
1656,1786851008.4007514,CRITICAL,api_low_balance,openrouter balance low: $4.30,"openrouter balance at $4.30, below $5 threshold. Top up to avoid service interruption. (data 5 min old)",1,0
1657,1786851008.4007804,WARN,cost_inefficiency,"Using openrouter for glm-5.2 ($0.97/M), routstrd cheaper ($0.53/M)","172 calls / 9,735,228 tokens on openrouter at $0.97/M. routstrd available at $0.53/M — potential savings $4.28/24h. Top up routstrd if depleted.",1,0
1658,1786851008.400799,WARN,cost_inefficiency,"Using telnyx for glm-5.2 ($2.15/M), routstrd cheaper ($0.53/M)","23 calls / 1,239,056 tokens on telnyx at $2.15/M. routstrd available at $0.53/M — potential savings $2.01/24h. Top up routstrd if depleted.",1,0
1659,1786851901.4235373,critical,api_low_balance,ppq balance low: $0.02,"ppq balance at $0.02, below $5.00 threshold. Top up to avoid service interruption.",1,0
1660,1786851901.4379027,critical,api_low_balance,openrouter balance low: $4.30,"openrouter balance at $4.30, below $5.00 threshold. Top up to avoid service interruption.",1,0
1661,1786852801.441745,critical,api_low_balance,ppq balance low: $0.02,"ppq balance at $0.02, below $5.00 threshold. Top up to avoid service interruption.",1,0
1662,1786852801.4506538,critical,api_low_balance,openrouter balance low: $4.30,"openrouter balance at $4.30, below $5.00 threshold. Top up to avoid service interruption.",1,0
1663,1786852808.3391473,CRITICAL,api_low_balance,ppq balance low: $0.02,"ppq balance at $0.02, below $5 threshold. Top up to avoid service interruption. (data 5 min old)",1,0
1664,1786852808.33953,CRITICAL,api_low_balance,openrouter balance low: $4.30,"openrouter balance at $4.30, below $5 threshold. Top up to avoid service interruption. (data 5 min old)",1,0
1665,1786852808.339538,WARN,cost_inefficiency,"Using openrouter for glm-5.2 ($0.97/M), routstrd cheaper ($0.53/M)","172 calls / 9,735,228 tokens on openrouter at $0.97/M. routstrd available at $0.53/M — potential savings $4.28/24h. Top up routstrd if depleted.",1,0
1666,1786852808.339553,WARN,cost_inefficiency,"Using telnyx for glm-5.2 ($2.15/M), routstrd cheaper ($0.53/M)","23 calls / 1,239,056 tokens on telnyx at $2.15/M. routstrd available at $0.53/M — potential savings $2.01/24h. Top up routstrd if depleted.",1,0
1667,1786853701.7645996,critical,api_low_balance,ppq balance low: $0.02,"ppq balance at $0.02, below $5.00 threshold. Top up to avoid service interruption.",1,0
1668,1786853701.7952247,critical,api_low_balance,openrouter balance low: $4.30,"openrouter balance at $4.30, below $5.00 threshold. Top up to avoid service interruption.",1,0
1669,1786854601.7249966,critical,api_low_balance,ppq balance low: $0.02,"ppq balance at $0.02, below $5.00 threshold. Top up to avoid service interruption.",1,0
1670,1786854601.7427647,critical,api_low_balance,openrouter balance low: $4.30,"openrouter balance at $4.30, below $5.00 threshold. Top up to avoid service interruption.",1,0
1671,1786854608.6027129,CRITICAL,api_low_balance,ppq balance low: $0.02,"ppq balance at $0.02, below $5 threshold. Top up to avoid service interruption. (data 5 min old)",1,0
1672,1786854608.603844,CRITICAL,api_low_balance,openrouter balance low: $4.30,"openrouter balance at $4.30, below $5 threshold. Top up to avoid service interruption. (data 5 min old)",1,0
1673,1786854608.6038744,WARN,cost_inefficiency,"Using openrouter for glm-5.2 ($0.97/M), routstrd cheaper ($0.53/M)","172 calls / 9,735,228 tokens on openrouter at $0.97/M. routstrd available at $0.53/M — potential savings $4.28/24h. Top up routstrd if depleted.",1,0
1674,1786854608.6038938,WARN,cost_inefficiency,"Using telnyx for glm-5.2 ($2.15/M), routstrd cheaper ($0.53/M)","23 calls / 1,239,056 tokens on telnyx at $2.15/M. routstrd available at $0.53/M — potential savings $2.01/24h. Top up routstrd if depleted.",1,0
1675,1786855501.633529,critical,api_low_balance,ppq balance low: $0.02,"ppq balance at $0.02, below $5.00 threshold. Top up to avoid service interruption.",1,0
1676,1786855501.6499445,critical,api_low_balance,openrouter balance low: $4.30,"openrouter balance at $4.30, below $5.00 threshold. Top up to avoid service interruption.",1,0
1677,1786856402.2410228,critical,api_low_balance,ppq balance low: $0.02,"ppq balance at $0.02, below $5.00 threshold. Top up to avoid service interruption.",1,0
1678,1786856402.254616,critical,api_low_balance,openrouter balance low: $4.30,"openrouter balance at $4.30, below $5.00 threshold. Top up to avoid service interruption.",1,0
1679,1786856409.0588503,CRITICAL,api_low_balance,ppq balance low: $0.02,"ppq balance at $0.02, below $5 threshold. Top up to avoid service interruption. (data 5 min old)",1,0
1680,1786856409.0593941,CRITICAL,api_low_balance,openrouter balance low: $4.30,"openrouter balance at $4.30, below $5 threshold. Top up to avoid service interruption. (data 5 min old)",1,0
1681,1786856409.0594096,WARN,cost_inefficiency,"Using openrouter for glm-5.2 ($0.97/M), routstrd cheaper ($0.53/M)","172 calls / 9,735,228 tokens on openrouter at $0.97/M. routstrd available at $0.53/M — potential savings $4.28/24h. Top up routstrd if depleted.",1,0
1682,1786856409.059432,WARN,cost_inefficiency,"Using telnyx for glm-5.2 ($2.15/M), routstrd cheaper ($0.53/M)","23 calls / 1,239,056 tokens on telnyx at $2.15/M. routstrd available at $0.53/M — potential savings $2.01/24h. Top up routstrd if depleted.",1,0
1683,1786857302.1313102,critical,api_low_balance,ppq balance low: $0.02,"ppq balance at $0.02, below $5.00 threshold. Top up to avoid service interruption.",1,0
1684,1786857302.146576,critical,api_low_balance,openrouter balance low: $4.30,"openrouter balance at $4.30, below $5.00 threshold. Top up to avoid service interruption.",1,0
1685,1786858202.0324116,critical,api_low_balance,ppq balance low: $0.02,"ppq balance at $0.02, below $5.00 threshold. Top up to avoid service interruption.",1,0
1686,1786858202.055167,critical,api_low_balance,openrouter balance low: $4.30,"openrouter balance at $4.30, below $5.00 threshold. Top up to avoid service interruption.",1,0
1687,1786858209.1903033,CRITICAL,api_low_balance,ppq balance low: $0.02,"ppq balance at $0.02, below $5 threshold. Top up to avoid service interruption. (data 5 min old)",1,0
1688,1786858209.1906247,CRITICAL,api_low_balance,openrouter balance low: $4.30,"openrouter balance at $4.30, below $5 threshold. Top up to avoid service interruption. (data 5 min old)",1,0
1689,1786858209.1906328,WARN,cost_inefficiency,"Using openrouter for glm-5.2 ($0.97/M), routstrd cheaper ($0.53/M)","172 calls / 9,735,228 tokens on openrouter at $0.97/M. routstrd available at $0.53/M — potential savings $4.28/24h. Top up routstrd if depleted.",1,0
1690,1786858209.190638,WARN,cost_inefficiency,"Using telnyx for glm-5.2 ($2.15/M), routstrd cheaper ($0.53/M)","23 calls / 1,239,056 tokens on telnyx at $2.15/M. routstrd available at $0.53/M — potential savings $2.01/24h. Top up routstrd if depleted.",1,0
1691,1786859101.4829433,critical,api_low_balance,ppq balance low: $0.02,"ppq balance at $0.02, below $5.00 threshold. Top up to avoid service interruption.",1,0
1692,1786859101.496177,critical,api_low_balance,openrouter balance low: $4.30,"openrouter balance at $4.30, below $5.00 threshold. Top up to avoid service interruption.",1,0
1693,1786860001.8261673,critical,api_low_balance,ppq balance low: $0.02,"ppq balance at $0.02, below $5.00 threshold. Top up to avoid service interruption.",1,0
1694,1786860001.844773,critical,api_low_balance,openrouter balance low: $4.30,"openrouter balance at $4.30, below $5.00 threshold. Top up to avoid service interruption.",1,0
1695,1786860009.1039493,CRITICAL,api_low_balance,ppq balance low: $0.02,"ppq balance at $0.02, below $5 threshold. Top up to avoid service interruption. (data 5 min old)",1,0
1696,1786860009.104484,CRITICAL,api_low_balance,openrouter balance low: $4.30,"openrouter balance at $4.30, below $5 threshold. Top up to avoid service interruption. (data 5 min old)",1,0
1697,1786860009.1044989,WARN,cost_inefficiency,"Using openrouter for glm-5.2 ($0.97/M), routstrd cheaper ($0.53/M)","172 calls / 9,735,228 tokens on openrouter at $0.97/M. routstrd available at $0.53/M — potential savings $4.28/24h. Top up routstrd if depleted.",1,0
1698,1786860009.1045084,WARN,cost_inefficiency,"Using telnyx for glm-5.2 ($2.15/M), routstrd cheaper ($0.53/M)","23 calls / 1,239,056 tokens on telnyx at $2.15/M. routstrd available at $0.53/M — potential savings $2.01/24h. Top up routstrd if depleted.",1,0
1699,1786860901.6611073,critical,api_low_balance,ppq balance low: $0.02,"ppq balance at $0.02, below $5.00 threshold. Top up to avoid service interruption.",1,0
1700,1786860901.673318,critical,api_low_balance,openrouter balance low: $4.30,"openrouter balance at $4.30, below $5.00 threshold. Top up to avoid service interruption.",1,0
1701,1786861802.0829644,critical,api_low_balance,ppq balance low: $0.02,"ppq balance at $0.02, below $5.00 threshold. Top up to avoid service interruption.",1,0
1702,1786861802.1309168,critical,api_low_balance,openrouter balance low: $4.30,"openrouter balance at $4.30, below $5.00 threshold. Top up to avoid service interruption.",1,0
1703,1786861809.3730357,CRITICAL,api_low_balance,ppq balance low: $0.02,"ppq balance at $0.02, below $5 threshold. Top up to avoid service interruption. (data 5 min old)",1,0
1704,1786861809.373594,CRITICAL,api_low_balance,openrouter balance low: $4.30,"openrouter balance at $4.30, below $5 threshold. Top up to avoid service interruption. (data 5 min old)",1,0
1705,1786861809.3736072,WARN,cost_inefficiency,"Using openrouter for glm-5.2 ($0.97/M), routstrd cheaper ($0.53/M)","172 calls / 9,735,228 tokens on openrouter at $0.97/M. routstrd available at $0.53/M — potential savings $4.28/24h. Top up routstrd if depleted.",1,0
1706,1786861809.3736167,WARN,cost_inefficiency,"Using telnyx for glm-5.2 ($2.15/M), routstrd cheaper ($0.53/M)","23 calls / 1,239,056 tokens on telnyx at $2.15/M. routstrd available at $0.53/M — potential savings $2.01/24h. Top up routstrd if depleted.",1,0
1707,1786862701.8977284,critical,api_low_balance,ppq balance low: $0.02,"ppq balance at $0.02, below $5.00 threshold. Top up to avoid service interruption.",1,0
1708,1786862701.901385,critical,api_low_balance,openrouter balance low: $4.30,"openrouter balance at $4.30, below $5.00 threshold. Top up to avoid service interruption.",1,0
1709,1786863601.486093,critical,api_low_balance,ppq balance low: $0.02,"ppq balance at $0.02, below $5.00 threshold. Top up to avoid service interruption.",1,0
1710,1786863601.5098422,critical,api_low_balance,openrouter balance low: $4.30,"openrouter balance at $4.30, below $5.00 threshold. Top up to avoid service interruption.",1,0
1711,1786863608.8917377,CRITICAL,api_low_balance,ppq balance low: $0.02,"ppq balance at $0.02, below $5 threshold. Top up to avoid service interruption. (data 5 min old)",1,0
1712,1786863608.8920765,CRITICAL,api_low_balance,openrouter balance low: $4.30,"openrouter balance at $4.30, below $5 threshold. Top up to avoid service interruption. (data 5 min old)",1,0
1713,1786863608.8920841,WARN,cost_inefficiency,"Using openrouter for glm-5.2 ($0.97/M), routstrd cheaper ($0.53/M)","172 calls / 9,735,228 tokens on openrouter at $0.97/M. routstrd available at $0.53/M — potential savings $4.28/24h. Top up routstrd if depleted.",1,0
1714,1786863608.8920896,WARN,cost_inefficiency,"Using telnyx for glm-5.2 ($2.15/M), routstrd cheaper ($0.53/M)","23 calls / 1,239,056 tokens on telnyx at $2.15/M. routstrd available at $0.53/M — potential savings $2.01/24h. Top up routstrd if depleted.",1,0
1715,1786864501.95548,critical,api_low_balance,ppq balance low: $0.02,"ppq balance at $0.02, below $5.00 threshold. Top up to avoid service interruption.",1,0
1716,1786864501.9895086,critical,api_low_balance,openrouter balance low: $4.30,"openrouter balance at $4.30, below $5.00 threshold. Top up to avoid service interruption.",1,0
1717,1786864955.3086977,WARN,key_backoff,friend server failure #1,"{""detail"": ""backoff 30s; error_type=server"", ""key_name"": ""friend""}",1,0
1718,1786865076.076287,WARN,key_backoff,friend server failure #1,"{""detail"": ""backoff 30s; error_type=server"", ""key_name"": ""friend""}",1,0
1719,1786865197.1473927,WARN,key_backoff,friend server failure #1,"{""detail"": ""backoff 30s; error_type=server"", ""key_name"": ""friend""}",1,0
1720,1786865317.025744,WARN,key_backoff,friend server failure #1,"{""detail"": ""backoff 30s; error_type=server"", ""key_name"": ""friend""}",1,0
1721,1786865402.2728908,critical,api_low_balance,ppq balance low: $0.02,"ppq balance at $0.02, below $5.00 threshold. Top up to avoid service interruption.",1,0
1722,1786865402.2926188,critical,api_low_balance,openrouter balance low: $4.30,"openrouter balance at $4.30, below $5.00 threshold. Top up to avoid service interruption.",1,0
1723,1786865409.7083921,CRITICAL,api_low_balance,ppq balance low: $0.02,"ppq balance at $0.02, below $5 threshold. Top up to avoid service interruption. (data 5 min old)",1,0
1724,1786865409.7087665,CRITICAL,api_low_balance,openrouter balance low: $4.30,"openrouter balance at $4.30, below $5 threshold. Top up to avoid service interruption. (data 5 min old)",1,0
1725,1786865409.7087753,WARN,cost_inefficiency,"Using openrouter for glm-5.2 ($0.97/M), routstrd cheaper ($0.53/M)","173 calls / 9,752,231 tokens on openrouter at $0.97/M. routstrd available at $0.53/M — potential savings $4.29/24h. Top up routstrd if depleted.",1,0
1726,1786865409.7087805,WARN,cost_inefficiency,"Using telnyx for glm-5.2 ($2.15/M), routstrd cheaper ($0.53/M)","23 calls / 1,239,056 tokens on telnyx at $2.15/M. routstrd available at $0.53/M — potential savings $2.01/24h. Top up routstrd if depleted.",1,0
1727,1786865437.493353,WARN,key_backoff,friend server failure #1,"{""detail"": ""backoff 30s; error_type=server"", ""key_name"": ""friend""}",1,0
1728,1786865558.7458012,WARN,key_backoff,friend server failure #1,"{""detail"": ""backoff 30s; error_type=server"", ""key_name"": ""friend""}",1,0
1729,1786865559.5822737,WARN,key_backoff,friend server failure #2,"{""detail"": ""backoff 30s; error_type=server"", ""key_name"": ""friend""}",1,0
1730,1786865641.9997168,WARN,key_backoff,friend server failure #1,"{""detail"": ""backoff 30s; error_type=server"", ""key_name"": ""friend""}",1,0
1731,1786865680.4318535,WARN,key_backoff,friend server failure #1,"{""detail"": ""backoff 30s; error_type=server"", ""key_name"": ""friend""}",1,0
1732,1786865762.5325325,WARN,key_backoff,friend server failure #2,"{""detail"": ""backoff 30s; error_type=server"", ""key_name"": ""friend""}",1,0
1733,1786865800.9507594,WARN,key_backoff,friend server failure #3,"{""detail"": ""backoff 30s; error_type=server"", ""key_name"": ""friend""}",1,0
1734,1786865921.3961165,WARN,key_backoff,friend server failure #1,"{""detail"": ""backoff 30s; error_type=server"", ""key_name"": ""friend""}",1,0
1735,1786866041.6659558,WARN,key_backoff,friend server failure #1,"{""detail"": ""backoff 30s; error_type=server"", ""key_name"": ""friend""}",1,0
1736,1786866162.86039,WARN,key_backoff,friend server failure #2,"{""detail"": ""backoff 30s; error_type=server"", ""key_name"": ""friend""}",1,0
1737,1786866301.5577323,critical,api_low_balance,ppq balance low: $0.02,"ppq balance at $0.02, below $5.00 threshold. Top up to avoid service interruption.",1,0
1738,1786866301.587487,critical,api_low_balance,openrouter balance low: $4.09,"openrouter balance at $4.09, below $5.00 threshold. Top up to avoid service interruption.",1,0
1739,1786866301.587487,warning,api_burn_burst,openrouter burn burst: $0.2011 (z=560.7σ),"openrouter spend this interval ($0.2011) is 560.7σ above the rolling mean ($0.0000, σ=$0.0004). Possible runaway agent or expensive request.",1,0
1740,1786866301.587487,warning,api_expensive_request,openrouter expensive interval: $0.20,openrouter spend in last interval ($0.20) exceeds $0.10 threshold.,1,0
1741,1786867202.2222476,critical,api_low_balance,ppq balance low: $0.02,"ppq balance at $0.02, below $5.00 threshold. Top up to avoid service interruption.",1,0
1742,1786867202.231308,critical,api_low_balance,openrouter balance low: $4.09,"openrouter balance at $4.09, below $5.00 threshold. Top up to avoid service interruption.",1,0
1743,1786867209.2465127,CRITICAL,api_low_balance,ppq balance low: $0.02,"ppq balance at $0.02, below $5 threshold. Top up to avoid service interruption. (data 5 min old)",1,0
1744,1786867209.2478285,CRITICAL,api_low_balance,openrouter balance low: $4.09,"openrouter balance at $4.09, below $5 threshold. Top up to avoid service interruption. (data 5 min old)",1,0
1745,1786867209.2478638,WARN,cost_inefficiency,"Using openrouter for glm-5.2 ($0.97/M), routstrd cheaper ($0.53/M)","178 calls / 10,018,354 tokens on openrouter at $0.97/M. routstrd available at $0.53/M — potential savings $4.41/24h. Top up routstrd if depleted.",1,0
1746,1786867209.247887,WARN,cost_inefficiency,"Using telnyx for glm-5.2 ($2.15/M), routstrd cheaper ($0.53/M)","23 calls / 1,239,056 tokens on telnyx at $2.15/M. routstrd available at $0.53/M — potential savings $2.01/24h. Top up routstrd if depleted.",1,0
1747,1786867316.8573937,WARN,key_backoff,friend server failure #1,"{""detail"": ""backoff 30s; error_type=server"", ""key_name"": ""friend""}",1,0
1748,1786867728.4243705,WARN,key_backoff,friend server failure #1,"{""detail"": ""backoff 30s; error_type=server"", ""key_name"": ""friend""}",1,0
1749,1786867747.5593352,WARN,key_backoff,friend server failure #1,"{""detail"": ""backoff 30s; error_type=server"", ""key_name"": ""friend""}",1,0
1750,1786867849.1442776,WARN,key_backoff,friend server failure #1,"{""detail"": ""backoff 30s; error_type=server"", ""key_name"": ""friend""}",1,0
1751,1786867868.2580526,WARN,key_backoff,friend server failure #1,"{""detail"": ""backoff 30s; error_type=server"", ""key_name"": ""friend""}",1,0
1752,1786867969.1424234,WARN,key_backoff,friend server failure #1,"{""detail"": ""backoff 30s; error_type=server"", ""key_name"": ""friend""}",1,0
1753,1786867989.0234826,WARN,key_backoff,friend server failure #1,"{""detail"": ""backoff 30s; error_type=server"", ""key_name"": ""friend""}",1,0
1754,1786868040.5220969,WARN,key_backoff,friend exhausted failure #1,"{""detail"": ""backoff 2.0s; error_type=exhausted"", ""key_name"": ""friend""}",1,0
1755,1786868050.5532792,WARN,key_backoff,friend exhausted failure #2,"{""detail"": ""backoff 4.0s; error_type=exhausted"", ""key_name"": ""friend""}",1,0
1756,1786868083.5535097,WARN,key_backoff,friend exhausted failure #1,"{""detail"": ""backoff 2.0s; error_type=exhausted"", ""key_name"": ""friend""}",1,0
1757,1786868089.9412444,WARN,key_backoff,friend server failure #2,"{""detail"": ""backoff 30s; error_type=server"", ""key_name"": ""friend""}",1,0
1758,1786868101.8352642,critical,api_low_balance,ppq balance low: $0.02,"ppq balance at $0.02, below $5.00 threshold. Top up to avoid service interruption.",1,0
1759,1786868101.8545413,critical,api_low_balance,openrouter balance low: $4.07,"openrouter balance at $4.07, below $5.00 threshold. Top up to avoid service interruption.",1,0
1760,1786868109.1176586,WARN,key_backoff,friend server failure #1,"{""detail"": ""backoff 30s; error_type=server"", ""key_name"": ""friend""}",1,0
1761,1786868181.015185,WARN,key_backoff,friend exhausted failure #1,"{""detail"": ""backoff 2.0s; error_type=exhausted"", ""key_name"": ""friend""}",1,0
1762,1786868181.8102388,WARN,key_backoff,friend exhausted failure #2,"{""detail"": ""backoff 4.0s; error_type=exhausted"", ""key_name"": ""friend""}",1,0
1763,1786868202.2885535,WARN,key_backoff,friend server failure #1,"{""detail"": ""backoff 30s; error_type=server"", ""key_name"": ""friend""}",1,0
1764,1786868208.7838995,WARN,key_backoff,friend server failure #2,"{""detail"": ""backoff 30s; error_type=server"", ""key_name"": ""friend""}",1,0
1765,1786868210.8653991,WARN,key_backoff,friend server failure #3,"{""detail"": ""backoff 30s; error_type=server"", ""key_name"": ""friend""}",1,0
1766,1786868223.9281728,WARN,key_backoff,friend exhausted failure #1,"{""detail"": ""backoff 2.0s; error_type=exhausted"", ""key_name"": ""friend""}",1,0
1767,1786868251.3742998,WARN,key_backoff,friend exhausted failure #1,"{""detail"": ""backoff 2.0s; error_type=exhausted"", ""key_name"": ""friend""}",1,0
1768,1786868264.1321335,WARN,key_backoff,friend exhausted failure #1,"{""detail"": ""backoff 2.0s; error_type=exhausted"", ""key_name"": ""friend""}",1,0
1769,1786868267.869052,WARN,key_backoff,friend exhausted failure #1,"{""detail"": ""backoff 2.0s; error_type=exhausted"", ""key_name"": ""friend""}",1,0
1770,1786868268.3070574,WARN,key_backoff,friend exhausted failure #2,"{""detail"": ""backoff 4.0s; error_type=exhausted"", ""key_name"": ""friend""}",1,0
1771,1786868322.9653733,WARN,key_backoff,friend server failure #1,"{""detail"": ""backoff 30s; error_type=server"", ""key_name"": ""friend""}",1,0
1772,1786868329.30058,WARN,key_backoff,friend server failure #1,"{""detail"": ""backoff 30s; error_type=server"", ""key_name"": ""friend""}",1,0
1773,1786868350.6933143,WARN,key_backoff,friend server failure #1,"{""detail"": ""backoff 30s; error_type=server"", ""key_name"": ""friend""}",1,0
1774,1786868384.2264433,WARN,key_backoff,friend exhausted failure #1,"{""detail"": ""backoff 2.0s; error_type=exhausted"", ""key_name"": ""friend""}",1,0
1775,1786868684.2261019,WARN,key_backoff,friend server failure #1,"{""detail"": ""backoff 30s; error_type=server"", ""key_name"": ""friend""}",1,0
1776,1786868805.1851263,WARN,key_backoff,friend server failure #1,"{""detail"": ""backoff 30s; error_type=server"", ""key_name"": ""friend""}",1,0
1777,1786869002.4300013,critical,api_low_balance,ppq balance low: $0.02,"ppq balance at $0.02, below $5.00 threshold. Top up to avoid service interruption.",1,0
1778,1786869002.4631696,critical,api_low_balance,openrouter balance low: $3.74,"openrouter balance at $3.74, below $5.00 threshold. Top up to avoid service interruption.",1,0
1779,1786869009.1503093,CRITICAL,api_low_balance,ppq balance low: $0.02,"ppq balance at $0.02, below $5 threshold. Top up to avoid service interruption. (data 5 min old)",1,0
1780,1786869009.1517446,CRITICAL,api_low_balance,openrouter balance low: $3.74,"openrouter balance at $3.74, below $5 threshold. Top up to avoid service interruption. (data 5 min old)",1,0
1781,1786869009.151781,WARN,cost_inefficiency,"Using openrouter for glm-5.2 ($0.97/M), routstrd cheaper ($0.53/M)","196 calls / 10,854,562 tokens on openrouter at $0.97/M. routstrd available at $0.53/M — potential savings $4.78/24h. Top up routstrd if depleted.",1,0
1782,1786869009.1518037,WARN,cost_inefficiency,"Using telnyx for glm-5.2 ($2.15/M), routstrd cheaper ($0.53/M)","23 calls / 1,239,056 tokens on telnyx at $2.15/M. routstrd available at $0.53/M — potential savings $2.01/24h. Top up routstrd if depleted.",1,0
1783,1786869902.2527864,critical,api_low_balance,ppq balance low: $0.02,"ppq balance at $0.02, below $5.00 threshold. Top up to avoid service interruption.",1,0
1784,1786869902.2755477,critical,api_low_balance,openrouter balance low: $3.74,"openrouter balance at $3.74, below $5.00 threshold. Top up to avoid service interruption.",1,0
1785,1786870802.3526587,critical,api_low_balance,ppq balance low: $0.02,"ppq balance at $0.02, below $5.00 threshold. Top up to avoid service interruption.",1,0
1786,1786870802.3997266,critical,api_low_balance,openrouter balance low: $3.74,"openrouter balance at $3.74, below $5.00 threshold. Top up to avoid service interruption.",1,0
1787,1786870811.4197855,CRITICAL,api_low_balance,ppq balance low: $0.02,"ppq balance at $0.02, below $5 threshold. Top up to avoid service interruption. (data 5 min old)",1,0
1788,1786870811.4203181,CRITICAL,api_low_balance,openrouter balance low: $3.74,"openrouter balance at $3.74, below $5 threshold. Top up to avoid service interruption. (data 5 min old)",1,0
1789,1786870811.4203312,WARN,cost_inefficiency,"Using openrouter for glm-5.2 ($0.97/M), routstrd cheaper ($0.53/M)","196 calls / 10,854,562 tokens on openrouter at $0.97/M. routstrd available at $0.53/M — potential savings $4.78/24h. Top up routstrd if depleted.",1,0
1790,1786870811.4203415,WARN,cost_inefficiency,"Using telnyx for glm-5.2 ($2.15/M), routstrd cheaper ($0.53/M)","23 calls / 1,239,056 tokens on telnyx at $2.15/M. routstrd available at $0.53/M — potential savings $2.01/24h. Top up routstrd if depleted.",1,0
1791,1786871702.006189,critical,api_low_balance,ppq balance low: $0.02,"ppq balance at $0.02, below $5.00 threshold. Top up to avoid service interruption.",1,0
1792,1786871702.0205007,critical,api_low_balance,openrouter balance low: $3.74,"openrouter balance at $3.74, below $5.00 threshold. Top up to avoid service interruption.",1,0
1793,1786872602.5262496,critical,api_low_balance,ppq balance low: $0.02,"ppq balance at $0.02, below $5.00 threshold. Top up to avoid service interruption.",1,0
1794,1786872602.5428839,critical,api_low_balance,openrouter balance low: $3.74,"openrouter balance at $3.74, below $5.00 threshold. Top up to avoid service interruption.",1,0
1795,1786872609.289186,CRITICAL,api_low_balance,ppq balance low: $0.02,"ppq balance at $0.02, below $5 threshold. Top up to avoid service interruption. (data 5 min old)",1,0
1796,1786872609.289703,CRITICAL,api_low_balance,openrouter balance low: $3.74,"openrouter balance at $3.74, below $5 threshold. Top up to avoid service interruption. (data 5 min old)",1,0
1797,1786872609.2897172,WARN,cost_inefficiency,"Using openrouter for glm-5.2 ($0.97/M), routstrd cheaper ($0.53/M)","196 calls / 10,854,562 tokens on openrouter at $0.97/M. routstrd available at $0.53/M — potential savings $4.78/24h. Top up routstrd if depleted.",1,0
1798,1786872609.2897277,WARN,cost_inefficiency,"Using telnyx for glm-5.2 ($2.15/M), routstrd cheaper ($0.53/M)","23 calls / 1,239,056 tokens on telnyx at $2.15/M. routstrd available at $0.53/M — potential savings $2.01/24h. Top up routstrd if depleted.",1,0
1799,1786873502.080263,critical,api_low_balance,ppq balance low: $0.02,"ppq balance at $0.02, below $5.00 threshold. Top up to avoid service interruption.",1,0
1800,1786873502.094901,critical,api_low_balance,openrouter balance low: $3.74,"openrouter balance at $3.74, below $5.00 threshold. Top up to avoid service interruption.",1,0
1801,1786874401.7618744,critical,api_low_balance,ppq balance low: $0.02,"ppq balance at $0.02, below $5.00 threshold. Top up to avoid service interruption.",1,0
1802,1786874401.7930274,critical,api_low_balance,openrouter balance low: $3.74,"openrouter balance at $3.74, below $5.00 threshold. Top up to avoid service interruption.",1,0
1803,1786874408.6117647,CRITICAL,api_low_balance,ppq balance low: $0.02,"ppq balance at $0.02, below $5 threshold. Top up to avoid service interruption. (data 5 min old)",1,0
1804,1786874408.612141,CRITICAL,api_low_balance,openrouter balance low: $3.74,"openrouter balance at $3.74, below $5 threshold. Top up to avoid service interruption. (data 5 min old)",1,0
1805,1786874408.6121497,WARN,cost_inefficiency,"Using openrouter for glm-5.2 ($0.97/M), routstrd cheaper ($0.53/M)","196 calls / 10,854,562 tokens on openrouter at $0.97/M. routstrd available at $0.53/M — potential savings $4.78/24h. Top up routstrd if depleted.",1,0
1806,1786874408.6121671,WARN,cost_inefficiency,"Using telnyx for glm-5.2 ($2.15/M), routstrd cheaper ($0.53/M)","23 calls / 1,239,056 tokens on telnyx at $2.15/M. routstrd available at $0.53/M — potential savings $2.01/24h. Top up routstrd if depleted.",1,0
1807,1786874418.3453252,WARN,key_backoff,friend exhausted failure #1,"{""detail"": ""backoff 2.0s; error_type=exhausted"", ""key_name"": ""friend""}",1,0
1808,1786875302.498899,critical,api_low_balance,ppq balance low: $0.02,"ppq balance at $0.02, below $5.00 threshold. Top up to avoid service interruption.",1,0
1809,1786875302.5243633,critical,api_low_balance,openrouter balance low: $3.68,"openrouter balance at $3.68, below $5.00 threshold. Top up to avoid service interruption.",1,0
1810,1786876201.5465515,critical,api_low_balance,ppq balance low: $0.02,"ppq balance at $0.02, below $5.00 threshold. Top up to avoid service interruption.",1,0
1811,1786876201.5676014,critical,api_low_balance,openrouter balance low: $3.68,"openrouter balance at $3.68, below $5.00 threshold. Top up to avoid service interruption.",1,0
1812,1786876208.0827148,CRITICAL,api_low_balance,ppq balance low: $0.02,"ppq balance at $0.02, below $5 threshold. Top up to avoid service interruption. (data 5 min old)",1,0
1813,1786876208.0830848,CRITICAL,api_low_balance,openrouter balance low: $3.68,"openrouter balance at $3.68, below $5 threshold. Top up to avoid service interruption. (data 5 min old)",1,0
1814,1786876208.0830932,WARN,cost_inefficiency,"Using openrouter for glm-5.2 ($0.97/M), routstrd cheaper ($0.53/M)","197 calls / 10,920,799 tokens on openrouter at $0.97/M. routstrd available at $0.53/M — potential savings $4.81/24h. Top up routstrd if depleted.",1,0
1815,1786876208.083099,WARN,cost_inefficiency,"Using telnyx for glm-5.2 ($2.15/M), routstrd cheaper ($0.53/M)","23 calls / 1,239,056 tokens on telnyx at $2.15/M. routstrd available at $0.53/M — potential savings $2.01/24h. Top up routstrd if depleted.",1,0
1816,1786877101.545894,critical,api_low_balance,ppq balance low: $0.02,"ppq balance at $0.02, below $5.00 threshold. Top up to avoid service interruption.",1,0
1817,1786877101.5810504,critical,api_low_balance,openrouter balance low: $3.68,"openrouter balance at $3.68, below $5.00 threshold. Top up to avoid service interruption.",1,0
1818,1786878002.3484147,critical,api_low_balance,ppq balance low: $0.02,"ppq balance at $0.02, below $5.00 threshold. Top up to avoid service interruption.",1,0
1819,1786878002.376005,critical,api_low_balance,openrouter balance low: $3.68,"openrouter balance at $3.68, below $5.00 threshold. Top up to avoid service interruption.",1,0
1820,1786878008.9330995,CRITICAL,api_low_balance,ppq balance low: $0.02,"ppq balance at $0.02, below $5 threshold. Top up to avoid service interruption. (data 5 min old)",1,0
1821,1786878008.9335277,CRITICAL,api_low_balance,openrouter balance low: $3.68,"openrouter balance at $3.68, below $5 threshold. Top up to avoid service interruption. (data 5 min old)",1,0
1822,1786878008.9335377,WARN,cost_inefficiency,"Using openrouter for glm-5.2 ($0.97/M), routstrd cheaper ($0.53/M)","197 calls / 10,920,799 tokens on openrouter at $0.97/M. routstrd available at $0.53/M — potential savings $4.81/24h. Top up routstrd if depleted.",1,0
1823,1786878008.9335444,WARN,cost_inefficiency,"Using telnyx for glm-5.2 ($2.15/M), routstrd cheaper ($0.53/M)","23 calls / 1,239,056 tokens on telnyx at $2.15/M. routstrd available at $0.53/M — potential savings $2.01/24h. Top up routstrd if depleted.",1,0
1824,1786878901.9322267,critical,api_low_balance,ppq balance low: $0.02,"ppq balance at $0.02, below $5.00 threshold. Top up to avoid service interruption.",1,0
1825,1786878901.9508681,critical,api_low_balance,openrouter balance low: $3.68,"openrouter balance at $3.68, below $5.00 threshold. Top up to avoid service interruption.",1,0
1826,1786879802.3655958,critical,api_low_balance,ppq balance low: $0.02,"ppq balance at $0.02, below $5.00 threshold. Top up to avoid service interruption.",1,0
1827,1786879802.3741426,critical,api_low_balance,openrouter balance low: $3.68,"openrouter balance at $3.68, below $5.00 threshold. Top up to avoid service interruption.",1,0
1828,1786879809.418547,CRITICAL,api_low_balance,ppq balance low: $0.02,"ppq balance at $0.02, below $5 threshold. Top up to avoid service interruption. (data 5 min old)",1,0
1829,1786879809.419729,CRITICAL,api_low_balance,openrouter balance low: $3.68,"openrouter balance at $3.68, below $5 threshold. Top up to avoid service interruption. (data 5 min old)",1,0
1830,1786879809.4197586,WARN,cost_inefficiency,"Using openrouter for glm-5.2 ($0.97/M), routstrd cheaper ($0.53/M)","197 calls / 10,920,799 tokens on openrouter at $0.97/M. routstrd available at $0.53/M — potential savings $4.81/24h. Top up routstrd if depleted.",1,0
1831,1786879809.4197779,WARN,cost_inefficiency,"Using telnyx for glm-5.2 ($2.15/M), routstrd cheaper ($0.53/M)","21 calls / 982,918 tokens on telnyx at $2.15/M. routstrd available at $0.53/M — potential savings $1.59/24h. Top up routstrd if depleted.",1,0
1832,1786880701.8716087,critical,api_low_balance,ppq balance low: $0.02,"ppq balance at $0.02, below $5.00 threshold. Top up to avoid service interruption.",1,0
1833,1786880701.8921773,critical,api_low_balance,openrouter balance low: $3.68,"openrouter balance at $3.68, below $5.00 threshold. Top up to avoid service interruption.",1,0
1834,1786881602.4207623,critical,api_low_balance,ppq balance low: $0.02,"ppq balance at $0.02, below $5.00 threshold. Top up to avoid service interruption.",1,0
1835,1786881602.4338434,critical,api_low_balance,openrouter balance low: $3.68,"openrouter balance at $3.68, below $5.00 threshold. Top up to avoid service interruption.",1,0
1836,1786881609.2921112,CRITICAL,api_low_balance,ppq balance low: $0.02,"ppq balance at $0.02, below $5 threshold. Top up to avoid service interruption. (data 5 min old)",1,0
1837,1786881609.292452,CRITICAL,api_low_balance,openrouter balance low: $3.68,"openrouter balance at $3.68, below $5 threshold. Top up to avoid service interruption. (data 5 min old)",1,0
1838,1786881609.29246,WARN,cost_inefficiency,"Using openrouter for glm-5.2 ($0.97/M), routstrd cheaper ($0.53/M)","196 calls / 10,859,698 tokens on openrouter at $0.97/M. routstrd available at $0.53/M — potential savings $4.78/24h. Top up routstrd if depleted.",1,0
1839,1786881609.2924674,WARN,cost_inefficiency,"Using telnyx for glm-5.2 ($2.15/M), routstrd cheaper ($0.53/M)","21 calls / 982,918 tokens on telnyx at $2.15/M. routstrd available at $0.53/M — potential savings $1.59/24h. Top up routstrd if depleted.",1,0
1840,1786882502.3146176,critical,api_low_balance,ppq balance low: $0.02,"ppq balance at $0.02, below $5.00 threshold. Top up to avoid service interruption.",1,0
1841,1786882502.3438094,critical,api_low_balance,openrouter balance low: $3.68,"openrouter balance at $3.68, below $5.00 threshold. Top up to avoid service interruption.",1,0
1842,1786883402.263984,critical,api_low_balance,ppq balance low: $0.02,"ppq balance at $0.02, below $5.00 threshold. Top up to avoid service interruption.",1,0
1843,1786883402.3102198,critical,api_low_balance,openrouter balance low: $3.68,"openrouter balance at $3.68, below $5.00 threshold. Top up to avoid service interruption.",1,0
1844,1786883409.4600432,CRITICAL,api_low_balance,ppq balance low: $0.02,"ppq balance at $0.02, below $5 threshold. Top up to avoid service interruption. (data 5 min old)",1,0
1845,1786883409.4603996,CRITICAL,api_low_balance,openrouter balance low: $3.68,"openrouter balance at $3.68, below $5 threshold. Top up to avoid service interruption. (data 5 min old)",1,0
1846,1786883409.4604075,WARN,cost_inefficiency,"Using openrouter for glm-5.2 ($0.97/M), routstrd cheaper ($0.53/M)","191 calls / 10,463,684 tokens on openrouter at $0.97/M. routstrd available at $0.53/M — potential savings $4.60/24h. Top up routstrd if depleted.",1,0
1847,1786883409.4604135,WARN,cost_inefficiency,"Using telnyx for glm-5.2 ($2.15/M), routstrd cheaper ($0.53/M)","21 calls / 982,918 tokens on telnyx at $2.15/M. routstrd available at $0.53/M — potential savings $1.59/24h. Top up routstrd if depleted.",1,0
1848,1786884301.8726242,critical,api_low_balance,ppq balance low: $0.02,"ppq balance at $0.02, below $5.00 threshold. Top up to avoid service interruption.",1,0
1849,1786884301.8814936,critical,api_low_balance,openrouter balance low: $3.68,"openrouter balance at $3.68, below $5.00 threshold. Top up to avoid service interruption.",1,0
1850,1786885202.19878,critical,api_low_balance,ppq balance low: $0.02,"ppq balance at $0.02, below $5.00 threshold. Top up to avoid service interruption.",1,0
1851,1786885202.2074482,critical,api_low_balance,openrouter balance low: $3.68,"openrouter balance at $3.68, below $5.00 threshold. Top up to avoid service interruption.",1,0
1852,1786885209.7554362,CRITICAL,api_low_balance,ppq balance low: $0.02,"ppq balance at $0.02, below $5 threshold. Top up to avoid service interruption. (data 5 min old)",1,0
1853,1786885209.755861,CRITICAL,api_low_balance,openrouter balance low: $3.68,"openrouter balance at $3.68, below $5 threshold. Top up to avoid service interruption. (data 5 min old)",1,0
1854,1786885209.7558715,WARN,cost_inefficiency,"Using openrouter for glm-5.2 ($0.97/M), routstrd cheaper ($0.53/M)","191 calls / 10,463,684 tokens on openrouter at $0.97/M. routstrd available at $0.53/M — potential savings $4.60/24h. Top up routstrd if depleted.",1,0
1855,1786885209.7558906,WARN,cost_inefficiency,"Using telnyx for glm-5.2 ($2.15/M), routstrd cheaper ($0.53/M)","21 calls / 982,918 tokens on telnyx at $2.15/M. routstrd available at $0.53/M — potential savings $1.59/24h. Top up routstrd if depleted.",1,0
1856,1786886101.7438316,critical,api_low_balance,ppq balance low: $0.02,"ppq balance at $0.02, below $5.00 threshold. Top up to avoid service interruption.",1,0
1857,1786886101.7668726,critical,api_low_balance,openrouter balance low: $3.68,"openrouter balance at $3.68, below $5.00 threshold. Top up to avoid service interruption.",1,0
1858,1786887002.5608315,critical,api_low_balance,ppq balance low: $0.02,"ppq balance at $0.02, below $5.00 threshold. Top up to avoid service interruption.",1,0
1859,1786887002.646267,critical,api_low_balance,openrouter balance low: $3.68,"openrouter balance at $3.68, below $5.00 threshold. Top up to avoid service interruption.",1,0
1860,1786887009.6151474,CRITICAL,api_low_balance,ppq balance low: $0.02,"ppq balance at $0.02, below $5 threshold. Top up to avoid service interruption. (data 5 min old)",1,0
1861,1786887009.6154878,CRITICAL,api_low_balance,openrouter balance low: $3.68,"openrouter balance at $3.68, below $5 threshold. Top up to avoid service interruption. (data 5 min old)",1,0
1862,1786887009.6154952,WARN,cost_inefficiency,"Using openrouter for glm-5.2 ($0.97/M), routstrd cheaper ($0.53/M)","189 calls / 10,251,583 tokens on openrouter at $0.97/M. routstrd available at $0.53/M — potential savings $4.51/24h. Top up routstrd if depleted.",1,0
1863,1786887009.6155005,WARN,cost_inefficiency,"Using telnyx for glm-5.2 ($2.15/M), routstrd cheaper ($0.53/M)","21 calls / 982,918 tokens on telnyx at $2.15/M. routstrd available at $0.53/M — potential savings $1.59/24h. Top up routstrd if depleted.",1,0
1864,1786887901.9345367,critical,api_low_balance,ppq balance low: $0.02,"ppq balance at $0.02, below $5.00 threshold. Top up to avoid service interruption.",1,0
1865,1786887901.9469182,critical,api_low_balance,openrouter balance low: $3.68,"openrouter balance at $3.68, below $5.00 threshold. Top up to avoid service interruption.",1,0
1866,1786888802.226569,critical,api_low_balance,ppq balance low: $0.02,"ppq balance at $0.02, below $5.00 threshold. Top up to avoid service interruption.",1,0
1867,1786888802.2509189,critical,api_low_balance,openrouter balance low: $3.68,"openrouter balance at $3.68, below $5.00 threshold. Top up to avoid service interruption.",1,0
1868,1786888808.7617707,CRITICAL,api_low_balance,ppq balance low: $0.02,"ppq balance at $0.02, below $5 threshold. Top up to avoid service interruption. (data 5 min old)",1,0
1869,1786888808.7622552,CRITICAL,api_low_balance,openrouter balance low: $3.68,"openrouter balance at $3.68, below $5 threshold. Top up to avoid service interruption. (data 5 min old)",1,0
1870,1786888808.7622669,WARN,cost_inefficiency,"Using openrouter for glm-5.2 ($0.97/M), routstrd cheaper ($0.53/M)","183 calls / 10,014,527 tokens on openrouter at $0.97/M. routstrd available at $0.53/M — potential savings $4.41/24h. Top up routstrd if depleted.",1,0
1871,1786888808.762277,WARN,cost_inefficiency,"Using telnyx for glm-5.2 ($2.15/M), routstrd cheaper ($0.53/M)","18 calls / 828,961 tokens on telnyx at $2.15/M. routstrd available at $0.53/M — potential savings $1.34/24h. Top up routstrd if depleted.",1,0
1872,1786889701.9771526,critical,api_low_balance,ppq balance low: $0.02,"ppq balance at $0.02, below $5.00 threshold. Top up to avoid service interruption.",1,0
1873,1786889701.9852805,critical,api_low_balance,openrouter balance low: $3.68,"openrouter balance at $3.68, below $5.00 threshold. Top up to avoid service interruption.",1,0
1874,1786890602.4277017,critical,api_low_balance,ppq balance low: $0.02,"ppq balance at $0.02, below $5.00 threshold. Top up to avoid service interruption.",1,0
1875,1786890602.4777,critical,api_low_balance,openrouter balance low: $3.68,"openrouter balance at $3.68, below $5.00 threshold. Top up to avoid service interruption.",1,0
1876,1786890609.9322424,CRITICAL,api_low_balance,ppq balance low: $0.02,"ppq balance at $0.02, below $5 threshold. Top up to avoid service interruption. (data 5 min old)",1,0
1877,1786890609.9328332,CRITICAL,api_low_balance,openrouter balance low: $3.68,"openrouter balance at $3.68, below $5 threshold. Top up to avoid service interruption. (data 5 min old)",1,0
1878,1786890609.9328468,WARN,cost_inefficiency,"Using openrouter for glm-5.2 ($0.97/M), routstrd cheaper ($0.53/M)","155 calls / 8,683,176 tokens on openrouter at $0.97/M. routstrd available at $0.53/M — potential savings $3.82/24h. Top up routstrd if depleted.",1,0
1879,1786890609.9328713,WARN,cost_inefficiency,"Using telnyx for glm-5.2 ($2.15/M), routstrd cheaper ($0.53/M)","18 calls / 828,961 tokens on telnyx at $2.15/M. routstrd available at $0.53/M — potential savings $1.34/24h. Top up routstrd if depleted.",1,0
1880,1786890616.270793,WARN,key_backoff,friend exhausted failure #1,"{""detail"": ""backoff 2.0s; error_type=exhausted"", ""key_name"": ""friend""}",1,0
1881,1786891501.8721168,critical,api_low_balance,ppq balance low: $0.02,"ppq balance at $0.02, below $5.00 threshold. Top up to avoid service interruption.",1,0
1882,1786891501.8936079,critical,api_low_balance,openrouter balance low: $3.67,"openrouter balance at $3.67, below $5.00 threshold. Top up to avoid service interruption.",1,0
1883,1786892401.464342,critical,api_low_balance,ppq balance low: $0.02,"ppq balance at $0.02, below $5.00 threshold. Top up to avoid service interruption.",1,0
1884,1786892401.4725397,critical,api_low_balance,openrouter balance low: $3.67,"openrouter balance at $3.67, below $5.00 threshold. Top up to avoid service interruption.",1,0
1885,1786892408.1642485,CRITICAL,api_low_balance,ppq balance low: $0.02,"ppq balance at $0.02, below $5 threshold. Top up to avoid service interruption. (data 5 min old)",1,0
1886,1786892408.1648169,CRITICAL,api_low_balance,openrouter balance low: $3.67,"openrouter balance at $3.67, below $5 threshold. Top up to avoid service interruption. (data 5 min old)",1,0
1887,1786892408.1648304,WARN,cost_inefficiency,"Using openrouter for glm-5.2 ($0.97/M), routstrd cheaper ($0.53/M)","148 calls / 8,358,149 tokens on openrouter at $0.97/M. routstrd available at $0.53/M — potential savings $3.68/24h. Top up routstrd if depleted.",1,0
1888,1786892408.1648407,WARN,cost_inefficiency,"Using telnyx for glm-5.2 ($2.15/M), routstrd cheaper ($0.53/M)","18 calls / 828,961 tokens on telnyx at $2.15/M. routstrd available at $0.53/M — potential savings $1.34/24h. Top up routstrd if depleted.",1,0
1889,1786893302.1132183,critical,api_low_balance,ppq balance low: $0.02,"ppq balance at $0.02, below $5.00 threshold. Top up to avoid service interruption.",1,0
1890,1786893302.1346447,critical,api_low_balance,openrouter balance low: $3.67,"openrouter balance at $3.67, below $5.00 threshold. Top up to avoid service interruption.",1,0
1891,1786894201.59937,critical,api_low_balance,ppq balance low: $0.02,"ppq balance at $0.02, below $5.00 threshold. Top up to avoid service interruption.",1,0
1892,1786894201.6073494,critical,api_low_balance,openrouter balance low: $3.67,"openrouter balance at $3.67, below $5.00 threshold. Top up to avoid service interruption.",1,0
1893,1786894208.963921,CRITICAL,api_low_balance,ppq balance low: $0.02,"ppq balance at $0.02, below $5 threshold. Top up to avoid service interruption. (data 5 min old)",1,0
1894,1786894208.964393,CRITICAL,api_low_balance,openrouter balance low: $3.67,"openrouter balance at $3.67, below $5 threshold. Top up to avoid service interruption. (data 5 min old)",1,0
1895,1786894208.964406,WARN,cost_inefficiency,"Using openrouter for glm-5.2 ($0.97/M), routstrd cheaper ($0.53/M)","141 calls / 7,929,946 tokens on openrouter at $0.97/M. routstrd available at $0.53/M — potential savings $3.49/24h. Top up routstrd if depleted.",1,0
1896,1786894208.9644148,WARN,cost_inefficiency,"Using telnyx for glm-5.2 ($2.15/M), routstrd cheaper ($0.53/M)","18 calls / 828,961 tokens on telnyx at $2.15/M. routstrd available at $0.53/M — potential savings $1.34/24h. Top up routstrd if depleted.",1,0
1897,1786895101.879682,critical,api_low_balance,ppq balance low: $0.02,"ppq balance at $0.02, below $5.00 threshold. Top up to avoid service interruption.",1,0
1898,1786895101.894935,critical,api_low_balance,openrouter balance low: $3.67,"openrouter balance at $3.67, below $5.00 threshold. Top up to avoid service interruption.",1,0
1899,1786896002.2961273,critical,api_low_balance,ppq balance low: $0.02,"ppq balance at $0.02, below $5.00 threshold. Top up to avoid service interruption.",1,0
1900,1786896002.3052716,critical,api_low_balance,openrouter balance low: $3.67,"openrouter balance at $3.67, below $5.00 threshold. Top up to avoid service interruption.",1,0
1901,1786896009.2493489,CRITICAL,api_low_balance,ppq balance low: $0.02,"ppq balance at $0.02, below $5 threshold. Top up to avoid service interruption. (data 5 min old)",1,0
1902,1786896009.2498872,CRITICAL,api_low_balance,openrouter balance low: $3.67,"openrouter balance at $3.67, below $5 threshold. Top up to avoid service interruption. (data 5 min old)",1,0
1903,1786896009.249904,WARN,cost_inefficiency,"Using openrouter for glm-5.2 ($0.97/M), routstrd cheaper ($0.53/M)","139 calls / 7,818,616 tokens on openrouter at $0.97/M. routstrd available at $0.53/M — potential savings $3.44/24h. Top up routstrd if depleted.",1,0
1904,1786896009.2499185,WARN,cost_inefficiency,"Using telnyx for glm-5.2 ($2.15/M), routstrd cheaper ($0.53/M)","18 calls / 828,961 tokens on telnyx at $2.15/M. routstrd available at $0.53/M — potential savings $1.34/24h. Top up routstrd if depleted.",1,0
1905,1786896901.53637,critical,api_low_balance,ppq balance low: $0.02,"ppq balance at $0.02, below $5.00 threshold. Top up to avoid service interruption.",1,0
1906,1786896901.5525432,critical,api_low_balance,openrouter balance low: $3.67,"openrouter balance at $3.67, below $5.00 threshold. Top up to avoid service interruption.",1,0
1907,1786897802.470953,critical,api_low_balance,ppq balance low: $0.02,"ppq balance at $0.02, below $5.00 threshold. Top up to avoid service interruption.",1,0
1908,1786897802.5145645,critical,api_low_balance,openrouter balance low: $3.67,"openrouter balance at $3.67, below $5.00 threshold. Top up to avoid service interruption.",1,0
1909,1786897809.2706943,CRITICAL,api_low_balance,ppq balance low: $0.02,"ppq balance at $0.02, below $5 threshold. Top up to avoid service interruption. (data 5 min old)",1,0
1910,1786897809.2710268,CRITICAL,api_low_balance,openrouter balance low: $3.67,"openrouter balance at $3.67, below $5 threshold. Top up to avoid service interruption. (data 5 min old)",1,0
1911,1786897809.271035,WARN,cost_inefficiency,"Using openrouter for glm-5.2 ($0.97/M), routstrd cheaper ($0.53/M)","136 calls / 7,713,368 tokens on openrouter at $0.97/M. routstrd available at $0.53/M — potential savings $3.39/24h. Top up routstrd if depleted.",1,0
1912,1786897809.2710402,WARN,cost_inefficiency,"Using telnyx for glm-5.2 ($2.15/M), routstrd cheaper ($0.53/M)","15 calls / 677,816 tokens on telnyx at $2.15/M. routstrd available at $0.53/M — potential savings $1.10/24h. Top up routstrd if depleted.",1,0
1913,1786898702.3054185,critical,api_low_balance,ppq balance low: $0.02,"ppq balance at $0.02, below $5.00 threshold. Top up to avoid service interruption.",1,0
1914,1786898702.311755,critical,api_low_balance,openrouter balance low: $3.67,"openrouter balance at $3.67, below $5.00 threshold. Top up to avoid service interruption.",1,0
1915,1786899602.531099,critical,api_low_balance,ppq balance low: $0.02,"ppq balance at $0.02, below $5.00 threshold. Top up to avoid service interruption.",1,0
1916,1786899602.5429022,critical,api_low_balance,openrouter balance low: $3.67,"openrouter balance at $3.67, below $5.00 threshold. Top up to avoid service interruption.",1,0
1917,1786899608.8297346,CRITICAL,api_low_balance,ppq balance low: $0.02,"ppq balance at $0.02, below $5 threshold. Top up to avoid service interruption. (data 5 min old)",1,0
1918,1786899608.8301787,CRITICAL,api_low_balance,openrouter balance low: $3.67,"openrouter balance at $3.67, below $5 threshold. Top up to avoid service interruption. (data 5 min old)",1,0
1919,1786899608.8301876,WARN,cost_inefficiency,"Using openrouter for glm-5.2 ($0.97/M), routstrd cheaper ($0.53/M)","125 calls / 7,292,825 tokens on openrouter at $0.97/M. routstrd available at $0.53/M — potential savings $3.21/24h. Top up routstrd if depleted.",1,0
1920,1786899608.8301926,WARN,cost_inefficiency,"Using telnyx for glm-5.2 ($2.15/M), routstrd cheaper ($0.53/M)","15 calls / 677,816 tokens on telnyx at $2.15/M. routstrd available at $0.53/M — potential savings $1.10/24h. Top up routstrd if depleted.",1,0
1921,1786900502.407102,critical,api_low_balance,ppq balance low: $0.02,"ppq balance at $0.02, below $5.00 threshold. Top up to avoid service interruption.",1,0
1922,1786900502.4321704,critical,api_low_balance,openrouter balance low: $3.67,"openrouter balance at $3.67, below $5.00 threshold. Top up to avoid service interruption.",1,0
1923,1786901401.891763,critical,api_low_balance,ppq balance low: $0.02,"ppq balance at $0.02, below $5.00 threshold. Top up to avoid service interruption.",1,0
1924,1786901401.905512,critical,api_low_balance,openrouter balance low: $3.67,"openrouter balance at $3.67, below $5.00 threshold. Top up to avoid service interruption.",1,0
1925,1786901408.8321495,CRITICAL,api_low_balance,ppq balance low: $0.02,"ppq balance at $0.02, below $5 threshold. Top up to avoid service interruption. (data 5 min old)",1,0
1926,1786901408.8325994,CRITICAL,api_low_balance,openrouter balance low: $3.67,"openrouter balance at $3.67, below $5 threshold. Top up to avoid service interruption. (data 5 min old)",1,0
1927,1786901408.8326104,WARN,cost_inefficiency,"Using openrouter for glm-5.2 ($0.97/M), routstrd cheaper ($0.53/M)","120 calls / 6,929,935 tokens on openrouter at $0.97/M. routstrd available at $0.53/M — potential savings $3.05/24h. Top up routstrd if depleted.",1,0
1928,1786901408.8326178,WARN,cost_inefficiency,"Using telnyx for glm-5.2 ($2.15/M), routstrd cheaper ($0.53/M)","15 calls / 677,816 tokens on telnyx at $2.15/M. routstrd available at $0.53/M — potential savings $1.10/24h. Top up routstrd if depleted.",1,0
1929,1786902301.7170243,critical,api_low_balance,ppq balance low: $0.02,"ppq balance at $0.02, below $5.00 threshold. Top up to avoid service interruption.",1,0
1930,1786902301.7295685,critical,api_low_balance,openrouter balance low: $3.67,"openrouter balance at $3.67, below $5.00 threshold. Top up to avoid service interruption.",1,0
1931,1786903201.8530102,critical,api_low_balance,ppq balance low: $0.02,"ppq balance at $0.02, below $5.00 threshold. Top up to avoid service interruption.",1,0
1932,1786903201.8580165,critical,api_low_balance,openrouter balance low: $3.67,"openrouter balance at $3.67, below $5.00 threshold. Top up to avoid service interruption.",1,0
1933,1786903208.4623613,CRITICAL,api_low_balance,ppq balance low: $0.02,"ppq balance at $0.02, below $5 threshold. Top up to avoid service interruption. (data 5 min old)",1,0
1934,1786903208.4628892,CRITICAL,api_low_balance,openrouter balance low: $3.67,"openrouter balance at $3.67, below $5 threshold. Top up to avoid service interruption. (data 5 min old)",1,0
1935,1786903208.4629016,WARN,cost_inefficiency,"Using openrouter for glm-5.2 ($0.97/M), routstrd cheaper ($0.53/M)","120 calls / 6,929,935 tokens on openrouter at $0.97/M. routstrd available at $0.53/M — potential savings $3.05/24h. Top up routstrd if depleted.",1,0
1936,1786903208.4629097,WARN,cost_inefficiency,"Using telnyx for glm-5.2 ($2.15/M), routstrd cheaper ($0.53/M)","12 calls / 563,572 tokens on telnyx at $2.15/M. routstrd available at $0.53/M — potential savings $0.91/24h. Top up routstrd if depleted.",1,0
1937,1786904102.2484355,critical,api_low_balance,ppq balance low: $0.02,"ppq balance at $0.02, below $5.00 threshold. Top up to avoid service interruption.",1,0
1938,1786904102.2534168,critical,api_low_balance,openrouter balance low: $3.67,"openrouter balance at $3.67, below $5.00 threshold. Top up to avoid service interruption.",1,0
1939,1786905001.813924,critical,api_low_balance,ppq balance low: $0.02,"ppq balance at $0.02, below $5.00 threshold. Top up to avoid service interruption.",1,0
1940,1786905001.8336792,critical,api_low_balance,openrouter balance low: $3.67,"openrouter balance at $3.67, below $5.00 threshold. Top up to avoid service interruption.",1,0
1941,1786905008.90024,CRITICAL,api_low_balance,ppq balance low: $0.02,"ppq balance at $0.02, below $5 threshold. Top up to avoid service interruption. (data 5 min old)",1,0
1942,1786905008.9007347,CRITICAL,api_low_balance,openrouter balance low: $3.67,"openrouter balance at $3.67, below $5 threshold. Top up to avoid service interruption. (data 5 min old)",1,0
1943,1786905008.900747,WARN,cost_inefficiency,"Using openrouter for glm-5.2 ($0.97/M), routstrd cheaper ($0.53/M)","120 calls / 6,929,935 tokens on openrouter at $0.97/M. routstrd available at $0.53/M — potential savings $3.05/24h. Top up routstrd if depleted.",1,0
1944,1786905008.9007556,WARN,cost_inefficiency,"Using telnyx for glm-5.2 ($2.15/M), routstrd cheaper ($0.53/M)","10 calls / 474,154 tokens on telnyx at $2.15/M. routstrd available at $0.53/M — potential savings $0.77/24h. Top up routstrd if depleted.",1,0
1945,1786905901.4902358,critical,api_low_balance,ppq balance low: $0.02,"ppq balance at $0.02, below $5.00 threshold. Top up to avoid service interruption.",1,0
1946,1786905901.5382993,critical,api_low_balance,openrouter balance low: $3.67,"openrouter balance at $3.67, below $5.00 threshold. Top up to avoid service interruption.",1,0
1947,1786906801.4496543,critical,api_low_balance,ppq balance low: $0.02,"ppq balance at $0.02, below $5.00 threshold. Top up to avoid service interruption.",1,0
1948,1786906801.477701,critical,api_low_balance,openrouter balance low: $3.67,"openrouter balance at $3.67, below $5.00 threshold. Top up to avoid service interruption.",1,0
1949,1786906808.1147444,CRITICAL,api_low_balance,ppq balance low: $0.02,"ppq balance at $0.02, below $5 threshold. Top up to avoid service interruption. (data 5 min old)",1,0
1950,1786906808.1150932,CRITICAL,api_low_balance,openrouter balance low: $3.67,"openrouter balance at $3.67, below $5 threshold. Top up to avoid service interruption. (data 5 min old)",1,0
1951,1786906808.115104,WARN,cost_inefficiency,"Using openrouter for glm-5.2 ($0.97/M), routstrd cheaper ($0.53/M)","120 calls / 6,929,935 tokens on openrouter at $0.97/M. routstrd available at $0.53/M — potential savings $3.05/24h. Top up routstrd if depleted.",1,0
1952,1786906808.1151094,WARN,cost_inefficiency,"Using telnyx for glm-5.2 ($2.15/M), routstrd cheaper ($0.53/M)","10 calls / 474,154 tokens on telnyx at $2.15/M. routstrd available at $0.53/M — potential savings $0.77/24h. Top up routstrd if depleted.",1,0
1953,1786907701.4049957,critical,api_low_balance,ppq balance low: $0.02,"ppq balance at $0.02, below $5.00 threshold. Top up to avoid service interruption.",1,0
1954,1786907701.4241128,critical,api_low_balance,openrouter balance low: $3.67,"openrouter balance at $3.67, below $5.00 threshold. Top up to avoid service interruption.",1,0
1955,1786908602.284331,critical,api_low_balance,ppq balance low: $0.02,"ppq balance at $0.02, below $5.00 threshold. Top up to avoid service interruption.",1,0
1956,1786908602.3234038,critical,api_low_balance,openrouter balance low: $3.67,"openrouter balance at $3.67, below $5.00 threshold. Top up to avoid service interruption.",1,0
1957,1786908609.2708852,CRITICAL,api_low_balance,ppq balance low: $0.02,"ppq balance at $0.02, below $5 threshold. Top up to avoid service interruption. (data 5 min old)",1,0
1958,1786908609.2711937,CRITICAL,api_low_balance,openrouter balance low: $3.67,"openrouter balance at $3.67, below $5 threshold. Top up to avoid service interruption. (data 5 min old)",1,0
1959,1786908609.2712007,WARN,cost_inefficiency,"Using openrouter for glm-5.2 ($0.97/M), routstrd cheaper ($0.53/M)","120 calls / 6,929,935 tokens on openrouter at $0.97/M. routstrd available at $0.53/M — potential savings $3.05/24h. Top up routstrd if depleted.",1,0
1960,1786908609.2712057,WARN,cost_inefficiency,"Using telnyx for glm-5.2 ($2.15/M), routstrd cheaper ($0.53/M)","10 calls / 474,154 tokens on telnyx at $2.15/M. routstrd available at $0.53/M — potential savings $0.77/24h. Top up routstrd if depleted.",1,0
1961,1786909501.6396234,critical,api_low_balance,ppq balance low: $0.02,"ppq balance at $0.02, below $5.00 threshold. Top up to avoid service interruption.",1,0
1962,1786909501.6615903,critical,api_low_balance,openrouter balance low: $3.67,"openrouter balance at $3.67, below $5.00 threshold. Top up to avoid service interruption.",1,0
1963,1786910402.4861658,critical,api_low_balance,ppq balance low: $0.02,"ppq balance at $0.02, below $5.00 threshold. Top up to avoid service interruption.",1,0
1964,1786910402.502384,critical,api_low_balance,openrouter balance low: $3.67,"openrouter balance at $3.67, below $5.00 threshold. Top up to avoid service interruption.",1,0
1965,1786910409.1999965,CRITICAL,api_low_balance,ppq balance low: $0.02,"ppq balance at $0.02, below $5 threshold. Top up to avoid service interruption. (data 5 min old)",1,0
1966,1786910409.200556,CRITICAL,api_low_balance,openrouter balance low: $3.67,"openrouter balance at $3.67, below $5 threshold. Top up to avoid service interruption. (data 5 min old)",1,0
1967,1786910409.2005708,WARN,cost_inefficiency,"Using openrouter for glm-5.2 ($0.97/M), ollama_cloud cheaper ($0.02/M)","119 calls / 6,822,452 tokens on openrouter at $0.97/M. ollama_cloud available at $0.02/M — potential savings $6.48/24h. Top up ollama_cloud if depleted.",1,0
1968,1786910409.2005851,WARN,cost_inefficiency,"Using telnyx for glm-5.2 ($2.15/M), ollama_cloud cheaper ($0.02/M)","10 calls / 474,154 tokens on telnyx at $2.15/M. ollama_cloud available at $0.02/M — potential savings $1.01/24h. Top up ollama_cloud if depleted.",1,0
1969,1786911302.4175441,critical,api_low_balance,ppq balance low: $0.02,"ppq balance at $0.02, below $5.00 threshold. Top up to avoid service interruption.",1,0
1970,1786911302.4297385,critical,api_low_balance,openrouter balance low: $3.67,"openrouter balance at $3.67, below $5.00 threshold. Top up to avoid service interruption.",1,0
1971,1786912203.0068915,critical,api_low_balance,ppq balance low: $0.02,"ppq balance at $0.02, below $5.00 threshold. Top up to avoid service interruption.",1,0
1972,1786912203.0321443,critical,api_low_balance,openrouter balance low: $3.67,"openrouter balance at $3.67, below $5.00 threshold. Top up to avoid service interruption.",1,0
1973,1786912209.3682353,CRITICAL,api_low_balance,ppq balance low: $0.02,"ppq balance at $0.02, below $5 threshold. Top up to avoid service interruption. (data 5 min old)",1,0
1974,1786912209.3685808,CRITICAL,api_low_balance,openrouter balance low: $3.67,"openrouter balance at $3.67, below $5 threshold. Top up to avoid service interruption. (data 5 min old)",1,0
1975,1786912209.3685884,WARN,cost_inefficiency,"Using openrouter for glm-5.2 ($0.97/M), ollama_cloud cheaper ($0.02/M)","117 calls / 6,699,348 tokens on openrouter at $0.97/M. ollama_cloud available at $0.02/M — potential savings $6.36/24h. Top up ollama_cloud if depleted.",1,0
1976,1786912209.368594,WARN,cost_inefficiency,"Using telnyx for glm-5.2 ($2.15/M), ollama_cloud cheaper ($0.02/M)","10 calls / 474,154 tokens on telnyx at $2.15/M. ollama_cloud available at $0.02/M — potential savings $1.01/24h. Top up ollama_cloud if depleted.",1,0
1977,1786913102.2522945,critical,api_low_balance,ppq balance low: $0.02,"ppq balance at $0.02, below $5.00 threshold. Top up to avoid service interruption.",1,0
1978,1786913102.2609386,critical,api_low_balance,openrouter balance low: $3.67,"openrouter balance at $3.67, below $5.00 threshold. Top up to avoid service interruption.",1,0
1979,1786914002.034696,critical,api_low_balance,ppq balance low: $0.02,"ppq balance at $0.02, below $5.00 threshold. Top up to avoid service interruption.",1,0
1980,1786914002.0636969,critical,api_low_balance,openrouter balance low: $3.67,"openrouter balance at $3.67, below $5.00 threshold. Top up to avoid service interruption.",1,0
1981,1786914008.7006266,CRITICAL,api_low_balance,ppq balance low: $0.02,"ppq balance at $0.02, below $5 threshold. Top up to avoid service interruption. (data 5 min old)",1,0
1982,1786914008.7017598,CRITICAL,api_low_balance,openrouter balance low: $3.67,"openrouter balance at $3.67, below $5 threshold. Top up to avoid service interruption. (data 5 min old)",1,0
1983,1786914008.7017891,WARN,cost_inefficiency,"Using openrouter for glm-5.2 ($0.97/M), ollama_cloud cheaper ($0.02/M)","116 calls / 6,607,672 tokens on openrouter at $0.97/M. ollama_cloud available at $0.02/M — potential savings $6.28/24h. Top up ollama_cloud if depleted.",1,0
1984,1786914008.7018085,WARN,cost_inefficiency,"Using telnyx for glm-5.2 ($2.15/M), ollama_cloud cheaper ($0.02/M)","10 calls / 474,154 tokens on telnyx at $2.15/M. ollama_cloud available at $0.02/M — potential savings $1.01/24h. Top up ollama_cloud if depleted.",1,0
1985,1786914902.1957586,critical,api_low_balance,ppq balance low: $0.02,"ppq balance at $0.02, below $5.00 threshold. Top up to avoid service interruption.",1,0
1986,1786914902.2076416,critical,api_low_balance,openrouter balance low: $3.67,"openrouter balance at $3.67, below $5.00 threshold. Top up to avoid service interruption.",1,0
1987,1786915802.232073,critical,api_low_balance,ppq balance low: $0.02,"ppq balance at $0.02, below $5.00 threshold. Top up to avoid service interruption.",1,0
1988,1786915802.2593157,critical,api_low_balance,openrouter balance low: $3.67,"openrouter balance at $3.67, below $5.00 threshold. Top up to avoid service interruption.",1,0
1989,1786915809.4869304,CRITICAL,api_low_balance,ppq balance low: $0.02,"ppq balance at $0.02, below $5 threshold. Top up to avoid service interruption. (data 5 min old)",1,0
1990,1786915809.487437,CRITICAL,api_low_balance,openrouter balance low: $3.67,"openrouter balance at $3.67, below $5 threshold. Top up to avoid service interruption. (data 5 min old)",1,0
1991,1786915809.4874496,WARN,cost_inefficiency,"Using openrouter for glm-5.2 ($0.97/M), ollama_cloud cheaper ($0.02/M)","116 calls / 6,607,672 tokens on openrouter at $0.97/M. ollama_cloud available at $0.02/M — potential savings $6.28/24h. Top up ollama_cloud if depleted.",1,0
1992,1786916702.09864,critical,api_low_balance,ppq balance low: $0.02,"ppq balance at $0.02, below $5.00 threshold. Top up to avoid service interruption.",1,0
1993,1786916702.1213958,critical,api_low_balance,openrouter balance low: $3.67,"openrouter balance at $3.67, below $5.00 threshold. Top up to avoid service interruption.",1,0
1994,1786917238.5535226,WARN,key_backoff,friend server failure #1,"{""detail"": ""backoff 30s; error_type=server"", ""key_name"": ""friend""}",1,0
1995,1786917480.168358,WARN,key_backoff,friend server failure #1,"{""detail"": ""backoff 30s; error_type=server"", ""key_name"": ""friend""}",1,0
1996,1786917602.0923603,critical,api_low_balance,ppq balance low: $0.02,"ppq balance at $0.02, below $5.00 threshold. Top up to avoid service interruption.",1,0
1997,1786917602.1265423,critical,api_low_balance,openrouter balance low: $3.67,"openrouter balance at $3.67, below $5.00 threshold. Top up to avoid service interruption.",1,0
1998,1786917608.312751,CRITICAL,api_low_balance,ppq balance low: $0.02,"ppq balance at $0.02, below $5 threshold. Top up to avoid service interruption. (data 5 min old)",1,0
1999,1786917608.313332,CRITICAL,api_low_balance,openrouter balance low: $3.67,"openrouter balance at $3.67, below $5 threshold. Top up to avoid service interruption. (data 5 min old)",1,0
2000,1786917608.3133452,WARN,cost_inefficiency,"Using openrouter for glm-5.2 ($0.97/M), ollama_cloud cheaper ($0.02/M)","104 calls / 5,847,236 tokens on openrouter at $0.97/M. ollama_cloud available at $0.02/M — potential savings $5.55/24h. Top up ollama_cloud if depleted.",1,0
2001,1786918501.8690743,critical,api_low_balance,ppq balance low: $0.02,"ppq balance at $0.02, below $5.00 threshold. Top up to avoid service interruption.",1,0
2002,1786918501.8812597,critical,api_low_balance,openrouter balance low: $3.67,"openrouter balance at $3.67, below $5.00 threshold. Top up to avoid service interruption.",1,0
2003,1786918661.9623756,WARN,key_backoff,ollama_cloud exhausted failure #1,"{""detail"": ""backoff 2.0s; error_type=exhausted"", ""key_name"": ""ollama_cloud""}",1,0
2004,1786919401.889642,critical,api_low_balance,ppq balance low: $0.02,"ppq balance at $0.02, below $5.00 threshold. Top up to avoid service interruption.",1,0
2005,1786919401.9101682,critical,api_low_balance,openrouter balance low: $3.67,"openrouter balance at $3.67, below $5.00 threshold. Top up to avoid service interruption.",1,0
2006,1786919408.045683,CRITICAL,api_low_balance,ppq balance low: $0.02,"ppq balance at $0.02, below $5 threshold. Top up to avoid service interruption. (data 5 min old)",1,0
2007,1786919408.0460255,CRITICAL,api_low_balance,openrouter balance low: $3.67,"openrouter balance at $3.67, below $5 threshold. Top up to avoid service interruption. (data 5 min old)",1,0
2008,1786919408.0460334,WARN,cost_inefficiency,"Using openrouter for glm-5.2 ($0.97/M), ollama_cloud cheaper ($0.02/M)","95 calls / 5,344,240 tokens on openrouter at $0.97/M. ollama_cloud available at $0.02/M — potential savings $5.08/24h. Top up ollama_cloud if depleted.",1,0
2009,1786920301.583997,critical,api_low_balance,ppq balance low: $0.02,"ppq balance at $0.02, below $5.00 threshold. Top up to avoid service interruption.",1,0
2010,1786920301.6068406,critical,api_low_balance,openrouter balance low: $3.67,"openrouter balance at $3.67, below $5.00 threshold. Top up to avoid service interruption.",1,0
2011,1786921201.529448,critical,api_low_balance,ppq balance low: $0.02,"ppq balance at $0.02, below $5.00 threshold. Top up to avoid service interruption.",1,0
2012,1786921201.5492475,critical,api_low_balance,openrouter balance low: $3.67,"openrouter balance at $3.67, below $5.00 threshold. Top up to avoid service interruption.",1,0
2013,1786921208.2473125,CRITICAL,api_low_balance,ppq balance low: $0.02,"ppq balance at $0.02, below $5 threshold. Top up to avoid service interruption. (data 5 min old)",1,0
2014,1786921208.2476377,CRITICAL,api_low_balance,openrouter balance low: $3.67,"openrouter balance at $3.67, below $5 threshold. Top up to avoid service interruption. (data 5 min old)",1,0
2015,1786921208.2476456,WARN,cost_inefficiency,"Using openrouter for glm-5.2 ($0.97/M), ollama_cloud cheaper ($0.02/M)","41 calls / 2,397,073 tokens on openrouter at $0.97/M. ollama_cloud available at $0.02/M — potential savings $2.28/24h. Top up ollama_cloud if depleted.",1,0
2016,1786922102.0247977,critical,api_low_balance,ppq balance low: $0.02,"ppq balance at $0.02, below $5.00 threshold. Top up to avoid service interruption.",1,0
2017,1786922102.0388317,critical,api_low_balance,openrouter balance low: $3.67,"openrouter balance at $3.67, below $5.00 threshold. Top up to avoid service interruption.",1,0
2018,1786923002.3593264,critical,api_low_balance,ppq balance low: $0.02,"ppq balance at $0.02, below $5.00 threshold. Top up to avoid service interruption.",1,0
2019,1786923002.3734894,critical,api_low_balance,openrouter balance low: $3.67,"openrouter balance at $3.67, below $5.00 threshold. Top up to avoid service interruption.",1,0
2020,1786923009.6251497,CRITICAL,api_low_balance,ppq balance low: $0.02,"ppq balance at $0.02, below $5 threshold. Top up to avoid service interruption. (data 5 min old)",1,0
2021,1786923009.6254482,CRITICAL,api_low_balance,openrouter balance low: $3.67,"openrouter balance at $3.67, below $5 threshold. Top up to avoid service interruption. (data 5 min old)",1,0
2022,1786923009.6254551,WARN,cost_inefficiency,"Using openrouter for glm-5.2 ($0.97/M), ollama_cloud cheaper ($0.02/M)","27 calls / 1,267,248 tokens on openrouter at $0.97/M. ollama_cloud available at $0.02/M — potential savings $1.20/24h. Top up ollama_cloud if depleted.",1,0
2023,1786923901.8098843,critical,api_low_balance,ppq balance low: $0.02,"ppq balance at $0.02, below $5.00 threshold. Top up to avoid service interruption.",1,0
2024,1786923901.8171287,critical,api_low_balance,openrouter balance low: $3.67,"openrouter balance at $3.67, below $5.00 threshold. Top up to avoid service interruption.",1,0
2025,1786924801.9411993,critical,api_low_balance,ppq balance low: $0.02,"ppq balance at $0.02, below $5.00 threshold. Top up to avoid service interruption.",1,0
2026,1786924801.9497392,critical,api_low_balance,openrouter balance low: $3.67,"openrouter balance at $3.67, below $5.00 threshold. Top up to avoid service interruption.",1,0
2027,1786924808.6638436,CRITICAL,api_low_balance,ppq balance low: $0.02,"ppq balance at $0.02, below $5 threshold. Top up to avoid service interruption. (data 5 min old)",1,0
2028,1786924808.6642163,CRITICAL,api_low_balance,openrouter balance low: $3.67,"openrouter balance at $3.67, below $5 threshold. Top up to avoid service interruption. (data 5 min old)",1,0
2029,1786924808.6642249,WARN,cost_inefficiency,"Using openrouter for glm-5.2 ($0.97/M), ollama_cloud cheaper ($0.02/M)","27 calls / 1,267,248 tokens on openrouter at $0.97/M. ollama_cloud available at $0.02/M — potential savings $1.20/24h. Top up ollama_cloud if depleted.",1,0
2030,1786925702.1578214,critical,api_low_balance,ppq balance low: $0.02,"ppq balance at $0.02, below $5.00 threshold. Top up to avoid service interruption.",1,0
2031,1786925702.1609251,critical,api_low_balance,openrouter balance low: $3.67,"openrouter balance at $3.67, below $5.00 threshold. Top up to avoid service interruption.",1,0
2032,1786926601.9489756,critical,api_low_balance,ppq balance low: $0.02,"ppq balance at $0.02, below $5.00 threshold. Top up to avoid service interruption.",1,0
2033,1786926601.9721892,critical,api_low_balance,openrouter balance low: $3.67,"openrouter balance at $3.67, below $5.00 threshold. Top up to avoid service interruption.",1,0
2034,1786926608.4541984,CRITICAL,api_low_balance,ppq balance low: $0.02,"ppq balance at $0.02, below $5 threshold. Top up to avoid service interruption. (data 5 min old)",1,0
2035,1786926608.4545422,CRITICAL,api_low_balance,openrouter balance low: $3.67,"openrouter balance at $3.67, below $5 threshold. Top up to avoid service interruption. (data 5 min old)",1,0
2036,1786926608.4545496,WARN,cost_inefficiency,"Using openrouter for glm-5.2 ($0.97/M), ollama_cloud cheaper ($0.02/M)","26 calls / 1,192,614 tokens on openrouter at $0.97/M. ollama_cloud available at $0.02/M — potential savings $1.13/24h. Top up ollama_cloud if depleted.",1,0
2037,1786927502.1217551,critical,api_low_balance,ppq balance low: $0.02,"ppq balance at $0.02, below $5.00 threshold. Top up to avoid service interruption.",1,0
2038,1786927502.1471217,critical,api_low_balance,openrouter balance low: $3.67,"openrouter balance at $3.67, below $5.00 threshold. Top up to avoid service interruption.",1,0
2039,1786928402.135793,critical,api_low_balance,ppq balance low: $0.02,"ppq balance at $0.02, below $5.00 threshold. Top up to avoid service interruption.",1,0
2040,1786928402.150331,critical,api_low_balance,openrouter balance low: $3.67,"openrouter balance at $3.67, below $5.00 threshold. Top up to avoid service interruption.",1,0
2041,1786928408.5708623,CRITICAL,api_low_balance,ppq balance low: $0.02,"ppq balance at $0.02, below $5 threshold. Top up to avoid service interruption. (data 5 min old)",1,0
2042,1786928408.571216,CRITICAL,api_low_balance,openrouter balance low: $3.67,"openrouter balance at $3.67, below $5 threshold. Top up to avoid service interruption. (data 5 min old)",1,0
2043,1786928408.5712233,WARN,cost_inefficiency,"Using openrouter for glm-5.2 ($0.97/M), ollama_cloud cheaper ($0.02/M)","26 calls / 1,192,614 tokens on openrouter at $0.97/M. ollama_cloud available at $0.02/M — potential savings $1.13/24h. Top up ollama_cloud if depleted.",1,0
2044,1786929301.7494915,critical,api_low_balance,ppq balance low: $0.02,"ppq balance at $0.02, below $5.00 threshold. Top up to avoid service interruption.",1,0
2045,1786929301.7749019,critical,api_low_balance,openrouter balance low: $3.67,"openrouter balance at $3.67, below $5.00 threshold. Top up to avoid service interruption.",1,0
2046,1786930201.698189,critical,api_low_balance,ppq balance low: $0.02,"ppq balance at $0.02, below $5.00 threshold. Top up to avoid service interruption.",1,0
2047,1786930201.715127,critical,api_low_balance,openrouter balance low: $3.67,"openrouter balance at $3.67, below $5.00 threshold. Top up to avoid service interruption.",1,0
2048,1786930208.4945257,CRITICAL,api_low_balance,ppq balance low: $0.02,"ppq balance at $0.02, below $5 threshold. Top up to avoid service interruption. (data 5 min old)",1,0
2049,1786930208.4957697,CRITICAL,api_low_balance,openrouter balance low: $3.67,"openrouter balance at $3.67, below $5 threshold. Top up to avoid service interruption. (data 5 min old)",1,0
2050,1786930208.495804,WARN,cost_inefficiency,"Using openrouter for glm-5.2 ($0.97/M), ollama_cloud cheaper ($0.02/M)","26 calls / 1,192,614 tokens on openrouter at $0.97/M. ollama_cloud available at $0.02/M — potential savings $1.13/24h. Top up ollama_cloud if depleted.",1,0
2051,1786931101.6540642,critical,api_low_balance,ppq balance low: $0.02,"ppq balance at $0.02, below $5.00 threshold. Top up to avoid service interruption.",1,0
2052,1786931101.6653013,critical,api_low_balance,openrouter balance low: $3.67,"openrouter balance at $3.67, below $5.00 threshold. Top up to avoid service interruption.",1,0
2053,1786932002.3582172,critical,api_low_balance,ppq balance low: $0.02,"ppq balance at $0.02, below $5.00 threshold. Top up to avoid service interruption.",1,0
2054,1786932002.3921566,critical,api_low_balance,openrouter balance low: $3.67,"openrouter balance at $3.67, below $5.00 threshold. Top up to avoid service interruption.",1,0
2055,1786932009.1998525,CRITICAL,api_low_balance,ppq balance low: $0.02,"ppq balance at $0.02, below $5 threshold. Top up to avoid service interruption. (data 5 min old)",1,0
2056,1786932009.2003067,CRITICAL,api_low_balance,openrouter balance low: $3.67,"openrouter balance at $3.67, below $5 threshold. Top up to avoid service interruption. (data 5 min old)",1,0
2057,1786932009.2003188,WARN,cost_inefficiency,"Using openrouter for glm-5.2 ($0.97/M), ollama_cloud cheaper ($0.02/M)","26 calls / 1,192,614 tokens on openrouter at $0.97/M. ollama_cloud available at $0.02/M — potential savings $1.13/24h. Top up ollama_cloud if depleted.",1,0
2058,1786932902.0636742,critical,api_low_balance,ppq balance low: $0.02,"ppq balance at $0.02, below $5.00 threshold. Top up to avoid service interruption.",1,0
2059,1786932902.0742557,critical,api_low_balance,openrouter balance low: $3.67,"openrouter balance at $3.67, below $5.00 threshold. Top up to avoid service interruption.",1,0
2060,1786933801.6314695,critical,api_low_balance,ppq balance low: $0.02,"ppq balance at $0.02, below $5.00 threshold. Top up to avoid service interruption.",1,0
2061,1786933801.6406393,critical,api_low_balance,openrouter balance low: $3.67,"openrouter balance at $3.67, below $5.00 threshold. Top up to avoid service interruption.",1,0
2062,1786933808.6111042,CRITICAL,api_low_balance,ppq balance low: $0.02,"ppq balance at $0.02, below $5 threshold. Top up to avoid service interruption. (data 5 min old)",1,0
2063,1786933808.6135352,CRITICAL,api_low_balance,openrouter balance low: $3.67,"openrouter balance at $3.67, below $5 threshold. Top up to avoid service interruption. (data 5 min old)",1,0
2064,1786933808.6135972,WARN,cost_inefficiency,"Using openrouter for glm-5.2 ($0.97/M), ollama_cloud cheaper ($0.02/M)","26 calls / 1,192,614 tokens on openrouter at $0.97/M. ollama_cloud available at $0.02/M — potential savings $1.13/24h. Top up ollama_cloud if depleted.",1,0
2065,1786933859.4578073,WARN,key_backoff,friend exhausted failure #1,"{""detail"": ""backoff 2.0s; error_type=exhausted"", ""key_name"": ""friend""}",1,0
2066,1786933867.3710756,WARN,key_backoff,friend exhausted failure #2,"{""detail"": ""backoff 4.0s; error_type=exhausted"", ""key_name"": ""friend""}",1,0
2067,1786933950.6981044,WARN,key_backoff,ollama_cloud exhausted failure #2,"{""detail"": ""backoff 4.0s; error_type=exhausted"", ""key_name"": ""ollama_cloud""}",1,0
2068,1786933958.684029,WARN,key_backoff,ollama_cloud exhausted failure #3,"{""detail"": ""backoff 8.0s; error_type=exhausted"", ""key_name"": ""ollama_cloud""}",1,0
2069,1786934008.0332658,WARN,key_backoff,friend exhausted failure #3,"{""detail"": ""backoff 8.0s; error_type=exhausted"", ""key_name"": ""friend""}",1,0
2070,1786934020.8200395,WARN,key_backoff,friend exhausted failure #4,"{""detail"": ""backoff 16.0s; error_type=exhausted"", ""key_name"": ""friend""}",1,0
2071,1786934100.986376,WARN,key_backoff,ollama_cloud exhausted failure #4,"{""detail"": ""backoff 16.0s; error_type=exhausted"", ""key_name"": ""ollama_cloud""}",1,0
2072,1786934106.9896994,WARN,key_backoff,friend exhausted failure #5,"{""detail"": ""backoff 32.0s; error_type=exhausted"", ""key_name"": ""friend""}",1,0
2073,1786934119.1747956,WARN,key_backoff,ollama_cloud exhausted failure #5,"{""detail"": ""backoff 32.0s; error_type=exhausted"", ""key_name"": ""ollama_cloud""}",1,0
2074,1786934155.9670405,WARN,key_backoff,friend exhausted failure #6,"{""detail"": ""backoff 60.0s; error_type=exhausted"", ""key_name"": ""friend""}",1,0
2075,1786934188.564943,WARN,key_backoff,ollama_cloud exhausted failure #6,"{""detail"": ""backoff 60.0s; error_type=exhausted"", ""key_name"": ""ollama_cloud""}",1,0
2076,1786934265.3107479,WARN,key_backoff,friend exhausted failure #7,"{""detail"": ""backoff 60.0s; error_type=exhausted"", ""key_name"": ""friend""}",1,0
2077,1786934265.3108888,CRITICAL,KEY_DEAD,friend reached 7 consecutive failures,"{""detail"": ""backoff 60.0s; likely dead"", ""key_name"": ""friend""}",1,0
2078,1786934348.0331516,WARN,key_backoff,ollama_cloud exhausted failure #7,"{""detail"": ""backoff 60.0s; error_type=exhausted"", ""key_name"": ""ollama_cloud""}",1,0
2079,1786934348.0334327,CRITICAL,KEY_DEAD,ollama_cloud reached 7 consecutive failures,"{""detail"": ""backoff 60.0s; likely dead"", ""key_name"": ""ollama_cloud""}",1,0
2080,1786934575.8331306,WARN,key_backoff,friend exhausted failure #8,"{""detail"": ""backoff 60.0s; error_type=exhausted"", ""key_name"": ""friend""}",1,0
2081,1786934696.338301,WARN,key_backoff,ollama_cloud exhausted failure #8,"{""detail"": ""backoff 60.0s; error_type=exhausted"", ""key_name"": ""ollama_cloud""}",1,0
2082,1786934702.2036386,critical,api_low_balance,ppq balance low: $0.02,"ppq balance at $0.02, below $5.00 threshold. Top up to avoid service interruption.",1,0
2083,1786934702.216429,critical,api_low_balance,openrouter balance low: $3.60,"openrouter balance at $3.60, below $5.00 threshold. Top up to avoid service interruption.",1,0
2084,1786934702.216429,warning,api_burn_burst,openrouter burn burst: $0.0597 (z=29.4σ),"openrouter spend this interval ($0.0597) is 29.4σ above the rolling mean ($0.0002, σ=$0.0020). Possible runaway agent or expensive request.",1,0
2085,1786934801.849093,WARN,key_backoff,friend exhausted failure #9,"{""detail"": ""backoff 60.0s; error_type=exhausted"", ""key_name"": ""friend""}",1,0
2086,1786934922.37905,WARN,key_backoff,ollama_cloud exhausted failure #9,"{""detail"": ""backoff 60.0s; error_type=exhausted"", ""key_name"": ""ollama_cloud""}",1,0
2087,1786934939.153513,WARN,key_backoff,friend exhausted failure #10,"{""detail"": ""backoff 60.0s; error_type=exhausted"", ""key_name"": ""friend""}",1,0
2088,1786935000.9697719,WARN,key_backoff,friend exhausted failure #11,"{""detail"": ""backoff 60.0s; error_type=exhausted"", ""key_name"": ""friend""}",1,0
2089,1786935059.6479695,WARN,key_backoff,ollama_cloud exhausted failure #10,"{""detail"": ""backoff 60.0s; error_type=exhausted"", ""key_name"": ""ollama_cloud""}",1,0
2090,1786935121.86044,WARN,key_backoff,ollama_cloud exhausted failure #11,"{""detail"": ""backoff 60.0s; error_type=exhausted"", ""key_name"": ""ollama_cloud""}",1,0
2091,1786935151.0299478,WARN,key_backoff,friend exhausted failure #12,"{""detail"": ""backoff 60.0s; error_type=exhausted"", ""key_name"": ""friend""}",1,0
2092,1786935214.6031559,WARN,key_backoff,friend exhausted failure #13,"{""detail"": ""backoff 60.0s; error_type=exhausted"", ""key_name"": ""friend""}",1,0
2093,1786935271.5552914,WARN,key_backoff,ollama_cloud exhausted failure #12,"{""detail"": ""backoff 60.0s; error_type=exhausted"", ""key_name"": ""ollama_cloud""}",1,0
2094,1786935282.0245156,WARN,key_backoff,friend exhausted failure #14,"{""detail"": ""backoff 60.0s; error_type=exhausted"", ""key_name"": ""friend""}",1,0
2095,1786935335.3108652,WARN,key_backoff,ollama_cloud exhausted failure #13,"{""detail"": ""backoff 60.0s; error_type=exhausted"", ""key_name"": ""ollama_cloud""}",1,0
2096,1786935444.115976,WARN,key_backoff,friend exhausted failure #15,"{""detail"": ""backoff 60.0s; error_type=exhausted"", ""key_name"": ""friend""}",1,0
2097,1786935564.637555,WARN,key_backoff,ollama_cloud exhausted failure #14,"{""detail"": ""backoff 60.0s; error_type=exhausted"", ""key_name"": ""ollama_cloud""}",1,0
2098,1786935577.196621,WARN,key_backoff,friend exhausted failure #16,"{""detail"": ""backoff 60.0s; error_type=exhausted"", ""key_name"": ""friend""}",1,0
2099,1786935601.5946324,critical,api_low_balance,ppq balance low: $0.02,"ppq balance at $0.02, below $5.00 threshold. Top up to avoid service interruption.",1,0
2100,1786935601.6007233,critical,api_low_balance,openrouter balance low: $3.58,"openrouter balance at $3.58, below $5.00 threshold. Top up to avoid service interruption.",1,0
2101,1786935607.9829316,CRITICAL,api_low_balance,ppq balance low: $0.02,"ppq balance at $0.02, below $5 threshold. Top up to avoid service interruption. (data 5 min old)",1,0
2102,1786935607.9842453,CRITICAL,api_low_balance,openrouter balance low: $3.58,"openrouter balance at $3.58, below $5 threshold. Top up to avoid service interruption. (data 5 min old)",1,0
2103,1786935607.9842942,WARN,cost_inefficiency,"Using openrouter for glm-5.2 ($0.97/M), routstrd cheaper ($0.53/M)","43 calls / 1,348,781 tokens on openrouter at $0.97/M. routstrd available at $0.53/M — potential savings $0.59/24h. Top up routstrd if depleted.",1,0
2104,1786935697.6840272,WARN,key_backoff,ollama_cloud exhausted failure #15,"{""detail"": ""backoff 60.0s; error_type=exhausted"", ""key_name"": ""ollama_cloud""}",1,0
2105,1786935785.5067418,WARN,key_backoff,friend exhausted failure #17,"{""detail"": ""backoff 60.0s; error_type=exhausted"", ""key_name"": ""friend""}",1,0
2106,1786935906.0198379,WARN,key_backoff,ollama_cloud exhausted failure #16,"{""detail"": ""backoff 60.0s; error_type=exhausted"", ""key_name"": ""ollama_cloud""}",1,0
2107,1786935913.5570567,WARN,key_backoff,friend exhausted failure #18,"{""detail"": ""backoff 60.0s; error_type=exhausted"", ""key_name"": ""friend""}",1,0
2108,1786936034.0697062,WARN,key_backoff,ollama_cloud exhausted failure #17,"{""detail"": ""backoff 60.0s; error_type=exhausted"", ""key_name"": ""ollama_cloud""}",1,0
2109,1786936151.432578,WARN,key_backoff,friend exhausted failure #19,"{""detail"": ""backoff 60.0s; error_type=exhausted"", ""key_name"": ""friend""}",1,0
2110,1786936272.2536237,WARN,key_backoff,ollama_cloud exhausted failure #18,"{""detail"": ""backoff 60.0s; error_type=exhausted"", ""key_name"": ""ollama_cloud""}",1,0
2111,1786936289.0559685,WARN,key_backoff,friend exhausted failure #20,"{""detail"": ""backoff 60.0s; error_type=exhausted"", ""key_name"": ""friend""}",1,0
2112,1786936409.5325007,WARN,key_backoff,ollama_cloud exhausted failure #19,"{""detail"": ""backoff 60.0s; error_type=exhausted"", ""key_name"": ""ollama_cloud""}",1,0
2113,1786936498.8174453,WARN,key_backoff,friend exhausted failure #21,"{""detail"": ""backoff 60.0s; error_type=exhausted"", ""key_name"": ""friend""}",1,0
2114,1786936501.6156578,critical,api_low_balance,ppq balance low: $0.02,"ppq balance at $0.02, below $5.00 threshold. Top up to avoid service interruption.",1,0
2115,1786936501.6305447,critical,api_low_balance,openrouter balance low: $3.52,"openrouter balance at $3.52, below $5.00 threshold. Top up to avoid service interruption.",1,0
2116,1786936501.6305447,warning,api_burn_burst,openrouter burn burst: $0.0554 (z=7.1σ),"openrouter spend this interval ($0.0554) is 7.1σ above the rolling mean ($0.0015, σ=$0.0075). Possible runaway agent or expensive request.",1,0
2117,1786936619.3218515,WARN,key_backoff,ollama_cloud exhausted failure #20,"{""detail"": ""backoff 60.0s; error_type=exhausted"", ""key_name"": ""ollama_cloud""}",1,0
2118,1786936636.92845,WARN,key_backoff,friend exhausted failure #22,"{""detail"": ""backoff 60.0s; error_type=exhausted"", ""key_name"": ""friend""}",1,0
2119,1786936757.7253084,WARN,key_backoff,ollama_cloud exhausted failure #21,"{""detail"": ""backoff 60.0s; error_type=exhausted"", ""key_name"": ""ollama_cloud""}",1,0
2120,1786936852.4071252,WARN,key_backoff,friend exhausted failure #23,"{""detail"": ""backoff 60.0s; error_type=exhausted"", ""key_name"": ""friend""}",1,0
2121,1786936972.9574153,WARN,key_backoff,ollama_cloud exhausted failure #22,"{""detail"": ""backoff 60.0s; error_type=exhausted"", ""key_name"": ""ollama_cloud""}",1,0
2122,1786936977.7235682,WARN,key_backoff,friend exhausted failure #24,"{""detail"": ""backoff 60.0s; error_type=exhausted"", ""key_name"": ""friend""}",1,0
2123,1786937098.1955051,WARN,key_backoff,ollama_cloud exhausted failure #23,"{""detail"": ""backoff 60.0s; error_type=exhausted"", ""key_name"": ""ollama_cloud""}",1,0
2124,1786937193.0703523,WARN,key_backoff,friend exhausted failure #25,"{""detail"": ""backoff 60.0s; error_type=exhausted"", ""key_name"": ""friend""}",1,0
2125,1786937313.5996802,WARN,key_backoff,ollama_cloud exhausted failure #24,"{""detail"": ""backoff 60.0s; error_type=exhausted"", ""key_name"": ""ollama_cloud""}",1,0
2126,1786937402.4207113,critical,api_low_balance,ppq balance low: $0.02,"ppq balance at $0.02, below $5.00 threshold. Top up to avoid service interruption.",1,0
2127,1786937402.4326515,critical,api_low_balance,openrouter balance low: $3.49,"openrouter balance at $3.49, below $5.00 threshold. Top up to avoid service interruption.",1,0
2128,1786937409.0095825,CRITICAL,api_low_balance,ppq balance low: $0.02,"ppq balance at $0.02, below $5 threshold. Top up to avoid service interruption. (data 5 min old)",1,0
2129,1786937409.010432,CRITICAL,api_low_balance,openrouter balance low: $3.49,"openrouter balance at $3.49, below $5 threshold. Top up to avoid service interruption. (data 5 min old)",1,0
2130,1786937409.0104544,WARN,cost_inefficiency,"Using openrouter for glm-5.2 ($0.97/M), routstrd cheaper ($0.53/M)","54 calls / 1,553,176 tokens on openrouter at $0.97/M. routstrd available at $0.53/M — potential savings $0.68/24h. Top up routstrd if depleted.",1,0
2131,1786938302.2876081,critical,api_low_balance,ppq balance low: $0.02,"ppq balance at $0.02, below $5.00 threshold. Top up to avoid service interruption.",1,0
2132,1786938302.3005047,critical,api_low_balance,openrouter balance low: $3.47,"openrouter balance at $3.47, below $5.00 threshold. Top up to avoid service interruption.",1,0
2133,1786939201.9680638,critical,api_low_balance,ppq balance low: $0.02,"ppq balance at $0.02, below $5.00 threshold. Top up to avoid service interruption.",1,0
2134,1786939201.993152,critical,api_low_balance,openrouter balance low: $3.47,"openrouter balance at $3.47, below $5.00 threshold. Top up to avoid service interruption.",1,0
2135,1786939208.3664658,CRITICAL,api_low_balance,ppq balance low: $0.02,"ppq balance at $0.02, below $5 threshold. Top up to avoid service interruption. (data 5 min old)",1,0
2136,1786939208.3669593,CRITICAL,api_low_balance,openrouter balance low: $3.47,"openrouter balance at $3.47, below $5 threshold. Top up to avoid service interruption. (data 5 min old)",1,0
2137,1786939208.3669713,WARN,cost_inefficiency,"Using openrouter for glm-5.2 ($0.97/M), ollama_cloud cheaper ($0.02/M)","54 calls / 1,553,176 tokens on openrouter at $0.97/M. ollama_cloud available at $0.02/M — potential savings $1.48/24h. Top up ollama_cloud if depleted.",1,0
2138,1786940102.2787554,critical,api_low_balance,ppq balance low: $0.02,"ppq balance at $0.02, below $5.00 threshold. Top up to avoid service interruption.",1,0
2139,1786940102.3143296,critical,api_low_balance,openrouter balance low: $3.47,"openrouter balance at $3.47, below $5.00 threshold. Top up to avoid service interruption.",1,0
2140,1786941002.015924,critical,api_low_balance,ppq balance low: $0.02,"ppq balance at $0.02, below $5.00 threshold. Top up to avoid service interruption.",1,0
2141,1786941002.0398226,critical,api_low_balance,openrouter balance low: $3.47,"openrouter balance at $3.47, below $5.00 threshold. Top up to avoid service interruption.",1,0
2142,1786941009.44648,CRITICAL,api_low_balance,ppq balance low: $0.02,"ppq balance at $0.02, below $5 threshold. Top up to avoid service interruption. (data 5 min old)",1,0
2143,1786941009.447041,CRITICAL,api_low_balance,openrouter balance low: $3.47,"openrouter balance at $3.47, below $5 threshold. Top up to avoid service interruption. (data 5 min old)",1,0
2144,1786941009.4470572,WARN,cost_inefficiency,"Using openrouter for glm-5.2 ($0.97/M), ollama_cloud cheaper ($0.02/M)","54 calls / 1,553,176 tokens on openrouter at $0.97/M. ollama_cloud available at $0.02/M — potential savings $1.48/24h. Top up ollama_cloud if depleted.",1,0
2145,1786941901.3674042,critical,api_low_balance,ppq balance low: $0.02,"ppq balance at $0.02, below $5.00 threshold. Top up to avoid service interruption.",1,0
2146,1786941901.4115539,critical,api_low_balance,openrouter balance low: $3.47,"openrouter balance at $3.47, below $5.00 threshold. Top up to avoid service interruption.",1,0
2147,1786942801.5732517,critical,api_low_balance,ppq balance low: $0.02,"ppq balance at $0.02, below $5.00 threshold. Top up to avoid service interruption.",1,0
2148,1786942801.594091,critical,api_low_balance,openrouter balance low: $3.47,"openrouter balance at $3.47, below $5.00 threshold. Top up to avoid service interruption.",1,0
2149,1786942807.874593,CRITICAL,api_low_balance,ppq balance low: $0.02,"ppq balance at $0.02, below $5 threshold. Top up to avoid service interruption. (data 5 min old)",1,0
2150,1786942807.875115,CRITICAL,api_low_balance,openrouter balance low: $3.47,"openrouter balance at $3.47, below $5 threshold. Top up to avoid service interruption. (data 5 min old)",1,0
2151,1786942807.8751287,WARN,cost_inefficiency,"Using openrouter for glm-5.2 ($0.97/M), ollama_cloud cheaper ($0.02/M)","54 calls / 1,553,176 tokens on openrouter at $0.97/M. ollama_cloud available at $0.02/M — potential savings $1.48/24h. Top up ollama_cloud if depleted.",1,0
2152,1786943702.1590903,critical,api_low_balance,ppq balance low: $0.02,"ppq balance at $0.02, below $5.00 threshold. Top up to avoid service interruption.",1,0
2153,1786943702.1831949,critical,api_low_balance,openrouter balance low: $3.47,"openrouter balance at $3.47, below $5.00 threshold. Top up to avoid service interruption.",1,0
2154,1786944602.0112586,critical,api_low_balance,ppq balance low: $0.02,"ppq balance at $0.02, below $5.00 threshold. Top up to avoid service interruption.",1,0
2155,1786944602.0283308,critical,api_low_balance,openrouter balance low: $3.47,"openrouter balance at $3.47, below $5.00 threshold. Top up to avoid service interruption.",1,0
2156,1786944608.2523866,CRITICAL,api_low_balance,ppq balance low: $0.02,"ppq balance at $0.02, below $5 threshold. Top up to avoid service interruption. (data 5 min old)",1,0
2157,1786944608.2528958,CRITICAL,api_low_balance,openrouter balance low: $3.47,"openrouter balance at $3.47, below $5 threshold. Top up to avoid service interruption. (data 5 min old)",1,0
2158,1786944608.2529094,WARN,cost_inefficiency,"Using openrouter for glm-5.2 ($0.97/M), ollama_cloud cheaper ($0.02/M)","54 calls / 1,553,176 tokens on openrouter at $0.97/M. ollama_cloud available at $0.02/M — potential savings $1.48/24h. Top up ollama_cloud if depleted.",1,0
2159,1786945501.4710515,critical,api_low_balance,ppq balance low: $0.02,"ppq balance at $0.02, below $5.00 threshold. Top up to avoid service interruption.",1,0
2160,1786945501.4940813,critical,api_low_balance,openrouter balance low: $3.47,"openrouter balance at $3.47, below $5.00 threshold. Top up to avoid service interruption.",1,0
2161,1786946402.0355325,critical,api_low_balance,ppq balance low: $0.02,"ppq balance at $0.02, below $5.00 threshold. Top up to avoid service interruption.",1,0
2162,1786946402.0635664,critical,api_low_balance,openrouter balance low: $3.47,"openrouter balance at $3.47, below $5.00 threshold. Top up to avoid service interruption.",1,0
2163,1786946408.5556014,CRITICAL,api_low_balance,ppq balance low: $0.02,"ppq balance at $0.02, below $5 threshold. Top up to avoid service interruption. (data 5 min old)",1,0
2164,1786946408.5561862,CRITICAL,api_low_balance,openrouter balance low: $3.47,"openrouter balance at $3.47, below $5 threshold. Top up to avoid service interruption. (data 5 min old)",1,0
2165,1786946408.5562005,WARN,cost_inefficiency,"Using openrouter for glm-5.2 ($0.97/M), ollama_cloud cheaper ($0.02/M)","54 calls / 1,553,176 tokens on openrouter at $0.97/M. ollama_cloud available at $0.02/M — potential savings $1.48/24h. Top up ollama_cloud if depleted.",1,0
2166,1786947301.8623974,critical,api_low_balance,ppq balance low: $0.02,"ppq balance at $0.02, below $5.00 threshold. Top up to avoid service interruption.",1,0
2167,1786947301.879841,critical,api_low_balance,openrouter balance low: $3.47,"openrouter balance at $3.47, below $5.00 threshold. Top up to avoid service interruption.",1,0
2168,1786948202.2828593,critical,api_low_balance,ppq balance low: $0.02,"ppq balance at $0.02, below $5.00 threshold. Top up to avoid service interruption.",1,0
2169,1786948202.3039324,critical,api_low_balance,openrouter balance low: $3.47,"openrouter balance at $3.47, below $5.00 threshold. Top up to avoid service interruption.",1,0
2170,1786948209.4694073,CRITICAL,api_low_balance,ppq balance low: $0.02,"ppq balance at $0.02, below $5 threshold. Top up to avoid service interruption. (data 5 min old)",1,0
2171,1786948209.470516,CRITICAL,api_low_balance,openrouter balance low: $3.47,"openrouter balance at $3.47, below $5 threshold. Top up to avoid service interruption. (data 5 min old)",1,0
2172,1786948209.4705462,WARN,cost_inefficiency,"Using openrouter for glm-5.2 ($0.97/M), ollama_cloud cheaper ($0.02/M)","54 calls / 1,553,176 tokens on openrouter at $0.97/M. ollama_cloud available at $0.02/M — potential savings $1.48/24h. Top up ollama_cloud if depleted.",1,0
2173,1786949101.5602598,critical,api_low_balance,ppq balance low: $0.02,"ppq balance at $0.02, below $5.00 threshold. Top up to avoid service interruption.",1,0
2174,1786949101.5835714,critical,api_low_balance,openrouter balance low: $3.47,"openrouter balance at $3.47, below $5.00 threshold. Top up to avoid service interruption.",1,0
2175,1786950002.0536227,critical,api_low_balance,ppq balance low: $0.02,"ppq balance at $0.02, below $5.00 threshold. Top up to avoid service interruption.",1,0
2176,1786950002.0856943,critical,api_low_balance,openrouter balance low: $3.47,"openrouter balance at $3.47, below $5.00 threshold. Top up to avoid service interruption.",1,0
2177,1786950008.848544,CRITICAL,api_low_balance,ppq balance low: $0.02,"ppq balance at $0.02, below $5 threshold. Top up to avoid service interruption. (data 5 min old)",1,0
2178,1786950008.849356,CRITICAL,api_low_balance,openrouter balance low: $3.47,"openrouter balance at $3.47, below $5 threshold. Top up to avoid service interruption. (data 5 min old)",1,0
2179,1786950008.8493764,WARN,cost_inefficiency,"Using openrouter for glm-5.2 ($0.97/M), ollama_cloud cheaper ($0.02/M)","54 calls / 1,553,176 tokens on openrouter at $0.97/M. ollama_cloud available at $0.02/M — potential savings $1.48/24h. Top up ollama_cloud if depleted.",1,0
2180,1786950902.2969503,critical,api_low_balance,ppq balance low: $0.02,"ppq balance at $0.02, below $5.00 threshold. Top up to avoid service interruption.",1,0
2181,1786950902.3154376,critical,api_low_balance,openrouter balance low: $3.47,"openrouter balance at $3.47, below $5.00 threshold. Top up to avoid service interruption.",1,0
2182,1786951802.3539035,critical,api_low_balance,ppq balance low: $0.02,"ppq balance at $0.02, below $5.00 threshold. Top up to avoid service interruption.",1,0
2183,1786951802.3669455,critical,api_low_balance,openrouter balance low: $3.47,"openrouter balance at $3.47, below $5.00 threshold. Top up to avoid service interruption.",1,0
2184,1786951808.843821,CRITICAL,api_low_balance,ppq balance low: $0.02,"ppq balance at $0.02, below $5 threshold. Top up to avoid service interruption. (data 5 min old)",1,0
2185,1786951808.844213,CRITICAL,api_low_balance,openrouter balance low: $3.47,"openrouter balance at $3.47, below $5 threshold. Top up to avoid service interruption. (data 5 min old)",1,0
2186,1786951808.8442209,WARN,cost_inefficiency,"Using openrouter for glm-5.2 ($0.97/M), ollama_cloud cheaper ($0.02/M)","53 calls / 1,536,173 tokens on openrouter at $0.97/M. ollama_cloud available at $0.02/M — potential savings $1.46/24h. Top up ollama_cloud if depleted.",1,0
2187,1786955385.3507297,WARN,key_backoff,friend server failure #1,"{""detail"": ""backoff 30s; error_type=server"", ""key_name"": ""friend""}",1,0
2188,1786955402.2576685,critical,api_low_balance,ppq balance low: $0.02,"ppq balance at $0.02, below $5.00 threshold. Top up to avoid service interruption.",1,0
2189,1786955402.3566623,critical,api_low_balance,openrouter balance low: $3.47,"openrouter balance at $3.47, below $5.00 threshold. Top up to avoid service interruption.",1,0
2190,1786955448.32408,WARN,key_backoff,friend server failure #2,"{""detail"": ""backoff 30s; error_type=server"", ""key_name"": ""friend""}",1,0
2191,1786956302.2927,critical,api_low_balance,ppq balance low: $0.02,"ppq balance at $0.02, below $5.00 threshold. Top up to avoid service interruption.",1,0
2192,1786956302.311277,critical,api_low_balance,openrouter balance low: $3.47,"openrouter balance at $3.47, below $5.00 threshold. Top up to avoid service interruption.",1,0
2193,1786957202.2554064,critical,api_low_balance,ppq balance low: $0.02,"ppq balance at $0.02, below $5.00 threshold. Top up to avoid service interruption.",1,0
2194,1786957202.2912996,critical,api_low_balance,openrouter balance low: $3.47,"openrouter balance at $3.47, below $5.00 threshold. Top up to avoid service interruption.",1,0
2195,1786957208.8288033,CRITICAL,api_low_balance,ppq balance low: $0.02,"ppq balance at $0.02, below $5 threshold. Top up to avoid service interruption. (data 5 min old)",1,0
2196,1786957208.8293388,CRITICAL,api_low_balance,openrouter balance low: $3.47,"openrouter balance at $3.47, below $5 threshold. Top up to avoid service interruption. (data 5 min old)",1,0
2197,1786958101.573486,critical,api_low_balance,ppq balance low: $0.02,"ppq balance at $0.02, below $5.00 threshold. Top up to avoid service interruption.",1,0
2198,1786958101.5832171,critical,api_low_balance,openrouter balance low: $3.47,"openrouter balance at $3.47, below $5.00 threshold. Top up to avoid service interruption.",1,0
2199,1786959002.155897,critical,api_low_balance,ppq balance low: $0.02,"ppq balance at $0.02, below $5.00 threshold. Top up to avoid service interruption.",1,0
2200,1786959002.1681767,critical,api_low_balance,openrouter balance low: $3.47,"openrouter balance at $3.47, below $5.00 threshold. Top up to avoid service interruption.",1,0
2201,1786959008.8989832,CRITICAL,api_low_balance,ppq balance low: $0.02,"ppq balance at $0.02, below $5 threshold. Top up to avoid service interruption. (data 5 min old)",1,0
2202,1786959008.900278,CRITICAL,api_low_balance,openrouter balance low: $3.47,"openrouter balance at $3.47, below $5 threshold. Top up to avoid service interruption. (data 5 min old)",1,0
2203,1786959902.0000172,critical,api_low_balance,ppq balance low: $0.02,"ppq balance at $0.02, below $5.00 threshold. Top up to avoid service interruption.",1,0
2204,1786959902.0089765,critical,api_low_balance,openrouter balance low: $3.47,"openrouter balance at $3.47, below $5.00 threshold. Top up to avoid service interruption.",1,0
2205,1786960801.6806397,critical,api_low_balance,ppq balance low: $0.02,"ppq balance at $0.02, below $5.00 threshold. Top up to avoid service interruption.",1,0
2206,1786960801.713474,critical,api_low_balance,openrouter balance low: $3.47,"openrouter balance at $3.47, below $5.00 threshold. Top up to avoid service interruption.",1,0
2207,1786960808.2685342,CRITICAL,api_low_balance,ppq balance low: $0.02,"ppq balance at $0.02, below $5 threshold. Top up to avoid service interruption. (data 5 min old)",1,0
2208,1786960808.2697928,CRITICAL,api_low_balance,openrouter balance low: $3.47,"openrouter balance at $3.47, below $5 threshold. Top up to avoid service interruption. (data 5 min old)",1,0
2209,1786961702.1612782,critical,api_low_balance,ppq balance low: $0.02,"ppq balance at $0.02, below $5.00 threshold. Top up to avoid service interruption.",1,0
2210,1786961702.1761591,critical,api_low_balance,openrouter balance low: $3.47,"openrouter balance at $3.47, below $5.00 threshold. Top up to avoid service interruption.",1,0
2211,1786962602.2403715,critical,api_low_balance,ppq balance low: $0.02,"ppq balance at $0.02, below $5.00 threshold. Top up to avoid service interruption.",1,0
2212,1786962602.257518,critical,api_low_balance,openrouter balance low: $3.47,"openrouter balance at $3.47, below $5.00 threshold. Top up to avoid service interruption.",1,0
2213,1786962609.1510158,CRITICAL,api_low_balance,ppq balance low: $0.02,"ppq balance at $0.02, below $5 threshold. Top up to avoid service interruption. (data 5 min old)",1,0
2214,1786962609.1515293,CRITICAL,api_low_balance,openrouter balance low: $3.47,"openrouter balance at $3.47, below $5 threshold. Top up to avoid service interruption. (data 5 min old)",1,0
2215,1786963501.8084981,critical,api_low_balance,ppq balance low: $0.02,"ppq balance at $0.02, below $5.00 threshold. Top up to avoid service interruption.",1,0
2216,1786963501.8134902,critical,api_low_balance,openrouter balance low: $3.47,"openrouter balance at $3.47, below $5.00 threshold. Top up to avoid service interruption.",1,0
2217,1786964401.852432,WARN,key_backoff,friend exhausted failure #3,"{""detail"": ""backoff 8.0s; error_type=exhausted"", ""key_name"": ""friend""}",1,0
2218,1786964401.8844137,critical,api_low_balance,ppq balance low: $0.02,"ppq balance at $0.02, below $5.00 threshold. Top up to avoid service interruption.",1,0
2219,1786964401.902996,critical,api_low_balance,openrouter balance low: $3.47,"openrouter balance at $3.47, below $5.00 threshold. Top up to avoid service interruption.",1,0
2220,1786964408.7413285,CRITICAL,api_low_balance,ppq balance low: $0.02,"ppq balance at $0.02, below $5 threshold. Top up to avoid service interruption. (data 5 min old)",1,0
2221,1786964408.7422013,CRITICAL,api_low_balance,openrouter balance low: $3.47,"openrouter balance at $3.47, below $5 threshold. Top up to avoid service interruption. (data 5 min old)",1,0
2222,1786964525.631978,WARN,key_backoff,friend exhausted failure #4,"{""detail"": ""backoff 16.0s; error_type=exhausted"", ""key_name"": ""friend""}",1,0
2223,1786964646.005219,WARN,key_backoff,friend exhausted failure #5,"{""detail"": ""backoff 32.0s; error_type=exhausted"", ""key_name"": ""friend""}",1,0
2224,1786964757.4988558,WARN,key_backoff,friend exhausted failure #6,"{""detail"": ""backoff 60.0s; error_type=exhausted"", ""key_name"": ""friend""}",1,0
2225,1786964787.6049469,warning,ppq_budget,PPQ retry-storm blocked,"identical prompt (sha256 e3b0c442) attempted 3x in 600s — crash-loop signature, PPQ refused",1,1
2226,1786964877.4576478,WARN,key_backoff,friend exhausted failure #7,"{""detail"": ""backoff 60.0s; error_type=exhausted"", ""key_name"": ""friend""}",1,0
2227,1786964877.4577436,CRITICAL,KEY_DEAD,friend reached 7 consecutive failures,"{""detail"": ""backoff 60.0s; likely dead"", ""key_name"": ""friend""}",1,0
2228,1786964985.5140865,WARN,key_backoff,friend exhausted failure #8,"{""detail"": ""backoff 60.0s; error_type=exhausted"", ""key_name"": ""friend""}",1,0
2229,1786965050.469656,WARN,key_backoff,friend exhausted failure #9,"{""detail"": ""backoff 60.0s; error_type=exhausted"", ""key_name"": ""friend""}",1,0
2230,1786965120.0018613,WARN,key_backoff,friend exhausted failure #10,"{""detail"": ""backoff 60.0s; error_type=exhausted"", ""key_name"": ""friend""}",1,0
2231,1786965219.4351268,WARN,key_backoff,friend exhausted failure #11,"{""detail"": ""backoff 60.0s; error_type=exhausted"", ""key_name"": ""friend""}",1,0
2232,1786965284.1784775,WARN,key_backoff,friend exhausted failure #12,"{""detail"": ""backoff 60.0s; error_type=exhausted"", ""key_name"": ""friend""}",1,0
2233,1786965301.8146522,critical,api_low_balance,ppq balance low: $0.02,"ppq balance at $0.02, below $5.00 threshold. Top up to avoid service interruption.",1,0
2234,1786965301.8181727,critical,api_low_balance,openrouter balance low: $3.47,"openrouter balance at $3.47, below $5.00 threshold. Top up to avoid service interruption.",1,0
2235,1786965354.31095,WARN,key_backoff,friend exhausted failure #13,"{""detail"": ""backoff 60.0s; error_type=exhausted"", ""key_name"": ""friend""}",1,0
2236,1786965420.5769365,WARN,key_backoff,friend exhausted failure #14,"{""detail"": ""backoff 60.0s; error_type=exhausted"", ""key_name"": ""friend""}",1,0
2237,1786965486.0015702,WARN,key_backoff,friend exhausted failure #15,"{""detail"": ""backoff 60.0s; error_type=exhausted"", ""key_name"": ""friend""}",1,0
2238,1786965570.8014631,WARN,key_backoff,friend exhausted failure #16,"{""detail"": ""backoff 60.0s; error_type=exhausted"", ""key_name"": ""friend""}",1,0
2239,1786965647.8599803,WARN,key_backoff,friend exhausted failure #17,"{""detail"": ""backoff 60.0s; error_type=exhausted"", ""key_name"": ""friend""}",1,0
2240,1786965711.908775,WARN,key_backoff,friend exhausted failure #18,"{""detail"": ""backoff 60.0s; error_type=exhausted"", ""key_name"": ""friend""}",1,0
2241,1786965792.351731,WARN,key_backoff,friend exhausted failure #19,"{""detail"": ""backoff 60.0s; error_type=exhausted"", ""key_name"": ""friend""}",1,0
2242,1786965854.759607,WARN,key_backoff,friend exhausted failure #20,"{""detail"": ""backoff 60.0s; error_type=exhausted"", ""key_name"": ""friend""}",1,0
2243,1786965919.65001,WARN,key_backoff,friend exhausted failure #21,"{""detail"": ""backoff 60.0s; error_type=exhausted"", ""key_name"": ""friend""}",1,0
2244,1786965920.8751156,WARN,key_backoff,friend exhausted failure #22,"{""detail"": ""backoff 60.0s; error_type=exhausted"", ""key_name"": ""friend""}",1,0
2245,1786965983.409261,WARN,key_backoff,friend exhausted failure #23,"{""detail"": ""backoff 60.0s; error_type=exhausted"", ""key_name"": ""friend""}",1,0
2246,1786966055.535682,WARN,key_backoff,friend exhausted failure #24,"{""detail"": ""backoff 60.0s; error_type=exhausted"", ""key_name"": ""friend""}",1,0
2247,1786966118.8045669,WARN,key_backoff,friend exhausted failure #25,"{""detail"": ""backoff 60.0s; error_type=exhausted"", ""key_name"": ""friend""}",1,0
2248,1786966183.694225,WARN,key_backoff,friend exhausted failure #26,"{""detail"": ""backoff 60.0s; error_type=exhausted"", ""key_name"": ""friend""}",1,0
2249,1786966202.1600685,critical,api_low_balance,ppq balance low: $0.02,"ppq balance at $0.02, below $5.00 threshold. Top up to avoid service interruption.",1,0
2250,1786966202.2015944,critical,api_low_balance,openrouter balance low: $3.47,"openrouter balance at $3.47, below $5.00 threshold. Top up to avoid service interruption.",1,0
2251,1786966208.1158798,CRITICAL,api_low_balance,ppq balance low: $0.02,"ppq balance at $0.02, below $5 threshold. Top up to avoid service interruption. (data 5 min old)",1,0
2252,1786966208.1173217,CRITICAL,api_low_balance,openrouter balance low: $3.47,"openrouter balance at $3.47, below $5 threshold. Top up to avoid service interruption. (data 5 min old)",1,0
2253,1786966250.3400593,WARN,key_backoff,friend exhausted failure #27,"{""detail"": ""backoff 60.0s; error_type=exhausted"", ""key_name"": ""friend""}",1,0
2254,1786966557.8305504,WARN,key_backoff,friend server failure #1,"{""detail"": ""backoff 30s; error_type=server"", ""key_name"": ""friend""}",1,0
2255,1786966629.9869215,WARN,key_backoff,friend server failure #2,"{""detail"": ""backoff 30s; error_type=server"", ""key_name"": ""friend""}",1,0
2256,1786966666.8086426,WARN,key_backoff,friend server failure #3,"{""detail"": ""backoff 30s; error_type=server"", ""key_name"": ""friend""}",1,0
2257,1786966667.272483,WARN,key_backoff,friend server failure #4,"{""detail"": ""backoff 30s; error_type=server"", ""key_name"": ""friend""}",1,0
2258,1786966668.7682998,WARN,key_backoff,friend server failure #5,"{""detail"": ""backoff 30s; error_type=server"", ""key_name"": ""friend""}",1,0
2259,1786966722.1816645,WARN,key_backoff,friend exhausted failure #1,"{""detail"": ""backoff 2.0s; error_type=exhausted"", ""key_name"": ""friend""}",1,0
2260,1786967101.972232,critical,api_low_balance,ppq balance low: $0.02,"ppq balance at $0.02, below $5.00 threshold. Top up to avoid service interruption.",1,0
2261,1786967101.972232,warning,api_burn_burst,ppq burn burst: $0.9822 (z=7.6σ),"ppq spend this interval ($0.9822) is 7.6σ above the rolling mean ($0.0164, σ=$0.1268). Possible runaway agent or expensive request.",1,0
2262,1786967101.972232,warning,api_expensive_request,ppq expensive interval: $0.98,ppq spend in last interval ($0.98) exceeds $0.10 threshold.,1,0
2263,1786967101.9849012,critical,api_low_balance,openrouter balance low: $3.47,"openrouter balance at $3.47, below $5.00 threshold. Top up to avoid service interruption.",1,0
2264,1786968001.7683287,critical,api_low_balance,ppq balance low: $0.02,"ppq balance at $0.02, below $5.00 threshold. Top up to avoid service interruption.",1,0
2265,1786968001.787005,critical,api_low_balance,openrouter balance low: $3.47,"openrouter balance at $3.47, below $5.00 threshold. Top up to avoid service interruption.",1,0
2266,1786968008.427008,CRITICAL,api_low_balance,ppq balance low: $0.02,"ppq balance at $0.02, below $5 threshold. Top up to avoid service interruption. (data 5 min old)",1,0
2267,1786968008.4277592,CRITICAL,api_low_balance,openrouter balance low: $3.47,"openrouter balance at $3.47, below $5 threshold. Top up to avoid service interruption. (data 5 min old)",1,0
2268,1786968017.3407853,WARN,key_backoff,friend exhausted failure #1,"{""detail"": ""backoff 2.0s; error_type=exhausted"", ""key_name"": ""friend""}",1,0
2269,1786968894.6417983,WARN,key_backoff,friend exhausted failure #1,"{""detail"": ""backoff 2.0s; error_type=exhausted"", ""key_name"": ""friend""}",1,0
2270,1786968902.1697989,critical,api_low_balance,ppq balance low: $0.02,"ppq balance at $0.02, below $5.00 threshold. Top up to avoid service interruption.",1,0
2271,1786968902.1752408,critical,api_low_balance,openrouter balance low: $3.47,"openrouter balance at $3.47, below $5.00 threshold. Top up to avoid service interruption.",1,0
2272,1786969091.5602467,WARN,key_backoff,friend exhausted failure #1,"{""detail"": ""backoff 2.0s; error_type=exhausted"", ""key_name"": ""friend""}",1,0
2273,1786969136.8996522,WARN,key_backoff,friend exhausted failure #1,"{""detail"": ""backoff 2.0s; error_type=exhausted"", ""key_name"": ""friend""}",1,0
2274,1786969186.333064,WARN,key_backoff,friend exhausted failure #1,"{""detail"": ""backoff 2.0s; error_type=exhausted"", ""key_name"": ""friend""}",1,0
2275,1786969189.5168574,WARN,key_backoff,friend exhausted failure #1,"{""detail"": ""backoff 2.0s; error_type=exhausted"", ""key_name"": ""friend""}",1,0
2276,1786969248.5431075,WARN,key_backoff,friend exhausted failure #1,"{""detail"": ""backoff 2.0s; error_type=exhausted"", ""key_name"": ""friend""}",1,0
2277,1786969325.1375074,WARN,key_backoff,friend exhausted failure #1,"{""detail"": ""backoff 2.0s; error_type=exhausted"", ""key_name"": ""friend""}",1,0
2278,1786969327.1457028,WARN,key_backoff,friend exhausted failure #2,"{""detail"": ""backoff 4.0s; error_type=exhausted"", ""key_name"": ""friend""}",1,0
2279,1786969376.0323937,WARN,key_backoff,friend exhausted failure #1,"{""detail"": ""backoff 2.0s; error_type=exhausted"", ""key_name"": ""friend""}",1,0
2280,1786969457.8228812,WARN,key_backoff,friend exhausted failure #1,"{""detail"": ""backoff 2.0s; error_type=exhausted"", ""key_name"": ""friend""}",1,0
2281,1786969458.2774327,WARN,key_backoff,friend exhausted failure #2,"{""detail"": ""backoff 4.0s; error_type=exhausted"", ""key_name"": ""friend""}",1,0
2282,1786969476.0204194,WARN,key_backoff,friend exhausted failure #1,"{""detail"": ""backoff 2.0s; error_type=exhausted"", ""key_name"": ""friend""}",1,0
2283,1786969533.518494,WARN,key_backoff,friend exhausted failure #1,"{""detail"": ""backoff 2.0s; error_type=exhausted"", ""key_name"": ""friend""}",1,0
2284,1786969573.3876896,WARN,key_backoff,friend exhausted failure #1,"{""detail"": ""backoff 2.0s; error_type=exhausted"", ""key_name"": ""friend""}",1,0
2285,1786969677.7306917,WARN,key_backoff,friend exhausted failure #1,"{""detail"": ""backoff 2.0s; error_type=exhausted"", ""key_name"": ""friend""}",1,0
2286,1786969769.81256,WARN,key_backoff,friend exhausted failure #1,"{""detail"": ""backoff 2.0s; error_type=exhausted"", ""key_name"": ""friend""}",1,0
2287,1786969801.8385317,critical,api_low_balance,ppq balance low: $0.02,"ppq balance at $0.02, below $5.00 threshold. Top up to avoid service interruption.",1,0
2288,1786969801.887431,critical,api_low_balance,openrouter balance low: $3.47,"openrouter balance at $3.47, below $5.00 threshold. Top up to avoid service interruption.",1,0
2289,1786969809.1002467,CRITICAL,api_low_balance,ppq balance low: $0.02,"ppq balance at $0.02, below $5 threshold. Top up to avoid service interruption. (data 5 min old)",1,0
2290,1786969809.1008902,CRITICAL,api_low_balance,openrouter balance low: $3.47,"openrouter balance at $3.47, below $5 threshold. Top up to avoid service interruption. (data 5 min old)",1,0
2291,1786969882.089818,WARN,key_backoff,friend exhausted failure #1,"{""detail"": ""backoff 2.0s; error_type=exhausted"", ""key_name"": ""friend""}",1,0
2292,1786969890.6255286,WARN,key_backoff,friend exhausted failure #1,"{""detail"": ""backoff 2.0s; error_type=exhausted"", ""key_name"": ""friend""}",1,0
2293,1786969914.3618562,WARN,key_backoff,friend exhausted failure #1,"{""detail"": ""backoff 2.0s; error_type=exhausted"", ""key_name"": ""friend""}",1,0
2294,1786969926.1837525,WARN,key_backoff,friend exhausted failure #1,"{""detail"": ""backoff 2.0s; error_type=exhausted"", ""key_name"": ""friend""}",1,0
2295,1786969936.5232584,WARN,key_backoff,friend exhausted failure #1,"{""detail"": ""backoff 2.0s; error_type=exhausted"", ""key_name"": ""friend""}",1,0
2296,1786969976.346956,WARN,key_backoff,friend exhausted failure #1,"{""detail"": ""backoff 2.0s; error_type=exhausted"", ""key_name"": ""friend""}",1,0
2297,1786969976.8705878,WARN,key_backoff,friend exhausted failure #2,"{""detail"": ""backoff 4.0s; error_type=exhausted"", ""key_name"": ""friend""}",1,0
2298,1786969989.5235765,WARN,key_backoff,friend exhausted failure #1,"{""detail"": ""backoff 2.0s; error_type=exhausted"", ""key_name"": ""friend""}",1,0
2299,1786970166.1113539,WARN,key_backoff,friend exhausted failure #1,"{""detail"": ""backoff 2.0s; error_type=exhausted"", ""key_name"": ""friend""}",1,0
2300,1786970170.1056592,WARN,key_backoff,friend exhausted failure #1,"{""detail"": ""backoff 2.0s; error_type=exhausted"", ""key_name"": ""friend""}",1,0
2301,1786970248.9282413,WARN,key_backoff,friend exhausted failure #1,"{""detail"": ""backoff 2.0s; error_type=exhausted"", ""key_name"": ""friend""}",1,0
2302,1786970287.1276925,WARN,key_backoff,friend exhausted failure #1,"{""detail"": ""backoff 2.0s; error_type=exhausted"", ""key_name"": ""friend""}",1,0
2303,1786970314.0174646,WARN,key_backoff,friend exhausted failure #1,"{""detail"": ""backoff 2.0s; error_type=exhausted"", ""key_name"": ""friend""}",1,0
2304,1786970333.4194887,WARN,key_backoff,friend exhausted failure #1,"{""detail"": ""backoff 2.0s; error_type=exhausted"", ""key_name"": ""friend""}",1,0
2305,1786970355.7125328,WARN,key_backoff,friend exhausted failure #1,"{""detail"": ""backoff 2.0s; error_type=exhausted"", ""key_name"": ""friend""}",1,0
2306,1786970387.4876015,WARN,key_backoff,friend exhausted failure #1,"{""detail"": ""backoff 2.0s; error_type=exhausted"", ""key_name"": ""friend""}",1,0
2307,1786970392.2112384,WARN,key_backoff,friend exhausted failure #1,"{""detail"": ""backoff 2.0s; error_type=exhausted"", ""key_name"": ""friend""}",1,0
2308,1786970392.8342352,WARN,key_backoff,friend exhausted failure #2,"{""detail"": ""backoff 4.0s; error_type=exhausted"", ""key_name"": ""friend""}",1,0
2309,1786970423.938621,WARN,key_backoff,friend exhausted failure #1,"{""detail"": ""backoff 2.0s; error_type=exhausted"", ""key_name"": ""friend""}",1,0
2310,1786970424.8885975,WARN,key_backoff,friend exhausted failure #2,"{""detail"": ""backoff 4.0s; error_type=exhausted"", ""key_name"": ""friend""}",1,0
2311,1786970437.5557523,WARN,key_backoff,friend exhausted failure #1,"{""detail"": ""backoff 2.0s; error_type=exhausted"", ""key_name"": ""friend""}",1,0
2312,1786970503.500418,WARN,key_backoff,friend exhausted failure #1,"{""detail"": ""backoff 2.0s; error_type=exhausted"", ""key_name"": ""friend""}",1,0
2313,1786970504.2586079,WARN,key_backoff,friend exhausted failure #1,"{""detail"": ""backoff 2.0s; error_type=exhausted"", ""key_name"": ""friend""}",1,0
2314,1786970512.994723,WARN,key_backoff,friend exhausted failure #1,"{""detail"": ""backoff 2.0s; error_type=exhausted"", ""key_name"": ""friend""}",1,0
2315,1786970702.847873,critical,api_low_balance,ppq balance low: $0.02,"ppq balance at $0.02, below $5.00 threshold. Top up to avoid service interruption.",1,0
2316,1786970702.9119065,critical,api_low_balance,openrouter balance low: $3.47,"openrouter balance at $3.47, below $5.00 threshold. Top up to avoid service interruption.",1,0
2317,1786971602.3914971,critical,api_low_balance,ppq balance low: $0.02,"ppq balance at $0.02, below $5.00 threshold. Top up to avoid service interruption.",1,0
2318,1786971602.4188142,critical,api_low_balance,openrouter balance low: $3.47,"openrouter balance at $3.47, below $5.00 threshold. Top up to avoid service interruption.",1,0
2319,1786971607.513096,WARN,key_backoff,friend exhausted failure #1,"{""detail"": ""backoff 2.0s; error_type=exhausted"", ""key_name"": ""friend""}",1,0
2320,1786971608.2476768,WARN,key_backoff,friend exhausted failure #2,"{""detail"": ""backoff 4.0s; error_type=exhausted"", ""key_name"": ""friend""}",1,0
2321,1786971609.4005845,CRITICAL,api_low_balance,ppq balance low: $0.02,"ppq balance at $0.02, below $5 threshold. Top up to avoid service interruption. (data 5 min old)",1,0
2322,1786971609.4009311,CRITICAL,api_low_balance,openrouter balance low: $3.47,"openrouter balance at $3.47, below $5 threshold. Top up to avoid service interruption. (data 5 min old)",1,0
2323,1786971690.4453397,WARN,key_backoff,friend exhausted failure #1,"{""detail"": ""backoff 2.0s; error_type=exhausted"", ""key_name"": ""friend""}",1,0
2324,1786971690.4465725,WARN,key_backoff,friend exhausted failure #2,"{""detail"": ""backoff 4.0s; error_type=exhausted"", ""key_name"": ""friend""}",1,0
2325,1786972501.8276336,critical,api_low_balance,ppq balance low: $0.02,"ppq balance at $0.02, below $5.00 threshold. Top up to avoid service interruption.",1,0
2326,1786972501.8347437,critical,api_low_balance,openrouter balance low: $3.47,"openrouter balance at $3.47, below $5.00 threshold. Top up to avoid service interruption.",1,0
2327,1786973079.614693,WARN,key_backoff,friend exhausted failure #1,"{""detail"": ""backoff 2.0s; error_type=exhausted"", ""key_name"": ""friend""}",1,0
2328,1786973180.352104,WARN,key_backoff,friend exhausted failure #1,"{""detail"": ""backoff 2.0s; error_type=exhausted"", ""key_name"": ""friend""}",1,0
2329,1786973181.6246154,WARN,key_backoff,friend server failure #2,"{""detail"": ""backoff 30s; error_type=server"", ""key_name"": ""friend""}",1,0
2330,1786973302.2174754,WARN,key_backoff,friend server failure #1,"{""detail"": ""backoff 30s; error_type=server"", ""key_name"": ""friend""}",1,0
2331,1786973364.7179034,WARN,key_backoff,friend exhausted failure #1,"{""detail"": ""backoff 2.0s; error_type=exhausted"", ""key_name"": ""friend""}",1,0
2332,1786973402.0184898,critical,api_low_balance,ppq balance low: $0.02,"ppq balance at $0.02, below $5.00 threshold. Top up to avoid service interruption.",1,0
2333,1786973402.0441258,critical,api_low_balance,openrouter balance low: $3.47,"openrouter balance at $3.47, below $5.00 threshold. Top up to avoid service interruption.",1,0
2334,1786973408.9960766,CRITICAL,api_low_balance,ppq balance low: $0.02,"ppq balance at $0.02, below $5 threshold. Top up to avoid service interruption. (data 5 min old)",1,0
2335,1786973408.996729,CRITICAL,api_low_balance,openrouter balance low: $3.47,"openrouter balance at $3.47, below $5 threshold. Top up to avoid service interruption. (data 5 min old)",1,0
2336,1786973666.6075075,WARN,key_backoff,friend exhausted failure #1,"{""detail"": ""backoff 2.0s; error_type=exhausted"", ""key_name"": ""friend""}",1,0
2337,1786973744.411769,WARN,key_backoff,friend exhausted failure #1,"{""detail"": ""backoff 2.0s; error_type=exhausted"", ""key_name"": ""friend""}",1,0
2338,1786973784.9655867,WARN,key_backoff,friend server failure #1,"{""detail"": ""backoff 30s; error_type=server"", ""key_name"": ""friend""}",1,0
2339,1786974250.4012034,WARN,key_backoff,friend exhausted failure #1,"{""detail"": ""backoff 2.0s; error_type=exhausted"", ""key_name"": ""friend""}",1,0
2340,1786974274.233557,WARN,key_backoff,friend exhausted failure #1,"{""detail"": ""backoff 2.0s; error_type=exhausted"", ""key_name"": ""friend""}",1,0
2341,1786974301.762556,critical,api_low_balance,ppq balance low: $0.02,"ppq balance at $0.02, below $5.00 threshold. Top up to avoid service interruption.",1,0
2342,1786974301.7727995,critical,api_low_balance,openrouter balance low: $3.47,"openrouter balance at $3.47, below $5.00 threshold. Top up to avoid service interruption.",1,0
2343,1786974345.2281294,WARN,key_backoff,friend exhausted failure #1,"{""detail"": ""backoff 2.0s; error_type=exhausted"", ""key_name"": ""friend""}",1,0
2344,1786974345.6452208,WARN,key_backoff,friend exhausted failure #2,"{""detail"": ""backoff 4.0s; error_type=exhausted"", ""key_name"": ""friend""}",1,0
2345,1786974537.684256,WARN,key_backoff,friend exhausted failure #1,"{""detail"": ""backoff 2.0s; error_type=exhausted"", ""key_name"": ""friend""}",1,0
2346,1786974702.60988,WARN,key_backoff,friend exhausted failure #1,"{""detail"": ""backoff 2.0s; error_type=exhausted"", ""key_name"": ""friend""}",1,0
2347,1786974933.4044902,WARN,key_backoff,friend exhausted failure #1,"{""detail"": ""backoff 2.0s; error_type=exhausted"", ""key_name"": ""friend""}",1,0
2348,1786975018.2241857,WARN,key_backoff,friend exhausted failure #1,"{""detail"": ""backoff 2.0s; error_type=exhausted"", ""key_name"": ""friend""}",1,0
2349,1786975032.4687803,WARN,key_backoff,friend exhausted failure #1,"{""detail"": ""backoff 2.0s; error_type=exhausted"", ""key_name"": ""friend""}",1,0
2350,1786975171.727285,WARN,key_backoff,friend exhausted failure #1,"{""detail"": ""backoff 2.0s; error_type=exhausted"", ""key_name"": ""friend""}",1,0
2351,1786975174.128593,WARN,key_backoff,friend exhausted failure #2,"{""detail"": ""backoff 4.0s; error_type=exhausted"", ""key_name"": ""friend""}",1,0
2352,1786975201.948759,critical,api_low_balance,ppq balance low: $0.02,"ppq balance at $0.02, below $5.00 threshold. Top up to avoid service interruption.",1,0
2353,1786975201.9594839,critical,api_low_balance,openrouter balance low: $3.47,"openrouter balance at $3.47, below $5.00 threshold. Top up to avoid service interruption.",1,0
2354,1786975205.380685,WARN,key_backoff,friend exhausted failure #1,"{""detail"": ""backoff 2.0s; error_type=exhausted"", ""key_name"": ""friend""}",1,0
2355,1786975209.757886,CRITICAL,api_low_balance,ppq balance low: $0.02,"ppq balance at $0.02, below $5 threshold. Top up to avoid service interruption. (data 5 min old)",1,0
2356,1786975209.7584658,CRITICAL,api_low_balance,openrouter balance low: $3.47,"openrouter balance at $3.47, below $5 threshold. Top up to avoid service interruption. (data 5 min old)",1,0
2357,1786975213.2882066,WARN,key_backoff,friend exhausted failure #2,"{""detail"": ""backoff 4.0s; error_type=exhausted"", ""key_name"": ""friend""}",1,0
2358,1786975221.315163,WARN,key_backoff,friend exhausted failure #1,"{""detail"": ""backoff 2.0s; error_type=exhausted"", ""key_name"": ""friend""}",1,0
2359,1786975226.0697224,WARN,key_backoff,friend exhausted failure #2,"{""detail"": ""backoff 4.0s; error_type=exhausted"", ""key_name"": ""friend""}",1,0
2360,1786975240.586631,WARN,key_backoff,friend exhausted failure #3,"{""detail"": ""backoff 8.0s; error_type=exhausted"", ""key_name"": ""friend""}",1,0
2361,1786975301.9874077,WARN,key_backoff,friend exhausted failure #1,"{""detail"": ""backoff 2.0s; error_type=exhausted"", ""key_name"": ""friend""}",1,0
2362,1786975330.0819945,WARN,key_backoff,friend exhausted failure #1,"{""detail"": ""backoff 2.0s; error_type=exhausted"", ""key_name"": ""friend""}",1,0
2363,1786975389.2756093,WARN,key_backoff,friend exhausted failure #1,"{""detail"": ""backoff 2.0s; error_type=exhausted"", ""key_name"": ""friend""}",1,0
2364,1786975400.1266177,WARN,key_backoff,friend exhausted failure #1,"{""detail"": ""backoff 2.0s; error_type=exhausted"", ""key_name"": ""friend""}",1,0
2365,1786975402.0442224,WARN,key_backoff,friend exhausted failure #2,"{""detail"": ""backoff 4.0s; error_type=exhausted"", ""key_name"": ""friend""}",1,0
2366,1786975459.6225152,WARN,key_backoff,friend exhausted failure #1,"{""detail"": ""backoff 2.0s; error_type=exhausted"", ""key_name"": ""friend""}",1,0
2367,1786975518.6425967,WARN,key_backoff,friend exhausted failure #1,"{""detail"": ""backoff 2.0s; error_type=exhausted"", ""key_name"": ""friend""}",1,0
2368,1786976102.329028,critical,api_low_balance,ppq balance low: $0.02,"ppq balance at $0.02, below $5.00 threshold. Top up to avoid service interruption.",1,0
2369,1786976102.5024207,critical,api_low_balance,openrouter balance low: $3.46,"openrouter balance at $3.46, below $5.00 threshold. Top up to avoid service interruption.",1,0
2370,1786976273.879701,WARN,key_backoff,friend server failure #1,"{""detail"": ""backoff 30s; error_type=server"", ""key_name"": ""friend""}",1,0
2371,1786976668.328859,WARN,key_backoff,friend exhausted failure #1,"{""detail"": ""backoff 2.0s; error_type=exhausted"", ""key_name"": ""friend""}",1,0
2372,1786976969.8069227,WARN,key_backoff,friend exhausted failure #1,"{""detail"": ""backoff 2.0s; error_type=exhausted"", ""key_name"": ""friend""}",1,0
2373,1786977002.5766933,critical,api_low_balance,ppq balance low: $0.02,"ppq balance at $0.02, below $5.00 threshold. Top up to avoid service interruption.",1,0
2374,1786977002.6195388,critical,api_low_balance,openrouter balance low: $3.46,"openrouter balance at $3.46, below $5.00 threshold. Top up to avoid service interruption.",1,0
2375,1786977009.1292582,CRITICAL,api_low_balance,ppq balance low: $0.02,"ppq balance at $0.02, below $5 threshold. Top up to avoid service interruption. (data 5 min old)",1,0
2376,1786977009.1304538,CRITICAL,api_low_balance,openrouter balance low: $3.46,"openrouter balance at $3.46, below $5 threshold. Top up to avoid service interruption. (data 5 min old)",1,0
2377,1786977022.3458006,WARN,key_backoff,friend exhausted failure #1,"{""detail"": ""backoff 2.0s; error_type=exhausted"", ""key_name"": ""friend""}",1,0
2378,1786977023.4058,WARN,key_backoff,friend exhausted failure #2,"{""detail"": ""backoff 4.0s; error_type=exhausted"", ""key_name"": ""friend""}",1,0
2379,1786977042.425039,WARN,key_backoff,friend exhausted failure #1,"{""detail"": ""backoff 2.0s; error_type=exhausted"", ""key_name"": ""friend""}",1,0
2380,1786977048.3586721,WARN,key_backoff,friend exhausted failure #1,"{""detail"": ""backoff 2.0s; error_type=exhausted"", ""key_name"": ""friend""}",1,0
2381,1786977123.391857,WARN,key_backoff,friend exhausted failure #1,"{""detail"": ""backoff 2.0s; error_type=exhausted"", ""key_name"": ""friend""}",1,0
2382,1786977134.222514,WARN,key_backoff,friend server failure #1,"{""detail"": ""backoff 30s; error_type=server"", ""key_name"": ""friend""}",1,0
2383,1786977139.524073,WARN,key_backoff,friend exhausted failure #1,"{""detail"": ""backoff 2.0s; error_type=exhausted"", ""key_name"": ""friend""}",1,0
2384,1786977157.6840994,WARN,key_backoff,friend exhausted failure #1,"{""detail"": ""backoff 2.0s; error_type=exhausted"", ""key_name"": ""friend""}",1,0
2385,1786977158.4960973,WARN,key_backoff,friend exhausted failure #2,"{""detail"": ""backoff 4.0s; error_type=exhausted"", ""key_name"": ""friend""}",1,0
2386,1786977218.6352315,WARN,key_backoff,friend exhausted failure #1,"{""detail"": ""backoff 2.0s; error_type=exhausted"", ""key_name"": ""friend""}",1,0
2387,1786977222.7290287,WARN,key_backoff,friend exhausted failure #2,"{""detail"": ""backoff 4.0s; error_type=exhausted"", ""key_name"": ""friend""}",1,0
2388,1786977249.6826706,WARN,key_backoff,friend exhausted failure #1,"{""detail"": ""backoff 2.0s; error_type=exhausted"", ""key_name"": ""friend""}",1,0
2389,1786977254.7655902,WARN,key_backoff,friend server failure #2,"{""detail"": ""backoff 30s; error_type=server"", ""key_name"": ""friend""}",1,0
2390,1786977285.3809984,WARN,key_backoff,friend exhausted failure #1,"{""detail"": ""backoff 2.0s; error_type=exhausted"", ""key_name"": ""friend""}",1,0
2391,1786977298.8923385,WARN,key_backoff,friend exhausted failure #1,"{""detail"": ""backoff 2.0s; error_type=exhausted"", ""key_name"": ""friend""}",1,0
2392,1786977340.8319664,WARN,key_backoff,friend exhausted failure #1,"{""detail"": ""backoff 2.0s; error_type=exhausted"", ""key_name"": ""friend""}",1,0
2393,1786977351.7640843,WARN,key_backoff,friend exhausted failure #1,"{""detail"": ""backoff 2.0s; error_type=exhausted"", ""key_name"": ""friend""}",1,0
2394,1786977375.5819561,WARN,key_backoff,friend exhausted failure #1,"{""detail"": ""backoff 2.0s; error_type=exhausted"", ""key_name"": ""friend""}",1,0
2395,1786977376.1064909,WARN,key_backoff,friend server failure #1,"{""detail"": ""backoff 30s; error_type=server"", ""key_name"": ""friend""}",1,0
2396,1786977403.0946224,WARN,key_backoff,friend exhausted failure #1,"{""detail"": ""backoff 2.0s; error_type=exhausted"", ""key_name"": ""friend""}",1,0
2397,1786977404.0834036,WARN,key_backoff,friend exhausted failure #2,"{""detail"": ""backoff 4.0s; error_type=exhausted"", ""key_name"": ""friend""}",1,0
2398,1786977489.5964286,WARN,key_backoff,friend exhausted failure #1,"{""detail"": ""backoff 2.0s; error_type=exhausted"", ""key_name"": ""friend""}",1,0
2399,1786977496.188394,WARN,key_backoff,friend server failure #1,"{""detail"": ""backoff 30s; error_type=server"", ""key_name"": ""friend""}",1,0
2400,1786977537.87997,WARN,key_backoff,friend exhausted failure #1,"{""detail"": ""backoff 2.0s; error_type=exhausted"", ""key_name"": ""friend""}",1,0
2401,1786977558.7099664,WARN,key_backoff,friend exhausted failure #1,"{""detail"": ""backoff 2.0s; error_type=exhausted"", ""key_name"": ""friend""}",1,0
2402,1786977616.7535405,WARN,key_backoff,friend server failure #1,"{""detail"": ""backoff 30s; error_type=server"", ""key_name"": ""friend""}",1,0
2403,1786977737.3697085,WARN,key_backoff,friend server failure #1,"{""detail"": ""backoff 30s; error_type=server"", ""key_name"": ""friend""}",1,0
2404,1786977772.5800648,WARN,key_backoff,friend exhausted failure #1,"{""detail"": ""backoff 2.0s; error_type=exhausted"", ""key_name"": ""friend""}",1,0
2405,1786977772.6221752,WARN,key_backoff,friend exhausted failure #2,"{""detail"": ""backoff 4.0s; error_type=exhausted"", ""key_name"": ""friend""}",1,0
2406,1786977825.397245,WARN,key_backoff,friend server failure #1,"{""detail"": ""backoff 30s; error_type=server"", ""key_name"": ""friend""}",1,0
2407,1786977901.5116339,critical,api_low_balance,ppq balance low: $0.02,"ppq balance at $0.02, below $5.00 threshold. Top up to avoid service interruption.",1,0
2408,1786977901.530828,critical,api_low_balance,openrouter balance low: $3.46,"openrouter balance at $3.46, below $5.00 threshold. Top up to avoid service interruption.",1,0
2409,1786978186.8654795,WARN,key_backoff,friend server failure #1,"{""detail"": ""backoff 30s; error_type=server"", ""key_name"": ""friend""}",1,0
2410,1786978801.6368737,critical,api_low_balance,ppq balance low: $0.02,"ppq balance at $0.02, below $5.00 threshold. Top up to avoid service interruption.",1,0
2411,1786978801.6538036,critical,api_low_balance,openrouter balance low: $3.46,"openrouter balance at $3.46, below $5.00 threshold. Top up to avoid service interruption.",1,0
2412,1786978803.159476,WARN,key_backoff,friend exhausted failure #1,"{""detail"": ""backoff 2.0s; error_type=exhausted"", ""key_name"": ""friend""}",1,0
2413,1786978808.2096374,CRITICAL,api_low_balance,ppq balance low: $0.02,"ppq balance at $0.02, below $5 threshold. Top up to avoid service interruption. (data 5 min old)",1,0
2414,1786978808.2111332,CRITICAL,api_low_balance,openrouter balance low: $3.46,"openrouter balance at $3.46, below $5 threshold. Top up to avoid service interruption. (data 5 min old)",1,0
2415,1786978819.8597455,WARN,key_backoff,friend exhausted failure #1,"{""detail"": ""backoff 2.0s; error_type=exhausted"", ""key_name"": ""friend""}",1,0
2416,1786978820.6194053,WARN,key_backoff,friend exhausted failure #2,"{""detail"": ""backoff 4.0s; error_type=exhausted"", ""key_name"": ""friend""}",1,0
2417,1786979102.6677072,warning,circuit_breaker,Circuit breaker: decode-gaps/t_7b922684 (4 consecutive crashed runs),"{""last_error"": ""pid 3063907 not alive"", ""run_count"": 4, ""crashed_runs"": 4, ""profile"": ""worker-balloon"", ""status_at_trip"": ""ready""}",1,0
2418,1786979173.7813318,WARN,key_backoff,friend exhausted failure #1,"{""detail"": ""backoff 2.0s; error_type=exhausted"", ""key_name"": ""friend""}",1,0
2419,1786979181.4703507,WARN,key_backoff,friend exhausted failure #1,"{""detail"": ""backoff 2.0s; error_type=exhausted"", ""key_name"": ""friend""}",1,0
2420,1786979464.8451633,WARN,key_backoff,friend exhausted failure #1,"{""detail"": ""backoff 2.0s; error_type=exhausted"", ""key_name"": ""friend""}",1,0
2421,1786979486.8518918,WARN,key_backoff,friend exhausted failure #1,"{""detail"": ""backoff 2.0s; error_type=exhausted"", ""key_name"": ""friend""}",1,0
2422,1786979702.321404,critical,api_low_balance,ppq balance low: $0.02,"ppq balance at $0.02, below $5.00 threshold. Top up to avoid service interruption.",1,0
2423,1786979702.3343098,critical,api_low_balance,openrouter balance low: $3.46,"openrouter balance at $3.46, below $5.00 threshold. Top up to avoid service interruption.",1,0
2424,1786980003.7252128,warning,circuit_breaker,Circuit breaker: host-driven-bench/t_1e40230c (3 consecutive crashed runs),"{""last_error"": ""pid 3124080 not alive"", ""run_count"": 4, ""crashed_runs"": 3, ""profile"": ""worker-base"", ""status_at_trip"": ""running""}",1,0
2425,1786980005.1297712,warning,circuit_breaker,Circuit breaker: host-driven-bench/t_67f202ce (3 consecutive crashed runs),"{""last_error"": ""pid 3124089 not alive"", ""run_count"": 4, ""crashed_runs"": 3, ""profile"": ""worker-base"", ""status_at_trip"": ""running""}",1,0
2426,1786980006.4580126,warning,circuit_breaker,Circuit breaker: host-driven-bench/t_66109ff9 (3 consecutive crashed runs),"{""last_error"": ""pid 3124101 not alive"", ""run_count"": 4, ""crashed_runs"": 3, ""profile"": ""worker-base"", ""status_at_trip"": ""running""}",1,0
2427,1786980388.7195222,WARN,key_backoff,friend server failure #1,"{""detail"": ""backoff 30s; error_type=server"", ""key_name"": ""friend""}",1,0
2428,1786980509.583537,WARN,key_backoff,friend server failure #1,"{""detail"": ""backoff 30s; error_type=server"", ""key_name"": ""friend""}",1,0
2429,1786980512.7181172,WARN,key_backoff,friend exhausted failure #1,"{""detail"": ""backoff 2.0s; error_type=exhausted"", ""key_name"": ""friend""}",1,0
2430,1786980601.5856066,critical,api_low_balance,ppq balance low: $0.02,"ppq balance at $0.02, below $5.00 threshold. Top up to avoid service interruption.",1,0
2431,1786980601.615851,critical,api_low_balance,openrouter balance low: $3.46,"openrouter balance at $3.46, below $5.00 threshold. Top up to avoid service interruption.",1,0
2432,1786980608.0668197,CRITICAL,api_low_balance,ppq balance low: $0.02,"ppq balance at $0.02, below $5 threshold. Top up to avoid service interruption. (data 5 min old)",1,0
2433,1786980608.0671093,CRITICAL,api_low_balance,openrouter balance low: $3.46,"openrouter balance at $3.46, below $5 threshold. Top up to avoid service interruption. (data 5 min old)",1,0
2434,1786980640.445422,WARN,key_backoff,friend exhausted failure #1,"{""detail"": ""backoff 2.0s; error_type=exhausted"", ""key_name"": ""friend""}",1,0
2435,1786980642.513596,WARN,key_backoff,friend exhausted failure #2,"{""detail"": ""backoff 4.0s; error_type=exhausted"", ""key_name"": ""friend""}",1,0
2436,1786980647.9126444,WARN,key_backoff,friend exhausted failure #1,"{""detail"": ""backoff 2.0s; error_type=exhausted"", ""key_name"": ""friend""}",1,0
2437,1786980684.5076056,WARN,key_backoff,friend exhausted failure #2,"{""detail"": ""backoff 4.0s; error_type=exhausted"", ""key_name"": ""friend""}",1,0
2438,1786980692.0082679,WARN,key_backoff,friend exhausted failure #3,"{""detail"": ""backoff 8.0s; error_type=exhausted"", ""key_name"": ""friend""}",1,0
2439,1786980712.2688105,WARN,key_backoff,friend exhausted failure #1,"{""detail"": ""backoff 2.0s; error_type=exhausted"", ""key_name"": ""friend""}",1,0
2440,1786980747.716481,WARN,key_backoff,friend exhausted failure #2,"{""detail"": ""backoff 4.0s; error_type=exhausted"", ""key_name"": ""friend""}",1,0
2441,1786980750.2899082,WARN,key_backoff,friend server failure #3,"{""detail"": ""backoff 30s; error_type=server"", ""key_name"": ""friend""}",1,0
2442,1786980782.9688947,WARN,key_backoff,friend exhausted failure #4,"{""detail"": ""backoff 16.0s; error_type=exhausted"", ""key_name"": ""friend""}",1,0
2443,1786980801.022739,WARN,key_backoff,friend exhausted failure #5,"{""detail"": ""backoff 32.0s; error_type=exhausted"", ""key_name"": ""friend""}",1,0
2444,1786980835.4287615,WARN,key_backoff,friend exhausted failure #6,"{""detail"": ""backoff 60.0s; error_type=exhausted"", ""key_name"": ""friend""}",1,0
2445,1786980902.6985128,WARN,key_backoff,friend exhausted failure #7,"{""detail"": ""backoff 60.0s; error_type=exhausted"", ""key_name"": ""friend""}",1,0
2446,1786980902.6986194,CRITICAL,KEY_DEAD,friend reached 7 consecutive failures,"{""detail"": ""backoff 60.0s; likely dead"", ""key_name"": ""friend""}",1,0
2447,1786980903.5517328,warning,circuit_breaker,Circuit breaker: host-driven-bench/t_c22bdaa9 (6 consecutive crashed runs),"{""last_error"": ""pid 3122352 not alive"", ""run_count"": 7, ""crashed_runs"": 6, ""profile"": ""worker-base"", ""status_at_trip"": ""running""}",1,0
2448,1786980903.5730603,WARN,key_backoff,friend exhausted failure #8,"{""detail"": ""backoff 60.0s; error_type=exhausted"", ""key_name"": ""friend""}",1,0
2449,1786980904.248395,WARN,key_backoff,friend exhausted failure #9,"{""detail"": ""backoff 60.0s; error_type=exhausted"", ""key_name"": ""friend""}",1,0
2450,1786980968.4497123,WARN,key_backoff,friend exhausted failure #10,"{""detail"": ""backoff 60.0s; error_type=exhausted"", ""key_name"": ""friend""}",1,0
2451,1786981043.642069,WARN,key_backoff,friend exhausted failure #11,"{""detail"": ""backoff 60.0s; error_type=exhausted"", ""key_name"": ""friend""}",1,0
2452,1786981044.3839543,WARN,key_backoff,friend exhausted failure #12,"{""detail"": ""backoff 60.0s; error_type=exhausted"", ""key_name"": ""friend""}",1,0
2453,1786981108.344735,WARN,key_backoff,friend exhausted failure #13,"{""detail"": ""backoff 60.0s; error_type=exhausted"", ""key_name"": ""friend""}",1,0
2454,1786981110.1363742,WARN,key_backoff,friend exhausted failure #14,"{""detail"": ""backoff 60.0s; error_type=exhausted"", ""key_name"": ""friend""}",1,0
2455,1786981176.333132,WARN,key_backoff,friend exhausted failure #15,"{""detail"": ""backoff 60.0s; error_type=exhausted"", ""key_name"": ""friend""}",1,0
2456,1786981176.4522214,WARN,key_backoff,friend exhausted failure #16,"{""detail"": ""backoff 60.0s; error_type=exhausted"", ""key_name"": ""friend""}",1,0
2457,1786981177.6202068,WARN,key_backoff,friend exhausted failure #17,"{""detail"": ""backoff 60.0s; error_type=exhausted"", ""key_name"": ""friend""}",1,0
2458,1786981240.7061067,WARN,key_backoff,friend exhausted failure #18,"{""detail"": ""backoff 60.0s; error_type=exhausted"", ""key_name"": ""friend""}",1,0
2459,1786981242.1023593,WARN,key_backoff,friend exhausted failure #19,"{""detail"": ""backoff 60.0s; error_type=exhausted"", ""key_name"": ""friend""}",1,0
2460,1786981303.748376,WARN,key_backoff,friend exhausted failure #20,"{""detail"": ""backoff 60.0s; error_type=exhausted"", ""key_name"": ""friend""}",1,0
2461,1786981305.4422476,WARN,key_backoff,friend exhausted failure #21,"{""detail"": ""backoff 60.0s; error_type=exhausted"", ""key_name"": ""friend""}",1,0
2462,1786981305.7707615,WARN,key_backoff,friend exhausted failure #22,"{""detail"": ""backoff 60.0s; error_type=exhausted"", ""key_name"": ""friend""}",1,0
2463,1786981368.603112,WARN,key_backoff,friend exhausted failure #23,"{""detail"": ""backoff 60.0s; error_type=exhausted"", ""key_name"": ""friend""}",1,0
2464,1786981369.6346643,WARN,key_backoff,friend exhausted failure #24,"{""detail"": ""backoff 60.0s; error_type=exhausted"", ""key_name"": ""friend""}",1,0
2465,1786981433.945206,WARN,key_backoff,friend exhausted failure #25,"{""detail"": ""backoff 60.0s; error_type=exhausted"", ""key_name"": ""friend""}",1,0
2466,1786981502.0648196,critical,api_low_balance,ppq balance low: $0.02,"ppq balance at $0.02, below $5.00 threshold. Top up to avoid service interruption.",1,0
2467,1786981502.0952492,critical,api_low_balance,openrouter balance low: $3.39,"openrouter balance at $3.39, below $5.00 threshold. Top up to avoid service interruption.",1,0
2468,1786981502.0952492,warning,api_burn_burst,openrouter burn burst: $0.0688 (z=60.7σ),"openrouter spend this interval ($0.0688) is 60.7σ above the rolling mean ($0.0001, σ=$0.0011). Possible runaway agent or expensive request.",1,0
2469,1786981530.3841093,WARN,key_backoff,friend exhausted failure #26,"{""detail"": ""backoff 60.0s; error_type=exhausted"", ""key_name"": ""friend""}",1,0
2470,1786981594.6167896,WARN,key_backoff,friend exhausted failure #27,"{""detail"": ""backoff 60.0s; error_type=exhausted"", ""key_name"": ""friend""}",1,0
2471,1786981658.9080913,WARN,key_backoff,friend exhausted failure #28,"{""detail"": ""backoff 60.0s; error_type=exhausted"", ""key_name"": ""friend""}",1,0
2472,1786981660.7056944,WARN,key_backoff,friend exhausted failure #29,"{""detail"": ""backoff 60.0s; error_type=exhausted"", ""key_name"": ""friend""}",1,0
2473,1786981728.8535578,WARN,key_backoff,friend exhausted failure #30,"{""detail"": ""backoff 60.0s; error_type=exhausted"", ""key_name"": ""friend""}",1,0
2474,1786981728.8947182,WARN,key_backoff,friend exhausted failure #31,"{""detail"": ""backoff 60.0s; error_type=exhausted"", ""key_name"": ""friend""}",1,0
2475,1786981794.1202052,WARN,key_backoff,friend exhausted failure #32,"{""detail"": ""backoff 60.0s; error_type=exhausted"", ""key_name"": ""friend""}",1,0
2476,1786981796.7805088,WARN,key_backoff,friend exhausted failure #33,"{""detail"": ""backoff 60.0s; error_type=exhausted"", ""key_name"": ""friend""}",1,0
2477,1786981859.7026112,WARN,key_backoff,friend exhausted failure #34,"{""detail"": ""backoff 60.0s; error_type=exhausted"", ""key_name"": ""friend""}",1,0
2478,1786981861.0308375,WARN,key_backoff,friend exhausted failure #35,"{""detail"": ""backoff 60.0s; error_type=exhausted"", ""key_name"": ""friend""}",1,0
2479,1786981863.0738337,WARN,key_backoff,friend exhausted failure #36,"{""detail"": ""backoff 60.0s; error_type=exhausted"", ""key_name"": ""friend""}",1,0
2480,1786981926.996868,WARN,key_backoff,friend exhausted failure #37,"{""detail"": ""backoff 60.0s; error_type=exhausted"", ""key_name"": ""friend""}",1,0
2481,1786981927.3395462,WARN,key_backoff,friend exhausted failure #38,"{""detail"": ""backoff 60.0s; error_type=exhausted"", ""key_name"": ""friend""}",1,0
2482,1786981991.206456,WARN,key_backoff,friend exhausted failure #39,"{""detail"": ""backoff 60.0s; error_type=exhausted"", ""key_name"": ""friend""}",1,0
2483,1786981992.5495005,WARN,key_backoff,friend exhausted failure #40,"{""detail"": ""backoff 60.0s; error_type=exhausted"", ""key_name"": ""friend""}",1,0
2484,1786982055.70028,WARN,key_backoff,friend exhausted failure #41,"{""detail"": ""backoff 60.0s; error_type=exhausted"", ""key_name"": ""friend""}",1,0
2485,1786982120.002607,WARN,key_backoff,friend exhausted failure #42,"{""detail"": ""backoff 60.0s; error_type=exhausted"", ""key_name"": ""friend""}",1,0
2486,1786982120.3685825,WARN,key_backoff,friend exhausted failure #43,"{""detail"": ""backoff 60.0s; error_type=exhausted"", ""key_name"": ""friend""}",1,0
2487,1786982123.0479212,WARN,key_backoff,friend exhausted failure #44,"{""detail"": ""backoff 60.0s; error_type=exhausted"", ""key_name"": ""friend""}",1,0
2488,1786982187.0131009,WARN,key_backoff,friend exhausted failure #45,"{""detail"": ""backoff 60.0s; error_type=exhausted"", ""key_name"": ""friend""}",1,0
2489,1786982187.176779,WARN,key_backoff,friend exhausted failure #46,"{""detail"": ""backoff 60.0s; error_type=exhausted"", ""key_name"": ""friend""}",1,0
2490,1786982250.3993342,WARN,key_backoff,friend exhausted failure #47,"{""detail"": ""backoff 60.0s; error_type=exhausted"", ""key_name"": ""friend""}",1,0
2491,1786982252.0385761,WARN,key_backoff,friend exhausted failure #48,"{""detail"": ""backoff 60.0s; error_type=exhausted"", ""key_name"": ""friend""}",1,0
2492,1786982325.7600994,WARN,key_backoff,friend exhausted failure #49,"{""detail"": ""backoff 60.0s; error_type=exhausted"", ""key_name"": ""friend""}",1,0
2493,1786982390.8642602,WARN,key_backoff,friend exhausted failure #50,"{""detail"": ""backoff 60.0s; error_type=exhausted"", ""key_name"": ""friend""}",1,0
2494,1786982401.744563,critical,api_low_balance,ppq balance low: $0.02,"ppq balance at $0.02, below $5.00 threshold. Top up to avoid service interruption.",1,0
2495,1786982401.7626264,critical,api_low_balance,openrouter balance low: $3.39,"openrouter balance at $3.39, below $5.00 threshold. Top up to avoid service interruption.",1,0
2496,1786982408.763829,CRITICAL,api_low_balance,ppq balance low: $0.02,"ppq balance at $0.02, below $5 threshold. Top up to avoid service interruption. (data 5 min old)",1,0
2497,1786982408.7650847,CRITICAL,api_low_balance,openrouter balance low: $3.39,"openrouter balance at $3.39, below $5 threshold. Top up to avoid service interruption. (data 5 min old)",1,0
2498,1786982462.750237,WARN,key_backoff,friend exhausted failure #51,"{""detail"": ""backoff 60.0s; error_type=exhausted"", ""key_name"": ""friend""}",1,0
2499,1786982525.9540524,WARN,key_backoff,friend exhausted failure #52,"{""detail"": ""backoff 60.0s; error_type=exhausted"", ""key_name"": ""friend""}",1,0
2500,1786982526.3824291,WARN,key_backoff,friend exhausted failure #53,"{""detail"": ""backoff 60.0s; error_type=exhausted"", ""key_name"": ""friend""}",1,0
2501,1786982590.2396188,WARN,key_backoff,friend exhausted failure #54,"{""detail"": ""backoff 60.0s; error_type=exhausted"", ""key_name"": ""friend""}",1,0
2502,1786982590.8310876,WARN,key_backoff,friend exhausted failure #55,"{""detail"": ""backoff 60.0s; error_type=exhausted"", ""key_name"": ""friend""}",1,0
2503,1786982652.9990017,WARN,key_backoff,friend exhausted failure #56,"{""detail"": ""backoff 60.0s; error_type=exhausted"", ""key_name"": ""friend""}",1,0
2504,1786982715.2894244,WARN,key_backoff,friend exhausted failure #57,"{""detail"": ""backoff 60.0s; error_type=exhausted"", ""key_name"": ""friend""}",1,0
2505,1786982716.657265,WARN,key_backoff,friend exhausted failure #58,"{""detail"": ""backoff 60.0s; error_type=exhausted"", ""key_name"": ""friend""}",1,0
2506,1786982716.677344,WARN,key_backoff,friend exhausted failure #59,"{""detail"": ""backoff 60.0s; error_type=exhausted"", ""key_name"": ""friend""}",1,0
2507,1786982780.8254585,WARN,key_backoff,friend exhausted failure #60,"{""detail"": ""backoff 60.0s; error_type=exhausted"", ""key_name"": ""friend""}",1,0
2508,1786982781.030423,WARN,key_backoff,friend exhausted failure #61,"{""detail"": ""backoff 60.0s; error_type=exhausted"", ""key_name"": ""friend""}",1,0
2509,1786982781.7628646,WARN,key_backoff,friend exhausted failure #62,"{""detail"": ""backoff 60.0s; error_type=exhausted"", ""key_name"": ""friend""}",1,0
2510,1786982845.3773854,WARN,key_backoff,friend exhausted failure #63,"{""detail"": ""backoff 60.0s; error_type=exhausted"", ""key_name"": ""friend""}",1,0
2511,1786982907.746377,WARN,key_backoff,friend exhausted failure #64,"{""detail"": ""backoff 60.0s; error_type=exhausted"", ""key_name"": ""friend""}",1,0
2512,1786982980.262272,WARN,key_backoff,friend exhausted failure #65,"{""detail"": ""backoff 60.0s; error_type=exhausted"", ""key_name"": ""friend""}",1,0
2513,1786983050.8505096,WARN,key_backoff,friend exhausted failure #66,"{""detail"": ""backoff 60.0s; error_type=exhausted"", ""key_name"": ""friend""}",1,0
2514,1786983116.641019,WARN,key_backoff,friend exhausted failure #67,"{""detail"": ""backoff 60.0s; error_type=exhausted"", ""key_name"": ""friend""}",1,0
2515,1786983182.1974695,WARN,key_backoff,friend exhausted failure #68,"{""detail"": ""backoff 60.0s; error_type=exhausted"", ""key_name"": ""friend""}",1,0
2516,1786983249.702314,WARN,key_backoff,friend exhausted failure #69,"{""detail"": ""backoff 60.0s; error_type=exhausted"", ""key_name"": ""friend""}",1,0
2517,1786983250.2224064,WARN,key_backoff,friend exhausted failure #70,"{""detail"": ""backoff 60.0s; error_type=exhausted"", ""key_name"": ""friend""}",1,0
2518,1786983302.2669792,critical,api_low_balance,ppq balance low: $0.02,"ppq balance at $0.02, below $5.00 threshold. Top up to avoid service interruption.",1,0
2519,1786983302.2842767,critical,api_low_balance,openrouter balance low: $3.30,"openrouter balance at $3.30, below $5.00 threshold. Top up to avoid service interruption.",1,0
2520,1786983316.4591258,WARN,key_backoff,friend exhausted failure #71,"{""detail"": ""backoff 60.0s; error_type=exhausted"", ""key_name"": ""friend""}",1,0
2521,1786983380.2977705,WARN,key_backoff,friend exhausted failure #72,"{""detail"": ""backoff 60.0s; error_type=exhausted"", ""key_name"": ""friend""}",1,0
2522,1786983449.1029506,WARN,key_backoff,friend exhausted failure #73,"{""detail"": ""backoff 60.0s; error_type=exhausted"", ""key_name"": ""friend""}",1,0
2523,1786983516.0851645,WARN,key_backoff,friend exhausted failure #74,"{""detail"": ""backoff 60.0s; error_type=exhausted"", ""key_name"": ""friend""}",1,0
2524,1786983580.1391475,WARN,key_backoff,friend exhausted failure #75,"{""detail"": ""backoff 60.0s; error_type=exhausted"", ""key_name"": ""friend""}",1,0
2525,1786983604.199903,warning,circuit_breaker,Circuit breaker: host-driven-bench/t_c91296d9 (3 consecutive crashed runs),"{""last_error"": ""pid 3214035 not alive"", ""run_count"": 17, ""crashed_runs"": 14, ""profile"": ""worker-base"", ""status_at_trip"": ""running""}",1,0
2526,1786983604.217974,warning,circuit_breaker,Circuit breaker: board 'host-driven-bench' degraded (5 tripped tasks in 24h),Approaching freeze threshold. Inspect crash causes.,1,0
2527,1786983642.972399,WARN,key_backoff,friend exhausted failure #76,"{""detail"": ""backoff 60.0s; error_type=exhausted"", ""key_name"": ""friend""}",1,0
2528,1786983712.5196416,WARN,key_backoff,friend exhausted failure #77,"{""detail"": ""backoff 60.0s; error_type=exhausted"", ""key_name"": ""friend""}",1,0
2529,1786983776.8719358,WARN,key_backoff,friend exhausted failure #78,"{""detail"": ""backoff 60.0s; error_type=exhausted"", ""key_name"": ""friend""}",1,0
2530,1786983842.1385033,WARN,key_backoff,friend exhausted failure #79,"{""detail"": ""backoff 60.0s; error_type=exhausted"", ""key_name"": ""friend""}",1,0
2531,1786983912.3692317,WARN,key_backoff,friend exhausted failure #80,"{""detail"": ""backoff 60.0s; error_type=exhausted"", ""key_name"": ""friend""}",1,0
2532,1786983985.0578225,WARN,key_backoff,friend exhausted failure #81,"{""detail"": ""backoff 60.0s; error_type=exhausted"", ""key_name"": ""friend""}",1,0
2533,1786984049.31508,WARN,key_backoff,friend exhausted failure #82,"{""detail"": ""backoff 60.0s; error_type=exhausted"", ""key_name"": ""friend""}",1,0
2534,1786984113.09736,WARN,key_backoff,friend exhausted failure #83,"{""detail"": ""backoff 60.0s; error_type=exhausted"", ""key_name"": ""friend""}",1,0
2535,1786984176.6038368,WARN,key_backoff,friend exhausted failure #84,"{""detail"": ""backoff 60.0s; error_type=exhausted"", ""key_name"": ""friend""}",1,0
2536,1786984176.6576226,WARN,key_backoff,friend exhausted failure #85,"{""detail"": ""backoff 60.0s; error_type=exhausted"", ""key_name"": ""friend""}",1,0
2537,1786984202.2660952,critical,api_low_balance,ppq balance low: $0.02,"ppq balance at $0.02, below $5.00 threshold. Top up to avoid service interruption.",1,0
2538,1786984202.288195,critical,api_low_balance,openrouter balance low: $3.30,"openrouter balance at $3.30, below $5.00 threshold. Top up to avoid service interruption.",1,0
2539,1786984209.0611303,CRITICAL,api_low_balance,ppq balance low: $0.02,"ppq balance at $0.02, below $5 threshold. Top up to avoid service interruption. (data 5 min old)",1,0
2540,1786984209.0614357,CRITICAL,api_low_balance,openrouter balance low: $3.30,"openrouter balance at $3.30, below $5 threshold. Top up to avoid service interruption. (data 5 min old)",1,0
2541,1786984242.599833,WARN,key_backoff,friend exhausted failure #86,"{""detail"": ""backoff 60.0s; error_type=exhausted"", ""key_name"": ""friend""}",1,0
2542,1786984243.6895134,WARN,key_backoff,friend exhausted failure #87,"{""detail"": ""backoff 60.0s; error_type=exhausted"", ""key_name"": ""friend""}",1,0
2543,1786984244.5689373,WARN,key_backoff,friend exhausted failure #88,"{""detail"": ""backoff 60.0s; error_type=exhausted"", ""key_name"": ""friend""}",1,0
2544,1786984541.563442,WARN,key_backoff,friend server failure #1,"{""detail"": ""backoff 30s; error_type=server"", ""key_name"": ""friend""}",1,0
2545,1786984662.6165652,WARN,key_backoff,friend server failure #1,"{""detail"": ""backoff 30s; error_type=server"", ""key_name"": ""friend""}",1,0
2546,1786984782.6839473,WARN,key_backoff,friend server failure #2,"{""detail"": ""backoff 30s; error_type=server"", ""key_name"": ""friend""}",1,0
2547,1786985024.5483303,WARN,key_backoff,friend server failure #1,"{""detail"": ""backoff 30s; error_type=server"", ""key_name"": ""friend""}",1,0
2548,1786985102.0141807,critical,api_low_balance,ppq balance low: $0.02,"ppq balance at $0.02, below $5.00 threshold. Top up to avoid service interruption.",1,0
2549,1786985102.0247624,critical,api_low_balance,openrouter balance low: $3.30,"openrouter balance at $3.30, below $5.00 threshold. Top up to avoid service interruption.",1,0
2550,1786985315.8774118,WARN,key_backoff,friend server failure #1,"{""detail"": ""backoff 30s; error_type=server"", ""key_name"": ""friend""}",1,0
2551,1786985403.8761246,warning,circuit_breaker,Circuit breaker: host-driven-bench/t_f64ef023 (6 consecutive crashed runs),"{""last_error"": ""pid 3237831 not alive"", ""run_count"": 20, ""crashed_runs"": 17, ""profile"": ""worker-base"", ""status_at_trip"": ""running""}",1,0
2552,1786985556.617692,WARN,key_backoff,friend server failure #1,"{""detail"": ""backoff 30s; error_type=server"", ""key_name"": ""friend""}",1,0
2553,1786986002.3284738,critical,api_low_balance,ppq balance low: $0.02,"ppq balance at $0.02, below $5.00 threshold. Top up to avoid service interruption.",1,0
2554,1786986002.352361,critical,api_low_balance,openrouter balance low: $3.30,"openrouter balance at $3.30, below $5.00 threshold. Top up to avoid service interruption.",1,0
2555,1786986009.184935,CRITICAL,api_low_balance,ppq balance low: $0.02,"ppq balance at $0.02, below $5 threshold. Top up to avoid service interruption. (data 5 min old)",1,0
2556,1786986009.1852863,CRITICAL,api_low_balance,openrouter balance low: $3.30,"openrouter balance at $3.30, below $5 threshold. Top up to avoid service interruption. (data 5 min old)",1,0
2557,1786986902.4105175,critical,api_low_balance,ppq balance low: $0.02,"ppq balance at $0.02, below $5.00 threshold. Top up to avoid service interruption.",1,0
2558,1786986902.4365492,critical,api_low_balance,openrouter balance low: $3.30,"openrouter balance at $3.30, below $5.00 threshold. Top up to avoid service interruption.",1,0
2559,1786987802.2730227,critical,api_low_balance,ppq balance low: $0.02,"ppq balance at $0.02, below $5.00 threshold. Top up to avoid service interruption.",1,0
2560,1786987802.2821,critical,api_low_balance,openrouter balance low: $3.30,"openrouter balance at $3.30, below $5.00 threshold. Top up to avoid service interruption.",1,0
2561,1786987809.1053455,CRITICAL,api_low_balance,ppq balance low: $0.02,"ppq balance at $0.02, below $5 threshold. Top up to avoid service interruption. (data 5 min old)",1,0
2562,1786987809.1066403,CRITICAL,api_low_balance,openrouter balance low: $3.30,"openrouter balance at $3.30, below $5 threshold. Top up to avoid service interruption. (data 5 min old)",1,0
2563,1786988701.6875563,critical,api_low_balance,ppq balance low: $0.02,"ppq balance at $0.02, below $5.00 threshold. Top up to avoid service interruption.",1,0
2564,1786988701.7207553,critical,api_low_balance,openrouter balance low: $3.30,"openrouter balance at $3.30, below $5.00 threshold. Top up to avoid service interruption.",1,0
2565,1786989024.1791952,WARN,key_backoff,friend exhausted failure #1,"{""detail"": ""backoff 2.0s; error_type=exhausted"", ""key_name"": ""friend""}",1,0
2566,1786989038.5698352,WARN,key_backoff,friend exhausted failure #1,"{""detail"": ""backoff 2.0s; error_type=exhausted"", ""key_name"": ""friend""}",1,0
2567,1786989074.5815947,WARN,key_backoff,friend exhausted failure #1,"{""detail"": ""backoff 2.0s; error_type=exhausted"", ""key_name"": ""friend""}",1,0
2568,1786989105.29422,WARN,key_backoff,friend exhausted failure #1,"{""detail"": ""backoff 2.0s; error_type=exhausted"", ""key_name"": ""friend""}",1,0
2569,1786989113.9976025,WARN,key_backoff,friend exhausted failure #1,"{""detail"": ""backoff 2.0s; error_type=exhausted"", ""key_name"": ""friend""}",1,0
2570,1786989306.8374648,WARN,key_backoff,friend exhausted failure #1,"{""detail"": ""backoff 2.0s; error_type=exhausted"", ""key_name"": ""friend""}",1,0
2571,1786989307.6149602,WARN,key_backoff,friend exhausted failure #2,"{""detail"": ""backoff 4.0s; error_type=exhausted"", ""key_name"": ""friend""}",1,0
2572,1786989553.4872243,WARN,key_backoff,friend exhausted failure #1,"{""detail"": ""backoff 2.0s; error_type=exhausted"", ""key_name"": ""friend""}",1,0
2573,1786989554.3371232,WARN,key_backoff,friend exhausted failure #2,"{""detail"": ""backoff 4.0s; error_type=exhausted"", ""key_name"": ""friend""}",1,0
2574,1786989554.632686,WARN,key_backoff,friend exhausted failure #3,"{""detail"": ""backoff 8.0s; error_type=exhausted"", ""key_name"": ""friend""}",1,0
2575,1786989601.9039497,critical,api_low_balance,ppq balance low: $0.02,"ppq balance at $0.02, below $5.00 threshold. Top up to avoid service interruption.",1,0
2576,1786989601.9199896,critical,api_low_balance,openrouter balance low: $3.30,"openrouter balance at $3.30, below $5.00 threshold. Top up to avoid service interruption.",1,0
2577,1786989608.6856608,CRITICAL,api_low_balance,ppq balance low: $0.02,"ppq balance at $0.02, below $5 threshold. Top up to avoid service interruption. (data 5 min old)",1,0
2578,1786989608.6859748,CRITICAL,api_low_balance,openrouter balance low: $3.30,"openrouter balance at $3.30, below $5 threshold. Top up to avoid service interruption. (data 5 min old)",1,0
2579,1786990502.1063209,critical,api_low_balance,ppq balance low: $0.02,"ppq balance at $0.02, below $5.00 threshold. Top up to avoid service interruption.",1,0
2580,1786990502.1145442,critical,api_low_balance,openrouter balance low: $3.30,"openrouter balance at $3.30, below $5.00 threshold. Top up to avoid service interruption.",1,0
2581,1786991401.9162476,critical,api_low_balance,ppq balance low: $0.02,"ppq balance at $0.02, below $5.00 threshold. Top up to avoid service interruption.",1,0
2582,1786991401.9610605,critical,api_low_balance,openrouter balance low: $3.30,"openrouter balance at $3.30, below $5.00 threshold. Top up to avoid service interruption.",1,0
2583,1786991408.7875953,CRITICAL,api_low_balance,ppq balance low: $0.02,"ppq balance at $0.02, below $5 threshold. Top up to avoid service interruption. (data 5 min old)",1,0
2584,1786991408.7889285,CRITICAL,api_low_balance,openrouter balance low: $3.30,"openrouter balance at $3.30, below $5 threshold. Top up to avoid service interruption. (data 5 min old)",1,0
2585,1786992302.4718764,critical,api_low_balance,ppq balance low: $0.02,"ppq balance at $0.02, below $5.00 threshold. Top up to avoid service interruption.",1,0
2586,1786992302.4920592,critical,api_low_balance,openrouter balance low: $3.30,"openrouter balance at $3.30, below $5.00 threshold. Top up to avoid service interruption.",1,0
2587,1786992305.909667,warning,circuit_breaker,Circuit breaker: host-driven-bench/t_75a5ad0e (8 consecutive crashed runs),"{""last_error"": ""pid 3462505 not alive"", ""run_count"": 9, ""crashed_runs"": 8, ""profile"": ""worker-base"", ""status_at_trip"": ""running""}",1,0
2588,1786993202.0824497,critical,api_low_balance,ppq balance low: $0.02,"ppq balance at $0.02, below $5.00 threshold. Top up to avoid service interruption.",1,0
2589,1786993202.1044288,critical,api_low_balance,openrouter balance low: $3.30,"openrouter balance at $3.30, below $5.00 threshold. Top up to avoid service interruption.",1,0
2590,1786993208.6807714,CRITICAL,api_low_balance,ppq balance low: $0.02,"ppq balance at $0.02, below $5 threshold. Top up to avoid service interruption. (data 5 min old)",1,0
2591,1786993208.6820993,CRITICAL,api_low_balance,openrouter balance low: $3.30,"openrouter balance at $3.30, below $5 threshold. Top up to avoid service interruption. (data 5 min old)",1,0
2592,1786993211.2343552,WARN,key_backoff,friend exhausted failure #1,"{""detail"": ""backoff 2.0s; error_type=exhausted"", ""key_name"": ""friend""}",1,0
2593,1786993449.6374283,WARN,key_backoff,friend server failure #1,"{""detail"": ""backoff 30s; error_type=server"", ""key_name"": ""friend""}",1,0
2594,1786994102.4526048,critical,api_low_balance,ppq balance low: $0.02,"ppq balance at $0.02, below $5.00 threshold. Top up to avoid service interruption.",1,0
2595,1786994102.4768705,critical,api_low_balance,openrouter balance low: $3.30,"openrouter balance at $3.30, below $5.00 threshold. Top up to avoid service interruption.",1,0
2596,1786995002.6270554,critical,api_low_balance,ppq balance low: $0.02,"ppq balance at $0.02, below $5.00 threshold. Top up to avoid service interruption.",1,0
2597,1786995002.6523314,critical,api_low_balance,openrouter balance low: $3.30,"openrouter balance at $3.30, below $5.00 threshold. Top up to avoid service interruption.",1,0
2598,1786995009.8483417,CRITICAL,api_low_balance,ppq balance low: $0.02,"ppq balance at $0.02, below $5 threshold. Top up to avoid service interruption. (data 5 min old)",1,0
2599,1786995009.8487816,CRITICAL,api_low_balance,openrouter balance low: $3.30,"openrouter balance at $3.30, below $5 threshold. Top up to avoid service interruption. (data 5 min old)",1,0
2600,1786995305.5166142,warning,circuit_breaker,Circuit breaker: host-driven-bench/t_41b23f6c (3 consecutive crashed runs),"{""last_error"": ""pid 3586076 not alive"", ""run_count"": 4, ""crashed_runs"": 3, ""profile"": ""worker-base"", ""status_at_trip"": ""running""}",1,0
2601,1786995901.4760368,critical,api_low_balance,ppq balance low: $0.02,"ppq balance at $0.02, below $5.00 threshold. Top up to avoid service interruption.",1,0
2602,1786995901.4963226,critical,api_low_balance,openrouter balance low: $3.30,"openrouter balance at $3.30, below $5.00 threshold. Top up to avoid service interruption.",1,0
2603,1786996802.1510072,critical,api_low_balance,ppq balance low: $0.02,"ppq balance at $0.02, below $5.00 threshold. Top up to avoid service interruption.",1,0
2604,1786996802.1788948,critical,api_low_balance,openrouter balance low: $3.30,"openrouter balance at $3.30, below $5.00 threshold. Top up to avoid service interruption.",1,0
2605,1786996809.2240376,CRITICAL,api_low_balance,ppq balance low: $0.02,"ppq balance at $0.02, below $5 threshold. Top up to avoid service interruption. (data 5 min old)",1,0
2606,1786996809.2243977,CRITICAL,api_low_balance,openrouter balance low: $3.30,"openrouter balance at $3.30, below $5 threshold. Top up to avoid service interruption. (data 5 min old)",1,0
2607,1786997701.941119,critical,api_low_balance,ppq balance low: $0.02,"ppq balance at $0.02, below $5.00 threshold. Top up to avoid service interruption.",1,0
2608,1786997701.9663193,critical,api_low_balance,openrouter balance low: $3.30,"openrouter balance at $3.30, below $5.00 threshold. Top up to avoid service interruption.",1,0
2609,1786998602.3568022,critical,api_low_balance,ppq balance low: $0.02,"ppq balance at $0.02, below $5.00 threshold. Top up to avoid service interruption.",1,0
2610,1786998602.3648434,critical,api_low_balance,openrouter balance low: $3.30,"openrouter balance at $3.30, below $5.00 threshold. Top up to avoid service interruption.",1,0
2611,1786998609.4310484,CRITICAL,api_low_balance,ppq balance low: $0.02,"ppq balance at $0.02, below $5 threshold. Top up to avoid service interruption. (data 5 min old)",1,0
2612,1786998609.4316077,CRITICAL,api_low_balance,openrouter balance low: $3.30,"openrouter balance at $3.30, below $5 threshold. Top up to avoid service interruption. (data 5 min old)",1,0
2613,1786999501.7461689,critical,api_low_balance,ppq balance low: $0.02,"ppq balance at $0.02, below $5.00 threshold. Top up to avoid service interruption.",1,0
2614,1786999501.7644532,critical,api_low_balance,openrouter balance low: $3.30,"openrouter balance at $3.30, below $5.00 threshold. Top up to avoid service interruption.",1,0
2615,1787000402.2417068,critical,api_low_balance,ppq balance low: $0.02,"ppq balance at $0.02, below $5.00 threshold. Top up to avoid service interruption.",1,0
2616,1787000402.259707,critical,api_low_balance,openrouter balance low: $3.30,"openrouter balance at $3.30, below $5.00 threshold. Top up to avoid service interruption.",1,0
2617,1787000408.9414923,CRITICAL,api_low_balance,ppq balance low: $0.02,"ppq balance at $0.02, below $5 threshold. Top up to avoid service interruption. (data 5 min old)",1,0
2618,1787000408.941995,CRITICAL,api_low_balance,openrouter balance low: $3.30,"openrouter balance at $3.30, below $5 threshold. Top up to avoid service interruption. (data 5 min old)",1,0
2619,1787001302.3018696,critical,api_low_balance,ppq balance low: $0.02,"ppq balance at $0.02, below $5.00 threshold. Top up to avoid service interruption.",1,0
2620,1787001302.3129408,critical,api_low_balance,openrouter balance low: $3.30,"openrouter balance at $3.30, below $5.00 threshold. Top up to avoid service interruption.",1,0
2621,1787002201.7388098,critical,api_low_balance,ppq balance low: $0.02,"ppq balance at $0.02, below $5.00 threshold. Top up to avoid service interruption.",1,0
2622,1787002201.7538505,critical,api_low_balance,openrouter balance low: $3.30,"openrouter balance at $3.30, below $5.00 threshold. Top up to avoid service interruption.",1,0
2623,1787002208.7262354,CRITICAL,api_low_balance,ppq balance low: $0.02,"ppq balance at $0.02, below $5 threshold. Top up to avoid service interruption. (data 5 min old)",1,0
2624,1787002208.7271922,CRITICAL,api_low_balance,openrouter balance low: $3.30,"openrouter balance at $3.30, below $5 threshold. Top up to avoid service interruption. (data 5 min old)",1,0
2625,1787003102.488051,critical,api_low_balance,ppq balance low: $0.02,"ppq balance at $0.02, below $5.00 threshold. Top up to avoid service interruption.",1,0
2626,1787003102.508497,critical,api_low_balance,openrouter balance low: $3.30,"openrouter balance at $3.30, below $5.00 threshold. Top up to avoid service interruption.",1,0
2627,1787004002.3804948,critical,api_low_balance,ppq balance low: $0.02,"ppq balance at $0.02, below $5.00 threshold. Top up to avoid service interruption.",1,0
2628,1787004002.4127424,critical,api_low_balance,openrouter balance low: $3.30,"openrouter balance at $3.30, below $5.00 threshold. Top up to avoid service interruption.",1,0
2629,1787004009.733118,CRITICAL,api_low_balance,ppq balance low: $0.02,"ppq balance at $0.02, below $5 threshold. Top up to avoid service interruption. (data 5 min old)",1,0
2630,1787004009.7336686,CRITICAL,api_low_balance,openrouter balance low: $3.30,"openrouter balance at $3.30, below $5 threshold. Top up to avoid service interruption. (data 5 min old)",1,0
2631,1787004901.5196762,critical,api_low_balance,ppq balance low: $0.02,"ppq balance at $0.02, below $5.00 threshold. Top up to avoid service interruption.",1,0
2632,1787004901.5344927,critical,api_low_balance,openrouter balance low: $3.30,"openrouter balance at $3.30, below $5.00 threshold. Top up to avoid service interruption.",1,0
2633,1787005801.449798,critical,api_low_balance,ppq balance low: $0.02,"ppq balance at $0.02, below $5.00 threshold. Top up to avoid service interruption.",1,0
2634,1787005801.4641254,critical,api_low_balance,openrouter balance low: $3.30,"openrouter balance at $3.30, below $5.00 threshold. Top up to avoid service interruption.",1,0
2635,1787005808.7843559,CRITICAL,api_low_balance,ppq balance low: $0.02,"ppq balance at $0.02, below $5 threshold. Top up to avoid service interruption. (data 5 min old)",1,0
2636,1787005808.784863,CRITICAL,api_low_balance,openrouter balance low: $3.30,"openrouter balance at $3.30, below $5 threshold. Top up to avoid service interruption. (data 5 min old)",1,0
2637,1787006702.3397508,critical,api_low_balance,ppq balance low: $0.02,"ppq balance at $0.02, below $5.00 threshold. Top up to avoid service interruption.",1,0
2638,1787006702.3497095,critical,api_low_balance,openrouter balance low: $3.30,"openrouter balance at $3.30, below $5.00 threshold. Top up to avoid service interruption.",1,0
2639,1787007312.358748,WARN,key_backoff,friend server failure #1,"{""detail"": ""backoff 30s; error_type=server"", ""key_name"": ""friend""}",1,0
2640,1787007336.666978,warning,ppq_budget,PPQ retry-storm blocked,"identical prompt (sha256 e3b0c442) attempted 3x in 600s — crash-loop signature, PPQ refused",1,1
2641,1787007602.285162,critical,api_low_balance,ppq balance low: $0.02,"ppq balance at $0.02, below $5.00 threshold. Top up to avoid service interruption.",1,0
2642,1787007602.309786,critical,api_low_balance,openrouter balance low: $3.30,"openrouter balance at $3.30, below $5.00 threshold. Top up to avoid service interruption.",1,0
2643,1787007609.8899462,CRITICAL,api_low_balance,ppq balance low: $0.02,"ppq balance at $0.02, below $5 threshold. Top up to avoid service interruption. (data 5 min old)",1,0
2644,1787007609.8904629,CRITICAL,api_low_balance,openrouter balance low: $3.30,"openrouter balance at $3.30, below $5 threshold. Top up to avoid service interruption. (data 5 min old)",1,0
2645,1787008501.9043124,critical,api_low_balance,ppq balance low: $0.02,"ppq balance at $0.02, below $5.00 threshold. Top up to avoid service interruption.",1,0
2646,1787008501.9165518,critical,api_low_balance,openrouter balance low: $3.30,"openrouter balance at $3.30, below $5.00 threshold. Top up to avoid service interruption.",1,0
2647,1787009402.0904253,critical,api_low_balance,ppq balance low: $0.02,"ppq balance at $0.02, below $5.00 threshold. Top up to avoid service interruption.",1,0
2648,1787009402.1076605,critical,api_low_balance,openrouter balance low: $3.30,"openrouter balance at $3.30, below $5.00 threshold. Top up to avoid service interruption.",1,0
2649,1787009409.0266638,CRITICAL,api_low_balance,ppq balance low: $0.02,"ppq balance at $0.02, below $5 threshold. Top up to avoid service interruption. (data 5 min old)",1,0
2650,1787009409.0277772,CRITICAL,api_low_balance,openrouter balance low: $3.30,"openrouter balance at $3.30, below $5 threshold. Top up to avoid service interruption. (data 5 min old)",1,0
2651,1787010301.7259574,critical,api_low_balance,ppq balance low: $0.02,"ppq balance at $0.02, below $5.00 threshold. Top up to avoid service interruption.",1,0
2652,1787010301.7339566,critical,api_low_balance,openrouter balance low: $3.30,"openrouter balance at $3.30, below $5.00 threshold. Top up to avoid service interruption.",1,0
2653,1787011201.9428546,critical,api_low_balance,ppq balance low: $0.02,"ppq balance at $0.02, below $5.00 threshold. Top up to avoid service interruption.",1,0
2654,1787011201.9499013,critical,api_low_balance,openrouter balance low: $3.30,"openrouter balance at $3.30, below $5.00 threshold. Top up to avoid service interruption.",1,0
2655,1787011208.9310255,CRITICAL,api_low_balance,ppq balance low: $0.02,"ppq balance at $0.02, below $5 threshold. Top up to avoid service interruption. (data 5 min old)",1,0
2656,1787011208.9321792,CRITICAL,api_low_balance,openrouter balance low: $3.30,"openrouter balance at $3.30, below $5 threshold. Top up to avoid service interruption. (data 5 min old)",1,0
2657,1787012101.6668472,critical,api_low_balance,ppq balance low: $0.02,"ppq balance at $0.02, below $5.00 threshold. Top up to avoid service interruption.",1,0
2658,1787012101.6979654,critical,api_low_balance,openrouter balance low: $3.30,"openrouter balance at $3.30, below $5.00 threshold. Top up to avoid service interruption.",1,0
2659,1787013002.0260012,critical,api_low_balance,ppq balance low: $0.02,"ppq balance at $0.02, below $5.00 threshold. Top up to avoid service interruption.",1,0
2660,1787013002.049839,critical,api_low_balance,openrouter balance low: $3.30,"openrouter balance at $3.30, below $5.00 threshold. Top up to avoid service interruption.",1,0
2661,1787013008.8111339,CRITICAL,api_low_balance,ppq balance low: $0.02,"ppq balance at $0.02, below $5 threshold. Top up to avoid service interruption. (data 5 min old)",1,0
2662,1787013008.8116808,CRITICAL,api_low_balance,openrouter balance low: $3.30,"openrouter balance at $3.30, below $5 threshold. Top up to avoid service interruption. (data 5 min old)",1,0
2663,1787013901.5524385,critical,api_low_balance,ppq balance low: $0.02,"ppq balance at $0.02, below $5.00 threshold. Top up to avoid service interruption.",1,0
2664,1787013901.5673707,critical,api_low_balance,openrouter balance low: $3.30,"openrouter balance at $3.30, below $5.00 threshold. Top up to avoid service interruption.",1,0
2665,1787014802.3496726,critical,api_low_balance,ppq balance low: $0.02,"ppq balance at $0.02, below $5.00 threshold. Top up to avoid service interruption.",1,0
2666,1787014802.3777013,critical,api_low_balance,openrouter balance low: $3.30,"openrouter balance at $3.30, below $5.00 threshold. Top up to avoid service interruption.",1,0
2667,1787014809.4978292,CRITICAL,api_low_balance,ppq balance low: $0.02,"ppq balance at $0.02, below $5 threshold. Top up to avoid service interruption. (data 5 min old)",1,0
2668,1787014809.4981189,CRITICAL,api_low_balance,openrouter balance low: $3.30,"openrouter balance at $3.30, below $5 threshold. Top up to avoid service interruption. (data 5 min old)",1,0
2669,1787015701.786112,critical,api_low_balance,ppq balance low: $0.02,"ppq balance at $0.02, below $5.00 threshold. Top up to avoid service interruption.",1,0
2670,1787015701.8355057,critical,api_low_balance,openrouter balance low: $3.30,"openrouter balance at $3.30, below $5.00 threshold. Top up to avoid service interruption.",1,0
2671,1787016601.4095783,critical,api_low_balance,ppq balance low: $0.02,"ppq balance at $0.02, below $5.00 threshold. Top up to avoid service interruption.",1,0
2672,1787016601.4157064,critical,api_low_balance,openrouter balance low: $3.30,"openrouter balance at $3.30, below $5.00 threshold. Top up to avoid service interruption.",1,0
2673,1787016608.9849381,CRITICAL,api_low_balance,ppq balance low: $0.02,"ppq balance at $0.02, below $5 threshold. Top up to avoid service interruption. (data 5 min old)",1,0
2674,1787016608.9854198,CRITICAL,api_low_balance,openrouter balance low: $3.30,"openrouter balance at $3.30, below $5 threshold. Top up to avoid service interruption. (data 5 min old)",1,0
2675,1787017502.466791,critical,api_low_balance,ppq balance low: $0.02,"ppq balance at $0.02, below $5.00 threshold. Top up to avoid service interruption.",1,0
2676,1787017502.487851,critical,api_low_balance,openrouter balance low: $3.30,"openrouter balance at $3.30, below $5.00 threshold. Top up to avoid service interruption.",1,0
2677,1787018402.1776304,critical,api_low_balance,ppq balance low: $0.02,"ppq balance at $0.02, below $5.00 threshold. Top up to avoid service interruption.",1,0
2678,1787018402.2075095,critical,api_low_balance,openrouter balance low: $3.30,"openrouter balance at $3.30, below $5.00 threshold. Top up to avoid service interruption.",1,0
2679,1787018409.1055565,CRITICAL,api_low_balance,ppq balance low: $0.02,"ppq balance at $0.02, below $5 threshold. Top up to avoid service interruption. (data 5 min old)",1,0
2680,1787018409.1060958,CRITICAL,api_low_balance,openrouter balance low: $3.30,"openrouter balance at $3.30, below $5 threshold. Top up to avoid service interruption. (data 5 min old)",1,0
2681,1787019301.509047,critical,api_low_balance,ppq balance low: $0.02,"ppq balance at $0.02, below $5.00 threshold. Top up to avoid service interruption.",1,0
2682,1787019301.5465374,critical,api_low_balance,openrouter balance low: $3.30,"openrouter balance at $3.30, below $5.00 threshold. Top up to avoid service interruption.",1,0
2683,1787020201.8765182,critical,api_low_balance,ppq balance low: $0.02,"ppq balance at $0.02, below $5.00 threshold. Top up to avoid service interruption.",1,0
2684,1787020201.9035816,critical,api_low_balance,openrouter balance low: $3.30,"openrouter balance at $3.30, below $5.00 threshold. Top up to avoid service interruption.",1,0
2685,1787020208.5526845,CRITICAL,api_low_balance,ppq balance low: $0.02,"ppq balance at $0.02, below $5 threshold. Top up to avoid service interruption. (data 5 min old)",1,0
2686,1787020208.5548615,CRITICAL,api_low_balance,openrouter balance low: $3.30,"openrouter balance at $3.30, below $5 threshold. Top up to avoid service interruption. (data 5 min old)",1,0
2687,1787020243.8429058,WARN,key_backoff,friend exhausted failure #1,"{""detail"": ""backoff 2.0s; error_type=exhausted"", ""key_name"": ""friend""}",1,0
2688,1787020252.3158422,WARN,key_backoff,friend exhausted failure #2,"{""detail"": ""backoff 4.0s; error_type=exhausted"", ""key_name"": ""friend""}",1,0
2689,1787020305.4574733,WARN,key_backoff,friend exhausted failure #3,"{""detail"": ""backoff 8.0s; error_type=exhausted"", ""key_name"": ""friend""}",1,0
2690,1787020360.0229838,WARN,key_backoff,friend exhausted failure #4,"{""detail"": ""backoff 16.0s; error_type=exhausted"", ""key_name"": ""friend""}",1,0
2691,1787021101.8394506,critical,api_low_balance,ppq balance low: $0.02,"ppq balance at $0.02, below $5.00 threshold. Top up to avoid service interruption.",1,0
2692,1787021101.8581817,critical,api_low_balance,openrouter balance low: $3.30,"openrouter balance at $3.30, below $5.00 threshold. Top up to avoid service interruption.",1,0
2693,1787022002.3747573,critical,api_low_balance,ppq balance low: $0.02,"ppq balance at $0.02, below $5.00 threshold. Top up to avoid service interruption.",1,0
2694,1787022002.4000058,critical,api_low_balance,openrouter balance low: $3.30,"openrouter balance at $3.30, below $5.00 threshold. Top up to avoid service interruption.",1,0
2695,1787022008.8339949,CRITICAL,api_low_balance,ppq balance low: $0.02,"ppq balance at $0.02, below $5 threshold. Top up to avoid service interruption. (data 5 min old)",1,0
2696,1787022008.8344107,CRITICAL,api_low_balance,openrouter balance low: $3.30,"openrouter balance at $3.30, below $5 threshold. Top up to avoid service interruption. (data 5 min old)",1,0
2697,1787022822.7715244,WARN,key_backoff,friend exhausted failure #5,"{""detail"": ""backoff 32.0s; error_type=exhausted"", ""key_name"": ""friend""}",1,0
2698,1787022902.4529855,critical,api_low_balance,ppq balance low: $0.02,"ppq balance at $0.02, below $5.00 threshold. Top up to avoid service interruption.",1,0
2699,1787022902.4727094,critical,api_low_balance,openrouter balance low: $3.30,"openrouter balance at $3.30, below $5.00 threshold. Top up to avoid service interruption.",1,0
2700,1787022946.890763,WARN,key_backoff,friend exhausted failure #6,"{""detail"": ""backoff 60.0s; error_type=exhausted"", ""key_name"": ""friend""}",1,0
2701,1787023094.3907053,WARN,key_backoff,friend exhausted failure #7,"{""detail"": ""backoff 60.0s; error_type=exhausted"", ""key_name"": ""friend""}",1,0
2702,1787023094.3909872,CRITICAL,KEY_DEAD,friend reached 7 consecutive failures,"{""detail"": ""backoff 60.0s; likely dead"", ""key_name"": ""friend""}",1,0
2703,1787023225.9145339,WARN,key_backoff,friend exhausted failure #8,"{""detail"": ""backoff 60.0s; error_type=exhausted"", ""key_name"": ""friend""}",1,0
2704,1787023377.2515278,WARN,key_backoff,friend exhausted failure #9,"{""detail"": ""backoff 60.0s; error_type=exhausted"", ""key_name"": ""friend""}",1,0
2705,1787023503.8747122,WARN,key_backoff,friend exhausted failure #10,"{""detail"": ""backoff 60.0s; error_type=exhausted"", ""key_name"": ""friend""}",1,0
2706,1787023802.3979216,critical,api_low_balance,ppq balance low: $0.02,"ppq balance at $0.02, below $5.00 threshold. Top up to avoid service interruption.",1,0
2707,1787023802.416763,critical,api_low_balance,openrouter balance low: $3.30,"openrouter balance at $3.30, below $5.00 threshold. Top up to avoid service interruption.",1,0
2708,1787023809.0511966,CRITICAL,api_low_balance,ppq balance low: $0.02,"ppq balance at $0.02, below $5 threshold. Top up to avoid service interruption. (data 5 min old)",1,0
2709,1787023809.0523963,CRITICAL,api_low_balance,openrouter balance low: $3.30,"openrouter balance at $3.30, below $5 threshold. Top up to avoid service interruption. (data 5 min old)",1,0
2710,1787023847.969498,WARN,key_backoff,friend exhausted failure #11,"{""detail"": ""backoff 60.0s; error_type=exhausted"", ""key_name"": ""friend""}",1,0
2711,1787023971.5327451,WARN,key_backoff,friend exhausted failure #12,"{""detail"": ""backoff 60.0s; error_type=exhausted"", ""key_name"": ""friend""}",1,0
2712,1787024099.8047636,WARN,key_backoff,friend exhausted failure #13,"{""detail"": ""backoff 60.0s; error_type=exhausted"", ""key_name"": ""friend""}",1,0
2713,1787024162.9917388,WARN,key_backoff,friend exhausted failure #14,"{""detail"": ""backoff 60.0s; error_type=exhausted"", ""key_name"": ""friend""}",1,0
2714,1787024225.1333718,WARN,key_backoff,friend exhausted failure #15,"{""detail"": ""backoff 60.0s; error_type=exhausted"", ""key_name"": ""friend""}",1,0
2715,1787024302.3106577,WARN,key_backoff,friend exhausted failure #16,"{""detail"": ""backoff 60.0s; error_type=exhausted"", ""key_name"": ""friend""}",1,0
2716,1787024364.4049144,WARN,key_backoff,friend exhausted failure #17,"{""detail"": ""backoff 60.0s; error_type=exhausted"", ""key_name"": ""friend""}",1,0
2717,1787024427.2684257,WARN,key_backoff,friend exhausted failure #18,"{""detail"": ""backoff 60.0s; error_type=exhausted"", ""key_name"": ""friend""}",1,0
2718,1787024501.6358142,WARN,key_backoff,friend exhausted failure #19,"{""detail"": ""backoff 60.0s; error_type=exhausted"", ""key_name"": ""friend""}",1,0
2719,1787024568.6322136,WARN,key_backoff,friend exhausted failure #20,"{""detail"": ""backoff 60.0s; error_type=exhausted"", ""key_name"": ""friend""}",1,0
2720,1787024635.1625504,WARN,key_backoff,friend exhausted failure #21,"{""detail"": ""backoff 60.0s; error_type=exhausted"", ""key_name"": ""friend""}",1,0
2721,1787024701.1099482,WARN,key_backoff,friend exhausted failure #22,"{""detail"": ""backoff 60.0s; error_type=exhausted"", ""key_name"": ""friend""}",1,0
2722,1787024701.7804198,critical,api_low_balance,ppq balance low: $0.02,"ppq balance at $0.02, below $5.00 threshold. Top up to avoid service interruption.",1,0
2723,1787024701.787459,critical,api_low_balance,openrouter balance low: $3.30,"openrouter balance at $3.30, below $5.00 threshold. Top up to avoid service interruption.",1,0
2724,1787024741.3093438,WARN,key_backoff,friend exhausted failure #1,"{""detail"": ""backoff 2.0s; error_type=exhausted"", ""key_name"": ""friend""}",1,0
2725,1787024831.5600421,WARN,key_backoff,friend exhausted failure #2,"{""detail"": ""backoff 4.0s; error_type=exhausted"", ""key_name"": ""friend""}",1,0
2726,1787024939.710695,WARN,key_backoff,friend exhausted failure #1,"{""detail"": ""backoff 2.0s; error_type=exhausted"", ""key_name"": ""friend""}",1,0
2727,1787025601.9097426,critical,api_low_balance,ppq balance low: $0.02,"ppq balance at $0.02, below $5.00 threshold. Top up to avoid service interruption.",1,0
2728,1787025601.9249225,critical,api_low_balance,openrouter balance low: $3.25,"openrouter balance at $3.25, below $5.00 threshold. Top up to avoid service interruption.",1,0
2729,1787025608.5950828,CRITICAL,api_low_balance,ppq balance low: $0.02,"ppq balance at $0.02, below $5 threshold. Top up to avoid service interruption. (data 5 min old)",1,0
2730,1787025608.5962613,CRITICAL,api_low_balance,openrouter balance low: $3.25,"openrouter balance at $3.25, below $5 threshold. Top up to avoid service interruption. (data 5 min old)",1,0
2731,1787026501.752249,critical,api_low_balance,ppq balance low: $0.02,"ppq balance at $0.02, below $5.00 threshold. Top up to avoid service interruption.",1,0
2732,1787026501.7612855,critical,api_low_balance,openrouter balance low: $3.25,"openrouter balance at $3.25, below $5.00 threshold. Top up to avoid service interruption.",1,0
2733,1787027402.0479524,critical,api_low_balance,ppq balance low: $0.02,"ppq balance at $0.02, below $5.00 threshold. Top up to avoid service interruption.",1,0
2734,1787027402.0607388,critical,api_low_balance,openrouter balance low: $3.25,"openrouter balance at $3.25, below $5.00 threshold. Top up to avoid service interruption.",1,0
2735,1787027409.1899402,CRITICAL,api_low_balance,ppq balance low: $0.02,"ppq balance at $0.02, below $5 threshold. Top up to avoid service interruption. (data 5 min old)",1,0
2736,1787027409.1903014,CRITICAL,api_low_balance,openrouter balance low: $3.25,"openrouter balance at $3.25, below $5 threshold. Top up to avoid service interruption. (data 5 min old)",1,0
2737,1787028301.9730022,critical,api_low_balance,ppq balance low: $0.02,"ppq balance at $0.02, below $5.00 threshold. Top up to avoid service interruption.",1,0
2738,1787028301.985655,critical,api_low_balance,openrouter balance low: $3.25,"openrouter balance at $3.25, below $5.00 threshold. Top up to avoid service interruption.",1,0
2739,1787029201.9652343,critical,api_low_balance,ppq balance low: $0.02,"ppq balance at $0.02, below $5.00 threshold. Top up to avoid service interruption.",1,0
2740,1787029201.982668,critical,api_low_balance,openrouter balance low: $3.25,"openrouter balance at $3.25, below $5.00 threshold. Top up to avoid service interruption.",1,0
2741,1787029208.9066033,CRITICAL,api_low_balance,ppq balance low: $0.02,"ppq balance at $0.02, below $5 threshold. Top up to avoid service interruption. (data 5 min old)",1,0
2742,1787029208.9077249,CRITICAL,api_low_balance,openrouter balance low: $3.25,"openrouter balance at $3.25, below $5 threshold. Top up to avoid service interruption. (data 5 min old)",1,0
2743,1787030101.791707,critical,api_low_balance,ppq balance low: $0.02,"ppq balance at $0.02, below $5.00 threshold. Top up to avoid service interruption.",1,0
2744,1787030101.8101995,critical,api_low_balance,openrouter balance low: $3.25,"openrouter balance at $3.25, below $5.00 threshold. Top up to avoid service interruption.",1,0
2745,1787031002.841287,critical,api_low_balance,ppq balance low: $0.02,"ppq balance at $0.02, below $5.00 threshold. Top up to avoid service interruption.",1,0
2746,1787031002.8587613,critical,api_low_balance,openrouter balance low: $3.25,"openrouter balance at $3.25, below $5.00 threshold. Top up to avoid service interruption.",1,0
2747,1787031009.6000242,CRITICAL,api_low_balance,ppq balance low: $0.02,"ppq balance at $0.02, below $5 threshold. Top up to avoid service interruption. (data 5 min old)",1,0
2748,1787031009.6003144,CRITICAL,api_low_balance,openrouter balance low: $3.25,"openrouter balance at $3.25, below $5 threshold. Top up to avoid service interruption. (data 5 min old)",1,0
2749,1787031901.6379519,critical,api_low_balance,ppq balance low: $0.02,"ppq balance at $0.02, below $5.00 threshold. Top up to avoid service interruption.",1,0
2750,1787031901.6504216,critical,api_low_balance,openrouter balance low: $3.25,"openrouter balance at $3.25, below $5.00 threshold. Top up to avoid service interruption.",1,0
2751,1787032801.7222383,critical,api_low_balance,ppq balance low: $0.02,"ppq balance at $0.02, below $5.00 threshold. Top up to avoid service interruption.",1,0
2752,1787032801.7371569,critical,api_low_balance,openrouter balance low: $3.25,"openrouter balance at $3.25, below $5.00 threshold. Top up to avoid service interruption.",1,0
2753,1787032808.8088806,CRITICAL,api_low_balance,ppq balance low: $0.02,"ppq balance at $0.02, below $5 threshold. Top up to avoid service interruption. (data 5 min old)",1,0
2754,1787032808.809418,CRITICAL,api_low_balance,openrouter balance low: $3.25,"openrouter balance at $3.25, below $5 threshold. Top up to avoid service interruption. (data 5 min old)",1,0
2755,1787033701.7454789,critical,api_low_balance,ppq balance low: $0.02,"ppq balance at $0.02, below $5.00 threshold. Top up to avoid service interruption.",1,0
2756,1787033701.75439,critical,api_low_balance,openrouter balance low: $3.25,"openrouter balance at $3.25, below $5.00 threshold. Top up to avoid service interruption.",1,0
2757,1787034602.2445645,critical,api_low_balance,ppq balance low: $0.02,"ppq balance at $0.02, below $5.00 threshold. Top up to avoid service interruption.",1,0
2758,1787034602.2696524,critical,api_low_balance,openrouter balance low: $3.25,"openrouter balance at $3.25, below $5.00 threshold. Top up to avoid service interruption.",1,0
2759,1787034608.952342,CRITICAL,api_low_balance,ppq balance low: $0.02,"ppq balance at $0.02, below $5 threshold. Top up to avoid service interruption. (data 5 min old)",1,0
2760,1787034608.9540334,CRITICAL,api_low_balance,openrouter balance low: $3.25,"openrouter balance at $3.25, below $5 threshold. Top up to avoid service interruption. (data 5 min old)",1,0
2761,1787034904.1019948,warning,circuit_breaker,Circuit breaker: net4sats-mvp-v2/t_2c96d244 (3 consecutive crashed runs),"{""last_error"": ""pid 3264753 not alive"", ""run_count"": 4, ""crashed_runs"": 3, ""profile"": ""worker-inspector"", ""status_at_trip"": ""running""}",1,0
2762,1787035501.8131263,critical,api_low_balance,ppq balance low: $0.02,"ppq balance at $0.02, below $5.00 threshold. Top up to avoid service interruption.",1,0
2763,1787035501.828446,critical,api_low_balance,openrouter balance low: $3.25,"openrouter balance at $3.25, below $5.00 threshold. Top up to avoid service interruption.",1,0
2764,1787036402.1298828,critical,api_low_balance,ppq balance low: $0.02,"ppq balance at $0.02, below $5.00 threshold. Top up to avoid service interruption.",1,0
2765,1787036402.1358106,critical,api_low_balance,openrouter balance low: $3.25,"openrouter balance at $3.25, below $5.00 threshold. Top up to avoid service interruption.",1,0
2766,1787036408.6182702,CRITICAL,api_low_balance,ppq balance low: $0.02,"ppq balance at $0.02, below $5 threshold. Top up to avoid service interruption. (data 5 min old)",1,0
2767,1787036408.618721,CRITICAL,api_low_balance,openrouter balance low: $3.25,"openrouter balance at $3.25, below $5 threshold. Top up to avoid service interruption. (data 5 min old)",1,0
2768,1787037301.9248064,critical,api_low_balance,ppq balance low: $0.02,"ppq balance at $0.02, below $5.00 threshold. Top up to avoid service interruption.",1,0
2769,1787037301.950988,critical,api_low_balance,openrouter balance low: $3.25,"openrouter balance at $3.25, below $5.00 threshold. Top up to avoid service interruption.",1,0
2770,1787038202.7513478,critical,api_low_balance,ppq balance low: $0.02,"ppq balance at $0.02, below $5.00 threshold. Top up to avoid service interruption.",1,0
2771,1787038202.775132,critical,api_low_balance,openrouter balance low: $3.25,"openrouter balance at $3.25, below $5.00 threshold. Top up to avoid service interruption.",1,0
2772,1787038210.2877526,CRITICAL,api_low_balance,ppq balance low: $0.02,"ppq balance at $0.02, below $5 threshold. Top up to avoid service interruption. (data 5 min old)",1,0
2773,1787038210.2883372,CRITICAL,api_low_balance,openrouter balance low: $3.25,"openrouter balance at $3.25, below $5 threshold. Top up to avoid service interruption. (data 5 min old)",1,0
2774,1787038234.4933631,WARN,key_backoff,friend server failure #1,"{""detail"": ""backoff 30s; error_type=server"", ""key_name"": ""friend""}",1,0
2775,1787039102.2847397,critical,api_low_balance,ppq balance low: $0.02,"ppq balance at $0.02, below $5.00 threshold. Top up to avoid service interruption.",1,0
2776,1787039102.3173237,critical,api_low_balance,openrouter balance low: $3.25,"openrouter balance at $3.25, below $5.00 threshold. Top up to avoid service interruption.",1,0
2777,1787040001.6973555,critical,api_low_balance,ppq balance low: $0.02,"ppq balance at $0.02, below $5.00 threshold. Top up to avoid service interruption.",1,0
2778,1787040001.703761,critical,api_low_balance,openrouter balance low: $3.25,"openrouter balance at $3.25, below $5.00 threshold. Top up to avoid service interruption.",1,0
2779,1787040008.4872983,CRITICAL,api_low_balance,ppq balance low: $0.02,"ppq balance at $0.02, below $5 threshold. Top up to avoid service interruption. (data 5 min old)",1,0
2780,1787040008.4877975,CRITICAL,api_low_balance,openrouter balance low: $3.25,"openrouter balance at $3.25, below $5 threshold. Top up to avoid service interruption. (data 5 min old)",1,0
2781,1787040901.8546133,critical,api_low_balance,ppq balance low: $0.02,"ppq balance at $0.02, below $5.00 threshold. Top up to avoid service interruption.",1,0
2782,1787040901.87408,critical,api_low_balance,openrouter balance low: $3.25,"openrouter balance at $3.25, below $5.00 threshold. Top up to avoid service interruption.",1,0
2783,1787041802.2821312,critical,api_low_balance,ppq balance low: $0.02,"ppq balance at $0.02, below $5.00 threshold. Top up to avoid service interruption.",1,0
2784,1787041802.2879834,critical,api_low_balance,openrouter balance low: $3.25,"openrouter balance at $3.25, below $5.00 threshold. Top up to avoid service interruption.",1,0
2785,1787041809.2755516,CRITICAL,api_low_balance,ppq balance low: $0.02,"ppq balance at $0.02, below $5 threshold. Top up to avoid service interruption. (data 5 min old)",1,0
2786,1787041809.2760096,CRITICAL,api_low_balance,openrouter balance low: $3.25,"openrouter balance at $3.25, below $5 threshold. Top up to avoid service interruption. (data 5 min old)",1,0
2787,1787042701.4675674,critical,api_low_balance,ppq balance low: $0.02,"ppq balance at $0.02, below $5.00 threshold. Top up to avoid service interruption.",1,0
2788,1787042701.480673,critical,api_low_balance,openrouter balance low: $3.25,"openrouter balance at $3.25, below $5.00 threshold. Top up to avoid service interruption.",1,0
2789,1787043602.2043145,critical,api_low_balance,ppq balance low: $0.02,"ppq balance at $0.02, below $5.00 threshold. Top up to avoid service interruption.",1,0
2790,1787043602.2250557,critical,api_low_balance,openrouter balance low: $3.25,"openrouter balance at $3.25, below $5.00 threshold. Top up to avoid service interruption.",1,0
2791,1787043609.117599,CRITICAL,api_low_balance,ppq balance low: $0.02,"ppq balance at $0.02, below $5 threshold. Top up to avoid service interruption. (data 5 min old)",1,0
2792,1787043609.117931,CRITICAL,api_low_balance,openrouter balance low: $3.25,"openrouter balance at $3.25, below $5 threshold. Top up to avoid service interruption. (data 5 min old)",1,0
2793,1787044501.7662754,critical,api_low_balance,ppq balance low: $0.02,"ppq balance at $0.02, below $5.00 threshold. Top up to avoid service interruption.",1,0
2794,1787044501.7804554,critical,api_low_balance,openrouter balance low: $3.25,"openrouter balance at $3.25, below $5.00 threshold. Top up to avoid service interruption.",1,0
2795,1787045402.318854,critical,api_low_balance,ppq balance low: $0.02,"ppq balance at $0.02, below $5.00 threshold. Top up to avoid service interruption.",1,0
2796,1787045402.3250048,critical,api_low_balance,openrouter balance low: $3.25,"openrouter balance at $3.25, below $5.00 threshold. Top up to avoid service interruption.",1,0
2797,1787045408.7217631,CRITICAL,api_low_balance,ppq balance low: $0.02,"ppq balance at $0.02, below $5 threshold. Top up to avoid service interruption. (data 5 min old)",1,0
2798,1787045408.722226,CRITICAL,api_low_balance,openrouter balance low: $3.25,"openrouter balance at $3.25, below $5 threshold. Top up to avoid service interruption. (data 5 min old)",1,0
2799,1787046302.14998,critical,api_low_balance,ppq balance low: $0.02,"ppq balance at $0.02, below $5.00 threshold. Top up to avoid service interruption.",1,0
2800,1787046302.1634412,critical,api_low_balance,openrouter balance low: $3.25,"openrouter balance at $3.25, below $5.00 threshold. Top up to avoid service interruption.",1,0
2801,1787047201.6921513,critical,api_low_balance,ppq balance low: $0.02,"ppq balance at $0.02, below $5.00 threshold. Top up to avoid service interruption.",1,0
2802,1787047201.7123644,critical,api_low_balance,openrouter balance low: $3.25,"openrouter balance at $3.25, below $5.00 threshold. Top up to avoid service interruption.",1,0
2803,1787047208.4782612,CRITICAL,api_low_balance,ppq balance low: $0.02,"ppq balance at $0.02, below $5 threshold. Top up to avoid service interruption. (data 5 min old)",1,0
2804,1787047208.4795227,CRITICAL,api_low_balance,openrouter balance low: $3.25,"openrouter balance at $3.25, below $5 threshold. Top up to avoid service interruption. (data 5 min old)",1,0
2805,1787048102.053948,critical,api_low_balance,ppq balance low: $0.02,"ppq balance at $0.02, below $5.00 threshold. Top up to avoid service interruption.",1,0
2806,1787048102.0590641,critical,api_low_balance,openrouter balance low: $3.25,"openrouter balance at $3.25, below $5.00 threshold. Top up to avoid service interruption.",1,0
2807,1787049002.2738929,critical,api_low_balance,ppq balance low: $0.02,"ppq balance at $0.02, below $5.00 threshold. Top up to avoid service interruption.",1,0
2808,1787049002.297436,critical,api_low_balance,openrouter balance low: $3.25,"openrouter balance at $3.25, below $5.00 threshold. Top up to avoid service interruption.",1,0
2809,1787049009.381268,CRITICAL,api_low_balance,ppq balance low: $0.02,"ppq balance at $0.02, below $5 threshold. Top up to avoid service interruption. (data 5 min old)",1,0
2810,1787049009.3829224,CRITICAL,api_low_balance,openrouter balance low: $3.25,"openrouter balance at $3.25, below $5 threshold. Top up to avoid service interruption. (data 5 min old)",1,0
2811,1787049902.143786,critical,api_low_balance,ppq balance low: $0.02,"ppq balance at $0.02, below $5.00 threshold. Top up to avoid service interruption.",1,0
2812,1787049902.1549184,critical,api_low_balance,openrouter balance low: $3.25,"openrouter balance at $3.25, below $5.00 threshold. Top up to avoid service interruption.",1,0
2813,1787050801.6933444,critical,api_low_balance,ppq balance low: $0.02,"ppq balance at $0.02, below $5.00 threshold. Top up to avoid service interruption.",1,0
2814,1787050801.7054005,critical,api_low_balance,openrouter balance low: $3.25,"openrouter balance at $3.25, below $5.00 threshold. Top up to avoid service interruption.",1,0
2815,1787050803.9910622,WARN,key_backoff,friend exhausted failure #1,"{""detail"": ""backoff 2.0s; error_type=exhausted"", ""key_name"": ""friend""}",1,0
2816,1787050806.2191217,WARN,key_backoff,friend exhausted failure #2,"{""detail"": ""backoff 4.0s; error_type=exhausted"", ""key_name"": ""friend""}",1,0
2817,1787050807.9707794,CRITICAL,api_low_balance,ppq balance low: $0.02,"ppq balance at $0.02, below $5 threshold. Top up to avoid service interruption. (data 5 min old)",1,0
2818,1787050807.9720669,CRITICAL,api_low_balance,openrouter balance low: $3.25,"openrouter balance at $3.25, below $5 threshold. Top up to avoid service interruption. (data 5 min old)",1,0
2819,1787050818.7250187,WARN,key_backoff,friend exhausted failure #3,"{""detail"": ""backoff 8.0s; error_type=exhausted"", ""key_name"": ""friend""}",1,0
2820,1787050932.8424177,WARN,key_backoff,friend exhausted failure #4,"{""detail"": ""backoff 16.0s; error_type=exhausted"", ""key_name"": ""friend""}",1,0
2821,1787050957.2469547,WARN,key_backoff,friend exhausted failure #5,"{""detail"": ""backoff 32.0s; error_type=exhausted"", ""key_name"": ""friend""}",1,0
2822,1787051063.205724,WARN,key_backoff,friend exhausted failure #6,"{""detail"": ""backoff 60.0s; error_type=exhausted"", ""key_name"": ""friend""}",1,0
2823,1787051131.0487413,WARN,key_backoff,friend exhausted failure #7,"{""detail"": ""backoff 60.0s; error_type=exhausted"", ""key_name"": ""friend""}",1,0
2824,1787051131.0490093,CRITICAL,KEY_DEAD,friend reached 7 consecutive failures,"{""detail"": ""backoff 60.0s; likely dead"", ""key_name"": ""friend""}",1,0
2825,1787051195.3070436,WARN,key_backoff,friend exhausted failure #8,"{""detail"": ""backoff 60.0s; error_type=exhausted"", ""key_name"": ""friend""}",1,0
2826,1787051324.714324,WARN,key_backoff,friend exhausted failure #9,"{""detail"": ""backoff 60.0s; error_type=exhausted"", ""key_name"": ""friend""}",1,0
2827,1787051399.5797951,WARN,key_backoff,friend exhausted failure #10,"{""detail"": ""backoff 60.0s; error_type=exhausted"", ""key_name"": ""friend""}",1,0
2828,1787051461.243853,WARN,key_backoff,friend exhausted failure #11,"{""detail"": ""backoff 60.0s; error_type=exhausted"", ""key_name"": ""friend""}",1,0
2829,1787051527.6323645,WARN,key_backoff,friend exhausted failure #12,"{""detail"": ""backoff 60.0s; error_type=exhausted"", ""key_name"": ""friend""}",1,0
2830,1787051589.8050919,WARN,key_backoff,friend exhausted failure #13,"{""detail"": ""backoff 60.0s; error_type=exhausted"", ""key_name"": ""friend""}",1,0
2831,1787051654.999122,WARN,key_backoff,friend exhausted failure #14,"{""detail"": ""backoff 60.0s; error_type=exhausted"", ""key_name"": ""friend""}",1,0
2832,1787051701.692646,critical,api_low_balance,ppq balance low: $0.02,"ppq balance at $0.02, below $5.00 threshold. Top up to avoid service interruption.",1,0
2833,1787051701.7067895,critical,api_low_balance,openrouter balance low: $3.25,"openrouter balance at $3.25, below $5.00 threshold. Top up to avoid service interruption.",1,0
2834,1787051718.326771,WARN,key_backoff,friend exhausted failure #15,"{""detail"": ""backoff 60.0s; error_type=exhausted"", ""key_name"": ""friend""}",1,0
2835,1787051781.985746,WARN,key_backoff,friend exhausted failure #16,"{""detail"": ""backoff 60.0s; error_type=exhausted"", ""key_name"": ""friend""}",1,0
2836,1787051782.0054116,WARN,key_backoff,friend exhausted failure #17,"{""detail"": ""backoff 60.0s; error_type=exhausted"", ""key_name"": ""friend""}",1,0
2837,1787051782.006108,WARN,key_backoff,friend exhausted failure #18,"{""detail"": ""backoff 60.0s; error_type=exhausted"", ""key_name"": ""friend""}",1,0
2838,1787051844.5340686,WARN,key_backoff,friend exhausted failure #19,"{""detail"": ""backoff 60.0s; error_type=exhausted"", ""key_name"": ""friend""}",1,0
2839,1787051906.6742878,WARN,key_backoff,friend exhausted failure #20,"{""detail"": ""backoff 60.0s; error_type=exhausted"", ""key_name"": ""friend""}",1,0
2840,1787051907.8833787,WARN,key_backoff,friend exhausted failure #21,"{""detail"": ""backoff 60.0s; error_type=exhausted"", ""key_name"": ""friend""}",1,0
2841,1787051970.4454405,WARN,key_backoff,friend exhausted failure #22,"{""detail"": ""backoff 60.0s; error_type=exhausted"", ""key_name"": ""friend""}",1,0
2842,1787051970.6289282,WARN,key_backoff,friend exhausted failure #23,"{""detail"": ""backoff 60.0s; error_type=exhausted"", ""key_name"": ""friend""}",1,0
2843,1787051971.5463676,WARN,key_backoff,friend exhausted failure #24,"{""detail"": ""backoff 60.0s; error_type=exhausted"", ""key_name"": ""friend""}",1,0
2844,1787052033.863528,WARN,key_backoff,friend exhausted failure #25,"{""detail"": ""backoff 60.0s; error_type=exhausted"", ""key_name"": ""friend""}",1,0
2845,1787052034.8284326,WARN,key_backoff,friend exhausted failure #26,"{""detail"": ""backoff 60.0s; error_type=exhausted"", ""key_name"": ""friend""}",1,0
2846,1787052034.9297187,WARN,key_backoff,friend exhausted failure #27,"{""detail"": ""backoff 60.0s; error_type=exhausted"", ""key_name"": ""friend""}",1,0
2847,1787052097.191619,WARN,key_backoff,friend exhausted failure #28,"{""detail"": ""backoff 60.0s; error_type=exhausted"", ""key_name"": ""friend""}",1,0
2848,1787052097.2349343,WARN,key_backoff,friend exhausted failure #29,"{""detail"": ""backoff 60.0s; error_type=exhausted"", ""key_name"": ""friend""}",1,0
2849,1787052099.038905,WARN,key_backoff,friend exhausted failure #30,"{""detail"": ""backoff 60.0s; error_type=exhausted"", ""key_name"": ""friend""}",1,0
2850,1787052099.3664339,WARN,key_backoff,friend exhausted failure #31,"{""detail"": ""backoff 60.0s; error_type=exhausted"", ""key_name"": ""friend""}",1,0
2851,1787052162.5287716,WARN,key_backoff,friend exhausted failure #32,"{""detail"": ""backoff 60.0s; error_type=exhausted"", ""key_name"": ""friend""}",1,0
2852,1787052162.7830691,WARN,key_backoff,friend exhausted failure #33,"{""detail"": ""backoff 60.0s; error_type=exhausted"", ""key_name"": ""friend""}",1,0
2853,1787052166.0897074,WARN,key_backoff,friend exhausted failure #34,"{""detail"": ""backoff 60.0s; error_type=exhausted"", ""key_name"": ""friend""}",1,0
2854,1787052228.1363008,WARN,key_backoff,friend exhausted failure #35,"{""detail"": ""backoff 60.0s; error_type=exhausted"", ""key_name"": ""friend""}",1,0
2855,1787052297.2379527,WARN,key_backoff,friend exhausted failure #36,"{""detail"": ""backoff 60.0s; error_type=exhausted"", ""key_name"": ""friend""}",1,0
2856,1787052366.9117858,WARN,key_backoff,friend exhausted failure #37,"{""detail"": ""backoff 60.0s; error_type=exhausted"", ""key_name"": ""friend""}",1,0
2857,1787052430.1036031,WARN,key_backoff,friend exhausted failure #38,"{""detail"": ""backoff 60.0s; error_type=exhausted"", ""key_name"": ""friend""}",1,0
2858,1787052430.7188513,WARN,key_backoff,friend exhausted failure #39,"{""detail"": ""backoff 60.0s; error_type=exhausted"", ""key_name"": ""friend""}",1,0
2859,1787052504.953266,WARN,key_backoff,friend exhausted failure #40,"{""detail"": ""backoff 60.0s; error_type=exhausted"", ""key_name"": ""friend""}",1,0
2860,1787052601.96401,critical,api_low_balance,ppq balance low: $0.02,"ppq balance at $0.02, below $5.00 threshold. Top up to avoid service interruption.",1,0
2861,1787052602.010473,critical,api_low_balance,openrouter balance low: $3.25,"openrouter balance at $3.25, below $5.00 threshold. Top up to avoid service interruption.",1,0
2862,1787052609.146791,CRITICAL,api_low_balance,ppq balance low: $0.02,"ppq balance at $0.02, below $5 threshold. Top up to avoid service interruption. (data 5 min old)",1,0
2863,1787052609.1472013,CRITICAL,api_low_balance,openrouter balance low: $3.25,"openrouter balance at $3.25, below $5 threshold. Top up to avoid service interruption. (data 5 min old)",1,0
2864,1787053019.0821204,WARN,key_backoff,friend exhausted failure #41,"{""detail"": ""backoff 60.0s; error_type=exhausted"", ""key_name"": ""friend""}",1,0
2865,1787053153.3096962,WARN,key_backoff,friend exhausted failure #42,"{""detail"": ""backoff 60.0s; error_type=exhausted"", ""key_name"": ""friend""}",1,0
2866,1787053279.2480614,WARN,key_backoff,friend exhausted failure #43,"{""detail"": ""backoff 60.0s; error_type=exhausted"", ""key_name"": ""friend""}",1,0
2867,1787053345.010408,WARN,key_backoff,friend exhausted failure #44,"{""detail"": ""backoff 60.0s; error_type=exhausted"", ""key_name"": ""friend""}",1,0
2868,1787053409.5582538,WARN,key_backoff,friend exhausted failure #45,"{""detail"": ""backoff 60.0s; error_type=exhausted"", ""key_name"": ""friend""}",1,0
2869,1787053472.4612825,WARN,key_backoff,friend exhausted failure #46,"{""detail"": ""backoff 60.0s; error_type=exhausted"", ""key_name"": ""friend""}",1,0
2870,1787053501.99311,critical,api_low_balance,ppq balance low: $0.02,"ppq balance at $0.02, below $5.00 threshold. Top up to avoid service interruption.",1,0
2871,1787053502.0014405,critical,api_low_balance,openrouter balance low: $3.25,"openrouter balance at $3.25, below $5.00 threshold. Top up to avoid service interruption.",1,0
2872,1787053541.5777183,WARN,key_backoff,friend exhausted failure #47,"{""detail"": ""backoff 60.0s; error_type=exhausted"", ""key_name"": ""friend""}",1,0
2873,1787053637.6451297,WARN,key_backoff,friend exhausted failure #48,"{""detail"": ""backoff 60.0s; error_type=exhausted"", ""key_name"": ""friend""}",1,0
2874,1787053766.7020614,WARN,key_backoff,friend exhausted failure #49,"{""detail"": ""backoff 60.0s; error_type=exhausted"", ""key_name"": ""friend""}",1,0
2875,1787053889.3845587,WARN,key_backoff,friend exhausted failure #50,"{""detail"": ""backoff 60.0s; error_type=exhausted"", ""key_name"": ""friend""}",1,0
2876,1787054006.8850248,WARN,key_backoff,friend exhausted failure #51,"{""detail"": ""backoff 60.0s; error_type=exhausted"", ""key_name"": ""friend""}",1,0
2877,1787054124.6613445,WARN,key_backoff,friend exhausted failure #52,"{""detail"": ""backoff 60.0s; error_type=exhausted"", ""key_name"": ""friend""}",1,0
2878,1787054259.4883354,WARN,key_backoff,friend exhausted failure #53,"{""detail"": ""backoff 60.0s; error_type=exhausted"", ""key_name"": ""friend""}",1,0
2879,1787054384.818388,WARN,key_backoff,friend exhausted failure #54,"{""detail"": ""backoff 60.0s; error_type=exhausted"", ""key_name"": ""friend""}",1,0
2880,1787054402.3497329,critical,api_low_balance,ppq balance low: $0.02,"ppq balance at $0.02, below $5.00 threshold. Top up to avoid service interruption.",1,0
2881,1787054402.3584144,critical,api_low_balance,openrouter balance low: $3.25,"openrouter balance at $3.25, below $5.00 threshold. Top up to avoid service interruption.",1,0
2882,1787054408.8702252,CRITICAL,api_low_balance,ppq balance low: $0.02,"ppq balance at $0.02, below $5 threshold. Top up to avoid service interruption. (data 5 min old)",1,0
2883,1787054408.8715124,CRITICAL,api_low_balance,openrouter balance low: $3.25,"openrouter balance at $3.25, below $5 threshold. Top up to avoid service interruption. (data 5 min old)",1,0
2884,1787054511.5457616,WARN,key_backoff,friend exhausted failure #55,"{""detail"": ""backoff 60.0s; error_type=exhausted"", ""key_name"": ""friend""}",1,0
2885,1787054641.2308795,WARN,key_backoff,friend exhausted failure #56,"{""detail"": ""backoff 60.0s; error_type=exhausted"", ""key_name"": ""friend""}",1,0
2886,1787054769.7206886,WARN,key_backoff,friend exhausted failure #57,"{""detail"": ""backoff 60.0s; error_type=exhausted"", ""key_name"": ""friend""}",1,0
2887,1787054927.4086616,WARN,key_backoff,friend exhausted failure #58,"{""detail"": ""backoff 60.0s; error_type=exhausted"", ""key_name"": ""friend""}",1,0
2888,1787055054.3902848,WARN,key_backoff,friend exhausted failure #59,"{""detail"": ""backoff 60.0s; error_type=exhausted"", ""key_name"": ""friend""}",1,0
2889,1787055180.7521129,WARN,key_backoff,friend exhausted failure #60,"{""detail"": ""backoff 60.0s; error_type=exhausted"", ""key_name"": ""friend""}",1,0
2890,1787055302.1773248,critical,api_low_balance,ppq balance low: $0.02,"ppq balance at $0.02, below $5.00 threshold. Top up to avoid service interruption.",1,0
2891,1787055302.2389069,critical,api_low_balance,openrouter balance low: $3.25,"openrouter balance at $3.25, below $5.00 threshold. Top up to avoid service interruption.",1,0
2892,1787055359.7364125,WARN,key_backoff,friend exhausted failure #61,"{""detail"": ""backoff 60.0s; error_type=exhausted"", ""key_name"": ""friend""}",1,0
2893,1787055488.9386687,WARN,key_backoff,friend exhausted failure #62,"{""detail"": ""backoff 60.0s; error_type=exhausted"", ""key_name"": ""friend""}",1,0
2894,1787055634.922816,WARN,key_backoff,friend exhausted failure #63,"{""detail"": ""backoff 60.0s; error_type=exhausted"", ""key_name"": ""friend""}",1,0
2895,1787055779.2762218,WARN,key_backoff,friend exhausted failure #64,"{""detail"": ""backoff 60.0s; error_type=exhausted"", ""key_name"": ""friend""}",1,0
2896,1787055905.2086804,WARN,key_backoff,friend exhausted failure #65,"{""detail"": ""backoff 60.0s; error_type=exhausted"", ""key_name"": ""friend""}",1,0
2897,1787056036.3753507,WARN,key_backoff,friend exhausted failure #66,"{""detail"": ""backoff 60.0s; error_type=exhausted"", ""key_name"": ""friend""}",1,0
2898,1787056175.7632673,WARN,key_backoff,friend exhausted failure #67,"{""detail"": ""backoff 60.0s; error_type=exhausted"", ""key_name"": ""friend""}",1,0
2899,1787056202.195373,critical,api_low_balance,ppq balance low: $0.02,"ppq balance at $0.02, below $5.00 threshold. Top up to avoid service interruption.",1,0
2900,1787056202.198133,critical,api_low_balance,openrouter balance low: $3.25,"openrouter balance at $3.25, below $5.00 threshold. Top up to avoid service interruption.",1,0
2901,1787056208.7285972,CRITICAL,api_low_balance,ppq balance low: $0.02,"ppq balance at $0.02, below $5 threshold. Top up to avoid service interruption. (data 5 min old)",1,0
2902,1787056208.7288516,CRITICAL,api_low_balance,openrouter balance low: $3.25,"openrouter balance at $3.25, below $5 threshold. Top up to avoid service interruption. (data 5 min old)",1,0
2903,1787056239.3475943,WARN,key_backoff,friend exhausted failure #68,"{""detail"": ""backoff 60.0s; error_type=exhausted"", ""key_name"": ""friend""}",1,0
2904,1787056304.6600986,WARN,key_backoff,friend exhausted failure #69,"{""detail"": ""backoff 60.0s; error_type=exhausted"", ""key_name"": ""friend""}",1,0
2905,1787057102.3174412,critical,api_low_balance,ppq balance low: $0.02,"ppq balance at $0.02, below $5.00 threshold. Top up to avoid service interruption.",1,0
2906,1787057102.331722,critical,api_low_balance,openrouter balance low: $3.25,"openrouter balance at $3.25, below $5.00 threshold. Top up to avoid service interruption.",1,0
2907,1787058002.1295862,critical,api_low_balance,ppq balance low: $0.02,"ppq balance at $0.02, below $5.00 threshold. Top up to avoid service interruption.",1,0
2908,1787058002.140864,critical,api_low_balance,openrouter balance low: $3.25,"openrouter balance at $3.25, below $5.00 threshold. Top up to avoid service interruption.",1,0
2909,1787058009.6206355,CRITICAL,api_low_balance,ppq balance low: $0.02,"ppq balance at $0.02, below $5 threshold. Top up to avoid service interruption. (data 5 min old)",1,0
2910,1787058009.6278903,CRITICAL,api_low_balance,openrouter balance low: $3.25,"openrouter balance at $3.25, below $5 threshold. Top up to avoid service interruption. (data 5 min old)",1,0
2911,1787058029.2339828,WARN,key_backoff,friend exhausted failure #1,"{""detail"": ""backoff 2.0s; error_type=exhausted"", ""key_name"": ""friend""}",1,0
2912,1787058902.1062217,critical,api_low_balance,ppq balance low: $0.02,"ppq balance at $0.02, below $5.00 threshold. Top up to avoid service interruption.",1,0
2913,1787058902.1136875,critical,api_low_balance,openrouter balance low: $3.25,"openrouter balance at $3.25, below $5.00 threshold. Top up to avoid service interruption.",1,0
2914,1787059802.6542907,critical,api_low_balance,ppq balance low: $0.02,"ppq balance at $0.02, below $5.00 threshold. Top up to avoid service interruption.",1,0
2915,1787059802.7043867,critical,api_low_balance,openrouter balance low: $3.25,"openrouter balance at $3.25, below $5.00 threshold. Top up to avoid service interruption.",1,0
2916,1787059809.3212893,CRITICAL,api_low_balance,ppq balance low: $0.02,"ppq balance at $0.02, below $5 threshold. Top up to avoid service interruption. (data 5 min old)",1,0
2917,1787059809.3218126,CRITICAL,api_low_balance,openrouter balance low: $3.25,"openrouter balance at $3.25, below $5 threshold. Top up to avoid service interruption. (data 5 min old)",1,0
2918,1787060702.075889,critical,api_low_balance,ppq balance low: $0.02,"ppq balance at $0.02, below $5.00 threshold. Top up to avoid service interruption.",1,0
2919,1787060702.0863338,critical,api_low_balance,openrouter balance low: $3.25,"openrouter balance at $3.25, below $5.00 threshold. Top up to avoid service interruption.",1,0
2920,1787061601.7687287,critical,api_low_balance,ppq balance low: $0.02,"ppq balance at $0.02, below $5.00 threshold. Top up to avoid service interruption.",1,0
2921,1787061601.7867897,critical,api_low_balance,openrouter balance low: $3.25,"openrouter balance at $3.25, below $5.00 threshold. Top up to avoid service interruption.",1,0
2922,1787061608.302412,CRITICAL,api_low_balance,ppq balance low: $0.02,"ppq balance at $0.02, below $5 threshold. Top up to avoid service interruption. (data 5 min old)",1,0
2923,1787061608.303692,CRITICAL,api_low_balance,openrouter balance low: $3.25,"openrouter balance at $3.25, below $5 threshold. Top up to avoid service interruption. (data 5 min old)",1,0
2924,1787062501.538864,critical,api_low_balance,ppq balance low: $0.02,"ppq balance at $0.02, below $5.00 threshold. Top up to avoid service interruption.",1,0
2925,1787062501.5640833,critical,api_low_balance,openrouter balance low: $3.25,"openrouter balance at $3.25, below $5.00 threshold. Top up to avoid service interruption.",1,0
2926,1787063402.1545408,critical,api_low_balance,ppq balance low: $0.02,"ppq balance at $0.02, below $5.00 threshold. Top up to avoid service interruption.",1,0
2927,1787063402.1969087,critical,api_low_balance,openrouter balance low: $3.25,"openrouter balance at $3.25, below $5.00 threshold. Top up to avoid service interruption.",1,0
2928,1787063409.106334,CRITICAL,api_low_balance,ppq balance low: $0.02,"ppq balance at $0.02, below $5 threshold. Top up to avoid service interruption. (data 5 min old)",1,0
2929,1787063409.1066792,CRITICAL,api_low_balance,openrouter balance low: $3.25,"openrouter balance at $3.25, below $5 threshold. Top up to avoid service interruption. (data 5 min old)",1,0
2930,1787064301.9940255,critical,api_low_balance,ppq balance low: $0.02,"ppq balance at $0.02, below $5.00 threshold. Top up to avoid service interruption.",1,0
2931,1787064302.0144074,critical,api_low_balance,openrouter balance low: $3.25,"openrouter balance at $3.25, below $5.00 threshold. Top up to avoid service interruption.",1,0
2932,1787065201.9089787,critical,api_low_balance,ppq balance low: $0.02,"ppq balance at $0.02, below $5.00 threshold. Top up to avoid service interruption.",1,0
2933,1787065201.9415922,critical,api_low_balance,openrouter balance low: $3.25,"openrouter balance at $3.25, below $5.00 threshold. Top up to avoid service interruption.",1,0
2934,1787065208.97227,CRITICAL,api_low_balance,ppq balance low: $0.02,"ppq balance at $0.02, below $5 threshold. Top up to avoid service interruption. (data 5 min old)",1,0
2935,1787065208.9725988,CRITICAL,api_low_balance,openrouter balance low: $3.25,"openrouter balance at $3.25, below $5 threshold. Top up to avoid service interruption. (data 5 min old)",1,0
2936,1787066102.4124207,critical,api_low_balance,ppq balance low: $0.02,"ppq balance at $0.02, below $5.00 threshold. Top up to avoid service interruption.",1,0
2937,1787066102.4344492,critical,api_low_balance,openrouter balance low: $3.25,"openrouter balance at $3.25, below $5.00 threshold. Top up to avoid service interruption.",1,0
2938,1787067002.2172556,critical,api_low_balance,ppq balance low: $0.02,"ppq balance at $0.02, below $5.00 threshold. Top up to avoid service interruption.",1,0
2939,1787067002.2413266,critical,api_low_balance,openrouter balance low: $3.25,"openrouter balance at $3.25, below $5.00 threshold. Top up to avoid service interruption.",1,0
2940,1787067008.8785367,CRITICAL,api_low_balance,ppq balance low: $0.02,"ppq balance at $0.02, below $5 threshold. Top up to avoid service interruption. (data 5 min old)",1,0
2941,1787067008.8794951,CRITICAL,api_low_balance,openrouter balance low: $3.25,"openrouter balance at $3.25, below $5 threshold. Top up to avoid service interruption. (data 5 min old)",1,0
2942,1787067902.2526073,critical,api_low_balance,ppq balance low: $0.02,"ppq balance at $0.02, below $5.00 threshold. Top up to avoid service interruption.",1,0
2943,1787067902.2736742,critical,api_low_balance,openrouter balance low: $3.25,"openrouter balance at $3.25, below $5.00 threshold. Top up to avoid service interruption.",1,0
2944,1787068802.396023,critical,api_low_balance,ppq balance low: $0.02,"ppq balance at $0.02, below $5.00 threshold. Top up to avoid service interruption.",1,0
2945,1787068802.4053638,critical,api_low_balance,openrouter balance low: $3.25,"openrouter balance at $3.25, below $5.00 threshold. Top up to avoid service interruption.",1,0
2946,1787068809.2044897,CRITICAL,api_low_balance,ppq balance low: $0.02,"ppq balance at $0.02, below $5 threshold. Top up to avoid service interruption. (data 5 min old)",1,0
2947,1787068809.2051256,CRITICAL,api_low_balance,openrouter balance low: $3.25,"openrouter balance at $3.25, below $5 threshold. Top up to avoid service interruption. (data 5 min old)",1,0
2948,1787069702.0415378,critical,api_low_balance,ppq balance low: $0.02,"ppq balance at $0.02, below $5.00 threshold. Top up to avoid service interruption.",1,0
2949,1787069702.098425,critical,api_low_balance,openrouter balance low: $3.25,"openrouter balance at $3.25, below $5.00 threshold. Top up to avoid service interruption.",1,0
2950,1787070602.4574869,critical,api_low_balance,ppq balance low: $0.02,"ppq balance at $0.02, below $5.00 threshold. Top up to avoid service interruption.",1,0
2951,1787070602.472045,critical,api_low_balance,openrouter balance low: $3.25,"openrouter balance at $3.25, below $5.00 threshold. Top up to avoid service interruption.",1,0
2952,1787070610.103866,CRITICAL,api_low_balance,ppq balance low: $0.02,"ppq balance at $0.02, below $5 threshold. Top up to avoid service interruption. (data 5 min old)",1,0
2953,1787070610.1047556,CRITICAL,api_low_balance,openrouter balance low: $3.25,"openrouter balance at $3.25, below $5 threshold. Top up to avoid service interruption. (data 5 min old)",1,0
2954,1787071502.2804193,critical,api_low_balance,ppq balance low: $0.02,"ppq balance at $0.02, below $5.00 threshold. Top up to avoid service interruption.",1,0
2955,1787071502.2992806,critical,api_low_balance,openrouter balance low: $3.25,"openrouter balance at $3.25, below $5.00 threshold. Top up to avoid service interruption.",1,0
2956,1787072402.3918703,critical,api_low_balance,ppq balance low: $0.02,"ppq balance at $0.02, below $5.00 threshold. Top up to avoid service interruption.",1,0
2957,1787072402.4049516,critical,api_low_balance,openrouter balance low: $3.25,"openrouter balance at $3.25, below $5.00 threshold. Top up to avoid service interruption.",1,0
2958,1787072410.4305751,CRITICAL,api_low_balance,ppq balance low: $0.02,"ppq balance at $0.02, below $5 threshold. Top up to avoid service interruption. (data 5 min old)",1,0
2959,1787072410.4310932,CRITICAL,api_low_balance,openrouter balance low: $3.25,"openrouter balance at $3.25, below $5 threshold. Top up to avoid service interruption. (data 5 min old)",1,0
2960,1787073301.9109182,critical,api_low_balance,ppq balance low: $0.02,"ppq balance at $0.02, below $5.00 threshold. Top up to avoid service interruption.",1,0
2961,1787073301.931883,critical,api_low_balance,openrouter balance low: $3.25,"openrouter balance at $3.25, below $5.00 threshold. Top up to avoid service interruption.",1,0
2962,1787074202.4297523,critical,api_low_balance,ppq balance low: $0.02,"ppq balance at $0.02, below $5.00 threshold. Top up to avoid service interruption.",1,0
2963,1787074202.4363828,critical,api_low_balance,openrouter balance low: $3.25,"openrouter balance at $3.25, below $5.00 threshold. Top up to avoid service interruption.",1,0
2964,1787074217.371831,CRITICAL,api_low_balance,ppq balance low: $0.02,"ppq balance at $0.02, below $5 threshold. Top up to avoid service interruption. (data 5 min old)",1,0
2965,1787074217.3724499,CRITICAL,api_low_balance,openrouter balance low: $3.25,"openrouter balance at $3.25, below $5 threshold. Top up to avoid service interruption. (data 5 min old)",1,0
2966,1787075102.2484684,critical,api_low_balance,ppq balance low: $0.02,"ppq balance at $0.02, below $5.00 threshold. Top up to avoid service interruption.",1,0
2967,1787075102.2696748,critical,api_low_balance,openrouter balance low: $3.25,"openrouter balance at $3.25, below $5.00 threshold. Top up to avoid service interruption.",1,0
2968,1787076001.7807753,critical,api_low_balance,ppq balance low: $0.02,"ppq balance at $0.02, below $5.00 threshold. Top up to avoid service interruption.",1,0
2969,1787076001.8076963,critical,api_low_balance,openrouter balance low: $3.25,"openrouter balance at $3.25, below $5.00 threshold. Top up to avoid service interruption.",1,0
2970,1787076009.0015926,CRITICAL,api_low_balance,ppq balance low: $0.02,"ppq balance at $0.02, below $5 threshold. Top up to avoid service interruption. (data 5 min old)",1,0
2971,1787076009.0019126,CRITICAL,api_low_balance,openrouter balance low: $3.25,"openrouter balance at $3.25, below $5 threshold. Top up to avoid service interruption. (data 5 min old)",1,0
2972,1787076902.204901,critical,api_low_balance,ppq balance low: $0.02,"ppq balance at $0.02, below $5.00 threshold. Top up to avoid service interruption.",1,0
2973,1787076902.2202861,critical,api_low_balance,openrouter balance low: $3.25,"openrouter balance at $3.25, below $5.00 threshold. Top up to avoid service interruption.",1,0
2974,1787077802.5245926,critical,api_low_balance,ppq balance low: $0.02,"ppq balance at $0.02, below $5.00 threshold. Top up to avoid service interruption.",1,0
2975,1787077802.5656424,critical,api_low_balance,openrouter balance low: $3.25,"openrouter balance at $3.25, below $5.00 threshold. Top up to avoid service interruption.",1,0
2976,1787077810.5377889,CRITICAL,api_low_balance,ppq balance low: $0.02,"ppq balance at $0.02, below $5 threshold. Top up to avoid service interruption. (data 5 min old)",1,0
2977,1787077810.5380871,CRITICAL,api_low_balance,openrouter balance low: $3.25,"openrouter balance at $3.25, below $5 threshold. Top up to avoid service interruption. (data 5 min old)",1,0
2978,1787078701.3900826,critical,api_low_balance,ppq balance low: $0.02,"ppq balance at $0.02, below $5.00 threshold. Top up to avoid service interruption.",1,0
2979,1787078701.4134233,critical,api_low_balance,openrouter balance low: $3.25,"openrouter balance at $3.25, below $5.00 threshold. Top up to avoid service interruption.",1,0
2980,1787079601.9696517,critical,api_low_balance,ppq balance low: $0.02,"ppq balance at $0.02, below $5.00 threshold. Top up to avoid service interruption.",1,0
2981,1787079601.9849412,critical,api_low_balance,openrouter balance low: $3.25,"openrouter balance at $3.25, below $5.00 threshold. Top up to avoid service interruption.",1,0
2982,1787079608.9106975,CRITICAL,api_low_balance,ppq balance low: $0.02,"ppq balance at $0.02, below $5 threshold. Top up to avoid service interruption. (data 5 min old)",1,0
2983,1787079608.911124,CRITICAL,api_low_balance,openrouter balance low: $3.25,"openrouter balance at $3.25, below $5 threshold. Top up to avoid service interruption. (data 5 min old)",1,0
2984,1787080502.1686814,critical,api_low_balance,ppq balance low: $0.02,"ppq balance at $0.02, below $5.00 threshold. Top up to avoid service interruption.",1,0
2985,1787080502.1738985,critical,api_low_balance,openrouter balance low: $3.25,"openrouter balance at $3.25, below $5.00 threshold. Top up to avoid service interruption.",1,0
2986,1787081401.8095577,critical,api_low_balance,ppq balance low: $0.02,"ppq balance at $0.02, below $5.00 threshold. Top up to avoid service interruption.",1,0
2987,1787081401.838705,critical,api_low_balance,openrouter balance low: $3.25,"openrouter balance at $3.25, below $5.00 threshold. Top up to avoid service interruption.",1,0
2988,1787081409.014556,CRITICAL,api_low_balance,ppq balance low: $0.02,"ppq balance at $0.02, below $5 threshold. Top up to avoid service interruption. (data 5 min old)",1,0
2989,1787081409.014933,CRITICAL,api_low_balance,openrouter balance low: $3.25,"openrouter balance at $3.25, below $5 threshold. Top up to avoid service interruption. (data 5 min old)",1,0
2990,1787082301.8347142,critical,api_low_balance,ppq balance low: $0.02,"ppq balance at $0.02, below $5.00 threshold. Top up to avoid service interruption.",1,0
2991,1787082301.8687365,critical,api_low_balance,openrouter balance low: $3.25,"openrouter balance at $3.25, below $5.00 threshold. Top up to avoid service interruption.",1,0
2992,1787083201.5397038,critical,api_low_balance,ppq balance low: $0.02,"ppq balance at $0.02, below $5.00 threshold. Top up to avoid service interruption.",1,0
2993,1787083201.5543244,critical,api_low_balance,openrouter balance low: $3.25,"openrouter balance at $3.25, below $5.00 threshold. Top up to avoid service interruption.",1,0
2994,1787083208.399126,CRITICAL,api_low_balance,ppq balance low: $0.02,"ppq balance at $0.02, below $5 threshold. Top up to avoid service interruption. (data 5 min old)",1,0
2995,1787083208.4005086,CRITICAL,api_low_balance,openrouter balance low: $3.25,"openrouter balance at $3.25, below $5 threshold. Top up to avoid service interruption. (data 5 min old)",1,0
2996,1787084102.065074,critical,api_low_balance,ppq balance low: $0.02,"ppq balance at $0.02, below $5.00 threshold. Top up to avoid service interruption.",1,0
2997,1787084102.0772288,critical,api_low_balance,openrouter balance low: $3.25,"openrouter balance at $3.25, below $5.00 threshold. Top up to avoid service interruption.",1,0
2998,1787085002.2654095,critical,api_low_balance,ppq balance low: $0.02,"ppq balance at $0.02, below $5.00 threshold. Top up to avoid service interruption.",1,0
2999,1787085002.2744174,critical,api_low_balance,openrouter balance low: $3.25,"openrouter balance at $3.25, below $5.00 threshold. Top up to avoid service interruption.",1,0
3000,1787085008.780101,CRITICAL,api_low_balance,ppq balance low: $0.02,"ppq balance at $0.02, below $5 threshold. Top up to avoid service interruption. (data 5 min old)",1,0
3001,1787085008.780659,CRITICAL,api_low_balance,openrouter balance low: $3.25,"openrouter balance at $3.25, below $5 threshold. Top up to avoid service interruption. (data 5 min old)",1,0
3002,1787085902.2948103,critical,api_low_balance,ppq balance low: $0.02,"ppq balance at $0.02, below $5.00 threshold. Top up to avoid service interruption.",1,0
3003,1787085902.3009775,critical,api_low_balance,openrouter balance low: $3.25,"openrouter balance at $3.25, below $5.00 threshold. Top up to avoid service interruption.",1,0
3004,1787086802.0749595,critical,api_low_balance,ppq balance low: $0.02,"ppq balance at $0.02, below $5.00 threshold. Top up to avoid service interruption.",1,0
3005,1787086802.0924494,critical,api_low_balance,openrouter balance low: $3.25,"openrouter balance at $3.25, below $5.00 threshold. Top up to avoid service interruption.",1,0
3006,1787086808.8598628,CRITICAL,api_low_balance,ppq balance low: $0.02,"ppq balance at $0.02, below $5 threshold. Top up to avoid service interruption. (data 5 min old)",1,0
3007,1787086808.8611312,CRITICAL,api_low_balance,openrouter balance low: $3.25,"openrouter balance at $3.25, below $5 threshold. Top up to avoid service interruption. (data 5 min old)",1,0
3008,1787087701.8839667,critical,api_low_balance,ppq balance low: $0.02,"ppq balance at $0.02, below $5.00 threshold. Top up to avoid service interruption.",1,0
3009,1787087701.9056768,critical,api_low_balance,openrouter balance low: $3.25,"openrouter balance at $3.25, below $5.00 threshold. Top up to avoid service interruption.",1,0
3010,1787088602.2461524,critical,api_low_balance,ppq balance low: $0.02,"ppq balance at $0.02, below $5.00 threshold. Top up to avoid service interruption.",1,0
3011,1787088602.2665806,critical,api_low_balance,openrouter balance low: $3.25,"openrouter balance at $3.25, below $5.00 threshold. Top up to avoid service interruption.",1,0
3012,1787088609.1407285,CRITICAL,api_low_balance,ppq balance low: $0.02,"ppq balance at $0.02, below $5 threshold. Top up to avoid service interruption. (data 5 min old)",1,0
3013,1787088609.1412618,CRITICAL,api_low_balance,openrouter balance low: $3.25,"openrouter balance at $3.25, below $5 threshold. Top up to avoid service interruption. (data 5 min old)",1,0
3014,1787089501.574975,critical,api_low_balance,ppq balance low: $0.02,"ppq balance at $0.02, below $5.00 threshold. Top up to avoid service interruption.",1,0
3015,1787089501.58694,critical,api_low_balance,openrouter balance low: $3.25,"openrouter balance at $3.25, below $5.00 threshold. Top up to avoid service interruption.",1,0
3016,1787090402.520589,critical,api_low_balance,ppq balance low: $0.02,"ppq balance at $0.02, below $5.00 threshold. Top up to avoid service interruption.",1,0
3017,1787090402.5571,critical,api_low_balance,openrouter balance low: $3.25,"openrouter balance at $3.25, below $5.00 threshold. Top up to avoid service interruption.",1,0
3018,1787090409.5593612,CRITICAL,api_low_balance,ppq balance low: $0.02,"ppq balance at $0.02, below $5 threshold. Top up to avoid service interruption. (data 5 min old)",1,0
3019,1787090409.5599122,CRITICAL,api_low_balance,openrouter balance low: $3.25,"openrouter balance at $3.25, below $5 threshold. Top up to avoid service interruption. (data 5 min old)",1,0
3020,1787091301.4698653,critical,api_low_balance,ppq balance low: $0.02,"ppq balance at $0.02, below $5.00 threshold. Top up to avoid service interruption.",1,0
3021,1787091301.4845355,critical,api_low_balance,openrouter balance low: $3.25,"openrouter balance at $3.25, below $5.00 threshold. Top up to avoid service interruption.",1,0
3022,1787092201.7754006,critical,api_low_balance,ppq balance low: $0.02,"ppq balance at $0.02, below $5.00 threshold. Top up to avoid service interruption.",1,0
3023,1787092201.797779,critical,api_low_balance,openrouter balance low: $3.25,"openrouter balance at $3.25, below $5.00 threshold. Top up to avoid service interruption.",1,0
3024,1787092208.3504474,CRITICAL,api_low_balance,ppq balance low: $0.02,"ppq balance at $0.02, below $5 threshold. Top up to avoid service interruption. (data 5 min old)",1,0
3025,1787092208.3510773,CRITICAL,api_low_balance,openrouter balance low: $3.25,"openrouter balance at $3.25, below $5 threshold. Top up to avoid service interruption. (data 5 min old)",1,0
3026,1787093101.7328496,critical,api_low_balance,ppq balance low: $0.02,"ppq balance at $0.02, below $5.00 threshold. Top up to avoid service interruption.",1,0
3027,1787093101.7554548,critical,api_low_balance,openrouter balance low: $3.25,"openrouter balance at $3.25, below $5.00 threshold. Top up to avoid service interruption.",1,0
3028,1787094001.7882512,critical,api_low_balance,ppq balance low: $0.02,"ppq balance at $0.02, below $5.00 threshold. Top up to avoid service interruption.",1,0
3029,1787094001.8034065,critical,api_low_balance,openrouter balance low: $3.25,"openrouter balance at $3.25, below $5.00 threshold. Top up to avoid service interruption.",1,0
3030,1787094009.2080133,CRITICAL,api_low_balance,ppq balance low: $0.02,"ppq balance at $0.02, below $5 threshold. Top up to avoid service interruption. (data 5 min old)",1,0
3031,1787094009.2098913,CRITICAL,api_low_balance,openrouter balance low: $3.25,"openrouter balance at $3.25, below $5 threshold. Top up to avoid service interruption. (data 5 min old)",1,0
3032,1787094901.6648324,critical,api_low_balance,ppq balance low: $0.02,"ppq balance at $0.02, below $5.00 threshold. Top up to avoid service interruption.",1,0
3033,1787094901.682782,critical,api_low_balance,openrouter balance low: $3.25,"openrouter balance at $3.25, below $5.00 threshold. Top up to avoid service interruption.",1,0
3034,1787095802.1038568,critical,api_low_balance,ppq balance low: $0.02,"ppq balance at $0.02, below $5.00 threshold. Top up to avoid service interruption.",1,0
3035,1787095802.1218352,critical,api_low_balance,openrouter balance low: $3.25,"openrouter balance at $3.25, below $5.00 threshold. Top up to avoid service interruption.",1,0
3036,1787095809.6337795,CRITICAL,api_low_balance,ppq balance low: $0.02,"ppq balance at $0.02, below $5 threshold. Top up to avoid service interruption. (data 5 min old)",1,0
3037,1787095809.6340861,CRITICAL,api_low_balance,openrouter balance low: $3.25,"openrouter balance at $3.25, below $5 threshold. Top up to avoid service interruption. (data 5 min old)",1,0
3038,1787095905.8543243,WARN,key_backoff,friend exhausted failure #1,"{""detail"": ""backoff 2.0s; error_type=exhausted"", ""key_name"": ""friend""}",1,0
3039,1787096045.9466102,WARN,key_backoff,friend exhausted failure #1,"{""detail"": ""backoff 2.0s; error_type=exhausted"", ""key_name"": ""friend""}",1,0
3040,1787096229.7597437,WARN,key_backoff,friend exhausted failure #1,"{""detail"": ""backoff 2.0s; error_type=exhausted"", ""key_name"": ""friend""}",1,0
3041,1787096463.6537488,WARN,key_backoff,friend exhausted failure #1,"{""detail"": ""backoff 2.0s; error_type=exhausted"", ""key_name"": ""friend""}",1,0
3042,1787096590.512156,WARN,key_backoff,friend exhausted failure #2,"{""detail"": ""backoff 4.0s; error_type=exhausted"", ""key_name"": ""friend""}",1,0
3043,1787096702.1729746,critical,api_low_balance,ppq balance low: $0.02,"ppq balance at $0.02, below $5.00 threshold. Top up to avoid service interruption.",1,0
3044,1787096702.1848273,critical,api_low_balance,openrouter balance low: $3.25,"openrouter balance at $3.25, below $5.00 threshold. Top up to avoid service interruption.",1,0
3045,1787097602.0689805,critical,api_low_balance,ppq balance low: $0.02,"ppq balance at $0.02, below $5.00 threshold. Top up to avoid service interruption.",1,0
3046,1787097602.1029751,critical,api_low_balance,openrouter balance low: $3.25,"openrouter balance at $3.25, below $5.00 threshold. Top up to avoid service interruption.",1,0
3047,1787097608.9266384,CRITICAL,api_low_balance,ppq balance low: $0.02,"ppq balance at $0.02, below $5 threshold. Top up to avoid service interruption. (data 5 min old)",1,0
3048,1787097608.9339678,CRITICAL,api_low_balance,openrouter balance low: $3.25,"openrouter balance at $3.25, below $5 threshold. Top up to avoid service interruption. (data 5 min old)",1,0
3049,1787098502.0953364,critical,api_low_balance,ppq balance low: $0.02,"ppq balance at $0.02, below $5.00 threshold. Top up to avoid service interruption.",1,0
3050,1787098502.1069517,critical,api_low_balance,openrouter balance low: $3.25,"openrouter balance at $3.25, below $5.00 threshold. Top up to avoid service interruption.",1,0
3051,1787099402.7153847,critical,api_low_balance,ppq balance low: $0.02,"ppq balance at $0.02, below $5.00 threshold. Top up to avoid service interruption.",1,0
3052,1787099402.7379036,critical,api_low_balance,openrouter balance low: $3.25,"openrouter balance at $3.25, below $5.00 threshold. Top up to avoid service interruption.",1,0
3053,1787099409.8139527,CRITICAL,api_low_balance,ppq balance low: $0.02,"ppq balance at $0.02, below $5 threshold. Top up to avoid service interruption. (data 5 min old)",1,0
3054,1787099409.8211865,CRITICAL,api_low_balance,openrouter balance low: $3.25,"openrouter balance at $3.25, below $5 threshold. Top up to avoid service interruption. (data 5 min old)",1,0
3055,1787099454.2572649,WARN,key_backoff,friend exhausted failure #3,"{""detail"": ""backoff 8.0s; error_type=exhausted"", ""key_name"": ""friend""}",1,0
3056,1787099507.894245,WARN,key_backoff,friend exhausted failure #1,"{""detail"": ""backoff 2.0s; error_type=exhausted"", ""key_name"": ""friend""}",1,0
3057,1787099579.6885064,WARN,key_backoff,friend exhausted failure #2,"{""detail"": ""backoff 4.0s; error_type=exhausted"", ""key_name"": ""friend""}",1,0
3058,1787099708.204192,WARN,key_backoff,friend exhausted failure #1,"{""detail"": ""backoff 2.0s; error_type=exhausted"", ""key_name"": ""friend""}",1,0
3059,1787099844.8414965,WARN,key_backoff,friend exhausted failure #1,"{""detail"": ""backoff 2.0s; error_type=exhausted"", ""key_name"": ""friend""}",1,0
3060,1787100301.2932992,critical,api_low_balance,ppq balance low: $0.02,"ppq balance at $0.02, below $5.00 threshold. Top up to avoid service interruption.",1,0
3061,1787100301.3076684,critical,api_low_balance,openrouter balance low: $3.25,"openrouter balance at $3.25, below $5.00 threshold. Top up to avoid service interruption.",1,0
3062,1787101202.2403808,critical,api_low_balance,ppq balance low: $0.02,"ppq balance at $0.02, below $5.00 threshold. Top up to avoid service interruption.",1,0
3063,1787101202.2553504,critical,api_low_balance,openrouter balance low: $3.25,"openrouter balance at $3.25, below $5.00 threshold. Top up to avoid service interruption.",1,0
3064,1787101209.0484748,CRITICAL,api_low_balance,ppq balance low: $0.02,"ppq balance at $0.02, below $5 threshold. Top up to avoid service interruption. (data 5 min old)",1,0
3065,1787101209.0488036,CRITICAL,api_low_balance,openrouter balance low: $3.25,"openrouter balance at $3.25, below $5 threshold. Top up to avoid service interruption. (data 5 min old)",1,0
3066,1787102102.2175007,critical,api_low_balance,ppq balance low: $0.02,"ppq balance at $0.02, below $5.00 threshold. Top up to avoid service interruption.",1,0
3067,1787102102.2395892,critical,api_low_balance,openrouter balance low: $3.25,"openrouter balance at $3.25, below $5.00 threshold. Top up to avoid service interruption.",1,0
3068,1787103002.3106573,critical,api_low_balance,ppq balance low: $0.02,"ppq balance at $0.02, below $5.00 threshold. Top up to avoid service interruption.",1,0
3069,1787103002.3235307,critical,api_low_balance,openrouter balance low: $3.25,"openrouter balance at $3.25, below $5.00 threshold. Top up to avoid service interruption.",1,0
3070,1787103008.8671093,CRITICAL,api_low_balance,ppq balance low: $0.02,"ppq balance at $0.02, below $5 threshold. Top up to avoid service interruption. (data 5 min old)",1,0
3071,1787103008.8674827,CRITICAL,api_low_balance,openrouter balance low: $3.25,"openrouter balance at $3.25, below $5 threshold. Top up to avoid service interruption. (data 5 min old)",1,0
3072,1787103901.712376,critical,api_low_balance,ppq balance low: $0.02,"ppq balance at $0.02, below $5.00 threshold. Top up to avoid service interruption.",1,0
3073,1787103901.7225757,critical,api_low_balance,openrouter balance low: $3.25,"openrouter balance at $3.25, below $5.00 threshold. Top up to avoid service interruption.",1,0
3074,1787104802.258035,critical,api_low_balance,ppq balance low: $0.02,"ppq balance at $0.02, below $5.00 threshold. Top up to avoid service interruption.",1,0
3075,1787104802.2783637,critical,api_low_balance,openrouter balance low: $3.25,"openrouter balance at $3.25, below $5.00 threshold. Top up to avoid service interruption.",1,0
3076,1787104809.6747375,CRITICAL,api_low_balance,ppq balance low: $0.02,"ppq balance at $0.02, below $5 threshold. Top up to avoid service interruption. (data 5 min old)",1,0
3077,1787104809.6750565,CRITICAL,api_low_balance,openrouter balance low: $3.25,"openrouter balance at $3.25, below $5 threshold. Top up to avoid service interruption. (data 5 min old)",1,0
3078,1787105702.2303834,critical,api_low_balance,ppq balance low: $0.02,"ppq balance at $0.02, below $5.00 threshold. Top up to avoid service interruption.",1,0
3079,1787105702.256247,critical,api_low_balance,openrouter balance low: $3.25,"openrouter balance at $3.25, below $5.00 threshold. Top up to avoid service interruption.",1,0
3080,1787106601.9898968,critical,api_low_balance,ppq balance low: $0.02,"ppq balance at $0.02, below $5.00 threshold. Top up to avoid service interruption.",1,0
3081,1787106602.0136075,critical,api_low_balance,openrouter balance low: $3.25,"openrouter balance at $3.25, below $5.00 threshold. Top up to avoid service interruption.",1,0
3082,1787106610.1916027,CRITICAL,api_low_balance,ppq balance low: $0.02,"ppq balance at $0.02, below $5 threshold. Top up to avoid service interruption. (data 5 min old)",1,0
3083,1787106610.1922617,CRITICAL,api_low_balance,openrouter balance low: $3.25,"openrouter balance at $3.25, below $5 threshold. Top up to avoid service interruption. (data 5 min old)",1,0
3084,1787107501.9280295,critical,api_low_balance,ppq balance low: $0.02,"ppq balance at $0.02, below $5.00 threshold. Top up to avoid service interruption.",1,0
3085,1787107501.9391534,critical,api_low_balance,openrouter balance low: $3.25,"openrouter balance at $3.25, below $5.00 threshold. Top up to avoid service interruption.",1,0
3086,1787108401.6145658,critical,api_low_balance,ppq balance low: $0.02,"ppq balance at $0.02, below $5.00 threshold. Top up to avoid service interruption.",1,0
3087,1787108401.6178162,critical,api_low_balance,openrouter balance low: $3.25,"openrouter balance at $3.25, below $5.00 threshold. Top up to avoid service interruption.",1,0
3088,1787108409.5903785,CRITICAL,api_low_balance,ppq balance low: $0.02,"ppq balance at $0.02, below $5 threshold. Top up to avoid service interruption. (data 5 min old)",1,0
3089,1787108409.5909202,CRITICAL,api_low_balance,openrouter balance low: $3.25,"openrouter balance at $3.25, below $5 threshold. Top up to avoid service interruption. (data 5 min old)",1,0
3090,1787109301.4428587,critical,api_low_balance,ppq balance low: $0.02,"ppq balance at $0.02, below $5.00 threshold. Top up to avoid service interruption.",1,0
3091,1787109301.4806342,critical,api_low_balance,openrouter balance low: $3.25,"openrouter balance at $3.25, below $5.00 threshold. Top up to avoid service interruption.",1,0
3092,1787110202.1285763,critical,api_low_balance,ppq balance low: $0.02,"ppq balance at $0.02, below $5.00 threshold. Top up to avoid service interruption.",1,0
3093,1787110202.1457138,critical,api_low_balance,openrouter balance low: $3.25,"openrouter balance at $3.25, below $5.00 threshold. Top up to avoid service interruption.",1,0
3094,1787110209.5365176,CRITICAL,api_low_balance,ppq balance low: $0.02,"ppq balance at $0.02, below $5 threshold. Top up to avoid service interruption. (data 5 min old)",1,0
3095,1787110209.5370536,CRITICAL,api_low_balance,openrouter balance low: $3.25,"openrouter balance at $3.25, below $5 threshold. Top up to avoid service interruption. (data 5 min old)",1,0
3096,1787111102.2699826,critical,api_low_balance,ppq balance low: $0.02,"ppq balance at $0.02, below $5.00 threshold. Top up to avoid service interruption.",1,0
3097,1787111102.2961156,critical,api_low_balance,openrouter balance low: $3.25,"openrouter balance at $3.25, below $5.00 threshold. Top up to avoid service interruption.",1,0
3098,1787112002.3571742,critical,api_low_balance,ppq balance low: $0.02,"ppq balance at $0.02, below $5.00 threshold. Top up to avoid service interruption.",1,0
3099,1787112002.3864427,critical,api_low_balance,openrouter balance low: $3.25,"openrouter balance at $3.25, below $5.00 threshold. Top up to avoid service interruption.",1,0
3100,1787112008.880571,CRITICAL,api_low_balance,ppq balance low: $0.02,"ppq balance at $0.02, below $5 threshold. Top up to avoid service interruption. (data 5 min old)",1,0
3101,1787112008.8813136,CRITICAL,api_low_balance,openrouter balance low: $3.25,"openrouter balance at $3.25, below $5 threshold. Top up to avoid service interruption. (data 5 min old)",1,0
3102,1787112902.0422688,critical,api_low_balance,ppq balance low: $0.02,"ppq balance at $0.02, below $5.00 threshold. Top up to avoid service interruption.",1,0
3103,1787112902.053066,critical,api_low_balance,openrouter balance low: $3.25,"openrouter balance at $3.25, below $5.00 threshold. Top up to avoid service interruption.",1,0
3104,1787113801.961639,critical,api_low_balance,ppq balance low: $0.02,"ppq balance at $0.02, below $5.00 threshold. Top up to avoid service interruption.",1,0
3105,1787113801.9839478,critical,api_low_balance,openrouter balance low: $3.25,"openrouter balance at $3.25, below $5.00 threshold. Top up to avoid service interruption.",1,0
3106,1787113809.2564409,CRITICAL,api_low_balance,ppq balance low: $0.02,"ppq balance at $0.02, below $5 threshold. Top up to avoid service interruption. (data 5 min old)",1,0
3107,1787113809.2569692,CRITICAL,api_low_balance,openrouter balance low: $3.25,"openrouter balance at $3.25, below $5 threshold. Top up to avoid service interruption. (data 5 min old)",1,0
3108,1787113828.6556547,WARN,key_backoff,friend exhausted failure #1,"{""detail"": ""backoff 2.0s; error_type=exhausted"", ""key_name"": ""friend""}",1,0
3109,1787114702.049358,critical,api_low_balance,ppq balance low: $0.02,"ppq balance at $0.02, below $5.00 threshold. Top up to avoid service interruption.",1,0
3110,1787114702.0674107,critical,api_low_balance,openrouter balance low: $3.25,"openrouter balance at $3.25, below $5.00 threshold. Top up to avoid service interruption.",1,0
3111,1787115601.7481942,critical,api_low_balance,ppq balance low: $0.02,"ppq balance at $0.02, below $5.00 threshold. Top up to avoid service interruption.",1,0
3112,1787115601.7664504,critical,api_low_balance,openrouter balance low: $3.25,"openrouter balance at $3.25, below $5.00 threshold. Top up to avoid service interruption.",1,0
3113,1787115609.0659137,CRITICAL,api_low_balance,ppq balance low: $0.02,"ppq balance at $0.02, below $5 threshold. Top up to avoid service interruption. (data 5 min old)",1,0
3114,1787115609.0662665,CRITICAL,api_low_balance,openrouter balance low: $3.25,"openrouter balance at $3.25, below $5 threshold. Top up to avoid service interruption. (data 5 min old)",1,0
3115,1787116501.937218,critical,api_low_balance,ppq balance low: $0.02,"ppq balance at $0.02, below $5.00 threshold. Top up to avoid service interruption.",1,0
3116,1787116501.9594185,critical,api_low_balance,openrouter balance low: $3.25,"openrouter balance at $3.25, below $5.00 threshold. Top up to avoid service interruption.",1,0
3117,1787117402.1369078,critical,api_low_balance,ppq balance low: $0.02,"ppq balance at $0.02, below $5.00 threshold. Top up to avoid service interruption.",1,0
3118,1787117402.1846085,critical,api_low_balance,openrouter balance low: $3.25,"openrouter balance at $3.25, below $5.00 threshold. Top up to avoid service interruption.",1,0
3119,1787117426.0048323,CRITICAL,api_low_balance,ppq balance low: $0.02,"ppq balance at $0.02, below $5 threshold. Top up to avoid service interruption. (data 5 min old)",1,0
3120,1787117426.0054166,CRITICAL,api_low_balance,openrouter balance low: $3.25,"openrouter balance at $3.25, below $5 threshold. Top up to avoid service interruption. (data 5 min old)",1,0
3121,1787117426.0054317,CRITICAL,ssh_dependency_down,VPS2 SSH unreachable (23.182.128.51:22),SSH to VPS2 (23.182.128.51:22) is down. Tasks requiring VPS2 will burn 90 turns then give up. Block VPS2-dependent tasks until SSH is restored.,1,0
3122,1787118301.5871909,critical,api_low_balance,ppq balance low: $0.02,"ppq balance at $0.02, below $5.00 threshold. Top up to avoid service interruption.",1,0
3123,1787118301.60529,critical,api_low_balance,openrouter balance low: $3.25,"openrouter balance at $3.25, below $5.00 threshold. Top up to avoid service interruption.",1,0
3124,1787118379.7744818,WARN,key_backoff,friend dead failure #1,"{""detail"": ""backoff 3600s; error_type=dead"", ""key_name"": ""friend""}",1,0
3125,1787118379.7745893,CRITICAL,KEY_DEAD,friend marked dead (auth failure 401/403),"{""detail"": ""backoff 3600s; error_type=dead"", ""key_name"": ""friend""}",1,0
3126,1787119201.96688,critical,api_low_balance,ppq balance low: $0.02,"ppq balance at $0.02, below $5.00 threshold. Top up to avoid service interruption.",1,0
3127,1787119202.0107992,critical,api_low_balance,openrouter balance low: $3.25,"openrouter balance at $3.25, below $5.00 threshold. Top up to avoid service interruption.",1,0
3128,1787119209.046842,CRITICAL,api_low_balance,ppq balance low: $0.02,"ppq balance at $0.02, below $5 threshold. Top up to avoid service interruption. (data 5 min old)",1,0
3129,1787119209.0480897,CRITICAL,api_low_balance,openrouter balance low: $3.25,"openrouter balance at $3.25, below $5 threshold. Top up to avoid service interruption. (data 5 min old)",1,0
3130,1787120102.5840487,critical,api_low_balance,ppq balance low: $0.02,"ppq balance at $0.02, below $5.00 threshold. Top up to avoid service interruption.",1,0
3131,1787120102.6571865,critical,api_low_balance,openrouter balance low: $3.25,"openrouter balance at $3.25, below $5.00 threshold. Top up to avoid service interruption.",1,0
3132,1787121002.2873769,critical,api_low_balance,ppq balance low: $0.02,"ppq balance at $0.02, below $5.00 threshold. Top up to avoid service interruption.",1,0
3133,1787121002.311083,critical,api_low_balance,openrouter balance low: $3.25,"openrouter balance at $3.25, below $5.00 threshold. Top up to avoid service interruption.",1,0
3134,1787121009.3823829,CRITICAL,api_low_balance,ppq balance low: $0.02,"ppq balance at $0.02, below $5 threshold. Top up to avoid service interruption. (data 5 min old)",1,0
3135,1787121009.3826773,CRITICAL,api_low_balance,openrouter balance low: $3.25,"openrouter balance at $3.25, below $5 threshold. Top up to avoid service interruption. (data 5 min old)",1,0
3136,1787121040.9780135,warning,ppq_budget,PPQ retry-storm blocked,"identical prompt (sha256 e3b0c442) attempted 3x in 600s — crash-loop signature, PPQ refused",1,1
3137,1787121901.537491,critical,api_low_balance,ppq balance low: $0.02,"ppq balance at $0.02, below $5.00 threshold. Top up to avoid service interruption.",1,0
3138,1787121901.5520933,critical,api_low_balance,openrouter balance low: $3.25,"openrouter balance at $3.25, below $5.00 threshold. Top up to avoid service interruption.",1,0
3139,1787122801.8669932,critical,api_low_balance,ppq balance low: $0.02,"ppq balance at $0.02, below $5.00 threshold. Top up to avoid service interruption.",1,0
3140,1787122801.8904238,critical,api_low_balance,openrouter balance low: $3.25,"openrouter balance at $3.25, below $5.00 threshold. Top up to avoid service interruption.",1,0
3141,1787122808.8392003,CRITICAL,api_low_balance,ppq balance low: $0.02,"ppq balance at $0.02, below $5 threshold. Top up to avoid service interruption. (data 5 min old)",1,0
3142,1787122808.8407116,CRITICAL,api_low_balance,openrouter balance low: $3.25,"openrouter balance at $3.25, below $5 threshold. Top up to avoid service interruption. (data 5 min old)",1,0
3143,1787123701.8182564,critical,api_low_balance,ppq balance low: $0.02,"ppq balance at $0.02, below $5.00 threshold. Top up to avoid service interruption.",1,0
3144,1787123701.8312259,critical,api_low_balance,openrouter balance low: $3.25,"openrouter balance at $3.25, below $5.00 threshold. Top up to avoid service interruption.",1,0
3145,1787124602.2843504,critical,api_low_balance,ppq balance low: $0.02,"ppq balance at $0.02, below $5.00 threshold. Top up to avoid service interruption.",1,0
3146,1787124602.3015053,critical,api_low_balance,openrouter balance low: $3.25,"openrouter balance at $3.25, below $5.00 threshold. Top up to avoid service interruption.",1,0
3147,1787124608.9631906,CRITICAL,api_low_balance,ppq balance low: $0.02,"ppq balance at $0.02, below $5 threshold. Top up to avoid service interruption. (data 5 min old)",1,0
3148,1787124608.9636748,CRITICAL,api_low_balance,openrouter balance low: $3.25,"openrouter balance at $3.25, below $5 threshold. Top up to avoid service interruption. (data 5 min old)",1,0
3149,1787125502.0916057,critical,api_low_balance,ppq balance low: $0.02,"ppq balance at $0.02, below $5.00 threshold. Top up to avoid service interruption.",1,0
3150,1787125502.120855,critical,api_low_balance,openrouter balance low: $3.25,"openrouter balance at $3.25, below $5.00 threshold. Top up to avoid service interruption.",1,0
3151,1787126402.4024909,critical,api_low_balance,ppq balance low: $0.02,"ppq balance at $0.02, below $5.00 threshold. Top up to avoid service interruption.",1,0
3152,1787126402.4642417,critical,api_low_balance,openrouter balance low: $3.25,"openrouter balance at $3.25, below $5.00 threshold. Top up to avoid service interruption.",1,0
3153,1787126409.3277745,CRITICAL,api_low_balance,ppq balance low: $0.02,"ppq balance at $0.02, below $5 threshold. Top up to avoid service interruption. (data 5 min old)",1,0
3154,1787126409.3290093,CRITICAL,api_low_balance,openrouter balance low: $3.25,"openrouter balance at $3.25, below $5 threshold. Top up to avoid service interruption. (data 5 min old)",1,0
3155,1787127301.8886764,critical,api_low_balance,ppq balance low: $0.02,"ppq balance at $0.02, below $5.00 threshold. Top up to avoid service interruption.",1,0
3156,1787127301.9078636,critical,api_low_balance,openrouter balance low: $3.25,"openrouter balance at $3.25, below $5.00 threshold. Top up to avoid service interruption.",1,0
3157,1787128201.9724095,critical,api_low_balance,ppq balance low: $0.02,"ppq balance at $0.02, below $5.00 threshold. Top up to avoid service interruption.",1,0
3158,1787128202.0021338,critical,api_low_balance,openrouter balance low: $3.25,"openrouter balance at $3.25, below $5.00 threshold. Top up to avoid service interruption.",1,0
3159,1787128208.8342452,CRITICAL,api_low_balance,ppq balance low: $0.02,"ppq balance at $0.02, below $5 threshold. Top up to avoid service interruption. (data 5 min old)",1,0
3160,1787128208.8358004,CRITICAL,api_low_balance,openrouter balance low: $3.25,"openrouter balance at $3.25, below $5 threshold. Top up to avoid service interruption. (data 5 min old)",1,0
3161,1787128331.2680075,WARN,key_backoff,friend dead failure #2,"{""detail"": ""backoff 3600s; error_type=dead"", ""key_name"": ""friend""}",1,0
3162,1787128331.2683566,CRITICAL,KEY_DEAD,friend marked dead (auth failure 401/403),"{""detail"": ""backoff 3600s; error_type=dead"", ""key_name"": ""friend""}",1,0
3163,1787128331.4288504,WARN,key_backoff,friend dead failure #3,"{""detail"": ""backoff 3600s; error_type=dead"", ""key_name"": ""friend""}",1,0
3164,1787128331.428936,CRITICAL,KEY_DEAD,friend marked dead (auth failure 401/403),"{""detail"": ""backoff 3600s; error_type=dead"", ""key_name"": ""friend""}",1,0
3165,1787129101.3417022,critical,api_low_balance,ppq balance low: $0.02,"ppq balance at $0.02, below $5.00 threshold. Top up to avoid service interruption.",1,0
3166,1787129101.35672,critical,api_low_balance,openrouter balance low: $3.18,"openrouter balance at $3.18, below $5.00 threshold. Top up to avoid service interruption.",1,0
3167,1787129101.35672,warning,api_burn_burst,openrouter burn burst: $0.0469 (z=14.0σ),"openrouter spend this interval ($0.0469) is 14.0σ above the rolling mean ($0.0004, σ=$0.0033). Possible runaway agent or expensive request.",1,0
3168,1787129951.6374726,WARN,key_backoff,friend dead failure #1,"{""detail"": ""backoff 3600s; error_type=dead"", ""key_name"": ""friend""}",1,0
3169,1787129951.6426744,CRITICAL,KEY_DEAD,friend marked dead (auth failure 401/403),"{""detail"": ""backoff 3600s; error_type=dead"", ""key_name"": ""friend""}",1,0
3170,1787129952.4204361,WARN,key_backoff,friend dead failure #2,"{""detail"": ""backoff 3600s; error_type=dead"", ""key_name"": ""friend""}",1,0
3171,1787129952.4208243,CRITICAL,KEY_DEAD,friend marked dead (auth failure 401/403),"{""detail"": ""backoff 3600s; error_type=dead"", ""key_name"": ""friend""}",1,0
3172,1787129952.684785,WARN,key_backoff,friend dead failure #3,"{""detail"": ""backoff 3600s; error_type=dead"", ""key_name"": ""friend""}",1,0
3173,1787129952.6848466,CRITICAL,KEY_DEAD,friend marked dead (auth failure 401/403),"{""detail"": ""backoff 3600s; error_type=dead"", ""key_name"": ""friend""}",1,0
3174,1787129953.9102778,WARN,key_backoff,friend dead failure #4,"{""detail"": ""backoff 3600s; error_type=dead"", ""key_name"": ""friend""}",1,0
3175,1787129953.9105396,CRITICAL,KEY_DEAD,friend marked dead (auth failure 401/403),"{""detail"": ""backoff 3600s; error_type=dead"", ""key_name"": ""friend""}",1,0
3176,1787130002.1230302,critical,api_low_balance,ppq balance low: $0.02,"ppq balance at $0.02, below $5.00 threshold. Top up to avoid service interruption.",1,0
3177,1787130002.151789,critical,api_low_balance,openrouter balance low: $3.01,"openrouter balance at $3.01, below $5.00 threshold. Top up to avoid service interruption.",1,0
3178,1787130002.151789,warning,api_burn_burst,openrouter burn burst: $0.1015 (z=11.9σ),"openrouter spend this interval ($0.1015) is 11.9σ above the rolling mean ($0.0020, σ=$0.0084). Possible runaway agent or expensive request.",1,0
3179,1787130002.151789,warning,api_expensive_request,openrouter expensive interval: $0.10,openrouter spend in last interval ($0.10) exceeds $0.10 threshold.,1,0
3180,1787130009.2243774,CRITICAL,api_low_balance,ppq balance low: $0.02,"ppq balance at $0.02, below $5 threshold. Top up to avoid service interruption. (data 5 min old)",1,0
3181,1787130009.2254148,CRITICAL,api_low_balance,openrouter balance low: $3.01,"openrouter balance at $3.01, below $5 threshold. Top up to avoid service interruption. (data 5 min old)",1,0
3182,1787130009.2254436,WARN,cost_inefficiency,"Using openrouter for deepseek/deepseek-v4-flash ($0.21/M), routstrd cheaper ($0.12/M)","185 calls / 10,343,039 tokens on openrouter at $0.21/M. routstrd available at $0.12/M — potential savings $0.93/24h. Top up routstrd if depleted.",1,0
3183,1787130161.5833712,WARN,key_backoff,friend dead failure #1,"{""detail"": ""backoff 3600s; error_type=dead"", ""key_name"": ""friend""}",1,0
3184,1787130161.5836482,CRITICAL,KEY_DEAD,friend marked dead (auth failure 401/403),"{""detail"": ""backoff 3600s; error_type=dead"", ""key_name"": ""friend""}",1,0
3185,1787130797.87619,WARN,key_backoff,friend dead failure #1,"{""detail"": ""backoff 3600s; error_type=dead"", ""key_name"": ""friend""}",1,0
3186,1787130797.8837023,CRITICAL,KEY_DEAD,friend marked dead (auth failure 401/403),"{""detail"": ""backoff 3600s; error_type=dead"", ""key_name"": ""friend""}",1,0
3187,1787130799.110458,WARN,key_backoff,friend dead failure #2,"{""detail"": ""backoff 3600s; error_type=dead"", ""key_name"": ""friend""}",1,0
3188,1787130799.1107779,CRITICAL,KEY_DEAD,friend marked dead (auth failure 401/403),"{""detail"": ""backoff 3600s; error_type=dead"", ""key_name"": ""friend""}",1,0
3189,1787130901.8414352,critical,api_low_balance,ppq balance low: $0.02,"ppq balance at $0.02, below $5.00 threshold. Top up to avoid service interruption.",1,0
3190,1787130901.8414352,warning,api_burn_burst,ppq burn burst: $0.0006 (z=39.2σ),"ppq spend this interval ($0.0006) is 39.2σ above the rolling mean ($0.0000, σ=$0.0000). Possible runaway agent or expensive request.",1,0
3191,1787130901.844715,critical,api_low_balance,openrouter balance low: $2.58,"openrouter balance at $2.58, below $5.00 threshold. Top up to avoid service interruption.",1,0
3192,1787130901.844715,warning,api_burn_burst,openrouter burn burst: $0.1238 (z=3.9σ),"openrouter spend this interval ($0.1238) is 3.9σ above the rolling mean ($0.0080, σ=$0.0295). Possible runaway agent or expensive request.",1,0
3193,1787130901.844715,warning,api_expensive_request,openrouter expensive interval: $0.12,openrouter spend in last interval ($0.12) exceeds $0.10 threshold.,1,0
3194,1787131206.0480514,WARN,key_backoff,friend dead failure #1,"{""detail"": ""backoff 3600s; error_type=dead"", ""key_name"": ""friend""}",1,0
3195,1787131206.0485835,CRITICAL,KEY_DEAD,friend marked dead (auth failure 401/403),"{""detail"": ""backoff 3600s; error_type=dead"", ""key_name"": ""friend""}",1,0
3196,1787131206.0486987,WARN,key_backoff,friend dead failure #2,"{""detail"": ""backoff 3600s; error_type=dead"", ""key_name"": ""friend""}",1,0
3197,1787131206.0488236,CRITICAL,KEY_DEAD,friend marked dead (auth failure 401/403),"{""detail"": ""backoff 3600s; error_type=dead"", ""key_name"": ""friend""}",1,0
3198,1787131801.9485517,critical,api_low_balance,ppq balance low: $0.01,"ppq balance at $0.01, below $5.00 threshold. Top up to avoid service interruption.",1,0
3199,1787131801.9642684,critical,api_low_balance,openrouter balance low: $2.30,"openrouter balance at $2.30, below $5.00 threshold. Top up to avoid service interruption.",1,0
3200,1787131808.66959,CRITICAL,api_low_balance,ppq balance low: $0.01,"ppq balance at $0.01, below $5 threshold. Top up to avoid service interruption. (data 5 min old)",1,0
3201,1787131808.6699038,CRITICAL,api_low_balance,openrouter balance low: $2.30,"openrouter balance at $2.30, below $5 threshold. Top up to avoid service interruption. (data 5 min old)",1,0
3202,1787131808.6699114,WARN,cost_inefficiency,"Using openrouter for deepseek/deepseek-v4-flash ($0.21/M), routstrd cheaper ($0.12/M)","451 calls / 27,039,303 tokens on openrouter at $0.21/M. routstrd available at $0.12/M — potential savings $2.43/24h. Top up routstrd if depleted.",1,0
3203,1787132701.627904,critical,api_low_balance,ppq balance low: $0.01,"ppq balance at $0.01, below $5.00 threshold. Top up to avoid service interruption.",1,0
3204,1787132701.6582203,critical,api_low_balance,openrouter balance low: $2.15,"openrouter balance at $2.15, below $5.00 threshold. Top up to avoid service interruption.",1,0
3205,1787133602.2326338,critical,api_low_balance,ppq balance low: $0.01,"ppq balance at $0.01, below $5.00 threshold. Top up to avoid service interruption.",1,0
3206,1787133602.2394857,critical,api_low_balance,openrouter balance low: $2.09,"openrouter balance at $2.09, below $5.00 threshold. Top up to avoid service interruption.",1,0
3207,1787133609.2249799,CRITICAL,api_low_balance,ppq balance low: $0.01,"ppq balance at $0.01, below $5 threshold. Top up to avoid service interruption. (data 5 min old)",1,0
3208,1787133609.2253106,CRITICAL,api_low_balance,openrouter balance low: $2.09,"openrouter balance at $2.09, below $5 threshold. Top up to avoid service interruption. (data 5 min old)",1,0
3209,1787133609.2253177,WARN,cost_inefficiency,"Using openrouter for deepseek/deepseek-v4-flash ($0.21/M), routstrd cheaper ($0.12/M)","553 calls / 33,596,436 tokens on openrouter at $0.21/M. routstrd available at $0.12/M — potential savings $3.02/24h. Top up routstrd if depleted.",1,0
3210,1787134501.3557713,critical,api_low_balance,ppq balance low: $0.01,"ppq balance at $0.01, below $5.00 threshold. Top up to avoid service interruption.",1,0
3211,1787134501.3962681,critical,api_low_balance,openrouter balance low: $2.02,"openrouter balance at $2.02, below $5.00 threshold. Top up to avoid service interruption.",1,0
3212,1787134857.7392287,WARN,key_backoff,friend dead failure #3,"{""detail"": ""backoff 3600s; error_type=dead"", ""key_name"": ""friend""}",1,0
3213,1787134857.7396176,CRITICAL,KEY_DEAD,friend marked dead (auth failure 401/403),"{""detail"": ""backoff 3600s; error_type=dead"", ""key_name"": ""friend""}",1,0
3214,1787135401.8398306,critical,api_low_balance,ppq balance low: $0.01,"ppq balance at $0.01, below $5.00 threshold. Top up to avoid service interruption.",1,0
3215,1787135401.8398306,warning,api_burn_burst,ppq burn burst: $0.0025 (z=3.7σ),"ppq spend this interval ($0.0025) is 3.7σ above the rolling mean ($0.0001, σ=$0.0007). Possible runaway agent or expensive request.",1,0
3216,1787135401.8663077,critical,api_low_balance,openrouter balance low: $1.97,"openrouter balance at $1.97, below $5.00 threshold. Top up to avoid service interruption.",1,0
3217,1787135409.2738621,CRITICAL,api_low_balance,ppq balance low: $0.01,"ppq balance at $0.01, below $5 threshold. Top up to avoid service interruption. (data 5 min old)",1,0
3218,1787135409.2743979,CRITICAL,api_low_balance,openrouter balance low: $1.97,"openrouter balance at $1.97, below $5 threshold. Top up to avoid service interruption. (data 5 min old)",1,0
3219,1787135409.2744114,WARN,cost_inefficiency,"Using openrouter for deepseek/deepseek-v4-flash ($0.21/M), routstrd cheaper ($0.12/M)","603 calls / 36,545,728 tokens on openrouter at $0.21/M. routstrd available at $0.12/M — potential savings $3.29/24h. Top up routstrd if depleted.",1,0
3220,1787136302.0340815,critical,api_low_balance,ppq balance low: $0.01,"ppq balance at $0.01, below $5.00 threshold. Top up to avoid service interruption.",1,0
3221,1787136302.0443919,critical,api_low_balance,openrouter balance low: $1.97,"openrouter balance at $1.97, below $5.00 threshold. Top up to avoid service interruption.",1,0
3222,1787137201.9725828,critical,api_low_balance,ppq balance low: $0.01,"ppq balance at $0.01, below $5.00 threshold. Top up to avoid service interruption.",1,0
3223,1787137201.9947681,critical,api_low_balance,openrouter balance low: $1.97,"openrouter balance at $1.97, below $5.00 threshold. Top up to avoid service interruption.",1,0
3224,1787137209.187318,CRITICAL,api_low_balance,ppq balance low: $0.01,"ppq balance at $0.01, below $5 threshold. Top up to avoid service interruption. (data 5 min old)",1,0
3225,1787137209.188991,CRITICAL,api_low_balance,openrouter balance low: $1.97,"openrouter balance at $1.97, below $5 threshold. Top up to avoid service interruption. (data 5 min old)",1,0
3226,1787137209.189041,WARN,cost_inefficiency,"Using openrouter for deepseek/deepseek-v4-flash ($0.21/M), routstrd cheaper ($0.12/M)","603 calls / 36,545,728 tokens on openrouter at $0.21/M. routstrd available at $0.12/M — potential savings $3.29/24h. Top up routstrd if depleted.",1,0
3227,1787138102.2099583,critical,api_low_balance,ppq balance low: $0.01,"ppq balance at $0.01, below $5.00 threshold. Top up to avoid service interruption.",1,0
3228,1787138102.2217546,critical,api_low_balance,openrouter balance low: $1.97,"openrouter balance at $1.97, below $5.00 threshold. Top up to avoid service interruption.",1,0
3229,1787138464.9602816,WARN,key_backoff,friend dead failure #4,"{""detail"": ""backoff 3600s; error_type=dead"", ""key_name"": ""friend""}",1,0
3230,1787138464.9604166,CRITICAL,KEY_DEAD,friend marked dead (auth failure 401/403),"{""detail"": ""backoff 3600s; error_type=dead"", ""key_name"": ""friend""}",1,0
3231,1787139001.865766,critical,api_low_balance,ppq balance low: $0.01,"ppq balance at $0.01, below $5.00 threshold. Top up to avoid service interruption.",1,0
3232,1787139001.8889017,critical,api_low_balance,openrouter balance low: $1.97,"openrouter balance at $1.97, below $5.00 threshold. Top up to avoid service interruption.",1,0
3233,1787139009.0275838,CRITICAL,api_low_balance,ppq balance low: $0.01,"ppq balance at $0.01, below $5 threshold. Top up to avoid service interruption. (data 5 min old)",1,0
3234,1787139009.0279398,CRITICAL,api_low_balance,openrouter balance low: $1.97,"openrouter balance at $1.97, below $5 threshold. Top up to avoid service interruption. (data 5 min old)",1,0
3235,1787139009.0279474,WARN,cost_inefficiency,"Using openrouter for deepseek/deepseek-v4-flash ($0.21/M), routstrd cheaper ($0.12/M)","603 calls / 36,545,728 tokens on openrouter at $0.21/M. routstrd available at $0.12/M — potential savings $3.29/24h. Top up routstrd if depleted.",1,0
3236,1787139901.9841268,critical,api_low_balance,ppq balance low: $0.01,"ppq balance at $0.01, below $5.00 threshold. Top up to avoid service interruption.",1,0
3237,1787139901.9938316,critical,api_low_balance,openrouter balance low: $1.86,"openrouter balance at $1.86, below $5.00 threshold. Top up to avoid service interruption.",1,0
3238,1787140802.0718079,critical,api_low_balance,ppq balance low: $0.01,"ppq balance at $0.01, below $5.00 threshold. Top up to avoid service interruption.",1,0
3239,1787140802.1004171,critical,api_low_balance,openrouter balance low: $1.86,"openrouter balance at $1.86, below $5.00 threshold. Top up to avoid service interruption.",1,0
3240,1787140809.7958677,CRITICAL,api_low_balance,ppq balance low: $0.01,"ppq balance at $0.01, below $5 threshold. Top up to avoid service interruption. (data 5 min old)",1,0
3241,1787140809.796395,CRITICAL,api_low_balance,openrouter balance low: $1.86,"openrouter balance at $1.86, below $5 threshold. Top up to avoid service interruption. (data 5 min old)",1,0
3242,1787140809.7964127,WARN,cost_inefficiency,"Using openrouter for deepseek/deepseek-v4-flash ($0.21/M), routstrd cheaper ($0.12/M)","603 calls / 36,545,728 tokens on openrouter at $0.21/M. routstrd available at $0.12/M — potential savings $3.29/24h. Top up routstrd if depleted.",1,0
3243,1787141701.6073475,critical,api_low_balance,ppq balance low: $0.01,"ppq balance at $0.01, below $5.00 threshold. Top up to avoid service interruption.",1,0
3244,1787141701.6302767,critical,api_low_balance,openrouter balance low: $1.86,"openrouter balance at $1.86, below $5.00 threshold. Top up to avoid service interruption.",1,0
3245,1787142068.7264984,WARN,key_backoff,friend dead failure #5,"{""detail"": ""backoff 3600s; error_type=dead"", ""key_name"": ""friend""}",1,0
3246,1787142068.7265797,CRITICAL,KEY_DEAD,friend marked dead (auth failure 401/403),"{""detail"": ""backoff 3600s; error_type=dead"", ""key_name"": ""friend""}",1,0
3247,1787142069.831654,WARN,key_backoff,friend dead failure #6,"{""detail"": ""backoff 3600s; error_type=dead"", ""key_name"": ""friend""}",1,0
3248,1787142069.831711,CRITICAL,KEY_DEAD,friend marked dead (auth failure 401/403),"{""detail"": ""backoff 3600s; error_type=dead"", ""key_name"": ""friend""}",1,0
3249,1787142602.9534903,critical,api_low_balance,ppq balance low: $0.01,"ppq balance at $0.01, below $5.00 threshold. Top up to avoid service interruption.",1,0
3250,1787142602.9606194,critical,api_low_balance,openrouter balance low: $1.72,"openrouter balance at $1.72, below $5.00 threshold. Top up to avoid service interruption.",1,0
3251,1787142602.9606194,warning,api_burn_burst,openrouter burn burst: $0.1382 (z=3.0σ),"openrouter spend this interval ($0.1382) is 3.0σ above the rolling mean ($0.0201, σ=$0.0388). Possible runaway agent or expensive request.",1,0
3252,1787142602.9606194,warning,api_expensive_request,openrouter expensive interval: $0.14,openrouter spend in last interval ($0.14) exceeds $0.10 threshold.,1,0
3253,1787142611.1288524,CRITICAL,api_low_balance,ppq balance low: $0.01,"ppq balance at $0.01, below $5 threshold. Top up to avoid service interruption. (data 5 min old)",1,0
3254,1787142611.129378,CRITICAL,api_low_balance,openrouter balance low: $1.72,"openrouter balance at $1.72, below $5 threshold. Top up to avoid service interruption. (data 5 min old)",1,0
3255,1787142611.1293917,WARN,cost_inefficiency,"Using openrouter for deepseek/deepseek-v4-flash ($0.21/M), routstrd cheaper ($0.12/M)","603 calls / 36,545,728 tokens on openrouter at $0.21/M. routstrd available at $0.12/M — potential savings $3.29/24h. Top up routstrd if depleted.",1,0
3256,1787143502.9339893,critical,api_low_balance,ppq balance low: $0.01,"ppq balance at $0.01, below $5.00 threshold. Top up to avoid service interruption.",1,0
3257,1787143503.0227287,critical,api_low_balance,openrouter balance low: $1.72,"openrouter balance at $1.72, below $5.00 threshold. Top up to avoid service interruption.",1,0
3258,1787144401.8985631,critical,api_low_balance,ppq balance low: $0.01,"ppq balance at $0.01, below $5.00 threshold. Top up to avoid service interruption.",1,0
3259,1787144401.9153593,critical,api_low_balance,openrouter balance low: $1.72,"openrouter balance at $1.72, below $5.00 threshold. Top up to avoid service interruption.",1,0
3260,1787144410.4726431,CRITICAL,api_low_balance,ppq balance low: $0.01,"ppq balance at $0.01, below $5 threshold. Top up to avoid service interruption. (data 5 min old)",1,0
3261,1787144410.4731941,CRITICAL,api_low_balance,openrouter balance low: $1.72,"openrouter balance at $1.72, below $5 threshold. Top up to avoid service interruption. (data 5 min old)",1,0
3262,1787144410.4732096,WARN,cost_inefficiency,"Using openrouter for deepseek/deepseek-v4-flash ($0.21/M), routstrd cheaper ($0.12/M)","603 calls / 36,545,728 tokens on openrouter at $0.21/M. routstrd available at $0.12/M — potential savings $3.29/24h. Top up routstrd if depleted.",1,0
3263,1787145301.4986196,critical,api_low_balance,ppq balance low: $0.01,"ppq balance at $0.01, below $5.00 threshold. Top up to avoid service interruption.",1,0
3264,1787145301.524729,critical,api_low_balance,openrouter balance low: $1.72,"openrouter balance at $1.72, below $5.00 threshold. Top up to avoid service interruption.",1,0
3265,1787146202.5434253,critical,api_low_balance,ppq balance low: $0.01,"ppq balance at $0.01, below $5.00 threshold. Top up to avoid service interruption.",1,0
3266,1787146202.5656989,critical,api_low_balance,openrouter balance low: $1.72,"openrouter balance at $1.72, below $5.00 threshold. Top up to avoid service interruption.",1,0
3267,1787146209.2860296,CRITICAL,api_low_balance,ppq balance low: $0.01,"ppq balance at $0.01, below $5 threshold. Top up to avoid service interruption. (data 5 min old)",1,0
3268,1787146209.2886071,CRITICAL,api_low_balance,openrouter balance low: $1.72,"openrouter balance at $1.72, below $5 threshold. Top up to avoid service interruption. (data 5 min old)",1,0
3269,1787146209.2886252,WARN,cost_inefficiency,"Using openrouter for deepseek/deepseek-v4-flash ($0.21/M), routstrd cheaper ($0.12/M)","603 calls / 36,545,728 tokens on openrouter at $0.21/M. routstrd available at $0.12/M — potential savings $3.29/24h. Top up routstrd if depleted.",1,0
3270,1787146212.8637674,WARN,key_backoff,friend dead failure #7,"{""detail"": ""backoff 3600s; error_type=dead"", ""key_name"": ""friend""}",1,0
3271,1787146212.8642874,CRITICAL,KEY_DEAD,friend marked dead (auth failure 401/403),"{""detail"": ""backoff 3600s; error_type=dead"", ""key_name"": ""friend""}",1,0
3272,1787147102.3654778,critical,api_low_balance,ppq balance low: $0.01,"ppq balance at $0.01, below $5.00 threshold. Top up to avoid service interruption.",1,0
3273,1787147102.3873339,critical,api_low_balance,openrouter balance low: $1.72,"openrouter balance at $1.72, below $5.00 threshold. Top up to avoid service interruption.",1,0
3274,1787148002.0648568,critical,api_low_balance,ppq balance low: $0.01,"ppq balance at $0.01, below $5.00 threshold. Top up to avoid service interruption.",1,0
3275,1787148002.092667,critical,api_low_balance,openrouter balance low: $1.72,"openrouter balance at $1.72, below $5.00 threshold. Top up to avoid service interruption.",1,0
3276,1787148009.1137826,CRITICAL,api_low_balance,ppq balance low: $0.01,"ppq balance at $0.01, below $5 threshold. Top up to avoid service interruption. (data 5 min old)",1,0
3277,1787148009.1150815,CRITICAL,api_low_balance,openrouter balance low: $1.72,"openrouter balance at $1.72, below $5 threshold. Top up to avoid service interruption. (data 5 min old)",1,0
3278,1787148009.1151142,WARN,cost_inefficiency,"Using openrouter for deepseek/deepseek-v4-flash ($0.21/M), routstrd cheaper ($0.12/M)","603 calls / 36,545,728 tokens on openrouter at $0.21/M. routstrd available at $0.12/M — potential savings $3.29/24h. Top up routstrd if depleted.",1,0
3279,1787148901.9702394,critical,api_low_balance,ppq balance low: $0.01,"ppq balance at $0.01, below $5.00 threshold. Top up to avoid service interruption.",1,0
3280,1787148901.9823043,critical,api_low_balance,openrouter balance low: $1.72,"openrouter balance at $1.72, below $5.00 threshold. Top up to avoid service interruption.",1,0
3281,1787149802.3736832,critical,api_low_balance,ppq balance low: $0.01,"ppq balance at $0.01, below $5.00 threshold. Top up to avoid service interruption.",1,0
3282,1787149802.392658,critical,api_low_balance,openrouter balance low: $1.72,"openrouter balance at $1.72, below $5.00 threshold. Top up to avoid service interruption.",1,0
3283,1787149809.515832,CRITICAL,api_low_balance,ppq balance low: $0.01,"ppq balance at $0.01, below $5 threshold. Top up to avoid service interruption. (data 5 min old)",1,0
3284,1787149809.516989,CRITICAL,api_low_balance,openrouter balance low: $1.72,"openrouter balance at $1.72, below $5 threshold. Top up to avoid service interruption. (data 5 min old)",1,0
3285,1787149809.5170186,WARN,cost_inefficiency,"Using openrouter for deepseek/deepseek-v4-flash ($0.21/M), routstrd cheaper ($0.12/M)","603 calls / 36,545,728 tokens on openrouter at $0.21/M. routstrd available at $0.12/M — potential savings $3.29/24h. Top up routstrd if depleted.",1,0
3286,1787149819.3822336,WARN,key_backoff,friend dead failure #8,"{""detail"": ""backoff 3600s; error_type=dead"", ""key_name"": ""friend""}",1,0
3287,1787149819.3823323,CRITICAL,KEY_DEAD,friend marked dead (auth failure 401/403),"{""detail"": ""backoff 3600s; error_type=dead"", ""key_name"": ""friend""}",1,0
3288,1787150701.9537225,critical,api_low_balance,ppq balance low: $0.01,"ppq balance at $0.01, below $5.00 threshold. Top up to avoid service interruption.",1,0
3289,1787150701.961047,critical,api_low_balance,openrouter balance low: $1.72,"openrouter balance at $1.72, below $5.00 threshold. Top up to avoid service interruption.",1,0
3290,1787151602.120721,critical,api_low_balance,ppq balance low: $0.01,"ppq balance at $0.01, below $5.00 threshold. Top up to avoid service interruption.",1,0
3291,1787151602.1622272,critical,api_low_balance,openrouter balance low: $1.72,"openrouter balance at $1.72, below $5.00 threshold. Top up to avoid service interruption.",1,0
3292,1787151608.82906,CRITICAL,api_low_balance,ppq balance low: $0.01,"ppq balance at $0.01, below $5 threshold. Top up to avoid service interruption. (data 5 min old)",1,0
3293,1787151608.8293664,CRITICAL,api_low_balance,openrouter balance low: $1.72,"openrouter balance at $1.72, below $5 threshold. Top up to avoid service interruption. (data 5 min old)",1,0
3294,1787151608.8293734,WARN,cost_inefficiency,"Using openrouter for deepseek/deepseek-v4-flash ($0.21/M), routstrd cheaper ($0.12/M)","603 calls / 36,545,728 tokens on openrouter at $0.21/M. routstrd available at $0.12/M — potential savings $3.29/24h. Top up routstrd if depleted.",1,0
3295,1787152501.8895972,critical,api_low_balance,ppq balance low: $0.01,"ppq balance at $0.01, below $5.00 threshold. Top up to avoid service interruption.",1,0
3296,1787152501.892785,critical,api_low_balance,openrouter balance low: $1.72,"openrouter balance at $1.72, below $5.00 threshold. Top up to avoid service interruption.",1,0
3297,1787153402.229731,critical,api_low_balance,ppq balance low: $0.01,"ppq balance at $0.01, below $5.00 threshold. Top up to avoid service interruption.",1,0
3298,1787153402.253649,critical,api_low_balance,openrouter balance low: $1.72,"openrouter balance at $1.72, below $5.00 threshold. Top up to avoid service interruption.",1,0
3299,1787153408.5770319,CRITICAL,api_low_balance,ppq balance low: $0.01,"ppq balance at $0.01, below $5 threshold. Top up to avoid service interruption. (data 5 min old)",1,0
3300,1787153408.5781739,CRITICAL,api_low_balance,openrouter balance low: $1.72,"openrouter balance at $1.72, below $5 threshold. Top up to avoid service interruption. (data 5 min old)",1,0
3301,1787153408.5782053,WARN,cost_inefficiency,"Using openrouter for deepseek/deepseek-v4-flash ($0.21/M), routstrd cheaper ($0.12/M)","603 calls / 36,545,728 tokens on openrouter at $0.21/M. routstrd available at $0.12/M — potential savings $3.29/24h. Top up routstrd if depleted.",1,0
3302,1787153425.6718273,WARN,key_backoff,friend dead failure #9,"{""detail"": ""backoff 3600s; error_type=dead"", ""key_name"": ""friend""}",1,0
3303,1787153425.6722667,CRITICAL,KEY_DEAD,friend marked dead (auth failure 401/403),"{""detail"": ""backoff 3600s; error_type=dead"", ""key_name"": ""friend""}",1,0
3304,1787154301.872269,critical,api_low_balance,ppq balance low: $0.01,"ppq balance at $0.01, below $5.00 threshold. Top up to avoid service interruption.",1,0
3305,1787154301.887567,critical,api_low_balance,openrouter balance low: $1.71,"openrouter balance at $1.71, below $5.00 threshold. Top up to avoid service interruption.",1,0
3306,1787155202.352749,critical,api_low_balance,ppq balance low: $0.01,"ppq balance at $0.01, below $5.00 threshold. Top up to avoid service interruption.",1,0
3307,1787155202.3736572,critical,api_low_balance,openrouter balance low: $1.71,"openrouter balance at $1.71, below $5.00 threshold. Top up to avoid service interruption.",1,0
3308,1787155208.783218,CRITICAL,api_low_balance,ppq balance low: $0.01,"ppq balance at $0.01, below $5 threshold. Top up to avoid service interruption. (data 5 min old)",1,0
3309,1787155208.7838118,CRITICAL,api_low_balance,openrouter balance low: $1.71,"openrouter balance at $1.71, below $5 threshold. Top up to avoid service interruption. (data 5 min old)",1,0
3310,1787155208.783822,WARN,cost_inefficiency,"Using openrouter for deepseek/deepseek-v4-flash ($0.21/M), routstrd cheaper ($0.12/M)","603 calls / 36,545,728 tokens on openrouter at $0.21/M. routstrd available at $0.12/M — potential savings $3.29/24h. Top up routstrd if depleted.",1,0
3311,1787156101.878303,critical,api_low_balance,ppq balance low: $0.01,"ppq balance at $0.01, below $5.00 threshold. Top up to avoid service interruption.",1,0
3312,1787156101.8874228,critical,api_low_balance,openrouter balance low: $1.71,"openrouter balance at $1.71, below $5.00 threshold. Top up to avoid service interruption.",1,0
3313,1787157001.930509,critical,api_low_balance,ppq balance low: $0.01,"ppq balance at $0.01, below $5.00 threshold. Top up to avoid service interruption.",1,0
3314,1787157001.9621987,critical,api_low_balance,openrouter balance low: $1.71,"openrouter balance at $1.71, below $5.00 threshold. Top up to avoid service interruption.",1,0
3315,1787157008.6983864,CRITICAL,api_low_balance,ppq balance low: $0.01,"ppq balance at $0.01, below $5 threshold. Top up to avoid service interruption. (data 5 min old)",1,0
3316,1787157008.6996744,CRITICAL,api_low_balance,openrouter balance low: $1.71,"openrouter balance at $1.71, below $5 threshold. Top up to avoid service interruption. (data 5 min old)",1,0
3317,1787157008.699708,WARN,cost_inefficiency,"Using openrouter for deepseek/deepseek-v4-flash ($0.21/M), routstrd cheaper ($0.12/M)","603 calls / 36,545,728 tokens on openrouter at $0.21/M. routstrd available at $0.12/M — potential savings $3.29/24h. Top up routstrd if depleted.",1,0
3318,1787157040.5669425,WARN,key_backoff,friend dead failure #10,"{""detail"": ""backoff 3600s; error_type=dead"", ""key_name"": ""friend""}",1,0
3319,1787157040.5745883,CRITICAL,KEY_DEAD,friend marked dead (auth failure 401/403),"{""detail"": ""backoff 3600s; error_type=dead"", ""key_name"": ""friend""}",1,0
3320,1787157902.0176728,critical,api_low_balance,ppq balance low: $0.01,"ppq balance at $0.01, below $5.00 threshold. Top up to avoid service interruption.",1,0
3321,1787157902.020659,critical,api_low_balance,openrouter balance low: $1.71,"openrouter balance at $1.71, below $5.00 threshold. Top up to avoid service interruption.",1,0
3322,1787158801.6018078,critical,api_low_balance,ppq balance low: $0.01,"ppq balance at $0.01, below $5.00 threshold. Top up to avoid service interruption.",1,0
3323,1787158801.608504,critical,api_low_balance,openrouter balance low: $1.71,"openrouter balance at $1.71, below $5.00 threshold. Top up to avoid service interruption.",1,0
3324,1787158808.301522,CRITICAL,api_low_balance,ppq balance low: $0.01,"ppq balance at $0.01, below $5 threshold. Top up to avoid service interruption. (data 5 min old)",1,0
3325,1787158808.3018742,CRITICAL,api_low_balance,openrouter balance low: $1.71,"openrouter balance at $1.71, below $5 threshold. Top up to avoid service interruption. (data 5 min old)",1,0
3326,1787158808.301882,WARN,cost_inefficiency,"Using openrouter for deepseek/deepseek-v4-flash ($0.21/M), routstrd cheaper ($0.12/M)","603 calls / 36,545,728 tokens on openrouter at $0.21/M. routstrd available at $0.12/M — potential savings $3.29/24h. Top up routstrd if depleted.",1,0
3327,1787159702.4371505,critical,api_low_balance,ppq balance low: $0.01,"ppq balance at $0.01, below $5.00 threshold. Top up to avoid service interruption.",1,0
3328,1787159702.4596684,critical,api_low_balance,openrouter balance low: $1.71,"openrouter balance at $1.71, below $5.00 threshold. Top up to avoid service interruption.",1,0
3329,1787160602.3513496,critical,api_low_balance,ppq balance low: $0.01,"ppq balance at $0.01, below $5.00 threshold. Top up to avoid service interruption.",1,0
3330,1787160602.386281,critical,api_low_balance,openrouter balance low: $1.71,"openrouter balance at $1.71, below $5.00 threshold. Top up to avoid service interruption.",1,0
3331,1787160609.739454,CRITICAL,api_low_balance,ppq balance low: $0.01,"ppq balance at $0.01, below $5 threshold. Top up to avoid service interruption. (data 5 min old)",1,0
3332,1787160609.7407966,CRITICAL,api_low_balance,openrouter balance low: $1.71,"openrouter balance at $1.71, below $5 threshold. Top up to avoid service interruption. (data 5 min old)",1,0
3333,1787160609.740832,WARN,cost_inefficiency,"Using openrouter for deepseek/deepseek-v4-flash ($0.21/M), routstrd cheaper ($0.12/M)","603 calls / 36,545,728 tokens on openrouter at $0.21/M. routstrd available at $0.12/M — potential savings $3.29/24h. Top up routstrd if depleted.",1,0
3334,1787160644.0350883,WARN,key_backoff,friend dead failure #11,"{""detail"": ""backoff 3600s; error_type=dead"", ""key_name"": ""friend""}",1,0
3335,1787160644.0355744,CRITICAL,KEY_DEAD,friend marked dead (auth failure 401/403),"{""detail"": ""backoff 3600s; error_type=dead"", ""key_name"": ""friend""}",1,0
3336,1787161501.71153,critical,api_low_balance,ppq balance low: $0.01,"ppq balance at $0.01, below $5.00 threshold. Top up to avoid service interruption.",1,0
3337,1787161501.7204857,critical,api_low_balance,openrouter balance low: $1.70,"openrouter balance at $1.70, below $5.00 threshold. Top up to avoid service interruption.",1,0
3338,1787162402.1857998,critical,api_low_balance,ppq balance low: $0.01,"ppq balance at $0.01, below $5.00 threshold. Top up to avoid service interruption.",1,0
3339,1787162402.2056525,critical,api_low_balance,openrouter balance low: $1.70,"openrouter balance at $1.70, below $5.00 threshold. Top up to avoid service interruption.",1,0
3340,1787162409.6093411,CRITICAL,api_low_balance,ppq balance low: $0.01,"ppq balance at $0.01, below $5 threshold. Top up to avoid service interruption. (data 5 min old)",1,0
3341,1787162409.6099586,CRITICAL,api_low_balance,openrouter balance low: $1.70,"openrouter balance at $1.70, below $5 threshold. Top up to avoid service interruption. (data 5 min old)",1,0
3342,1787162409.6099758,WARN,cost_inefficiency,"Using openrouter for deepseek/deepseek-v4-flash ($0.21/M), routstrd cheaper ($0.12/M)","611 calls / 36,787,065 tokens on openrouter at $0.21/M. routstrd available at $0.12/M — potential savings $3.31/24h. Top up routstrd if depleted.",1,0
3343,1787163302.60138,critical,api_low_balance,ppq balance low: $0.01,"ppq balance at $0.01, below $5.00 threshold. Top up to avoid service interruption.",1,0
3344,1787163302.646596,critical,api_low_balance,openrouter balance low: $1.68,"openrouter balance at $1.68, below $5.00 threshold. Top up to avoid service interruption.",1,0
3345,1787164202.8807218,critical,api_low_balance,ppq balance low: $0.01,"ppq balance at $0.01, below $5.00 threshold. Top up to avoid service interruption.",1,0
3346,1787164203.1415696,critical,api_low_balance,openrouter balance low: $1.67,"openrouter balance at $1.67, below $5.00 threshold. Top up to avoid service interruption.",1,0
3347,1787164210.5332167,CRITICAL,api_low_balance,ppq balance low: $0.01,"ppq balance at $0.01, below $5 threshold. Top up to avoid service interruption. (data 5 min old)",1,0
3348,1787164210.533948,CRITICAL,api_low_balance,openrouter balance low: $1.67,"openrouter balance at $1.67, below $5 threshold. Top up to avoid service interruption. (data 5 min old)",1,0
3349,1787164210.5339658,WARN,cost_inefficiency,"Using openrouter for deepseek/deepseek-v4-flash ($0.21/M), routstrd cheaper ($0.12/M)","637 calls / 37,776,957 tokens on openrouter at $0.21/M. routstrd available at $0.12/M — potential savings $3.40/24h. Top up routstrd if depleted.",1,0
3350,1787164303.8961177,WARN,key_backoff,friend dead failure #12,"{""detail"": ""backoff 3600s; error_type=dead"", ""key_name"": ""friend""}",1,0
3351,1787164303.8966966,CRITICAL,KEY_DEAD,friend marked dead (auth failure 401/403),"{""detail"": ""backoff 3600s; error_type=dead"", ""key_name"": ""friend""}",1,0
3352,1787164304.7875028,WARN,key_backoff,friend dead failure #13,"{""detail"": ""backoff 3600s; error_type=dead"", ""key_name"": ""friend""}",1,0
3353,1787164304.7877235,CRITICAL,KEY_DEAD,friend marked dead (auth failure 401/403),"{""detail"": ""backoff 3600s; error_type=dead"", ""key_name"": ""friend""}",1,0
3354,1787164317.68966,warning,ppq_budget,PPQ retry-storm blocked,"identical prompt (sha256 e3b0c442) attempted 3x in 600s — crash-loop signature, PPQ refused",1,0
3355,1787165102.1720023,critical,api_low_balance,ppq balance low: $0.01,"ppq balance at $0.01, below $5.00 threshold. Top up to avoid service interruption.",1,0
3356,1787165102.2104511,critical,api_low_balance,openrouter balance low: $1.60,"openrouter balance at $1.60, below $5.00 threshold. Top up to avoid service interruption.",1,0
3357,1787165102.2104511,warning,api_burn_burst,openrouter burn burst: $0.0253 (z=5.6σ),"openrouter spend this interval ($0.0253) is 5.6σ above the rolling mean ($0.0014, σ=$0.0043). Possible runaway agent or expensive request.",1,0
3358,1787166001.9928458,critical,api_low_balance,ppq balance low: $0.01,"ppq balance at $0.01, below $5.00 threshold. Top up to avoid service interruption.",1,0
3359,1787166002.0068784,critical,api_low_balance,openrouter balance low: $1.51,"openrouter balance at $1.51, below $5.00 threshold. Top up to avoid service interruption.",1,0
3360,1787166008.8816884,CRITICAL,api_low_balance,ppq balance low: $0.01,"ppq balance at $0.01, below $5 threshold. Top up to avoid service interruption. (data 5 min old)",1,0
3361,1787166008.882218,CRITICAL,api_low_balance,openrouter balance low: $1.51,"openrouter balance at $1.51, below $5 threshold. Top up to avoid service interruption. (data 5 min old)",1,0
3362,1787166008.8822384,WARN,cost_inefficiency,"Using openrouter for deepseek/deepseek-v4-flash ($0.21/M), routstrd cheaper ($0.12/M)","736 calls / 42,483,868 tokens on openrouter at $0.21/M. routstrd available at $0.12/M — potential savings $3.82/24h. Top up routstrd if depleted.",1,0
3363,1787166901.888721,critical,api_low_balance,ppq balance low: $0.01,"ppq balance at $0.01, below $5.00 threshold. Top up to avoid service interruption.",1,0
3364,1787166901.8915458,critical,api_low_balance,openrouter balance low: $1.45,"openrouter balance at $1.45, below $5.00 threshold. Top up to avoid service interruption.",1,0
3365,1787167802.6868923,critical,api_low_balance,ppq balance low: $0.01,"ppq balance at $0.01, below $5.00 threshold. Top up to avoid service interruption.",1,0
3366,1787167802.702089,critical,api_low_balance,openrouter balance low: $1.45,"openrouter balance at $1.45, below $5.00 threshold. Top up to avoid service interruption.",1,0
3367,1787167809.7842398,CRITICAL,api_low_balance,ppq balance low: $0.01,"ppq balance at $0.01, below $5 threshold. Top up to avoid service interruption. (data 5 min old)",1,0
3368,1787167809.7845438,CRITICAL,api_low_balance,openrouter balance low: $1.45,"openrouter balance at $1.45, below $5 threshold. Top up to avoid service interruption. (data 5 min old)",1,0
3369,1787167809.7845511,WARN,cost_inefficiency,"Using openrouter for deepseek/deepseek-v4-flash ($0.21/M), routstrd cheaper ($0.12/M)","755 calls / 43,561,637 tokens on openrouter at $0.21/M. routstrd available at $0.12/M — potential savings $3.92/24h. Top up routstrd if depleted.",1,0
3370,1787167908.104678,WARN,key_backoff,friend dead failure #14,"{""detail"": ""backoff 3600s; error_type=dead"", ""key_name"": ""friend""}",1,0
3371,1787167908.1047866,CRITICAL,KEY_DEAD,friend marked dead (auth failure 401/403),"{""detail"": ""backoff 3600s; error_type=dead"", ""key_name"": ""friend""}",1,0
3372,1787167908.3690672,WARN,key_backoff,friend dead failure #15,"{""detail"": ""backoff 3600s; error_type=dead"", ""key_name"": ""friend""}",1,0
3373,1787167908.3691795,CRITICAL,KEY_DEAD,friend marked dead (auth failure 401/403),"{""detail"": ""backoff 3600s; error_type=dead"", ""key_name"": ""friend""}",1,0
3374,1787167909.6805916,WARN,key_backoff,friend dead failure #16,"{""detail"": ""backoff 3600s; error_type=dead"", ""key_name"": ""friend""}",1,0
3375,1787167909.6806793,CRITICAL,KEY_DEAD,friend marked dead (auth failure 401/403),"{""detail"": ""backoff 3600s; error_type=dead"", ""key_name"": ""friend""}",1,0
3376,1787168701.9815931,critical,api_low_balance,ppq balance low: $0.01,"ppq balance at $0.01, below $5.00 threshold. Top up to avoid service interruption.",1,0
3377,1787168701.9815931,warning,api_burn_burst,ppq burn burst: $0.0001 (z=3.7σ),"ppq spend this interval ($0.0001) is 3.7σ above the rolling mean ($0.0000, σ=$0.0000). Possible runaway agent or expensive request.",1,0
3378,1787168702.1376445,critical,api_low_balance,openrouter balance low: $1.19,"openrouter balance at $1.19, below $5.00 threshold. Top up to avoid service interruption.",1,0
3379,1787169602.6777792,critical,api_low_balance,ppq balance low: $0.01,"ppq balance at $0.01, below $5.00 threshold. Top up to avoid service interruption.",1,0
3380,1787169602.7442322,critical,api_low_balance,openrouter balance low: $0.78,"openrouter balance at $0.78, below $5.00 threshold. Top up to avoid service interruption.",1,0
3381,1787169602.7442322,warning,api_expensive_request,openrouter expensive interval: $0.11,openrouter spend in last interval ($0.11) exceeds $0.10 threshold.,1,0
3382,1787169610.0335987,CRITICAL,api_low_balance,ppq balance low: $0.01,"ppq balance at $0.01, below $5 threshold. Top up to avoid service interruption. (data 5 min old)",1,0
3383,1787169610.037775,CRITICAL,api_low_balance,openrouter balance low: $0.78,"openrouter balance at $0.78, below $5 threshold. Top up to avoid service interruption. (data 5 min old)",1,0
3384,1787169610.0377944,WARN,cost_inefficiency,"Using openrouter for deepseek/deepseek-v4-flash ($0.21/M), routstrd cheaper ($0.12/M)","904 calls / 50,252,964 tokens on openrouter at $0.21/M. routstrd available at $0.12/M — potential savings $4.52/24h. Top up routstrd if depleted.",1,0
3385,1787169610.0378087,WARN,cost_inefficiency,"Using openrouter for glm-5.2 ($0.97/M), ollama_cloud cheaper ($0.02/M)","19 calls / 767,727 tokens on openrouter at $0.97/M. ollama_cloud available at $0.02/M — potential savings $0.73/24h. Top up ollama_cloud if depleted.",1,0
3386,1787170501.8324244,critical,api_low_balance,ppq balance low: $0.01,"ppq balance at $0.01, below $5.00 threshold. Top up to avoid service interruption.",1,0
3387,1787170501.8616571,critical,api_low_balance,openrouter balance low: $0.61,"openrouter balance at $0.61, below $5.00 threshold. Top up to avoid service interruption.",1,0
3388,1787171403.3775587,critical,api_low_balance,ppq balance low: $0.01,"ppq balance at $0.01, below $5.00 threshold. Top up to avoid service interruption.",1,0
3389,1787171403.4210515,critical,api_low_balance,openrouter balance low: $0.56,"openrouter balance at $0.56, below $5.00 threshold. Top up to avoid service interruption.",1,0
3390,1787171410.8962219,CRITICAL,api_low_balance,ppq balance low: $0.01,"ppq balance at $0.01, below $5 threshold. Top up to avoid service interruption. (data 5 min old)",1,0
3391,1787171410.8969986,CRITICAL,api_low_balance,openrouter balance low: $0.56,"openrouter balance at $0.56, below $5 threshold. Top up to avoid service interruption. (data 5 min old)",1,0
3392,1787171410.8970168,WARN,cost_inefficiency,"Using openrouter for deepseek/deepseek-v4-flash ($0.21/M), routstrd cheaper ($0.12/M)","969 calls / 53,182,618 tokens on openrouter at $0.21/M. routstrd available at $0.12/M — potential savings $4.79/24h. Top up routstrd if depleted.",1,0
3393,1787171410.8970313,WARN,cost_inefficiency,"Using openrouter for glm-5.2 ($0.97/M), ollama_cloud cheaper ($0.02/M)","19 calls / 767,727 tokens on openrouter at $0.97/M. ollama_cloud available at $0.02/M — potential savings $0.73/24h. Top up ollama_cloud if depleted.",1,0
3394,1787171513.7944958,WARN,key_backoff,friend dead failure #17,"{""detail"": ""backoff 3600s; error_type=dead"", ""key_name"": ""friend""}",1,0
3395,1787171513.8023162,CRITICAL,KEY_DEAD,friend marked dead (auth failure 401/403),"{""detail"": ""backoff 3600s; error_type=dead"", ""key_name"": ""friend""}",1,0
3396,1787172301.6595535,critical,api_low_balance,ppq balance low: $0.01,"ppq balance at $0.01, below $5.00 threshold. Top up to avoid service interruption.",1,0
3397,1787172301.6595535,warning,api_burn_burst,ppq burn burst: $0.0008 (z=4.4σ),"ppq spend this interval ($0.0008) is 4.4σ above the rolling mean ($0.0000, σ=$0.0002). Possible runaway agent or expensive request.",1,0
3398,1787172301.6817226,critical,api_low_balance,openrouter balance low: $0.47,"openrouter balance at $0.47, below $5.00 threshold. Top up to avoid service interruption.",1,0
3399,1787173201.7821782,critical,api_low_balance,ppq balance low: $0.01,"ppq balance at $0.01, below $5.00 threshold. Top up to avoid service interruption.",1,0
3400,1787173201.797556,critical,api_low_balance,openrouter balance low: $0.26,"openrouter balance at $0.26, below $5.00 threshold. Top up to avoid service interruption.",1,0
3401,1787173201.797556,warning,api_expensive_request,openrouter expensive interval: $0.11,openrouter spend in last interval ($0.11) exceeds $0.10 threshold.,1,0
3402,1787173208.2061548,CRITICAL,api_low_balance,ppq balance low: $0.01,"ppq balance at $0.01, below $5 threshold. Top up to avoid service interruption. (data 5 min old)",1,0
3403,1787173208.2065759,CRITICAL,api_low_balance,openrouter balance low: $0.26,"openrouter balance at $0.26, below $5 threshold. Top up to avoid service interruption. (data 5 min old)",1,0
3404,1787173208.2065873,WARN,cost_inefficiency,"Using openrouter for deepseek/deepseek-v4-flash ($0.21/M), routstrd cheaper ($0.12/M)","1213 calls / 67,185,205 tokens on openrouter at $0.21/M. routstrd available at $0.12/M — potential savings $6.05/24h. Top up routstrd if depleted.",1,0
3405,1787173208.2065954,WARN,cost_inefficiency,"Using openrouter for glm-5.2 ($0.97/M), ollama_cloud cheaper ($0.02/M)","20 calls / 777,280 tokens on openrouter at $0.97/M. ollama_cloud available at $0.02/M — potential savings $0.74/24h. Top up ollama_cloud if depleted.",1,0
3406,1787174101.2820935,critical,api_low_balance,ppq balance low: $0.01,"ppq balance at $0.01, below $5.00 threshold. Top up to avoid service interruption.",1,0
3407,1787174101.2884266,critical,api_low_balance,openrouter balance low: $-0.01,"openrouter balance at $-0.01, below $5.00 threshold. Top up to avoid service interruption.",1,0
3408,1787175002.3034527,critical,api_low_balance,ppq balance low: $0.01,"ppq balance at $0.01, below $5.00 threshold. Top up to avoid service interruption.",1,0
3409,1787175002.3298788,critical,api_low_balance,openrouter balance low: $-0.01,"openrouter balance at $-0.01, below $5.00 threshold. Top up to avoid service interruption.",1,0
3410,1787175008.8556733,CRITICAL,api_low_balance,ppq balance low: $0.01,"ppq balance at $0.01, below $5 threshold. Top up to avoid service interruption. (data 5 min old)",1,0
3411,1787175008.8561265,CRITICAL,api_low_balance,openrouter balance low: $-0.01,"openrouter balance at $-0.01, below $5 threshold. Top up to avoid service interruption. (data 5 min old)",1,0
3412,1787175008.8561504,WARN,cost_inefficiency,"Using openrouter for deepseek/deepseek-v4-flash ($0.21/M), routstrd cheaper ($0.12/M)","1318 calls / 74,607,566 tokens on openrouter at $0.21/M. routstrd available at $0.12/M — potential savings $6.71/24h. Top up routstrd if depleted.",1,0
3413,1787175008.8561597,WARN,cost_inefficiency,"Using openrouter for glm-5.2 ($0.97/M), ollama_cloud cheaper ($0.02/M)","20 calls / 777,280 tokens on openrouter at $0.97/M. ollama_cloud available at $0.02/M — potential savings $0.74/24h. Top up ollama_cloud if depleted.",1,0
3414,1787175128.3834581,WARN,key_backoff,friend dead failure #18,"{""detail"": ""backoff 3600s; error_type=dead"", ""key_name"": ""friend""}",1,0
3415,1787175128.3835742,CRITICAL,KEY_DEAD,friend marked dead (auth failure 401/403),"{""detail"": ""backoff 3600s; error_type=dead"", ""key_name"": ""friend""}",1,0
3416,1787175901.8836007,critical,api_low_balance,ppq balance low: $0.01,"ppq balance at $0.01, below $5.00 threshold. Top up to avoid service interruption.",1,0
3417,1787175901.9007359,critical,api_low_balance,openrouter balance low: $-0.01,"openrouter balance at $-0.01, below $5.00 threshold. Top up to avoid service interruption.",1,0
3418,1787176801.4849694,critical,api_low_balance,ppq balance low: $0.01,"ppq balance at $0.01, below $5.00 threshold. Top up to avoid service interruption.",1,0
3419,1787176801.5325878,critical,api_low_balance,openrouter balance low: $-0.01,"openrouter balance at $-0.01, below $5.00 threshold. Top up to avoid service interruption.",1,0
3420,1787176808.0411296,CRITICAL,api_low_balance,ppq balance low: $0.01,"ppq balance at $0.01, below $5 threshold. Top up to avoid service interruption. (data 5 min old)",1,0
3421,1787176808.0416665,CRITICAL,api_low_balance,openrouter balance low: $-0.01,"openrouter balance at $-0.01, below $5 threshold. Top up to avoid service interruption. (data 5 min old)",1,0
3422,1787176808.0416772,WARN,cost_inefficiency,"Using openrouter for deepseek/deepseek-v4-flash ($0.21/M), routstrd cheaper ($0.12/M)","1318 calls / 74,607,566 tokens on openrouter at $0.21/M. routstrd available at $0.12/M — potential savings $6.71/24h. Top up routstrd if depleted.",1,0
3423,1787176808.0416858,WARN,cost_inefficiency,"Using openrouter for glm-5.2 ($0.97/M), ollama_cloud cheaper ($0.02/M)","20 calls / 777,280 tokens on openrouter at $0.97/M. ollama_cloud available at $0.02/M — potential savings $0.74/24h. Top up ollama_cloud if depleted.",1,0
3424,1787177702.112167,critical,api_low_balance,ppq balance low: $0.01,"ppq balance at $0.01, below $5.00 threshold. Top up to avoid service interruption.",1,0
3425,1787177702.1485445,critical,api_low_balance,openrouter balance low: $-0.01,"openrouter balance at $-0.01, below $5.00 threshold. Top up to avoid service interruption.",1,0
3426,1787178602.5460484,critical,api_low_balance,ppq balance low: $0.01,"ppq balance at $0.01, below $5.00 threshold. Top up to avoid service interruption.",1,0
3427,1787178602.6083367,critical,api_low_balance,openrouter balance low: $-0.01,"openrouter balance at $-0.01, below $5.00 threshold. Top up to avoid service interruption.",1,0
3428,1787178609.1446917,CRITICAL,api_low_balance,ppq balance low: $0.01,"ppq balance at $0.01, below $5 threshold. Top up to avoid service interruption. (data 5 min old)",1,0
3429,1787178609.145208,CRITICAL,api_low_balance,openrouter balance low: $-0.01,"openrouter balance at $-0.01, below $5 threshold. Top up to avoid service interruption. (data 5 min old)",1,0
3430,1787178609.1520355,WARN,cost_inefficiency,"Using openrouter for deepseek/deepseek-v4-flash ($0.21/M), routstrd cheaper ($0.12/M)","1318 calls / 74,607,566 tokens on openrouter at $0.21/M. routstrd available at $0.12/M — potential savings $6.71/24h. Top up routstrd if depleted.",1,0
3431,1787178609.1520557,WARN,cost_inefficiency,"Using openrouter for glm-5.2 ($0.97/M), ollama_cloud cheaper ($0.02/M)","20 calls / 777,280 tokens on openrouter at $0.97/M. ollama_cloud available at $0.02/M — potential savings $0.74/24h. Top up ollama_cloud if depleted.",1,0
3432,1787179497.9909406,WARN,key_backoff,friend dead failure #19,"{""detail"": ""backoff 3600s; error_type=dead"", ""key_name"": ""friend""}",1,0
3433,1787179497.9910336,CRITICAL,KEY_DEAD,friend marked dead (auth failure 401/403),"{""detail"": ""backoff 3600s; error_type=dead"", ""key_name"": ""friend""}",1,0
3434,1787179501.589681,critical,api_low_balance,ppq balance low: $0.01,"ppq balance at $0.01, below $5.00 threshold. Top up to avoid service interruption.",1,0
3435,1787179501.601206,critical,api_low_balance,openrouter balance low: $-0.01,"openrouter balance at $-0.01, below $5.00 threshold. Top up to avoid service interruption.",1,0
3436,1787180401.8677464,critical,api_low_balance,ppq balance low: $0.01,"ppq balance at $0.01, below $5.00 threshold. Top up to avoid service interruption.",1,0
3437,1787180401.8956993,critical,api_low_balance,openrouter balance low: $-0.01,"openrouter balance at $-0.01, below $5.00 threshold. Top up to avoid service interruption.",1,0
3438,1787180408.4548848,CRITICAL,api_low_balance,ppq balance low: $0.01,"ppq balance at $0.01, below $5 threshold. Top up to avoid service interruption. (data 5 min old)",1,0
3439,1787180408.456119,CRITICAL,api_low_balance,openrouter balance low: $-0.01,"openrouter balance at $-0.01, below $5 threshold. Top up to avoid service interruption. (data 5 min old)",1,0
3440,1787180408.456181,WARN,cost_inefficiency,"Using openrouter for deepseek/deepseek-v4-flash ($0.21/M), routstrd cheaper ($0.12/M)","1318 calls / 74,607,566 tokens on openrouter at $0.21/M. routstrd available at $0.12/M — potential savings $6.71/24h. Top up routstrd if depleted.",1,0
3441,1787180408.4562051,WARN,cost_inefficiency,"Using openrouter for glm-5.2 ($0.97/M), ollama_cloud cheaper ($0.02/M)","20 calls / 777,280 tokens on openrouter at $0.97/M. ollama_cloud available at $0.02/M — potential savings $0.74/24h. Top up ollama_cloud if depleted.",1,0
3442,1787181301.8996155,critical,api_low_balance,ppq balance low: $0.01,"ppq balance at $0.01, below $5.00 threshold. Top up to avoid service interruption.",1,0
3443,1787181301.9314392,critical,api_low_balance,openrouter balance low: $-0.01,"openrouter balance at $-0.01, below $5.00 threshold. Top up to avoid service interruption.",1,0
3444,1787182202.5129514,critical,api_low_balance,ppq balance low: $0.01,"ppq balance at $0.01, below $5.00 threshold. Top up to avoid service interruption.",1,0
3445,1787182202.5381339,critical,api_low_balance,openrouter balance low: $-0.01,"openrouter balance at $-0.01, below $5.00 threshold. Top up to avoid service interruption.",1,0
3446,1787182209.2224514,CRITICAL,api_low_balance,ppq balance low: $0.01,"ppq balance at $0.01, below $5 threshold. Top up to avoid service interruption. (data 5 min old)",1,0
3447,1787182209.2235472,CRITICAL,api_low_balance,openrouter balance low: $-0.01,"openrouter balance at $-0.01, below $5 threshold. Top up to avoid service interruption. (data 5 min old)",1,0
3448,1787182209.2235723,WARN,cost_inefficiency,"Using openrouter for deepseek/deepseek-v4-flash ($0.21/M), routstrd cheaper ($0.12/M)","1318 calls / 74,607,566 tokens on openrouter at $0.21/M. routstrd available at $0.12/M — potential savings $6.71/24h. Top up routstrd if depleted.",1,0
3449,1787182209.223596,WARN,cost_inefficiency,"Using openrouter for glm-5.2 ($0.97/M), ollama_cloud cheaper ($0.02/M)","20 calls / 777,280 tokens on openrouter at $0.97/M. ollama_cloud available at $0.02/M — potential savings $0.74/24h. Top up ollama_cloud if depleted.",1,0
3450,1787183101.2188945,WARN,key_backoff,friend dead failure #20,"{""detail"": ""backoff 3600s; error_type=dead"", ""key_name"": ""friend""}",1,0
3451,1787183101.2189968,CRITICAL,KEY_DEAD,friend marked dead (auth failure 401/403),"{""detail"": ""backoff 3600s; error_type=dead"", ""key_name"": ""friend""}",1,0
3452,1787183101.7877688,critical,api_low_balance,ppq balance low: $0.01,"ppq balance at $0.01, below $5.00 threshold. Top up to avoid service interruption.",1,0
3453,1787183101.8017948,critical,api_low_balance,openrouter balance low: $-0.01,"openrouter balance at $-0.01, below $5.00 threshold. Top up to avoid service interruption.",1,0
3454,1787183102.04021,WARN,key_backoff,friend dead failure #21,"{""detail"": ""backoff 3600s; error_type=dead"", ""key_name"": ""friend""}",1,0
3455,1787183102.0403192,CRITICAL,KEY_DEAD,friend marked dead (auth failure 401/403),"{""detail"": ""backoff 3600s; error_type=dead"", ""key_name"": ""friend""}",1,0
3456,1787183102.0885832,WARN,key_backoff,friend dead failure #22,"{""detail"": ""backoff 3600s; error_type=dead"", ""key_name"": ""friend""}",1,0
3457,1787183102.0886683,CRITICAL,KEY_DEAD,friend marked dead (auth failure 401/403),"{""detail"": ""backoff 3600s; error_type=dead"", ""key_name"": ""friend""}",1,0
3458,1787183102.5192347,WARN,key_backoff,friend dead failure #23,"{""detail"": ""backoff 3600s; error_type=dead"", ""key_name"": ""friend""}",1,0
3459,1787183102.5193295,CRITICAL,KEY_DEAD,friend marked dead (auth failure 401/403),"{""detail"": ""backoff 3600s; error_type=dead"", ""key_name"": ""friend""}",1,0
3460,1787184001.5560904,critical,api_low_balance,ppq balance low: $0.01,"ppq balance at $0.01, below $5.00 threshold. Top up to avoid service interruption.",1,0
3461,1787184001.56781,critical,api_low_balance,openrouter balance low: $-0.01,"openrouter balance at $-0.01, below $5.00 threshold. Top up to avoid service interruption.",1,0
3462,1787184008.2525156,CRITICAL,api_low_balance,ppq balance low: $0.01,"ppq balance at $0.01, below $5 threshold. Top up to avoid service interruption. (data 5 min old)",1,0
3463,1787184008.2528553,CRITICAL,api_low_balance,openrouter balance low: $-0.01,"openrouter balance at $-0.01, below $5 threshold. Top up to avoid service interruption. (data 5 min old)",1,0
3464,1787184008.252863,WARN,cost_inefficiency,"Using openrouter for deepseek/deepseek-v4-flash ($0.21/M), routstrd cheaper ($0.12/M)","1318 calls / 74,607,566 tokens on openrouter at $0.21/M. routstrd available at $0.12/M — potential savings $6.71/24h. Top up routstrd if depleted.",1,0
3465,1787184008.2528687,WARN,cost_inefficiency,"Using openrouter for glm-5.2 ($0.97/M), ollama_cloud cheaper ($0.02/M)","20 calls / 777,280 tokens on openrouter at $0.97/M. ollama_cloud available at $0.02/M — potential savings $0.74/24h. Top up ollama_cloud if depleted.",1,0
3466,1787184902.2821739,critical,api_low_balance,ppq balance low: $0.01,"ppq balance at $0.01, below $5.00 threshold. Top up to avoid service interruption.",1,0
3467,1787184902.3013783,critical,api_low_balance,openrouter balance low: $-0.01,"openrouter balance at $-0.01, below $5.00 threshold. Top up to avoid service interruption.",1,0
3468,1787185802.3287692,critical,api_low_balance,ppq balance low: $0.01,"ppq balance at $0.01, below $5.00 threshold. Top up to avoid service interruption.",1,0
3469,1787185802.359929,critical,api_low_balance,openrouter balance low: $-0.01,"openrouter balance at $-0.01, below $5.00 threshold. Top up to avoid service interruption.",1,0
3470,1787185810.2238863,CRITICAL,api_low_balance,ppq balance low: $0.01,"ppq balance at $0.01, below $5 threshold. Top up to avoid service interruption. (data 5 min old)",1,0
3471,1787185810.2244718,CRITICAL,api_low_balance,openrouter balance low: $-0.01,"openrouter balance at $-0.01, below $5 threshold. Top up to avoid service interruption. (data 5 min old)",1,0
3472,1787185810.224505,WARN,cost_inefficiency,"Using openrouter for deepseek/deepseek-v4-flash ($0.21/M), routstrd cheaper ($0.12/M)","1318 calls / 74,607,566 tokens on openrouter at $0.21/M. routstrd available at $0.12/M — potential savings $6.71/24h. Top up routstrd if depleted.",1,0
3473,1787185810.2245169,WARN,cost_inefficiency,"Using openrouter for glm-5.2 ($0.97/M), ollama_cloud cheaper ($0.02/M)","20 calls / 777,280 tokens on openrouter at $0.97/M. ollama_cloud available at $0.02/M — potential savings $0.74/24h. Top up ollama_cloud if depleted.",1,0
3474,1787186701.456098,critical,api_low_balance,ppq balance low: $0.01,"ppq balance at $0.01, below $5.00 threshold. Top up to avoid service interruption.",1,0
3475,1787186701.4741256,critical,api_low_balance,openrouter balance low: $-0.01,"openrouter balance at $-0.01, below $5.00 threshold. Top up to avoid service interruption.",1,0
3476,1787187063.6179879,WARN,key_backoff,friend dead failure #24,"{""detail"": ""backoff 3600s; error_type=dead"", ""key_name"": ""friend""}",1,0
3477,1787187063.618124,CRITICAL,KEY_DEAD,friend marked dead (auth failure 401/403),"{""detail"": ""backoff 3600s; error_type=dead"", ""key_name"": ""friend""}",1,0
3478,1787187602.2028515,critical,api_low_balance,ppq balance low: $0.01,"ppq balance at $0.01, below $5.00 threshold. Top up to avoid service interruption.",1,0
3479,1787187602.2288828,critical,api_low_balance,openrouter balance low: $-0.01,"openrouter balance at $-0.01, below $5.00 threshold. Top up to avoid service interruption.",1,0
3480,1787187609.1123006,CRITICAL,api_low_balance,ppq balance low: $0.01,"ppq balance at $0.01, below $5 threshold. Top up to avoid service interruption. (data 5 min old)",1,0
3481,1787187609.1128309,CRITICAL,api_low_balance,openrouter balance low: $-0.01,"openrouter balance at $-0.01, below $5 threshold. Top up to avoid service interruption. (data 5 min old)",1,0
3482,1787187609.112844,WARN,cost_inefficiency,"Using openrouter for deepseek/deepseek-v4-flash ($0.21/M), routstrd cheaper ($0.12/M)","1318 calls / 74,607,566 tokens on openrouter at $0.21/M. routstrd available at $0.12/M — potential savings $6.71/24h. Top up routstrd if depleted.",1,0
3483,1787187609.1128533,WARN,cost_inefficiency,"Using openrouter for glm-5.2 ($0.97/M), ollama_cloud cheaper ($0.02/M)","20 calls / 777,280 tokens on openrouter at $0.97/M. ollama_cloud available at $0.02/M — potential savings $0.74/24h. Top up ollama_cloud if depleted.",1,0
3484,1787188501.7355354,critical,api_low_balance,ppq balance low: $0.01,"ppq balance at $0.01, below $5.00 threshold. Top up to avoid service interruption.",1,0
3485,1787188501.7644632,critical,api_low_balance,openrouter balance low: $-0.01,"openrouter balance at $-0.01, below $5.00 threshold. Top up to avoid service interruption.",1,0
3486,1787189402.059089,critical,api_low_balance,ppq balance low: $0.01,"ppq balance at $0.01, below $5.00 threshold. Top up to avoid service interruption.",1,0
3487,1787189402.0832107,critical,api_low_balance,openrouter balance low: $-0.01,"openrouter balance at $-0.01, below $5.00 threshold. Top up to avoid service interruption.",1,0
3488,1787189409.1033752,CRITICAL,api_low_balance,ppq balance low: $0.01,"ppq balance at $0.01, below $5 threshold. Top up to avoid service interruption. (data 5 min old)",1,0
3489,1787189409.1038952,CRITICAL,api_low_balance,openrouter balance low: $-0.01,"openrouter balance at $-0.01, below $5 threshold. Top up to avoid service interruption. (data 5 min old)",1,0
3490,1787189409.10391,WARN,cost_inefficiency,"Using openrouter for deepseek/deepseek-v4-flash ($0.21/M), routstrd cheaper ($0.12/M)","1318 calls / 74,607,566 tokens on openrouter at $0.21/M. routstrd available at $0.12/M — potential savings $6.71/24h. Top up routstrd if depleted.",1,0
3491,1787189409.1039202,WARN,cost_inefficiency,"Using openrouter for glm-5.2 ($0.97/M), ollama_cloud cheaper ($0.02/M)","20 calls / 777,280 tokens on openrouter at $0.97/M. ollama_cloud available at $0.02/M — potential savings $0.74/24h. Top up ollama_cloud if depleted.",1,0
3492,1787189409.1039288,WARN,cost_inefficiency,"Using telnyx for glm-5.2 ($2.15/M), ollama_cloud cheaper ($0.02/M)","9 calls / 237,768 tokens on telnyx at $2.15/M. ollama_cloud available at $0.02/M — potential savings $0.51/24h. Top up ollama_cloud if depleted.",1,0
3493,1787190301.9098108,critical,api_low_balance,ppq balance low: $0.01,"ppq balance at $0.01, below $5.00 threshold. Top up to avoid service interruption.",1,0
3494,1787190301.9332945,critical,api_low_balance,openrouter balance low: $-0.01,"openrouter balance at $-0.01, below $5.00 threshold. Top up to avoid service interruption.",1,0
3495,1787190844.4654381,WARN,key_backoff,friend dead failure #25,"{""detail"": ""backoff 3600s; error_type=dead"", ""key_name"": ""friend""}",1,0
3496,1787190844.4655063,CRITICAL,KEY_DEAD,friend marked dead (auth failure 401/403),"{""detail"": ""backoff 3600s; error_type=dead"", ""key_name"": ""friend""}",1,0
3497,1787191202.7950592,critical,api_low_balance,ppq balance low: $0.01,"ppq balance at $0.01, below $5.00 threshold. Top up to avoid service interruption.",1,0
3498,1787191202.8149707,critical,api_low_balance,openrouter balance low: $-0.01,"openrouter balance at $-0.01, below $5.00 threshold. Top up to avoid service interruption.",1,0
3499,1787191209.8023229,CRITICAL,api_low_balance,ppq balance low: $0.01,"ppq balance at $0.01, below $5 threshold. Top up to avoid service interruption. (data 5 min old)",1,0
3500,1787191209.8028405,CRITICAL,api_low_balance,openrouter balance low: $-0.01,"openrouter balance at $-0.01, below $5 threshold. Top up to avoid service interruption. (data 5 min old)",1,0
3501,1787191209.8028557,WARN,cost_inefficiency,"Using openrouter for deepseek/deepseek-v4-flash ($0.21/M), routstrd cheaper ($0.12/M)","1318 calls / 74,607,566 tokens on openrouter at $0.21/M. routstrd available at $0.12/M — potential savings $6.71/24h. Top up routstrd if depleted.",1,0
3502,1787191209.8028646,WARN,cost_inefficiency,"Using openrouter for glm-5.2 ($0.97/M), ollama_cloud cheaper ($0.02/M)","20 calls / 777,280 tokens on openrouter at $0.97/M. ollama_cloud available at $0.02/M — potential savings $0.74/24h. Top up ollama_cloud if depleted.",1,0
3503,1787191209.8028717,WARN,cost_inefficiency,"Using telnyx for glm-5.2 ($2.15/M), ollama_cloud cheaper ($0.02/M)","10 calls / 248,836 tokens on telnyx at $2.15/M. ollama_cloud available at $0.02/M — potential savings $0.53/24h. Top up ollama_cloud if depleted.",1,0
3504,1787192101.7365167,critical,api_low_balance,ppq balance low: $0.01,"ppq balance at $0.01, below $5.00 threshold. Top up to avoid service interruption.",1,0
3505,1787192101.7706068,critical,api_low_balance,openrouter balance low: $-0.01,"openrouter balance at $-0.01, below $5.00 threshold. Top up to avoid service interruption.",1,0
3506,1787193002.1170948,critical,api_low_balance,ppq balance low: $0.01,"ppq balance at $0.01, below $5.00 threshold. Top up to avoid service interruption.",1,0
3507,1787193002.136134,critical,api_low_balance,openrouter balance low: $-0.01,"openrouter balance at $-0.01, below $5.00 threshold. Top up to avoid service interruption.",1,0
3508,1787193009.0669944,CRITICAL,api_low_balance,ppq balance low: $0.01,"ppq balance at $0.01, below $5 threshold. Top up to avoid service interruption. (data 5 min old)",1,0
3509,1787193009.0675068,CRITICAL,api_low_balance,openrouter balance low: $-0.01,"openrouter balance at $-0.01, below $5 threshold. Top up to avoid service interruption. (data 5 min old)",1,0
3510,1787193009.0675194,WARN,cost_inefficiency,"Using openrouter for deepseek/deepseek-v4-flash ($0.21/M), routstrd cheaper ($0.12/M)","1318 calls / 74,607,566 tokens on openrouter at $0.21/M. routstrd available at $0.12/M — potential savings $6.71/24h. Top up routstrd if depleted.",1,0
3511,1787193009.0675282,WARN,cost_inefficiency,"Using openrouter for glm-5.2 ($0.97/M), ollama_cloud cheaper ($0.02/M)","20 calls / 777,280 tokens on openrouter at $0.97/M. ollama_cloud available at $0.02/M — potential savings $0.74/24h. Top up ollama_cloud if depleted.",1,0
3512,1787193009.0675344,WARN,cost_inefficiency,"Using telnyx for glm-5.2 ($2.15/M), ollama_cloud cheaper ($0.02/M)","10 calls / 248,836 tokens on telnyx at $2.15/M. ollama_cloud available at $0.02/M — potential savings $0.53/24h. Top up ollama_cloud if depleted.",1,0
3513,1787193901.3830106,critical,api_low_balance,ppq balance low: $0.01,"ppq balance at $0.01, below $5.00 threshold. Top up to avoid service interruption.",1,0
3514,1787193901.3922732,critical,api_low_balance,openrouter balance low: $-0.01,"openrouter balance at $-0.01, below $5.00 threshold. Top up to avoid service interruption.",1,0
3515,1787194628.4620664,WARN,key_backoff,friend dead failure #26,"{""detail"": ""backoff 3600s; error_type=dead"", ""key_name"": ""friend""}",1,0
3516,1787194628.4621768,CRITICAL,KEY_DEAD,friend marked dead (auth failure 401/403),"{""detail"": ""backoff 3600s; error_type=dead"", ""key_name"": ""friend""}",1,0
3517,1787194801.4462347,critical,api_low_balance,ppq balance low: $0.01,"ppq balance at $0.01, below $5.00 threshold. Top up to avoid service interruption.",1,0
3518,1787194801.4527557,critical,api_low_balance,openrouter balance low: $-0.01,"openrouter balance at $-0.01, below $5.00 threshold. Top up to avoid service interruption.",1,0
3519,1787194808.699972,CRITICAL,api_low_balance,ppq balance low: $0.01,"ppq balance at $0.01, below $5 threshold. Top up to avoid service interruption. (data 5 min old)",1,0
3520,1787194808.704511,CRITICAL,api_low_balance,openrouter balance low: $-0.01,"openrouter balance at $-0.01, below $5 threshold. Top up to avoid service interruption. (data 5 min old)",1,0
3521,1787194808.7045283,WARN,cost_inefficiency,"Using openrouter for deepseek/deepseek-v4-flash ($0.21/M), routstrd cheaper ($0.12/M)","1318 calls / 74,607,566 tokens on openrouter at $0.21/M. routstrd available at $0.12/M — potential savings $6.71/24h. Top up routstrd if depleted.",1,0
3522,1787194808.7045393,WARN,cost_inefficiency,"Using openrouter for glm-5.2 ($0.97/M), ollama_cloud cheaper ($0.02/M)","20 calls / 777,280 tokens on openrouter at $0.97/M. ollama_cloud available at $0.02/M — potential savings $0.74/24h. Top up ollama_cloud if depleted.",1,0
3523,1787194808.704548,WARN,cost_inefficiency,"Using telnyx for glm-5.2 ($2.15/M), ollama_cloud cheaper ($0.02/M)","11 calls / 272,360 tokens on telnyx at $2.15/M. ollama_cloud available at $0.02/M — potential savings $0.58/24h. Top up ollama_cloud if depleted.",1,0
3524,1787195701.9520543,critical,api_low_balance,ppq balance low: $0.01,"ppq balance at $0.01, below $5.00 threshold. Top up to avoid service interruption.",1,0
3525,1787195701.9641306,critical,api_low_balance,openrouter balance low: $-0.01,"openrouter balance at $-0.01, below $5.00 threshold. Top up to avoid service interruption.",1,0
3526,1787196602.244102,critical,api_low_balance,ppq balance low: $0.01,"ppq balance at $0.01, below $5.00 threshold. Top up to avoid service interruption.",1,0
3527,1787196602.260789,critical,api_low_balance,openrouter balance low: $-0.01,"openrouter balance at $-0.01, below $5.00 threshold. Top up to avoid service interruption.",1,0
3528,1787196609.2060902,CRITICAL,api_low_balance,ppq balance low: $0.01,"ppq balance at $0.01, below $5 threshold. Top up to avoid service interruption. (data 5 min old)",1,0
3529,1787196609.2065938,CRITICAL,api_low_balance,openrouter balance low: $-0.01,"openrouter balance at $-0.01, below $5 threshold. Top up to avoid service interruption. (data 5 min old)",1,0
3530,1787196609.2066092,WARN,cost_inefficiency,"Using openrouter for deepseek/deepseek-v4-flash ($0.21/M), routstrd cheaper ($0.12/M)","1318 calls / 74,607,566 tokens on openrouter at $0.21/M. routstrd available at $0.12/M — potential savings $6.71/24h. Top up routstrd if depleted.",1,0
3531,1787196609.2066195,WARN,cost_inefficiency,"Using openrouter for glm-5.2 ($0.97/M), ollama_cloud cheaper ($0.02/M)","20 calls / 777,280 tokens on openrouter at $0.97/M. ollama_cloud available at $0.02/M — potential savings $0.74/24h. Top up ollama_cloud if depleted.",1,0
3532,1787196609.2066276,WARN,cost_inefficiency,"Using telnyx for glm-5.2 ($2.15/M), ollama_cloud cheaper ($0.02/M)","11 calls / 272,360 tokens on telnyx at $2.15/M. ollama_cloud available at $0.02/M — potential savings $0.58/24h. Top up ollama_cloud if depleted.",1,0
3533,1787197502.0270166,critical,api_low_balance,ppq balance low: $0.01,"ppq balance at $0.01, below $5.00 threshold. Top up to avoid service interruption.",1,0
3534,1787197502.034955,critical,api_low_balance,openrouter balance low: $-0.01,"openrouter balance at $-0.01, below $5.00 threshold. Top up to avoid service interruption.",1,0
3535,1787198402.4013486,critical,api_low_balance,ppq balance low: $0.01,"ppq balance at $0.01, below $5.00 threshold. Top up to avoid service interruption.",1,0
3536,1787198402.4133496,critical,api_low_balance,openrouter balance low: $-0.01,"openrouter balance at $-0.01, below $5.00 threshold. Top up to avoid service interruption.",1,0
3537,1787198408.9542952,CRITICAL,api_low_balance,ppq balance low: $0.01,"ppq balance at $0.01, below $5 threshold. Top up to avoid service interruption. (data 5 min old)",1,0
3538,1787198408.9548378,CRITICAL,api_low_balance,openrouter balance low: $-0.01,"openrouter balance at $-0.01, below $5 threshold. Top up to avoid service interruption. (data 5 min old)",1,0
3539,1787198408.9548516,WARN,cost_inefficiency,"Using openrouter for deepseek/deepseek-v4-flash ($0.21/M), routstrd cheaper ($0.12/M)","1318 calls / 74,607,566 tokens on openrouter at $0.21/M. routstrd available at $0.12/M — potential savings $6.71/24h. Top up routstrd if depleted.",1,0
3540,1787198408.9548612,WARN,cost_inefficiency,"Using openrouter for glm-5.2 ($0.97/M), ollama_cloud cheaper ($0.02/M)","20 calls / 777,280 tokens on openrouter at $0.97/M. ollama_cloud available at $0.02/M — potential savings $0.74/24h. Top up ollama_cloud if depleted.",1,0
3541,1787198408.9548695,WARN,cost_inefficiency,"Using telnyx for glm-5.2 ($2.15/M), ollama_cloud cheaper ($0.02/M)","11 calls / 272,360 tokens on telnyx at $2.15/M. ollama_cloud available at $0.02/M — potential savings $0.58/24h. Top up ollama_cloud if depleted.",1,0
3542,1787198415.9918132,WARN,key_backoff,friend dead failure #27,"{""detail"": ""backoff 3600s; error_type=dead"", ""key_name"": ""friend""}",1,0
3543,1787198415.9919128,CRITICAL,KEY_DEAD,friend marked dead (auth failure 401/403),"{""detail"": ""backoff 3600s; error_type=dead"", ""key_name"": ""friend""}",1,0
3544,1787199302.1156487,critical,api_low_balance,ppq balance low: $0.01,"ppq balance at $0.01, below $5.00 threshold. Top up to avoid service interruption.",1,0
3545,1787199302.1223233,critical,api_low_balance,openrouter balance low: $-0.01,"openrouter balance at $-0.01, below $5.00 threshold. Top up to avoid service interruption.",1,0
3546,1787200201.8571274,critical,api_low_balance,ppq balance low: $0.01,"ppq balance at $0.01, below $5.00 threshold. Top up to avoid service interruption.",1,0
3547,1787200201.8849106,critical,api_low_balance,openrouter balance low: $-0.01,"openrouter balance at $-0.01, below $5.00 threshold. Top up to avoid service interruption.",1,0
3548,1787200208.8071787,CRITICAL,api_low_balance,ppq balance low: $0.01,"ppq balance at $0.01, below $5 threshold. Top up to avoid service interruption. (data 5 min old)",1,0
3549,1787200208.8074856,CRITICAL,api_low_balance,openrouter balance low: $-0.01,"openrouter balance at $-0.01, below $5 threshold. Top up to avoid service interruption. (data 5 min old)",1,0
3550,1787200208.8074937,WARN,cost_inefficiency,"Using openrouter for deepseek/deepseek-v4-flash ($0.21/M), routstrd cheaper ($0.12/M)","1318 calls / 74,607,566 tokens on openrouter at $0.21/M. routstrd available at $0.12/M — potential savings $6.71/24h. Top up routstrd if depleted.",1,0
3551,1787200208.8074982,WARN,cost_inefficiency,"Using openrouter for glm-5.2 ($0.97/M), ollama_cloud cheaper ($0.02/M)","20 calls / 777,280 tokens on openrouter at $0.97/M. ollama_cloud available at $0.02/M — potential savings $0.74/24h. Top up ollama_cloud if depleted.",1,0
3552,1787200208.8075018,WARN,cost_inefficiency,"Using telnyx for glm-5.2 ($2.15/M), ollama_cloud cheaper ($0.02/M)","12 calls / 295,878 tokens on telnyx at $2.15/M. ollama_cloud available at $0.02/M — potential savings $0.63/24h. Top up ollama_cloud if depleted.",1,0
3553,1787201101.4153817,critical,api_low_balance,ppq balance low: $0.01,"ppq balance at $0.01, below $5.00 threshold. Top up to avoid service interruption.",1,0
3554,1787201101.4256365,critical,api_low_balance,openrouter balance low: $-0.01,"openrouter balance at $-0.01, below $5.00 threshold. Top up to avoid service interruption.",1,0
3555,1787202001.8315914,critical,api_low_balance,ppq balance low: $0.01,"ppq balance at $0.01, below $5.00 threshold. Top up to avoid service interruption.",1,0
3556,1787202001.8722901,critical,api_low_balance,openrouter balance low: $-0.01,"openrouter balance at $-0.01, below $5.00 threshold. Top up to avoid service interruption.",1,0
3557,1787202008.9534948,CRITICAL,api_low_balance,ppq balance low: $0.01,"ppq balance at $0.01, below $5 threshold. Top up to avoid service interruption. (data 5 min old)",1,0
3558,1787202008.954603,CRITICAL,api_low_balance,openrouter balance low: $-0.01,"openrouter balance at $-0.01, below $5 threshold. Top up to avoid service interruption. (data 5 min old)",1,0
3559,1787202008.954633,WARN,cost_inefficiency,"Using openrouter for deepseek/deepseek-v4-flash ($0.21/M), routstrd cheaper ($0.12/M)","1318 calls / 74,607,566 tokens on openrouter at $0.21/M. routstrd available at $0.12/M — potential savings $6.71/24h. Top up routstrd if depleted.",1,0
3560,1787202008.9546528,WARN,cost_inefficiency,"Using openrouter for glm-5.2 ($0.97/M), ollama_cloud cheaper ($0.02/M)","20 calls / 777,280 tokens on openrouter at $0.97/M. ollama_cloud available at $0.02/M — potential savings $0.74/24h. Top up ollama_cloud if depleted.",1,0
3561,1787202008.9546676,WARN,cost_inefficiency,"Using telnyx for glm-5.2 ($2.15/M), ollama_cloud cheaper ($0.02/M)","12 calls / 295,878 tokens on telnyx at $2.15/M. ollama_cloud available at $0.02/M — potential savings $0.63/24h. Top up ollama_cloud if depleted.",1,0
3562,1787202194.491076,WARN,key_backoff,friend dead failure #28,"{""detail"": ""backoff 3600s; error_type=dead"", ""key_name"": ""friend""}",1,0
3563,1787202194.491185,CRITICAL,KEY_DEAD,friend marked dead (auth failure 401/403),"{""detail"": ""backoff 3600s; error_type=dead"", ""key_name"": ""friend""}",1,0
3564,1787202194.720304,WARN,key_backoff,friend dead failure #29,"{""detail"": ""backoff 3600s; error_type=dead"", ""key_name"": ""friend""}",1,0
3565,1787202194.7203538,CRITICAL,KEY_DEAD,friend marked dead (auth failure 401/403),"{""detail"": ""backoff 3600s; error_type=dead"", ""key_name"": ""friend""}",1,0
3566,1787202902.376597,critical,api_low_balance,ppq balance low: $0.01,"ppq balance at $0.01, below $5.00 threshold. Top up to avoid service interruption.",1,0
3567,1787202902.411223,critical,api_low_balance,openrouter balance low: $-0.01,"openrouter balance at $-0.01, below $5.00 threshold. Top up to avoid service interruption.",1,0
3568,1787203802.1620805,critical,api_low_balance,ppq balance low: $0.01,"ppq balance at $0.01, below $5.00 threshold. Top up to avoid service interruption.",1,0
3569,1787203802.185427,critical,api_low_balance,openrouter balance low: $-0.01,"openrouter balance at $-0.01, below $5.00 threshold. Top up to avoid service interruption.",1,0
3570,1787203808.8842862,CRITICAL,api_low_balance,ppq balance low: $0.01,"ppq balance at $0.01, below $5 threshold. Top up to avoid service interruption. (data 5 min old)",1,0
3571,1787203808.884873,CRITICAL,api_low_balance,openrouter balance low: $-0.01,"openrouter balance at $-0.01, below $5 threshold. Top up to avoid service interruption. (data 5 min old)",1,0
3572,1787203808.8848891,WARN,cost_inefficiency,"Using openrouter for deepseek/deepseek-v4-flash ($0.21/M), routstrd cheaper ($0.12/M)","1318 calls / 74,607,566 tokens on openrouter at $0.21/M. routstrd available at $0.12/M — potential savings $6.71/24h. Top up routstrd if depleted.",1,0
3573,1787203808.8848999,WARN,cost_inefficiency,"Using openrouter for glm-5.2 ($0.97/M), ollama_cloud cheaper ($0.02/M)","20 calls / 777,280 tokens on openrouter at $0.97/M. ollama_cloud available at $0.02/M — potential savings $0.74/24h. Top up ollama_cloud if depleted.",1,0
3574,1787203808.8849118,WARN,cost_inefficiency,"Using telnyx for glm-5.2 ($2.15/M), ollama_cloud cheaper ($0.02/M)","14 calls / 330,403 tokens on telnyx at $2.15/M. ollama_cloud available at $0.02/M — potential savings $0.70/24h. Top up ollama_cloud if depleted.",1,0
3575,1787204702.0149724,critical,api_low_balance,ppq balance low: $0.01,"ppq balance at $0.01, below $5.00 threshold. Top up to avoid service interruption.",1,0
3576,1787204702.033321,critical,api_low_balance,openrouter balance low: $-0.01,"openrouter balance at $-0.01, below $5.00 threshold. Top up to avoid service interruption.",1,0
3577,1787205601.5902693,critical,api_low_balance,ppq balance low: $0.01,"ppq balance at $0.01, below $5.00 threshold. Top up to avoid service interruption.",1,0
3578,1787205601.6237152,critical,api_low_balance,openrouter balance low: $-0.01,"openrouter balance at $-0.01, below $5.00 threshold. Top up to avoid service interruption.",1,0
3579,1787205608.1511614,CRITICAL,api_low_balance,ppq balance low: $0.01,"ppq balance at $0.01, below $5 threshold. Top up to avoid service interruption. (data 5 min old)",1,0
3580,1787205608.1514938,CRITICAL,api_low_balance,openrouter balance low: $-0.01,"openrouter balance at $-0.01, below $5 threshold. Top up to avoid service interruption. (data 5 min old)",1,0
3581,1787205608.1515007,WARN,cost_inefficiency,"Using openrouter for deepseek/deepseek-v4-flash ($0.21/M), routstrd cheaper ($0.12/M)","1318 calls / 74,607,566 tokens on openrouter at $0.21/M. routstrd available at $0.12/M — potential savings $6.71/24h. Top up routstrd if depleted.",1,0
3582,1787205608.151506,WARN,cost_inefficiency,"Using openrouter for glm-5.2 ($0.97/M), ollama_cloud cheaper ($0.02/M)","20 calls / 777,280 tokens on openrouter at $0.97/M. ollama_cloud available at $0.02/M — potential savings $0.74/24h. Top up ollama_cloud if depleted.",1,0
3583,1787205608.1515095,WARN,cost_inefficiency,"Using telnyx for glm-5.2 ($2.15/M), ollama_cloud cheaper ($0.02/M)","13 calls / 321,982 tokens on telnyx at $2.15/M. ollama_cloud available at $0.02/M — potential savings $0.69/24h. Top up ollama_cloud if depleted.",1,0
3584,1787206501.374394,critical,api_low_balance,ppq balance low: $0.01,"ppq balance at $0.01, below $5.00 threshold. Top up to avoid service interruption.",1,0
3585,1787206501.3914466,critical,api_low_balance,openrouter balance low: $-0.01,"openrouter balance at $-0.01, below $5.00 threshold. Top up to avoid service interruption.",1,0
3586,1787207401.438815,critical,api_low_balance,ppq balance low: $0.01,"ppq balance at $0.01, below $5.00 threshold. Top up to avoid service interruption.",1,0
3587,1787207401.4435136,critical,api_low_balance,openrouter balance low: $-0.01,"openrouter balance at $-0.01, below $5.00 threshold. Top up to avoid service interruption.",1,0
3588,1787207409.101367,CRITICAL,api_low_balance,ppq balance low: $0.01,"ppq balance at $0.01, below $5 threshold. Top up to avoid service interruption. (data 5 min old)",1,0
3589,1787207409.1020284,CRITICAL,api_low_balance,openrouter balance low: $-0.01,"openrouter balance at $-0.01, below $5 threshold. Top up to avoid service interruption. (data 5 min old)",1,0
3590,1787207409.102041,WARN,cost_inefficiency,"Using openrouter for deepseek/deepseek-v4-flash ($0.21/M), routstrd cheaper ($0.12/M)","1318 calls / 74,607,566 tokens on openrouter at $0.21/M. routstrd available at $0.12/M — potential savings $6.71/24h. Top up routstrd if depleted.",1,0
3591,1787207409.10205,WARN,cost_inefficiency,"Using openrouter for glm-5.2 ($0.97/M), ollama_cloud cheaper ($0.02/M)","20 calls / 777,280 tokens on openrouter at $0.97/M. ollama_cloud available at $0.02/M — potential savings $0.74/24h. Top up ollama_cloud if depleted.",1,0
3592,1787207409.1020577,WARN,cost_inefficiency,"Using telnyx for glm-5.2 ($2.15/M), ollama_cloud cheaper ($0.02/M)","13 calls / 321,982 tokens on telnyx at $2.15/M. ollama_cloud available at $0.02/M — potential savings $0.69/24h. Top up ollama_cloud if depleted.",1,0
3593,1787208302.0206025,critical,api_low_balance,ppq balance low: $0.01,"ppq balance at $0.01, below $5.00 threshold. Top up to avoid service interruption.",1,0
3594,1787208302.0581176,critical,api_low_balance,openrouter balance low: $-0.01,"openrouter balance at $-0.01, below $5.00 threshold. Top up to avoid service interruption.",1,0
3595,1787209202.4141686,critical,api_low_balance,ppq balance low: $0.01,"ppq balance at $0.01, below $5.00 threshold. Top up to avoid service interruption.",1,0
3596,1787209202.4259748,critical,api_low_balance,openrouter balance low: $-0.01,"openrouter balance at $-0.01, below $5.00 threshold. Top up to avoid service interruption.",1,0
3597,1787209208.9527185,CRITICAL,api_low_balance,ppq balance low: $0.01,"ppq balance at $0.01, below $5 threshold. Top up to avoid service interruption. (data 5 min old)",1,0
3598,1787209208.9530208,CRITICAL,api_low_balance,openrouter balance low: $-0.01,"openrouter balance at $-0.01, below $5 threshold. Top up to avoid service interruption. (data 5 min old)",1,0
3599,1787209208.9530282,WARN,cost_inefficiency,"Using openrouter for deepseek/deepseek-v4-flash ($0.21/M), routstrd cheaper ($0.12/M)","1318 calls / 74,607,566 tokens on openrouter at $0.21/M. routstrd available at $0.12/M — potential savings $6.71/24h. Top up routstrd if depleted.",1,0
3600,1787209208.953033,WARN,cost_inefficiency,"Using openrouter for glm-5.2 ($0.97/M), ollama_cloud cheaper ($0.02/M)","20 calls / 777,280 tokens on openrouter at $0.97/M. ollama_cloud available at $0.02/M — potential savings $0.74/24h. Top up ollama_cloud if depleted.",1,0
3601,1787209208.9530368,WARN,cost_inefficiency,"Using telnyx for glm-5.2 ($2.15/M), ollama_cloud cheaper ($0.02/M)","13 calls / 321,982 tokens on telnyx at $2.15/M. ollama_cloud available at $0.02/M — potential savings $0.69/24h. Top up ollama_cloud if depleted.",1,0
3602,1787210102.1622012,critical,api_low_balance,ppq balance low: $0.01,"ppq balance at $0.01, below $5.00 threshold. Top up to avoid service interruption.",1,0
3603,1787210102.165072,critical,api_low_balance,openrouter balance low: $-0.01,"openrouter balance at $-0.01, below $5.00 threshold. Top up to avoid service interruption.",1,0
3604,1787211002.2747238,critical,api_low_balance,ppq balance low: $0.01,"ppq balance at $0.01, below $5.00 threshold. Top up to avoid service interruption.",1,0
3605,1787211002.298741,critical,api_low_balance,openrouter balance low: $-0.01,"openrouter balance at $-0.01, below $5.00 threshold. Top up to avoid service interruption.",1,0
3606,1787211008.6366773,CRITICAL,api_low_balance,ppq balance low: $0.01,"ppq balance at $0.01, below $5 threshold. Top up to avoid service interruption. (data 5 min old)",1,0
3607,1787211008.6370115,CRITICAL,api_low_balance,openrouter balance low: $-0.01,"openrouter balance at $-0.01, below $5 threshold. Top up to avoid service interruption. (data 5 min old)",1,0
3608,1787211008.6370194,WARN,cost_inefficiency,"Using openrouter for deepseek/deepseek-v4-flash ($0.21/M), routstrd cheaper ($0.12/M)","1318 calls / 74,607,566 tokens on openrouter at $0.21/M. routstrd available at $0.12/M — potential savings $6.71/24h. Top up routstrd if depleted.",1,0
3609,1787211008.637025,WARN,cost_inefficiency,"Using openrouter for glm-5.2 ($0.97/M), ollama_cloud cheaper ($0.02/M)","20 calls / 777,280 tokens on openrouter at $0.97/M. ollama_cloud available at $0.02/M — potential savings $0.74/24h. Top up ollama_cloud if depleted.",1,0
3610,1787211008.637029,WARN,cost_inefficiency,"Using telnyx for glm-5.2 ($2.15/M), ollama_cloud cheaper ($0.02/M)","13 calls / 321,982 tokens on telnyx at $2.15/M. ollama_cloud available at $0.02/M — potential savings $0.69/24h. Top up ollama_cloud if depleted.",1,0
3611,1787211901.9736898,critical,api_low_balance,ppq balance low: $0.01,"ppq balance at $0.01, below $5.00 threshold. Top up to avoid service interruption.",1,0
3612,1787211902.0082774,critical,api_low_balance,openrouter balance low: $-0.01,"openrouter balance at $-0.01, below $5.00 threshold. Top up to avoid service interruption.",1,0
3613,1787212802.2010672,critical,api_low_balance,ppq balance low: $0.01,"ppq balance at $0.01, below $5.00 threshold. Top up to avoid service interruption.",1,0
3614,1787212802.2124531,critical,api_low_balance,openrouter balance low: $-0.01,"openrouter balance at $-0.01, below $5.00 threshold. Top up to avoid service interruption.",1,0
3615,1787212809.0712912,CRITICAL,api_low_balance,ppq balance low: $0.01,"ppq balance at $0.01, below $5 threshold. Top up to avoid service interruption. (data 5 min old)",1,0
3616,1787212809.0717983,CRITICAL,api_low_balance,openrouter balance low: $-0.01,"openrouter balance at $-0.01, below $5 threshold. Top up to avoid service interruption. (data 5 min old)",1,0
3617,1787212809.071813,WARN,cost_inefficiency,"Using openrouter for deepseek/deepseek-v4-flash ($0.21/M), routstrd cheaper ($0.12/M)","1318 calls / 74,607,566 tokens on openrouter at $0.21/M. routstrd available at $0.12/M — potential savings $6.71/24h. Top up routstrd if depleted.",1,0
3618,1787212809.071826,WARN,cost_inefficiency,"Using openrouter for glm-5.2 ($0.97/M), ollama_cloud cheaper ($0.02/M)","20 calls / 777,280 tokens on openrouter at $0.97/M. ollama_cloud available at $0.02/M — potential savings $0.74/24h. Top up ollama_cloud if depleted.",1,0
3619,1787212809.0718377,WARN,cost_inefficiency,"Using telnyx for glm-5.2 ($2.15/M), ollama_cloud cheaper ($0.02/M)","13 calls / 321,982 tokens on telnyx at $2.15/M. ollama_cloud available at $0.02/M — potential savings $0.69/24h. Top up ollama_cloud if depleted.",1,0
3620,1787213701.3134308,critical,api_low_balance,ppq balance low: $0.01,"ppq balance at $0.01, below $5.00 threshold. Top up to avoid service interruption.",1,0
3621,1787213701.3275664,critical,api_low_balance,openrouter balance low: $-0.01,"openrouter balance at $-0.01, below $5.00 threshold. Top up to avoid service interruption.",1,0
3622,1787214602.236418,critical,api_low_balance,ppq balance low: $0.01,"ppq balance at $0.01, below $5.00 threshold. Top up to avoid service interruption.",1,0
3623,1787214602.2632444,critical,api_low_balance,openrouter balance low: $-0.01,"openrouter balance at $-0.01, below $5.00 threshold. Top up to avoid service interruption.",1,0
3624,1787214609.0781808,CRITICAL,api_low_balance,ppq balance low: $0.01,"ppq balance at $0.01, below $5 threshold. Top up to avoid service interruption. (data 5 min old)",1,0
3625,1787214609.0786273,CRITICAL,api_low_balance,openrouter balance low: $-0.01,"openrouter balance at $-0.01, below $5 threshold. Top up to avoid service interruption. (data 5 min old)",1,0
3626,1787214609.078638,WARN,cost_inefficiency,"Using openrouter for deepseek/deepseek-v4-flash ($0.21/M), routstrd cheaper ($0.12/M)","1318 calls / 74,607,566 tokens on openrouter at $0.21/M. routstrd available at $0.12/M — potential savings $6.71/24h. Top up routstrd if depleted.",1,0
3627,1787214609.0786452,WARN,cost_inefficiency,"Using openrouter for glm-5.2 ($0.97/M), ollama_cloud cheaper ($0.02/M)","20 calls / 777,280 tokens on openrouter at $0.97/M. ollama_cloud available at $0.02/M — potential savings $0.74/24h. Top up ollama_cloud if depleted.",1,0
3628,1787214609.0786505,WARN,cost_inefficiency,"Using telnyx for glm-5.2 ($2.15/M), ollama_cloud cheaper ($0.02/M)","13 calls / 321,982 tokens on telnyx at $2.15/M. ollama_cloud available at $0.02/M — potential savings $0.69/24h. Top up ollama_cloud if depleted.",1,0
3629,1787215501.8203664,critical,api_low_balance,ppq balance low: $0.01,"ppq balance at $0.01, below $5.00 threshold. Top up to avoid service interruption.",1,0
3630,1787215501.839364,critical,api_low_balance,openrouter balance low: $-0.01,"openrouter balance at $-0.01, below $5.00 threshold. Top up to avoid service interruption.",1,0
3631,1787216402.3098311,critical,api_low_balance,ppq balance low: $0.01,"ppq balance at $0.01, below $5.00 threshold. Top up to avoid service interruption.",1,0
3632,1787216402.3334663,critical,api_low_balance,openrouter balance low: $-0.01,"openrouter balance at $-0.01, below $5.00 threshold. Top up to avoid service interruption.",1,0
3633,1787216408.9754767,CRITICAL,api_low_balance,ppq balance low: $0.01,"ppq balance at $0.01, below $5 threshold. Top up to avoid service interruption. (data 5 min old)",1,0
3634,1787216408.9779723,CRITICAL,api_low_balance,openrouter balance low: $-0.01,"openrouter balance at $-0.01, below $5 threshold. Top up to avoid service interruption. (data 5 min old)",1,0
3635,1787216408.9780364,WARN,cost_inefficiency,"Using openrouter for deepseek/deepseek-v4-flash ($0.21/M), routstrd cheaper ($0.12/M)","1132 calls / 64,188,750 tokens on openrouter at $0.21/M. routstrd available at $0.12/M — potential savings $5.78/24h. Top up routstrd if depleted.",1,0
3636,1787216408.9780836,WARN,cost_inefficiency,"Using openrouter for glm-5.2 ($0.97/M), ollama_cloud cheaper ($0.02/M)","20 calls / 777,280 tokens on openrouter at $0.97/M. ollama_cloud available at $0.02/M — potential savings $0.74/24h. Top up ollama_cloud if depleted.",1,0
3637,1787216408.9781244,WARN,cost_inefficiency,"Using telnyx for glm-5.2 ($2.15/M), ollama_cloud cheaper ($0.02/M)","13 calls / 321,982 tokens on telnyx at $2.15/M. ollama_cloud available at $0.02/M — potential savings $0.69/24h. Top up ollama_cloud if depleted.",1,0
3638,1787216477.5355911,WARN,key_backoff,friend dead failure #30,"{""detail"": ""backoff 3600s; error_type=dead"", ""key_name"": ""friend""}",1,0
3639,1787216477.5389514,CRITICAL,KEY_DEAD,friend marked dead (auth failure 401/403),"{""detail"": ""backoff 3600s; error_type=dead"", ""key_name"": ""friend""}",1,0
3640,1787216477.8688128,WARN,key_backoff,friend dead failure #31,"{""detail"": ""backoff 3600s; error_type=dead"", ""key_name"": ""friend""}",1,0
3641,1787216477.8689206,CRITICAL,KEY_DEAD,friend marked dead (auth failure 401/403),"{""detail"": ""backoff 3600s; error_type=dead"", ""key_name"": ""friend""}",1,0
3642,1787216477.871572,WARN,key_backoff,friend dead failure #32,"{""detail"": ""backoff 3600s; error_type=dead"", ""key_name"": ""friend""}",1,0
3643,1787216477.8716547,CRITICAL,KEY_DEAD,friend marked dead (auth failure 401/403),"{""detail"": ""backoff 3600s; error_type=dead"", ""key_name"": ""friend""}",1,0
3644,1787217302.367855,critical,api_low_balance,ppq balance low: $0.00,"ppq balance at $0.00, below $5.00 threshold. Top up to avoid service interruption.",1,0
3645,1787217302.3893466,critical,api_low_balance,openrouter balance low: $-0.18,"openrouter balance at $-0.18, below $5.00 threshold. Top up to avoid service interruption.",1,0
3646,1787217302.3893466,warning,api_burn_burst,openrouter burn burst: $0.1056 (z=15.5σ),"openrouter spend this interval ($0.1056) is 15.5σ above the rolling mean ($0.0008, σ=$0.0068). Possible runaway agent or expensive request.",1,0
3647,1787217302.3893466,warning,api_expensive_request,openrouter expensive interval: $0.11,openrouter spend in last interval ($0.11) exceeds $0.10 threshold.,1,0
3648,1787217306.6910841,warning,circuit_breaker,Circuit breaker: firmware-harmonization/t_480a0a37 (3 consecutive crashed runs),"{""last_error"": ""pid 1374722 not alive"", ""run_count"": 3, ""crashed_runs"": 3, ""profile"": ""worker-balloon"", ""status_at_trip"": ""ready""}",1,0
3649,1787217308.313812,warning,circuit_breaker,Circuit breaker: firmware-harmonization/t_6c2a2610 (3 consecutive crashed runs),"{""last_error"": ""pid 1374723 not alive"", ""run_count"": 3, ""crashed_runs"": 3, ""profile"": ""worker-balloon"", ""status_at_trip"": ""ready""}",1,0
3650,1787217309.957056,warning,circuit_breaker,Circuit breaker: firmware-harmonization/t_c4fbad22 (3 consecutive crashed runs),"{""last_error"": ""pid 1374724 not alive"", ""run_count"": 3, ""crashed_runs"": 3, ""profile"": ""worker-balloon"", ""status_at_trip"": ""ready""}",1,0
3651,1787217805.4530947,WARN,key_backoff,ollama_cloud exhausted failure #1,"{""detail"": ""backoff 2.0s; error_type=exhausted"", ""key_name"": ""ollama_cloud""}",1,0
3652,1787217805.5695355,WARN,key_backoff,ollama_cloud exhausted failure #2,"{""detail"": ""backoff 4.0s; error_type=exhausted"", ""key_name"": ""ollama_cloud""}",1,0
3653,1787217851.2740219,WARN,key_backoff,ollama_cloud exhausted failure #1,"{""detail"": ""backoff 2.0s; error_type=exhausted"", ""key_name"": ""ollama_cloud""}",1,0
3654,1787217851.5611,WARN,key_backoff,ollama_cloud exhausted failure #2,"{""detail"": ""backoff 4.0s; error_type=exhausted"", ""key_name"": ""ollama_cloud""}",1,0
3655,1787217907.1774156,WARN,key_backoff,ollama_cloud exhausted failure #1,"{""detail"": ""backoff 2.0s; error_type=exhausted"", ""key_name"": ""ollama_cloud""}",1,0
3656,1787217915.7556858,WARN,key_backoff,ollama_cloud exhausted failure #1,"{""detail"": ""backoff 2.0s; error_type=exhausted"", ""key_name"": ""ollama_cloud""}",1,0
3657,1787217922.7302208,WARN,key_backoff,ollama_cloud exhausted failure #2,"{""detail"": ""backoff 4.0s; error_type=exhausted"", ""key_name"": ""ollama_cloud""}",1,0
3658,1787217929.2862954,WARN,key_backoff,ollama_cloud exhausted failure #1,"{""detail"": ""backoff 2.0s; error_type=exhausted"", ""key_name"": ""ollama_cloud""}",1,0
3659,1787217931.8294744,WARN,key_backoff,ollama_cloud exhausted failure #1,"{""detail"": ""backoff 2.0s; error_type=exhausted"", ""key_name"": ""ollama_cloud""}",1,0
3660,1787217931.8522382,WARN,key_backoff,ollama_cloud exhausted failure #2,"{""detail"": ""backoff 4.0s; error_type=exhausted"", ""key_name"": ""ollama_cloud""}",1,0
3661,1787217931.9923723,WARN,key_backoff,ollama_cloud exhausted failure #3,"{""detail"": ""backoff 8.0s; error_type=exhausted"", ""key_name"": ""ollama_cloud""}",1,0
3662,1787217934.1757548,WARN,key_backoff,ollama_cloud exhausted failure #1,"{""detail"": ""backoff 2.0s; error_type=exhausted"", ""key_name"": ""ollama_cloud""}",1,0
3663,1787217937.0686414,WARN,key_backoff,ollama_cloud exhausted failure #2,"{""detail"": ""backoff 4.0s; error_type=exhausted"", ""key_name"": ""ollama_cloud""}",1,0
3664,1787217942.6089125,WARN,key_backoff,ollama_cloud exhausted failure #3,"{""detail"": ""backoff 8.0s; error_type=exhausted"", ""key_name"": ""ollama_cloud""}",1,0
3665,1787217943.2300081,WARN,key_backoff,ollama_cloud exhausted failure #1,"{""detail"": ""backoff 2.0s; error_type=exhausted"", ""key_name"": ""ollama_cloud""}",1,0
3666,1787217947.2535954,WARN,key_backoff,ollama_cloud exhausted failure #1,"{""detail"": ""backoff 2.0s; error_type=exhausted"", ""key_name"": ""ollama_cloud""}",1,0
3667,1787217953.8159149,WARN,key_backoff,ollama_cloud exhausted failure #1,"{""detail"": ""backoff 2.0s; error_type=exhausted"", ""key_name"": ""ollama_cloud""}",1,0
3668,1787217953.8257823,WARN,key_backoff,ollama_cloud exhausted failure #2,"{""detail"": ""backoff 4.0s; error_type=exhausted"", ""key_name"": ""ollama_cloud""}",1,0
3669,1787217954.020214,WARN,key_backoff,ollama_cloud exhausted failure #3,"{""detail"": ""backoff 8.0s; error_type=exhausted"", ""key_name"": ""ollama_cloud""}",1,0
3670,1787218065.5238125,WARN,key_backoff,ollama_cloud exhausted failure #1,"{""detail"": ""backoff 2.0s; error_type=exhausted"", ""key_name"": ""ollama_cloud""}",1,0
3671,1787218065.5247993,WARN,key_backoff,ollama_cloud exhausted failure #2,"{""detail"": ""backoff 4.0s; error_type=exhausted"", ""key_name"": ""ollama_cloud""}",1,0
3672,1787218065.5290923,WARN,key_backoff,ollama_cloud exhausted failure #3,"{""detail"": ""backoff 8.0s; error_type=exhausted"", ""key_name"": ""ollama_cloud""}",1,0
3673,1787218065.5413797,WARN,key_backoff,ollama_cloud exhausted failure #4,"{""detail"": ""backoff 16.0s; error_type=exhausted"", ""key_name"": ""ollama_cloud""}",1,0
3674,1787218092.3587224,WARN,key_backoff,ollama_cloud exhausted failure #1,"{""detail"": ""backoff 2.0s; error_type=exhausted"", ""key_name"": ""ollama_cloud""}",1,0
3675,1787218095.016637,WARN,key_backoff,ollama_cloud exhausted failure #2,"{""detail"": ""backoff 4.0s; error_type=exhausted"", ""key_name"": ""ollama_cloud""}",1,0
3676,1787218202.2963414,critical,api_low_balance,ppq balance low: $0.00,"ppq balance at $0.00, below $5.00 threshold. Top up to avoid service interruption.",1,0
3677,1787218202.327315,critical,api_low_balance,openrouter balance low: $-0.18,"openrouter balance at $-0.18, below $5.00 threshold. Top up to avoid service interruption.",1,0
3678,1787218209.2150202,CRITICAL,api_low_balance,ppq balance low: $0.00,"ppq balance at $0.00, below $5 threshold. Top up to avoid service interruption. (data 5 min old)",1,0
3679,1787218209.2170193,CRITICAL,api_low_balance,openrouter balance low: $-0.18,"openrouter balance at $-0.18, below $5 threshold. Top up to avoid service interruption. (data 5 min old)",1,0
3680,1787218209.2170634,WARN,cost_inefficiency,"Using openrouter for deepseek/deepseek-v4-flash ($0.21/M), routstrd cheaper ($0.12/M)","939 calls / 51,659,933 tokens on openrouter at $0.21/M. routstrd available at $0.12/M — potential savings $4.65/24h. Top up routstrd if depleted.",1,0
3681,1787218209.2170846,WARN,cost_inefficiency,"Using telnyx for glm-5.2 ($2.15/M), routstrd cheaper ($0.53/M)","38 calls / 1,984,560 tokens on telnyx at $2.15/M. routstrd available at $0.53/M — potential savings $3.21/24h. Top up routstrd if depleted.",1,0
3682,1787218357.788023,WARN,key_backoff,ollama_cloud exhausted failure #1,"{""detail"": ""backoff 2.0s; error_type=exhausted"", ""key_name"": ""ollama_cloud""}",1,0
3683,1787218357.8887775,WARN,key_backoff,ollama_cloud exhausted failure #2,"{""detail"": ""backoff 4.0s; error_type=exhausted"", ""key_name"": ""ollama_cloud""}",1,0
3684,1787218358.036732,WARN,key_backoff,ollama_cloud exhausted failure #3,"{""detail"": ""backoff 8.0s; error_type=exhausted"", ""key_name"": ""ollama_cloud""}",1,0
3685,1787218358.6545513,WARN,key_backoff,ollama_cloud exhausted failure #4,"{""detail"": ""backoff 16.0s; error_type=exhausted"", ""key_name"": ""ollama_cloud""}",1,0
3686,1787218359.01826,WARN,key_backoff,ollama_cloud exhausted failure #5,"{""detail"": ""backoff 32.0s; error_type=exhausted"", ""key_name"": ""ollama_cloud""}",1,0
3687,1787218360.757531,WARN,key_backoff,ollama_cloud exhausted failure #1,"{""detail"": ""backoff 2.0s; error_type=exhausted"", ""key_name"": ""ollama_cloud""}",1,0
3688,1787218361.2282057,WARN,key_backoff,ollama_cloud exhausted failure #2,"{""detail"": ""backoff 4.0s; error_type=exhausted"", ""key_name"": ""ollama_cloud""}",1,0
3689,1787218361.3718336,WARN,key_backoff,ollama_cloud exhausted failure #3,"{""detail"": ""backoff 8.0s; error_type=exhausted"", ""key_name"": ""ollama_cloud""}",1,0
3690,1787218364.106063,WARN,key_backoff,ollama_cloud exhausted failure #1,"{""detail"": ""backoff 2.0s; error_type=exhausted"", ""key_name"": ""ollama_cloud""}",1,0
3691,1787218364.7158253,WARN,key_backoff,ollama_cloud exhausted failure #2,"{""detail"": ""backoff 4.0s; error_type=exhausted"", ""key_name"": ""ollama_cloud""}",1,0
3692,1787218369.3590925,WARN,key_backoff,ollama_cloud exhausted failure #1,"{""detail"": ""backoff 2.0s; error_type=exhausted"", ""key_name"": ""ollama_cloud""}",1,0
3693,1787218376.2556787,WARN,key_backoff,ollama_cloud exhausted failure #1,"{""detail"": ""backoff 2.0s; error_type=exhausted"", ""key_name"": ""ollama_cloud""}",1,0
3694,1787218548.23095,WARN,key_backoff,ollama_cloud exhausted failure #2,"{""detail"": ""backoff 4.0s; error_type=exhausted"", ""key_name"": ""ollama_cloud""}",1,0
3695,1787218555.6608489,WARN,key_backoff,ollama_cloud exhausted failure #3,"{""detail"": ""backoff 8.0s; error_type=exhausted"", ""key_name"": ""ollama_cloud""}",1,0
3696,1787218564.9122217,WARN,key_backoff,ollama_cloud exhausted failure #4,"{""detail"": ""backoff 16.0s; error_type=exhausted"", ""key_name"": ""ollama_cloud""}",1,0
3697,1787218565.1486573,WARN,key_backoff,ollama_cloud exhausted failure #5,"{""detail"": ""backoff 32.0s; error_type=exhausted"", ""key_name"": ""ollama_cloud""}",1,0
3698,1787218728.5725684,WARN,key_backoff,ollama_cloud exhausted failure #6,"{""detail"": ""backoff 60.0s; error_type=exhausted"", ""key_name"": ""ollama_cloud""}",1,0
3699,1787218811.998329,WARN,key_backoff,ollama_cloud exhausted failure #7,"{""detail"": ""backoff 60.0s; error_type=exhausted"", ""key_name"": ""ollama_cloud""}",1,0
3700,1787218811.9987965,CRITICAL,KEY_DEAD,ollama_cloud reached 7 consecutive failures,"{""detail"": ""backoff 60.0s; likely dead"", ""key_name"": ""ollama_cloud""}",1,0
3701,1787218812.4720285,WARN,key_backoff,ollama_cloud exhausted failure #8,"{""detail"": ""backoff 60.0s; error_type=exhausted"", ""key_name"": ""ollama_cloud""}",1,0
3702,1787218918.61413,WARN,key_backoff,ollama_cloud exhausted failure #9,"{""detail"": ""backoff 60.0s; error_type=exhausted"", ""key_name"": ""ollama_cloud""}",1,0
3703,1787218989.7219317,WARN,key_backoff,ollama_cloud exhausted failure #10,"{""detail"": ""backoff 60.0s; error_type=exhausted"", ""key_name"": ""ollama_cloud""}",1,0
3704,1787219050.1867661,WARN,key_backoff,ollama_cloud exhausted failure #11,"{""detail"": ""backoff 60.0s; error_type=exhausted"", ""key_name"": ""ollama_cloud""}",1,0
3705,1787219101.5694594,critical,api_low_balance,ppq balance low: $0.00,"ppq balance at $0.00, below $5.00 threshold. Top up to avoid service interruption.",1,0
3706,1787219101.589444,critical,api_low_balance,openrouter balance low: $-0.18,"openrouter balance at $-0.18, below $5.00 threshold. Top up to avoid service interruption.",1,0
3707,1787219118.3272314,WARN,key_backoff,ollama_cloud exhausted failure #12,"{""detail"": ""backoff 60.0s; error_type=exhausted"", ""key_name"": ""ollama_cloud""}",1,0
3708,1787219189.710245,WARN,key_backoff,ollama_cloud exhausted failure #13,"{""detail"": ""backoff 60.0s; error_type=exhausted"", ""key_name"": ""ollama_cloud""}",1,0
3709,1787219190.4665997,WARN,key_backoff,ollama_cloud exhausted failure #14,"{""detail"": ""backoff 60.0s; error_type=exhausted"", ""key_name"": ""ollama_cloud""}",1,0
3710,1787219281.0153112,WARN,key_backoff,ollama_cloud exhausted failure #15,"{""detail"": ""backoff 60.0s; error_type=exhausted"", ""key_name"": ""ollama_cloud""}",1,0
3711,1787219352.494748,WARN,key_backoff,ollama_cloud exhausted failure #16,"{""detail"": ""backoff 60.0s; error_type=exhausted"", ""key_name"": ""ollama_cloud""}",1,0
3712,1787219479.6053808,WARN,key_backoff,ollama_cloud exhausted failure #17,"{""detail"": ""backoff 60.0s; error_type=exhausted"", ""key_name"": ""ollama_cloud""}",1,0
3713,1787219480.1527174,WARN,key_backoff,ollama_cloud exhausted failure #18,"{""detail"": ""backoff 60.0s; error_type=exhausted"", ""key_name"": ""ollama_cloud""}",1,0
3714,1787219543.6471283,WARN,key_backoff,ollama_cloud exhausted failure #19,"{""detail"": ""backoff 60.0s; error_type=exhausted"", ""key_name"": ""ollama_cloud""}",1,0
3715,1787219670.0412323,WARN,key_backoff,ollama_cloud exhausted failure #20,"{""detail"": ""backoff 60.0s; error_type=exhausted"", ""key_name"": ""ollama_cloud""}",1,0
3716,1787219670.2165074,WARN,key_backoff,ollama_cloud exhausted failure #21,"{""detail"": ""backoff 60.0s; error_type=exhausted"", ""key_name"": ""ollama_cloud""}",1,0
3717,1787219731.911955,WARN,key_backoff,ollama_cloud exhausted failure #22,"{""detail"": ""backoff 60.0s; error_type=exhausted"", ""key_name"": ""ollama_cloud""}",1,0
3718,1787219855.5634613,WARN,key_backoff,ollama_cloud exhausted failure #23,"{""detail"": ""backoff 60.0s; error_type=exhausted"", ""key_name"": ""ollama_cloud""}",1,0
3719,1787219855.5635896,WARN,key_backoff,ollama_cloud exhausted failure #24,"{""detail"": ""backoff 60.0s; error_type=exhausted"", ""key_name"": ""ollama_cloud""}",1,0
3720,1787219919.736106,WARN,key_backoff,ollama_cloud exhausted failure #25,"{""detail"": ""backoff 60.0s; error_type=exhausted"", ""key_name"": ""ollama_cloud""}",1,0
3721,1787220002.1424906,critical,api_low_balance,ppq balance low: $0.00,"ppq balance at $0.00, below $5.00 threshold. Top up to avoid service interruption.",1,0
3722,1787220002.1688745,critical,api_low_balance,openrouter balance low: $-0.18,"openrouter balance at $-0.18, below $5.00 threshold. Top up to avoid service interruption.",1,0
3723,1787220009.342696,CRITICAL,api_low_balance,ppq balance low: $0.00,"ppq balance at $0.00, below $5 threshold. Top up to avoid service interruption. (data 5 min old)",1,0
3724,1787220009.3432634,CRITICAL,api_low_balance,openrouter balance low: $-0.18,"openrouter balance at $-0.18, below $5 threshold. Top up to avoid service interruption. (data 5 min old)",1,0
3725,1787220009.3432786,WARN,cost_inefficiency,"Using openrouter for deepseek/deepseek-v4-flash ($0.21/M), routstrd cheaper ($0.12/M)","837 calls / 45,102,800 tokens on openrouter at $0.21/M. routstrd available at $0.12/M — potential savings $4.06/24h. Top up routstrd if depleted.",1,0
3726,1787220009.3432891,WARN,cost_inefficiency,"Using telnyx for glm-5.2 ($2.15/M), routstrd cheaper ($0.53/M)","149 calls / 9,845,177 tokens on telnyx at $2.15/M. routstrd available at $0.53/M — potential savings $15.95/24h. Top up routstrd if depleted.",1,0
3727,1787220082.7408245,WARN,key_backoff,friend dead failure #33,"{""detail"": ""backoff 3600s; error_type=dead"", ""key_name"": ""friend""}",1,0
3728,1787220082.7416987,CRITICAL,KEY_DEAD,friend marked dead (auth failure 401/403),"{""detail"": ""backoff 3600s; error_type=dead"", ""key_name"": ""friend""}",1,0
3729,1787220901.8551607,critical,api_low_balance,ppq balance low: $0.00,"ppq balance at $0.00, below $5.00 threshold. Top up to avoid service interruption.",1,0
3730,1787220901.8747413,critical,api_low_balance,openrouter balance low: $-0.18,"openrouter balance at $-0.18, below $5.00 threshold. Top up to avoid service interruption.",1,0
3731,1787221802.1864882,critical,api_low_balance,ppq balance low: $0.00,"ppq balance at $0.00, below $5.00 threshold. Top up to avoid service interruption.",1,0
3732,1787221802.240395,critical,api_low_balance,openrouter balance low: $-0.18,"openrouter balance at $-0.18, below $5.00 threshold. Top up to avoid service interruption.",1,0
3733,1787221808.8837752,CRITICAL,api_low_balance,ppq balance low: $0.00,"ppq balance at $0.00, below $5 threshold. Top up to avoid service interruption. (data 5 min old)",1,0
3734,1787221808.8840911,CRITICAL,api_low_balance,openrouter balance low: $-0.18,"openrouter balance at $-0.18, below $5 threshold. Top up to avoid service interruption. (data 5 min old)",1,0
3735,1787221808.8840985,WARN,cost_inefficiency,"Using openrouter for deepseek/deepseek-v4-flash ($0.21/M), routstrd cheaper ($0.12/M)","787 calls / 42,153,508 tokens on openrouter at $0.21/M. routstrd available at $0.12/M — potential savings $3.79/24h. Top up routstrd if depleted.",1,0
3736,1787221808.8841038,WARN,cost_inefficiency,"Using telnyx for glm-5.2 ($2.15/M), ollama_cloud cheaper ($0.02/M)","149 calls / 9,845,177 tokens on telnyx at $2.15/M. ollama_cloud available at $0.02/M — potential savings $20.97/24h. Top up ollama_cloud if depleted.",1,0
3737,1787221808.8841076,WARN,cost_inefficiency,"Using openrouter for glm-5.2 ($0.97/M), ollama_cloud cheaper ($0.02/M)","20 calls / 777,280 tokens on openrouter at $0.97/M. ollama_cloud available at $0.02/M — potential savings $0.74/24h. Top up ollama_cloud if depleted.",1,0
3738,1787222701.4673278,critical,api_low_balance,ppq balance low: $0.00,"ppq balance at $0.00, below $5.00 threshold. Top up to avoid service interruption.",1,0
3739,1787222701.4830232,critical,api_low_balance,openrouter balance low: $-0.18,"openrouter balance at $-0.18, below $5.00 threshold. Top up to avoid service interruption.",1,0
3740,1787223602.25257,critical,api_low_balance,ppq balance low: $0.00,"ppq balance at $0.00, below $5.00 threshold. Top up to avoid service interruption.",1,0
3741,1787223602.2788231,critical,api_low_balance,openrouter balance low: $-0.18,"openrouter balance at $-0.18, below $5.00 threshold. Top up to avoid service interruption.",1,0
3742,1787223613.9950786,CRITICAL,api_low_balance,ppq balance low: $0.00,"ppq balance at $0.00, below $5 threshold. Top up to avoid service interruption. (data 5 min old)",1,0
3743,1787223613.9957066,CRITICAL,api_low_balance,openrouter balance low: $-0.18,"openrouter balance at $-0.18, below $5 threshold. Top up to avoid service interruption. (data 5 min old)",1,0
3744,1787223613.995721,WARN,cost_inefficiency,"Using openrouter for deepseek/deepseek-v4-flash ($0.21/M), routstrd cheaper ($0.12/M)","787 calls / 42,153,508 tokens on openrouter at $0.21/M. routstrd available at $0.12/M — potential savings $3.79/24h. Top up routstrd if depleted.",1,0
3745,1787223613.9957325,WARN,cost_inefficiency,"Using telnyx for glm-5.2 ($2.15/M), ollama_cloud cheaper ($0.02/M)","149 calls / 9,845,177 tokens on telnyx at $2.15/M. ollama_cloud available at $0.02/M — potential savings $20.97/24h. Top up ollama_cloud if depleted.",1,0
3746,1787223613.9957418,WARN,cost_inefficiency,"Using openrouter for glm-5.2 ($0.97/M), ollama_cloud cheaper ($0.02/M)","20 calls / 777,280 tokens on openrouter at $0.97/M. ollama_cloud available at $0.02/M — potential savings $0.74/24h. Top up ollama_cloud if depleted.",1,0
3747,1787223759.918008,WARN,key_backoff,friend dead failure #34,"{""detail"": ""backoff 3600s; error_type=dead"", ""key_name"": ""friend""}",1,0
3748,1787223759.9186025,CRITICAL,KEY_DEAD,friend marked dead (auth failure 401/403),"{""detail"": ""backoff 3600s; error_type=dead"", ""key_name"": ""friend""}",1,0
3749,1787224501.33048,critical,api_low_balance,ppq balance low: $0.00,"ppq balance at $0.00, below $5.00 threshold. Top up to avoid service interruption.",1,0
3750,1787224501.336852,critical,api_low_balance,openrouter balance low: $-0.18,"openrouter balance at $-0.18, below $5.00 threshold. Top up to avoid service interruption.",1,0
3751,1787225402.4365478,critical,api_low_balance,ppq balance low: $0.00,"ppq balance at $0.00, below $5.00 threshold. Top up to avoid service interruption.",1,0
3752,1787225402.4622493,critical,api_low_balance,openrouter balance low: $-0.18,"openrouter balance at $-0.18, below $5.00 threshold. Top up to avoid service interruption.",1,0
3753,1787225409.395082,CRITICAL,api_low_balance,ppq balance low: $0.00,"ppq balance at $0.00, below $5 threshold. Top up to avoid service interruption. (data 5 min old)",1,0
3754,1787225409.3956316,CRITICAL,api_low_balance,openrouter balance low: $-0.18,"openrouter balance at $-0.18, below $5 threshold. Top up to avoid service interruption. (data 5 min old)",1,0
3755,1787225409.3956444,WARN,cost_inefficiency,"Using openrouter for deepseek/deepseek-v4-flash ($0.21/M), routstrd cheaper ($0.12/M)","787 calls / 42,153,508 tokens on openrouter at $0.21/M. routstrd available at $0.12/M — potential savings $3.79/24h. Top up routstrd if depleted.",1,0
3756,1787225409.3956528,WARN,cost_inefficiency,"Using telnyx for glm-5.2 ($2.15/M), ollama_cloud cheaper ($0.02/M)","149 calls / 9,845,177 tokens on telnyx at $2.15/M. ollama_cloud available at $0.02/M — potential savings $20.97/24h. Top up ollama_cloud if depleted.",1,0
3757,1787225409.3956597,WARN,cost_inefficiency,"Using openrouter for glm-5.2 ($0.97/M), ollama_cloud cheaper ($0.02/M)","19 calls / 697,817 tokens on openrouter at $0.97/M. ollama_cloud available at $0.02/M — potential savings $0.66/24h. Top up ollama_cloud if depleted.",1,0
3758,1787226301.6804528,critical,api_low_balance,ppq balance low: $0.00,"ppq balance at $0.00, below $5.00 threshold. Top up to avoid service interruption.",1,0
3759,1787226301.7115018,critical,api_low_balance,openrouter balance low: $-0.18,"openrouter balance at $-0.18, below $5.00 threshold. Top up to avoid service interruption.",1,0
3760,1787227202.0525286,critical,api_low_balance,ppq balance low: $0.00,"ppq balance at $0.00, below $5.00 threshold. Top up to avoid service interruption.",1,0
3761,1787227202.0583274,critical,api_low_balance,openrouter balance low: $-0.18,"openrouter balance at $-0.18, below $5.00 threshold. Top up to avoid service interruption.",1,0
3762,1787227208.4546428,CRITICAL,api_low_balance,ppq balance low: $0.00,"ppq balance at $0.00, below $5 threshold. Top up to avoid service interruption. (data 5 min old)",1,0
3763,1787227208.4553692,CRITICAL,api_low_balance,openrouter balance low: $-0.18,"openrouter balance at $-0.18, below $5 threshold. Top up to avoid service interruption. (data 5 min old)",1,0
3764,1787227208.4553862,WARN,cost_inefficiency,"Using openrouter for deepseek/deepseek-v4-flash ($0.21/M), routstrd cheaper ($0.12/M)","787 calls / 42,153,508 tokens on openrouter at $0.21/M. routstrd available at $0.12/M — potential savings $3.79/24h. Top up routstrd if depleted.",1,0
3765,1787227208.4553967,WARN,cost_inefficiency,"Using telnyx for glm-5.2 ($2.15/M), ollama_cloud cheaper ($0.02/M)","149 calls / 9,845,177 tokens on telnyx at $2.15/M. ollama_cloud available at $0.02/M — potential savings $20.97/24h. Top up ollama_cloud if depleted.",1,0
3766,1787227208.4554043,WARN,cost_inefficiency,"Using openrouter for glm-5.2 ($0.97/M), ollama_cloud cheaper ($0.02/M)","19 calls / 697,817 tokens on openrouter at $0.97/M. ollama_cloud available at $0.02/M — potential savings $0.66/24h. Top up ollama_cloud if depleted.",1,0
3767,1787227482.1749039,WARN,key_backoff,friend dead failure #35,"{""detail"": ""backoff 3600s; error_type=dead"", ""key_name"": ""friend""}",1,0
3768,1787227482.1789567,CRITICAL,KEY_DEAD,friend marked dead (auth failure 401/403),"{""detail"": ""backoff 3600s; error_type=dead"", ""key_name"": ""friend""}",1,0
3769,1787228102.2960386,critical,api_low_balance,ppq balance low: $0.00,"ppq balance at $0.00, below $5.00 threshold. Top up to avoid service interruption.",1,0
3770,1787228102.3274405,critical,api_low_balance,openrouter balance low: $-0.18,"openrouter balance at $-0.18, below $5.00 threshold. Top up to avoid service interruption.",1,0
3771,1787229002.1314797,critical,api_low_balance,ppq balance low: $0.00,"ppq balance at $0.00, below $5.00 threshold. Top up to avoid service interruption.",1,0
3772,1787229002.1381135,critical,api_low_balance,openrouter balance low: $-0.18,"openrouter balance at $-0.18, below $5.00 threshold. Top up to avoid service interruption.",1,0
3773,1787229009.5662935,CRITICAL,api_low_balance,ppq balance low: $0.00,"ppq balance at $0.00, below $5 threshold. Top up to avoid service interruption. (data 5 min old)",1,0
3774,1787229009.5675383,CRITICAL,api_low_balance,openrouter balance low: $-0.18,"openrouter balance at $-0.18, below $5 threshold. Top up to avoid service interruption. (data 5 min old)",1,0
3775,1787229009.567578,WARN,cost_inefficiency,"Using openrouter for deepseek/deepseek-v4-flash ($0.21/M), routstrd cheaper ($0.12/M)","787 calls / 42,153,508 tokens on openrouter at $0.21/M. routstrd available at $0.12/M — potential savings $3.79/24h. Top up routstrd if depleted.",1,0
3776,1787229009.567602,WARN,cost_inefficiency,"Using telnyx for glm-5.2 ($2.15/M), ollama_cloud cheaper ($0.02/M)","149 calls / 9,845,177 tokens on telnyx at $2.15/M. ollama_cloud available at $0.02/M — potential savings $20.97/24h. Top up ollama_cloud if depleted.",1,0
3777,1787229009.5676198,WARN,cost_inefficiency,"Using openrouter for glm-5.2 ($0.97/M), ollama_cloud cheaper ($0.02/M)","17 calls / 537,775 tokens on openrouter at $0.97/M. ollama_cloud available at $0.02/M — potential savings $0.51/24h. Top up ollama_cloud if depleted.",1,0
3778,1787229901.6237962,critical,api_low_balance,ppq balance low: $0.00,"ppq balance at $0.00, below $5.00 threshold. Top up to avoid service interruption.",1,0
3779,1787229901.6416316,critical,api_low_balance,openrouter balance low: $-0.18,"openrouter balance at $-0.18, below $5.00 threshold. Top up to avoid service interruption.",1,0
3780,1787230801.654152,critical,api_low_balance,ppq balance low: $0.00,"ppq balance at $0.00, below $5.00 threshold. Top up to avoid service interruption.",1,0
3781,1787230801.6590858,critical,api_low_balance,openrouter balance low: $-0.18,"openrouter balance at $-0.18, below $5.00 threshold. Top up to avoid service interruption.",1,0
3782,1787230809.3932018,CRITICAL,api_low_balance,ppq balance low: $0.00,"ppq balance at $0.00, below $5 threshold. Top up to avoid service interruption. (data 5 min old)",1,0
3783,1787230809.393522,CRITICAL,api_low_balance,openrouter balance low: $-0.18,"openrouter balance at $-0.18, below $5 threshold. Top up to avoid service interruption. (data 5 min old)",1,0
3784,1787230809.3935294,WARN,cost_inefficiency,"Using openrouter for deepseek/deepseek-v4-flash ($0.21/M), routstrd cheaper ($0.12/M)","787 calls / 42,153,508 tokens on openrouter at $0.21/M. routstrd available at $0.12/M — potential savings $3.79/24h. Top up routstrd if depleted.",1,0
3785,1787230809.3935347,WARN,cost_inefficiency,"Using telnyx for glm-5.2 ($2.15/M), ollama_cloud cheaper ($0.02/M)","149 calls / 9,845,177 tokens on telnyx at $2.15/M. ollama_cloud available at $0.02/M — potential savings $20.97/24h. Top up ollama_cloud if depleted.",1,0
3786,1787230809.3935387,WARN,cost_inefficiency,"Using openrouter for glm-5.2 ($0.97/M), ollama_cloud cheaper ($0.02/M)","17 calls / 537,775 tokens on openrouter at $0.97/M. ollama_cloud available at $0.02/M — potential savings $0.51/24h. Top up ollama_cloud if depleted.",1,0
3787,1787230938.8902247,WARN,key_backoff,ollama_cloud exhausted failure #1,"{""detail"": ""backoff 2.0s; error_type=exhausted"", ""key_name"": ""ollama_cloud""}",1,0
3788,1787230940.990227,WARN,key_backoff,ollama_cloud exhausted failure #1,"{""detail"": ""backoff 2.0s; error_type=exhausted"", ""key_name"": ""ollama_cloud""}",1,0
3789,1787230946.0541024,WARN,key_backoff,ollama_cloud exhausted failure #1,"{""detail"": ""backoff 2.0s; error_type=exhausted"", ""key_name"": ""ollama_cloud""}",1,0
3790,1787230959.2424853,WARN,key_backoff,ollama_cloud exhausted failure #2,"{""detail"": ""backoff 4.0s; error_type=exhausted"", ""key_name"": ""ollama_cloud""}",1,0
3791,1787230963.0709324,WARN,key_backoff,ollama_cloud exhausted failure #1,"{""detail"": ""backoff 2.0s; error_type=exhausted"", ""key_name"": ""ollama_cloud""}",1,0
3792,1787230985.1740644,WARN,key_backoff,ollama_cloud exhausted failure #1,"{""detail"": ""backoff 2.0s; error_type=exhausted"", ""key_name"": ""ollama_cloud""}",1,0
3793,1787231001.7118003,WARN,key_backoff,ollama_cloud exhausted failure #2,"{""detail"": ""backoff 4.0s; error_type=exhausted"", ""key_name"": ""ollama_cloud""}",1,0
3794,1787231024.329076,WARN,key_backoff,ollama_cloud exhausted failure #3,"{""detail"": ""backoff 8.0s; error_type=exhausted"", ""key_name"": ""ollama_cloud""}",1,0
3795,1787231037.586075,WARN,key_backoff,ollama_cloud exhausted failure #4,"{""detail"": ""backoff 16.0s; error_type=exhausted"", ""key_name"": ""ollama_cloud""}",1,0
3796,1787231037.6169727,WARN,key_backoff,ollama_cloud exhausted failure #5,"{""detail"": ""backoff 32.0s; error_type=exhausted"", ""key_name"": ""ollama_cloud""}",1,0
3797,1787231072.0243144,WARN,key_backoff,ollama_cloud exhausted failure #6,"{""detail"": ""backoff 60.0s; error_type=exhausted"", ""key_name"": ""ollama_cloud""}",1,0
3798,1787231084.8296895,WARN,key_backoff,friend dead failure #36,"{""detail"": ""backoff 3600s; error_type=dead"", ""key_name"": ""friend""}",1,0
3799,1787231084.82979,CRITICAL,KEY_DEAD,friend marked dead (auth failure 401/403),"{""detail"": ""backoff 3600s; error_type=dead"", ""key_name"": ""friend""}",1,0
3800,1787231086.4021974,WARN,key_backoff,friend dead failure #37,"{""detail"": ""backoff 3600s; error_type=dead"", ""key_name"": ""friend""}",1,0
3801,1787231086.402508,CRITICAL,KEY_DEAD,friend marked dead (auth failure 401/403),"{""detail"": ""backoff 3600s; error_type=dead"", ""key_name"": ""friend""}",1,0
3802,1787231336.5020347,WARN,key_backoff,ollama_cloud exhausted failure #7,"{""detail"": ""backoff 60.0s; error_type=exhausted"", ""key_name"": ""ollama_cloud""}",1,0
3803,1787231336.5022871,CRITICAL,KEY_DEAD,ollama_cloud reached 7 consecutive failures,"{""detail"": ""backoff 60.0s; likely dead"", ""key_name"": ""ollama_cloud""}",1,0
3804,1787231424.6700704,WARN,key_backoff,ollama_cloud exhausted failure #8,"{""detail"": ""backoff 60.0s; error_type=exhausted"", ""key_name"": ""ollama_cloud""}",1,0
3805,1787231701.7939997,critical,api_low_balance,ppq balance low: $0.00,"ppq balance at $0.00, below $5.00 threshold. Top up to avoid service interruption.",1,0
3806,1787231701.8087518,critical,api_low_balance,openrouter balance low: $-0.18,"openrouter balance at $-0.18, below $5.00 threshold. Top up to avoid service interruption.",1,0
3807,1787231725.3963497,WARN,key_backoff,ollama_cloud exhausted failure #9,"{""detail"": ""backoff 60.0s; error_type=exhausted"", ""key_name"": ""ollama_cloud""}",1,0
3808,1787231819.7732391,WARN,key_backoff,ollama_cloud exhausted failure #10,"{""detail"": ""backoff 60.0s; error_type=exhausted"", ""key_name"": ""ollama_cloud""}",1,0
3809,1787232384.499661,WARN,key_backoff,ollama_cloud exhausted failure #11,"{""detail"": ""backoff 60.0s; error_type=exhausted"", ""key_name"": ""ollama_cloud""}",1,0
3810,1787232384.6536665,WARN,key_backoff,ollama_cloud exhausted failure #12,"{""detail"": ""backoff 60.0s; error_type=exhausted"", ""key_name"": ""ollama_cloud""}",1,0
3811,1787232384.8795748,WARN,key_backoff,ollama_cloud exhausted failure #13,"{""detail"": ""backoff 60.0s; error_type=exhausted"", ""key_name"": ""ollama_cloud""}",1,0
3812,1787232484.1116967,WARN,key_backoff,ollama_cloud exhausted failure #14,"{""detail"": ""backoff 60.0s; error_type=exhausted"", ""key_name"": ""ollama_cloud""}",1,0
3813,1787232601.781398,critical,api_low_balance,ppq balance low: $0.00,"ppq balance at $0.00, below $5.00 threshold. Top up to avoid service interruption.",1,0
3814,1787232601.8154004,critical,api_low_balance,openrouter balance low: $-0.18,"openrouter balance at $-0.18, below $5.00 threshold. Top up to avoid service interruption.",1,0
3815,1787232608.5583076,CRITICAL,api_low_balance,ppq balance low: $0.00,"ppq balance at $0.00, below $5 threshold. Top up to avoid service interruption. (data 5 min old)",1,0
3816,1787232608.5594196,CRITICAL,api_low_balance,openrouter balance low: $-0.18,"openrouter balance at $-0.18, below $5 threshold. Top up to avoid service interruption. (data 5 min old)",1,0
3817,1787232608.5594509,WARN,cost_inefficiency,"Using openrouter for deepseek/deepseek-v4-flash ($0.21/M), routstrd cheaper ($0.12/M)","787 calls / 42,153,508 tokens on openrouter at $0.21/M. routstrd available at $0.12/M — potential savings $3.79/24h. Top up routstrd if depleted.",1,0
3818,1787232608.5594711,WARN,cost_inefficiency,"Using telnyx for glm-5.2 ($2.15/M), routstrd cheaper ($0.53/M)","167 calls / 10,349,996 tokens on telnyx at $2.15/M. routstrd available at $0.53/M — potential savings $16.77/24h. Top up routstrd if depleted.",1,0
3819,1787232852.9915779,WARN,key_backoff,ollama_cloud exhausted failure #15,"{""detail"": ""backoff 60.0s; error_type=exhausted"", ""key_name"": ""ollama_cloud""}",1,0
3820,1787232924.9758413,WARN,key_backoff,ollama_cloud exhausted failure #16,"{""detail"": ""backoff 60.0s; error_type=exhausted"", ""key_name"": ""ollama_cloud""}",1,0
3821,1787232985.5764506,WARN,key_backoff,ollama_cloud exhausted failure #17,"{""detail"": ""backoff 60.0s; error_type=exhausted"", ""key_name"": ""ollama_cloud""}",1,0
3822,1787233049.3510537,WARN,key_backoff,ollama_cloud exhausted failure #18,"{""detail"": ""backoff 60.0s; error_type=exhausted"", ""key_name"": ""ollama_cloud""}",1,0
3823,1787233113.4686399,WARN,key_backoff,ollama_cloud exhausted failure #19,"{""detail"": ""backoff 60.0s; error_type=exhausted"", ""key_name"": ""ollama_cloud""}",1,0
3824,1787233184.449701,WARN,key_backoff,ollama_cloud exhausted failure #20,"{""detail"": ""backoff 60.0s; error_type=exhausted"", ""key_name"": ""ollama_cloud""}",1,0
3825,1787233246.8017676,WARN,key_backoff,ollama_cloud exhausted failure #21,"{""detail"": ""backoff 60.0s; error_type=exhausted"", ""key_name"": ""ollama_cloud""}",1,0
3826,1787233246.947814,WARN,key_backoff,ollama_cloud exhausted failure #22,"{""detail"": ""backoff 60.0s; error_type=exhausted"", ""key_name"": ""ollama_cloud""}",1,0
3827,1787233312.8115928,WARN,key_backoff,ollama_cloud exhausted failure #23,"{""detail"": ""backoff 60.0s; error_type=exhausted"", ""key_name"": ""ollama_cloud""}",1,0
3828,1787233501.3399096,critical,api_low_balance,ppq balance low: $0.00,"ppq balance at $0.00, below $5.00 threshold. Top up to avoid service interruption.",1,0
3829,1787233501.3585775,critical,api_low_balance,openrouter balance low: $-0.18,"openrouter balance at $-0.18, below $5.00 threshold. Top up to avoid service interruption.",1,0
3830,1787233516.0726297,WARN,key_backoff,ollama_cloud exhausted failure #24,"{""detail"": ""backoff 60.0s; error_type=exhausted"", ""key_name"": ""ollama_cloud""}",1,0
3831,1787233699.7155788,WARN,key_backoff,ollama_cloud exhausted failure #25,"{""detail"": ""backoff 60.0s; error_type=exhausted"", ""key_name"": ""ollama_cloud""}",1,0
3832,1787233787.8264,WARN,key_backoff,ollama_cloud exhausted failure #26,"{""detail"": ""backoff 60.0s; error_type=exhausted"", ""key_name"": ""ollama_cloud""}",1,0
3833,1787233891.1790786,WARN,key_backoff,ollama_cloud exhausted failure #27,"{""detail"": ""backoff 60.0s; error_type=exhausted"", ""key_name"": ""ollama_cloud""}",1,0
3834,1787233959.6500552,WARN,key_backoff,ollama_cloud exhausted failure #28,"{""detail"": ""backoff 60.0s; error_type=exhausted"", ""key_name"": ""ollama_cloud""}",1,0
3835,1787234024.2618942,WARN,key_backoff,ollama_cloud exhausted failure #29,"{""detail"": ""backoff 60.0s; error_type=exhausted"", ""key_name"": ""ollama_cloud""}",1,0
3836,1787234401.9150624,critical,api_low_balance,ppq balance low: $0.00,"ppq balance at $0.00, below $5.00 threshold. Top up to avoid service interruption.",1,0
3837,1787234401.942069,critical,api_low_balance,openrouter balance low: $-0.18,"openrouter balance at $-0.18, below $5.00 threshold. Top up to avoid service interruption.",1,0
3838,1787234409.0584135,CRITICAL,api_low_balance,ppq balance low: $0.00,"ppq balance at $0.00, below $5 threshold. Top up to avoid service interruption. (data 5 min old)",1,0
3839,1787234409.0656652,CRITICAL,api_low_balance,openrouter balance low: $-0.18,"openrouter balance at $-0.18, below $5 threshold. Top up to avoid service interruption. (data 5 min old)",1,0
3840,1787234409.0656817,WARN,cost_inefficiency,"Using openrouter for deepseek/deepseek-v4-flash ($0.21/M), routstrd cheaper ($0.12/M)","787 calls / 42,153,508 tokens on openrouter at $0.21/M. routstrd available at $0.12/M — potential savings $3.79/24h. Top up routstrd if depleted.",1,0
3841,1787234409.0656884,WARN,cost_inefficiency,"Using telnyx for glm-5.2 ($2.15/M), ollama_cloud cheaper ($0.02/M)","385 calls / 20,580,306 tokens on telnyx at $2.15/M. ollama_cloud available at $0.02/M — potential savings $43.84/24h. Top up ollama_cloud if depleted.",1,0
3842,1787234409.0656931,WARN,cost_inefficiency,"Using openrouter for glm-5.2 ($0.97/M), ollama_cloud cheaper ($0.02/M)","16 calls / 529,156 tokens on openrouter at $0.97/M. ollama_cloud available at $0.02/M — potential savings $0.50/24h. Top up ollama_cloud if depleted.",1,0
3843,1787235302.2382126,critical,api_low_balance,ppq balance low: $0.00,"ppq balance at $0.00, below $5.00 threshold. Top up to avoid service interruption.",1,0
3844,1787235302.3094501,critical,api_low_balance,openrouter balance low: $-0.18,"openrouter balance at $-0.18, below $5.00 threshold. Top up to avoid service interruption.",1,0
3845,1787236202.2421143,critical,api_low_balance,ppq balance low: $0.00,"ppq balance at $0.00, below $5.00 threshold. Top up to avoid service interruption.",1,0
3846,1787236202.2455235,critical,api_low_balance,openrouter balance low: $-0.18,"openrouter balance at $-0.18, below $5.00 threshold. Top up to avoid service interruption.",1,0
3847,1787236209.4754088,CRITICAL,api_low_balance,ppq balance low: $0.00,"ppq balance at $0.00, below $5 threshold. Top up to avoid service interruption. (data 5 min old)",1,0
3848,1787236209.4783592,CRITICAL,api_low_balance,openrouter balance low: $-0.18,"openrouter balance at $-0.18, below $5 threshold. Top up to avoid service interruption. (data 5 min old)",1,0
3849,1787236209.478372,WARN,cost_inefficiency,"Using openrouter for deepseek/deepseek-v4-flash ($0.21/M), routstrd cheaper ($0.12/M)","787 calls / 42,153,508 tokens on openrouter at $0.21/M. routstrd available at $0.12/M — potential savings $3.79/24h. Top up routstrd if depleted.",1,0
3850,1787236209.4783788,WARN,cost_inefficiency,"Using telnyx for glm-5.2 ($2.15/M), ollama_cloud cheaper ($0.02/M)","385 calls / 20,580,306 tokens on telnyx at $2.15/M. ollama_cloud available at $0.02/M — potential savings $43.84/24h. Top up ollama_cloud if depleted.",1,0
3851,1787236209.4783835,WARN,cost_inefficiency,"Using openrouter for glm-5.2 ($0.97/M), ollama_cloud cheaper ($0.02/M)","16 calls / 529,156 tokens on openrouter at $0.97/M. ollama_cloud available at $0.02/M — potential savings $0.50/24h. Top up ollama_cloud if depleted.",1,0
3852,1787237101.2883916,critical,api_low_balance,ppq balance low: $0.00,"ppq balance at $0.00, below $5.00 threshold. Top up to avoid service interruption.",1,0
3853,1787237101.2917285,critical,api_low_balance,openrouter balance low: $-0.18,"openrouter balance at $-0.18, below $5.00 threshold. Top up to avoid service interruption.",1,0
3854,1787238002.9905145,critical,api_low_balance,ppq balance low: $0.00,"ppq balance at $0.00, below $5.00 threshold. Top up to avoid service interruption.",1,0
3855,1787238003.1446843,critical,api_low_balance,openrouter balance low: $-0.18,"openrouter balance at $-0.18, below $5.00 threshold. Top up to avoid service interruption.",1,0
3856,1787238009.5699384,CRITICAL,api_low_balance,ppq balance low: $0.00,"ppq balance at $0.00, below $5 threshold. Top up to avoid service interruption. (data 5 min old)",1,0
3857,1787238009.572326,CRITICAL,api_low_balance,openrouter balance low: $-0.18,"openrouter balance at $-0.18, below $5 threshold. Top up to avoid service interruption. (data 5 min old)",1,0
3858,1787238009.5723486,WARN,cost_inefficiency,"Using openrouter for deepseek/deepseek-v4-flash ($0.21/M), routstrd cheaper ($0.12/M)","787 calls / 42,153,508 tokens on openrouter at $0.21/M. routstrd available at $0.12/M — potential savings $3.79/24h. Top up routstrd if depleted.",1,0
3859,1787238009.5723605,WARN,cost_inefficiency,"Using telnyx for glm-5.2 ($2.15/M), ollama_cloud cheaper ($0.02/M)","385 calls / 20,580,306 tokens on telnyx at $2.15/M. ollama_cloud available at $0.02/M — potential savings $43.84/24h. Top up ollama_cloud if depleted.",1,0
3860,1787238901.8111897,critical,api_low_balance,ppq balance low: $0.00,"ppq balance at $0.00, below $5.00 threshold. Top up to avoid service interruption.",1,0
3861,1787238901.8319592,critical,api_low_balance,openrouter balance low: $-0.18,"openrouter balance at $-0.18, below $5.00 threshold. Top up to avoid service interruption.",1,0
3862,1787239802.5742476,critical,api_low_balance,ppq balance low: $0.00,"ppq balance at $0.00, below $5.00 threshold. Top up to avoid service interruption.",1,0
3863,1787239802.5975761,critical,api_low_balance,openrouter balance low: $-0.18,"openrouter balance at $-0.18, below $5.00 threshold. Top up to avoid service interruption.",1,0
3864,1787239809.3070042,CRITICAL,api_low_balance,ppq balance low: $0.00,"ppq balance at $0.00, below $5 threshold. Top up to avoid service interruption. (data 5 min old)",1,0
3865,1787239809.3082988,CRITICAL,api_low_balance,openrouter balance low: $-0.18,"openrouter balance at $-0.18, below $5 threshold. Top up to avoid service interruption. (data 5 min old)",1,0
3866,1787239809.3083394,WARN,cost_inefficiency,"Using openrouter for deepseek/deepseek-v4-flash ($0.21/M), routstrd cheaper ($0.12/M)","787 calls / 42,153,508 tokens on openrouter at $0.21/M. routstrd available at $0.12/M — potential savings $3.79/24h. Top up routstrd if depleted.",1,0
3867,1787239809.3083622,WARN,cost_inefficiency,"Using telnyx for glm-5.2 ($2.15/M), ollama_cloud cheaper ($0.02/M)","385 calls / 20,580,306 tokens on telnyx at $2.15/M. ollama_cloud available at $0.02/M — potential savings $43.84/24h. Top up ollama_cloud if depleted.",1,0
3868,1787240702.038935,critical,api_low_balance,ppq balance low: $0.00,"ppq balance at $0.00, below $5.00 threshold. Top up to avoid service interruption.",1,0
3869,1787240702.0748146,critical,api_low_balance,openrouter balance low: $-0.18,"openrouter balance at $-0.18, below $5.00 threshold. Top up to avoid service interruption.",1,0
3870,1787241602.0633101,critical,api_low_balance,ppq balance low: $0.00,"ppq balance at $0.00, below $5.00 threshold. Top up to avoid service interruption.",1,0
3871,1787241602.104429,critical,api_low_balance,openrouter balance low: $-0.18,"openrouter balance at $-0.18, below $5.00 threshold. Top up to avoid service interruption.",1,0
3872,1787241610.6880288,CRITICAL,api_low_balance,ppq balance low: $0.00,"ppq balance at $0.00, below $5 threshold. Top up to avoid service interruption. (data 5 min old)",1,0
3873,1787241610.6889744,CRITICAL,api_low_balance,openrouter balance low: $-0.18,"openrouter balance at $-0.18, below $5 threshold. Top up to avoid service interruption. (data 5 min old)",1,0
3874,1787241610.6889963,WARN,cost_inefficiency,"Using openrouter for deepseek/deepseek-v4-flash ($0.21/M), routstrd cheaper ($0.12/M)","787 calls / 42,153,508 tokens on openrouter at $0.21/M. routstrd available at $0.12/M — potential savings $3.79/24h. Top up routstrd if depleted.",1,0
3875,1787241610.6890078,WARN,cost_inefficiency,"Using telnyx for glm-5.2 ($2.15/M), ollama_cloud cheaper ($0.02/M)","385 calls / 20,580,306 tokens on telnyx at $2.15/M. ollama_cloud available at $0.02/M — potential savings $43.84/24h. Top up ollama_cloud if depleted.",1,0
3876,1787241610.6890163,WARN,memory_pressure,Low available RAM: 819MB,Only 819MB available. Worker dispatch may cause OOM. Consider reducing max_concurrent_sessions.,1,0
3877,1787242502.2388954,critical,api_low_balance,ppq balance low: $0.00,"ppq balance at $0.00, below $5.00 threshold. Top up to avoid service interruption.",1,0
3878,1787242502.2631187,critical,api_low_balance,openrouter balance low: $-0.18,"openrouter balance at $-0.18, below $5.00 threshold. Top up to avoid service interruption.",1,0
3879,1787243402.269908,critical,api_low_balance,ppq balance low: $0.00,"ppq balance at $0.00, below $5.00 threshold. Top up to avoid service interruption.",1,0
3880,1787243402.2929146,critical,api_low_balance,openrouter balance low: $-0.18,"openrouter balance at $-0.18, below $5.00 threshold. Top up to avoid service interruption.",1,0
3881,1787243408.4724355,WARN,cost_inefficiency,"Using openrouter for deepseek/deepseek-v4-flash ($0.21/M), routstrd cheaper ($0.12/M)","787 calls / 42,153,508 tokens on openrouter at $0.21/M. routstrd available at $0.12/M — potential savings $3.79/24h. Top up routstrd if depleted.",1,0
3882,1787243408.472962,WARN,cost_inefficiency,"Using telnyx for glm-5.2 ($2.15/M), ollama_cloud cheaper ($0.02/M)","385 calls / 20,580,306 tokens on telnyx at $2.15/M. ollama_cloud available at $0.02/M — potential savings $43.84/24h. Top up ollama_cloud if depleted.",1,0
3883,1787243508.6554918,WARN,key_backoff,ours exhausted failure #1,"{""detail"": ""backoff 2.0s; error_type=exhausted"", ""key_name"": ""ours""}",1,0
3884,1787243509.654806,WARN,key_backoff,ours exhausted failure #2,"{""detail"": ""backoff 4.0s; error_type=exhausted"", ""key_name"": ""ours""}",1,0
3885,1787243524.6538217,WARN,key_backoff,ours exhausted failure #1,"{""detail"": ""backoff 2.0s; error_type=exhausted"", ""key_name"": ""ours""}",1,0
3886,1787243531.9792094,WARN,key_backoff,ours exhausted failure #1,"{""detail"": ""backoff 2.0s; error_type=exhausted"", ""key_name"": ""ours""}",1,0
3887,1787243543.9959474,WARN,key_backoff,ours exhausted failure #1,"{""detail"": ""backoff 2.0s; error_type=exhausted"", ""key_name"": ""ours""}",1,0
3888,1787243763.1659138,WARN,key_backoff,ours exhausted failure #1,"{""detail"": ""backoff 2.0s; error_type=exhausted"", ""key_name"": ""ours""}",1,0
3889,1787244207.0845664,WARN,key_backoff,ours server failure #1,"{""detail"": ""backoff 30s; error_type=server"", ""key_name"": ""ours""}",1,0
3890,1787244302.166703,critical,api_low_balance,ppq balance low: $0.00,"ppq balance at $0.00, below $5.00 threshold. Top up to avoid service interruption.",1,0
3891,1787244302.1739938,critical,api_low_balance,openrouter balance low: $-0.18,"openrouter balance at $-0.18, below $5.00 threshold. Top up to avoid service interruption.",1,0
3892,1787245202.4582386,critical,api_low_balance,ppq balance low: $0.00,"ppq balance at $0.00, below $5.00 threshold. Top up to avoid service interruption.",1,0
3893,1787245202.4758208,critical,api_low_balance,openrouter balance low: $-0.18,"openrouter balance at $-0.18, below $5.00 threshold. Top up to avoid service interruption.",1,0
3894,1787245209.1723351,WARN,cost_inefficiency,"Using openrouter for deepseek/deepseek-v4-flash ($0.21/M), routstrd cheaper ($0.12/M)","787 calls / 42,153,508 tokens on openrouter at $0.21/M. routstrd available at $0.12/M — potential savings $3.79/24h. Top up routstrd if depleted.",1,0
3895,1787245209.1730194,WARN,cost_inefficiency,"Using telnyx for glm-5.2 ($2.15/M), ollama_cloud cheaper ($0.02/M)","385 calls / 20,580,306 tokens on telnyx at $2.15/M. ollama_cloud available at $0.02/M — potential savings $43.84/24h. Top up ollama_cloud if depleted.",1,0
3896,1787246102.1221638,critical,api_low_balance,ppq balance low: $0.00,"ppq balance at $0.00, below $5.00 threshold. Top up to avoid service interruption.",1,0
3897,1787246102.1395543,critical,api_low_balance,openrouter balance low: $-0.18,"openrouter balance at $-0.18, below $5.00 threshold. Top up to avoid service interruption.",1,0
3898,1787246437.1007385,WARN,key_backoff,ours exhausted failure #1,"{""detail"": ""backoff 2.0s; error_type=exhausted"", ""key_name"": ""ours""}",1,0
3899,1787246486.8769562,WARN,key_backoff,ours exhausted failure #1,"{""detail"": ""backoff 2.0s; error_type=exhausted"", ""key_name"": ""ours""}",1,0
3900,1787246598.8073475,WARN,key_backoff,ours exhausted failure #2,"{""detail"": ""backoff 4.0s; error_type=exhausted"", ""key_name"": ""ours""}",1,0
3901,1787246607.6603067,WARN,key_backoff,ours exhausted failure #3,"{""detail"": ""backoff 8.0s; error_type=exhausted"", ""key_name"": ""ours""}",1,0
3902,1787246617.6922233,WARN,key_backoff,ours exhausted failure #4,"{""detail"": ""backoff 16.0s; error_type=exhausted"", ""key_name"": ""ours""}",1,0
3903,1787246705.4438996,WARN,key_backoff,ours exhausted failure #5,"{""detail"": ""backoff 32.0s; error_type=exhausted"", ""key_name"": ""ours""}",1,0
3904,1787246745.808679,WARN,key_backoff,ours exhausted failure #6,"{""detail"": ""backoff 60.0s; error_type=exhausted"", ""key_name"": ""ours""}",1,0
3905,1787246849.476248,WARN,key_backoff,ours exhausted failure #7,"{""detail"": ""backoff 60.0s; error_type=exhausted"", ""key_name"": ""ours""}",1,0
3906,1787246849.4768014,CRITICAL,KEY_DEAD,ours reached 7 consecutive failures,"{""detail"": ""backoff 60.0s; likely dead"", ""key_name"": ""ours""}",1,0
3907,1787246956.84598,WARN,key_backoff,ours exhausted failure #8,"{""detail"": ""backoff 60.0s; error_type=exhausted"", ""key_name"": ""ours""}",1,0
3908,1787247001.7225327,critical,api_low_balance,ppq balance low: $0.00,"ppq balance at $0.00, below $5.00 threshold. Top up to avoid service interruption.",1,0
3909,1787247001.7440572,critical,api_low_balance,openrouter balance low: $-0.18,"openrouter balance at $-0.18, below $5.00 threshold. Top up to avoid service interruption.",1,0
3910,1787247048.0478172,WARN,key_backoff,ours exhausted failure #9,"{""detail"": ""backoff 60.0s; error_type=exhausted"", ""key_name"": ""ours""}",1,0
3911,1787247111.2992,WARN,key_backoff,ours exhausted failure #10,"{""detail"": ""backoff 60.0s; error_type=exhausted"", ""key_name"": ""ours""}",1,0
3912,1787247198.2101276,WARN,key_backoff,ours exhausted failure #11,"{""detail"": ""backoff 60.0s; error_type=exhausted"", ""key_name"": ""ours""}",1,0
3913,1787247287.7257133,WARN,key_backoff,ours exhausted failure #12,"{""detail"": ""backoff 60.0s; error_type=exhausted"", ""key_name"": ""ours""}",1,0
3914,1787247378.49837,WARN,key_backoff,ours exhausted failure #13,"{""detail"": ""backoff 60.0s; error_type=exhausted"", ""key_name"": ""ours""}",1,0
3915,1787247478.953305,WARN,key_backoff,ours exhausted failure #14,"{""detail"": ""backoff 60.0s; error_type=exhausted"", ""key_name"": ""ours""}",1,0
3916,1787247585.8771708,WARN,key_backoff,ours exhausted failure #15,"{""detail"": ""backoff 60.0s; error_type=exhausted"", ""key_name"": ""ours""}",1,0
3917,1787247675.525566,WARN,key_backoff,ours exhausted failure #1,"{""detail"": ""backoff 2.0s; error_type=exhausted"", ""key_name"": ""ours""}",1,0
3918,1787247684.9629407,WARN,key_backoff,ours exhausted failure #2,"{""detail"": ""backoff 4.0s; error_type=exhausted"", ""key_name"": ""ours""}",1,0
3919,1787247706.1353655,WARN,key_backoff,ours exhausted failure #3,"{""detail"": ""backoff 8.0s; error_type=exhausted"", ""key_name"": ""ours""}",1,0
3920,1787247737.2547061,WARN,key_backoff,ours exhausted failure #4,"{""detail"": ""backoff 16.0s; error_type=exhausted"", ""key_name"": ""ours""}",1,0
3921,1787247767.0394623,WARN,key_backoff,ours exhausted failure #5,"{""detail"": ""backoff 32.0s; error_type=exhausted"", ""key_name"": ""ours""}",1,0
3922,1787247802.855847,WARN,key_backoff,ours exhausted failure #6,"{""detail"": ""backoff 60.0s; error_type=exhausted"", ""key_name"": ""ours""}",1,0
3923,1787247802.9159367,WARN,key_backoff,ours exhausted failure #7,"{""detail"": ""backoff 60.0s; error_type=exhausted"", ""key_name"": ""ours""}",1,0
3924,1787247802.9160697,CRITICAL,KEY_DEAD,ours reached 7 consecutive failures,"{""detail"": ""backoff 60.0s; likely dead"", ""key_name"": ""ours""}",1,0
3925,1787247827.9658945,WARN,key_backoff,ours exhausted failure #1,"{""detail"": ""backoff 2.0s; error_type=exhausted"", ""key_name"": ""ours""}",1,0
3926,1787247833.3736522,WARN,key_backoff,ours exhausted failure #1,"{""detail"": ""backoff 2.0s; error_type=exhausted"", ""key_name"": ""ours""}",1,0
3927,1787247864.4104474,WARN,key_backoff,ours exhausted failure #1,"{""detail"": ""backoff 2.0s; error_type=exhausted"", ""key_name"": ""ours""}",1,0
3928,1787247894.2218366,WARN,key_backoff,ours exhausted failure #1,"{""detail"": ""backoff 2.0s; error_type=exhausted"", ""key_name"": ""ours""}",1,0
3929,1787247901.492492,critical,api_low_balance,ppq balance low: $0.00,"ppq balance at $0.00, below $5.00 threshold. Top up to avoid service interruption.",1,0
3930,1787247901.4976523,critical,api_low_balance,openrouter balance low: $-0.18,"openrouter balance at $-0.18, below $5.00 threshold. Top up to avoid service interruption.",1,0
3931,1787247924.8782873,WARN,key_backoff,ours exhausted failure #1,"{""detail"": ""backoff 2.0s; error_type=exhausted"", ""key_name"": ""ours""}",1,0
3932,1787247955.8347707,WARN,key_backoff,ours exhausted failure #2,"{""detail"": ""backoff 4.0s; error_type=exhausted"", ""key_name"": ""ours""}",1,0
3933,1787248010.0959344,WARN,key_backoff,ours exhausted failure #1,"{""detail"": ""backoff 2.0s; error_type=exhausted"", ""key_name"": ""ours""}",1,0
3934,1787248054.5813413,WARN,key_backoff,ours exhausted failure #2,"{""detail"": ""backoff 4.0s; error_type=exhausted"", ""key_name"": ""ours""}",1,0
3935,1787248097.9984262,WARN,key_backoff,ours exhausted failure #3,"{""detail"": ""backoff 8.0s; error_type=exhausted"", ""key_name"": ""ours""}",1,0
3936,1787248145.1459663,WARN,key_backoff,ours exhausted failure #4,"{""detail"": ""backoff 16.0s; error_type=exhausted"", ""key_name"": ""ours""}",1,0
3937,1787248193.1741662,WARN,key_backoff,ours exhausted failure #5,"{""detail"": ""backoff 32.0s; error_type=exhausted"", ""key_name"": ""ours""}",1,0
3938,1787248253.403632,WARN,key_backoff,ours exhausted failure #6,"{""detail"": ""backoff 60.0s; error_type=exhausted"", ""key_name"": ""ours""}",1,0
3939,1787248315.8777986,WARN,key_backoff,ours exhausted failure #7,"{""detail"": ""backoff 60.0s; error_type=exhausted"", ""key_name"": ""ours""}",1,0
3940,1787248315.8781996,CRITICAL,KEY_DEAD,ours reached 7 consecutive failures,"{""detail"": ""backoff 60.0s; likely dead"", ""key_name"": ""ours""}",1,0
3941,1787248392.9134376,WARN,key_backoff,ours exhausted failure #8,"{""detail"": ""backoff 60.0s; error_type=exhausted"", ""key_name"": ""ours""}",1,0
3942,1787248462.501526,WARN,key_backoff,ours exhausted failure #9,"{""detail"": ""backoff 60.0s; error_type=exhausted"", ""key_name"": ""ours""}",1,0
3943,1787248524.0644553,WARN,key_backoff,ours exhausted failure #10,"{""detail"": ""backoff 60.0s; error_type=exhausted"", ""key_name"": ""ours""}",1,0
3944,1787248589.823476,WARN,key_backoff,ours exhausted failure #11,"{""detail"": ""backoff 60.0s; error_type=exhausted"", ""key_name"": ""ours""}",1,0
3945,1787248662.7148757,WARN,key_backoff,ours exhausted failure #12,"{""detail"": ""backoff 60.0s; error_type=exhausted"", ""key_name"": ""ours""}",1,0
3946,1787248732.8304255,WARN,key_backoff,ours exhausted failure #13,"{""detail"": ""backoff 60.0s; error_type=exhausted"", ""key_name"": ""ours""}",1,0
3947,1787248801.8215637,critical,api_low_balance,ppq balance low: $0.00,"ppq balance at $0.00, below $5.00 threshold. Top up to avoid service interruption.",1,0
3948,1787248801.833672,critical,api_low_balance,openrouter balance low: $-0.18,"openrouter balance at $-0.18, below $5.00 threshold. Top up to avoid service interruption.",1,0
3949,1787248804.5274825,WARN,key_backoff,ours exhausted failure #14,"{""detail"": ""backoff 60.0s; error_type=exhausted"", ""key_name"": ""ours""}",1,0
3950,1787249309.3027143,WARN,key_backoff,ours exhausted failure #15,"{""detail"": ""backoff 60.0s; error_type=exhausted"", ""key_name"": ""ours""}",1,0
3951,1787249371.3570478,WARN,key_backoff,ours exhausted failure #16,"{""detail"": ""backoff 60.0s; error_type=exhausted"", ""key_name"": ""ours""}",1,0
3952,1787249371.4376853,WARN,key_backoff,ours exhausted failure #17,"{""detail"": ""backoff 60.0s; error_type=exhausted"", ""key_name"": ""ours""}",1,0
3953,1787249435.5854807,WARN,key_backoff,ours exhausted failure #18,"{""detail"": ""backoff 60.0s; error_type=exhausted"", ""key_name"": ""ours""}",1,0
3954,1787249576.5197687,WARN,key_backoff,ours exhausted failure #19,"{""detail"": ""backoff 60.0s; error_type=exhausted"", ""key_name"": ""ours""}",1,0
3955,1787249642.8756137,WARN,key_backoff,ours exhausted failure #20,"{""detail"": ""backoff 60.0s; error_type=exhausted"", ""key_name"": ""ours""}",1,0
3956,1787249701.3912015,critical,api_low_balance,ppq balance low: $0.00,"ppq balance at $0.00, below $5.00 threshold. Top up to avoid service interruption.",1,0
3957,1787249701.396559,critical,api_low_balance,openrouter balance low: $-0.18,"openrouter balance at $-0.18, below $5.00 threshold. Top up to avoid service interruption.",1,0
3958,1787249705.113298,WARN,key_backoff,ours exhausted failure #21,"{""detail"": ""backoff 60.0s; error_type=exhausted"", ""key_name"": ""ours""}",1,0
3959,1787249803.352104,WARN,key_backoff,ours exhausted failure #22,"{""detail"": ""backoff 60.0s; error_type=exhausted"", ""key_name"": ""ours""}",1,0
3960,1787249902.8300455,WARN,key_backoff,ours exhausted failure #23,"{""detail"": ""backoff 60.0s; error_type=exhausted"", ""key_name"": ""ours""}",1,0
3961,1787249964.9037843,WARN,key_backoff,ours exhausted failure #24,"{""detail"": ""backoff 60.0s; error_type=exhausted"", ""key_name"": ""ours""}",1,0
3962,1787250027.1731277,WARN,key_backoff,ours exhausted failure #25,"{""detail"": ""backoff 60.0s; error_type=exhausted"", ""key_name"": ""ours""}",1,0
3963,1787250089.5493336,WARN,key_backoff,ours exhausted failure #26,"{""detail"": ""backoff 60.0s; error_type=exhausted"", ""key_name"": ""ours""}",1,0
3964,1787250175.770367,WARN,key_backoff,ours exhausted failure #27,"{""detail"": ""backoff 60.0s; error_type=exhausted"", ""key_name"": ""ours""}",1,0
3965,1787250297.3952556,WARN,key_backoff,ours exhausted failure #28,"{""detail"": ""backoff 60.0s; error_type=exhausted"", ""key_name"": ""ours""}",1,0
3966,1787250359.2022767,WARN,key_backoff,ours exhausted failure #29,"{""detail"": ""backoff 60.0s; error_type=exhausted"", ""key_name"": ""ours""}",1,0
3967,1787250421.1317317,WARN,key_backoff,ours exhausted failure #30,"{""detail"": ""backoff 60.0s; error_type=exhausted"", ""key_name"": ""ours""}",1,0
3968,1787250482.3473728,WARN,key_backoff,ours exhausted failure #31,"{""detail"": ""backoff 60.0s; error_type=exhausted"", ""key_name"": ""ours""}",1,0
3969,1787250546.2490544,WARN,key_backoff,ours exhausted failure #32,"{""detail"": ""backoff 60.0s; error_type=exhausted"", ""key_name"": ""ours""}",1,0
3970,1787250602.1583686,critical,api_low_balance,ppq balance low: $0.00,"ppq balance at $0.00, below $5.00 threshold. Top up to avoid service interruption.",1,0
3971,1787250602.1595993,critical,api_low_balance,openrouter balance low: $-0.18,"openrouter balance at $-0.18, below $5.00 threshold. Top up to avoid service interruption.",1,0
3972,1787250627.3308408,WARN,key_backoff,ours exhausted failure #33,"{""detail"": ""backoff 60.0s; error_type=exhausted"", ""key_name"": ""ours""}",1,0
3973,1787250710.830996,WARN,key_backoff,ours exhausted failure #34,"{""detail"": ""backoff 60.0s; error_type=exhausted"", ""key_name"": ""ours""}",1,0
3974,1787250795.114228,WARN,key_backoff,ours exhausted failure #35,"{""detail"": ""backoff 60.0s; error_type=exhausted"", ""key_name"": ""ours""}",1,0
3975,1787250880.8329916,WARN,key_backoff,ours exhausted failure #36,"{""detail"": ""backoff 60.0s; error_type=exhausted"", ""key_name"": ""ours""}",1,0
3976,1787250968.0609763,WARN,key_backoff,ours exhausted failure #37,"{""detail"": ""backoff 60.0s; error_type=exhausted"", ""key_name"": ""ours""}",1,0
3977,1787251056.1249352,WARN,key_backoff,ours exhausted failure #1,"{""detail"": ""backoff 2.0s; error_type=exhausted"", ""key_name"": ""ours""}",1,0
3978,1787251145.5906308,WARN,key_backoff,ours exhausted failure #1,"{""detail"": ""backoff 2.0s; error_type=exhausted"", ""key_name"": ""ours""}",1,0
3979,1787251235.3419464,WARN,key_backoff,ours exhausted failure #1,"{""detail"": ""backoff 2.0s; error_type=exhausted"", ""key_name"": ""ours""}",1,0
3980,1787251326.6144059,WARN,key_backoff,ours exhausted failure #1,"{""detail"": ""backoff 2.0s; error_type=exhausted"", ""key_name"": ""ours""}",1,0
3981,1787251418.5291126,WARN,key_backoff,ours exhausted failure #1,"{""detail"": ""backoff 2.0s; error_type=exhausted"", ""key_name"": ""ours""}",1,0
3982,1787251501.4830616,critical,api_low_balance,ppq balance low: $0.00,"ppq balance at $0.00, below $5.00 threshold. Top up to avoid service interruption.",1,0
3983,1787251501.4932249,critical,api_low_balance,openrouter balance low: $-0.18,"openrouter balance at $-0.18, below $5.00 threshold. Top up to avoid service interruption.",1,0
3984,1787251511.9093363,WARN,key_backoff,ours exhausted failure #1,"{""detail"": ""backoff 2.0s; error_type=exhausted"", ""key_name"": ""ours""}",1,0
3985,1787251606.9286468,WARN,key_backoff,ours exhausted failure #2,"{""detail"": ""backoff 4.0s; error_type=exhausted"", ""key_name"": ""ours""}",1,0
3986,1787251649.5325508,WARN,key_backoff,ours exhausted failure #3,"{""detail"": ""backoff 8.0s; error_type=exhausted"", ""key_name"": ""ours""}",1,0
3987,1787251740.7823281,WARN,key_backoff,ours exhausted failure #4,"{""detail"": ""backoff 16.0s; error_type=exhausted"", ""key_name"": ""ours""}",1,0
3988,1787251837.9930987,WARN,key_backoff,ours exhausted failure #5,"{""detail"": ""backoff 32.0s; error_type=exhausted"", ""key_name"": ""ours""}",1,0
3989,1787251930.7405603,WARN,key_backoff,ours exhausted failure #6,"{""detail"": ""backoff 60.0s; error_type=exhausted"", ""key_name"": ""ours""}",1,0
3990,1787252024.4185963,WARN,key_backoff,ours exhausted failure #7,"{""detail"": ""backoff 60.0s; error_type=exhausted"", ""key_name"": ""ours""}",1,0
3991,1787252024.4188583,CRITICAL,KEY_DEAD,ours reached 7 consecutive failures,"{""detail"": ""backoff 60.0s; likely dead"", ""key_name"": ""ours""}",1,0
3992,1787252126.5113916,WARN,key_backoff,ours exhausted failure #8,"{""detail"": ""backoff 60.0s; error_type=exhausted"", ""key_name"": ""ours""}",1,0
3993,1787252226.0629292,WARN,key_backoff,ours exhausted failure #9,"{""detail"": ""backoff 60.0s; error_type=exhausted"", ""key_name"": ""ours""}",1,0
3994,1787252326.5866096,WARN,key_backoff,ours exhausted failure #10,"{""detail"": ""backoff 60.0s; error_type=exhausted"", ""key_name"": ""ours""}",1,0
3995,1787252401.679372,critical,api_low_balance,ppq balance low: $0.00,"ppq balance at $0.00, below $5.00 threshold. Top up to avoid service interruption.",1,0
3996,1787252401.6805086,critical,api_low_balance,openrouter balance low: $-0.18,"openrouter balance at $-0.18, below $5.00 threshold. Top up to avoid service interruption.",1,0
3997,1787252430.0274246,WARN,key_backoff,ours exhausted failure #11,"{""detail"": ""backoff 60.0s; error_type=exhausted"", ""key_name"": ""ours""}",1,0
3998,1787252532.669194,WARN,key_backoff,ours exhausted failure #12,"{""detail"": ""backoff 60.0s; error_type=exhausted"", ""key_name"": ""ours""}",1,0
3999,1787252634.5221875,WARN,key_backoff,ours exhausted failure #13,"{""detail"": ""backoff 60.0s; error_type=exhausted"", ""key_name"": ""ours""}",1,0
4000,1787252738.4943619,WARN,key_backoff,ours exhausted failure #14,"{""detail"": ""backoff 60.0s; error_type=exhausted"", ""key_name"": ""ours""}",1,0
4001,1787252842.7242455,WARN,key_backoff,ours exhausted failure #15,"{""detail"": ""backoff 60.0s; error_type=exhausted"", ""key_name"": ""ours""}",1,0
4002,1787252947.3865514,WARN,key_backoff,ours exhausted failure #16,"{""detail"": ""backoff 60.0s; error_type=exhausted"", ""key_name"": ""ours""}",1,0
4003,1787253053.0691118,WARN,key_backoff,ours exhausted failure #17,"{""detail"": ""backoff 60.0s; error_type=exhausted"", ""key_name"": ""ours""}",1,0
4004,1787253125.8170526,WARN,key_backoff,ours exhausted failure #18,"{""detail"": ""backoff 60.0s; error_type=exhausted"", ""key_name"": ""ours""}",1,0
4005,1787253187.1164727,WARN,key_backoff,ours exhausted failure #19,"{""detail"": ""backoff 60.0s; error_type=exhausted"", ""key_name"": ""ours""}",1,0
4006,1787253260.1724858,WARN,key_backoff,ours exhausted failure #20,"{""detail"": ""backoff 60.0s; error_type=exhausted"", ""key_name"": ""ours""}",1,0
4007,1787253301.8042936,critical,api_low_balance,ppq balance low: $0.00,"ppq balance at $0.00, below $5.00 threshold. Top up to avoid service interruption.",1,0
4008,1787253301.811425,critical,api_low_balance,openrouter balance low: $-0.18,"openrouter balance at $-0.18, below $5.00 threshold. Top up to avoid service interruption.",1,0
4009,1787253322.0357952,WARN,key_backoff,ours exhausted failure #21,"{""detail"": ""backoff 60.0s; error_type=exhausted"", ""key_name"": ""ours""}",1,0
4010,1787254201.7568326,critical,api_low_balance,ppq balance low: $0.00,"ppq balance at $0.00, below $5.00 threshold. Top up to avoid service interruption.",1,0
4011,1787254201.757974,critical,api_low_balance,openrouter balance low: $-0.18,"openrouter balance at $-0.18, below $5.00 threshold. Top up to avoid service interruption.",1,0
4012,1787255102.0664444,critical,api_low_balance,ppq balance low: $0.00,"ppq balance at $0.00, below $5.00 threshold. Top up to avoid service interruption.",1,0
4013,1787255102.0705912,critical,api_low_balance,openrouter balance low: $-0.18,"openrouter balance at $-0.18, below $5.00 threshold. Top up to avoid service interruption.",1,0
4014,1787256002.2613225,critical,api_low_balance,ppq balance low: $0.00,"ppq balance at $0.00, below $5.00 threshold. Top up to avoid service interruption.",1,0
4015,1787256002.2866447,critical,api_low_balance,openrouter balance low: $-0.18,"openrouter balance at $-0.18, below $5.00 threshold. Top up to avoid service interruption.",1,0
4016,1787256008.2387974,WARN,cost_inefficiency,"Using telnyx for glm-5.2 ($2.15/M), ollama_cloud cheaper ($0.02/M)","385 calls / 20,580,306 tokens on telnyx at $2.15/M. ollama_cloud available at $0.02/M — potential savings $43.84/24h. Top up ollama_cloud if depleted.",1,0
4017,1787256008.2393613,CRITICAL,routstr_wallet_empty,routstrd wallet empty ($0.01),routstrd balance at $0.01 (data 10 min old). Top up to keep the failover tier / network purchases alive.,1,0
4018,1787256604.126708,warning,circuit_breaker,Circuit breaker: net4sats-wizard-fixes/t_714bbc3f (3 consecutive crashed runs),"{""last_error"": ""pid 2414301 not alive"", ""run_count"": 4, ""crashed_runs"": 3, ""profile"": ""worker-base"", ""status_at_trip"": ""running""}",1,0
4019,1787256901.9586117,critical,api_low_balance,ppq balance low: $0.00,"ppq balance at $0.00, below $5.00 threshold. Top up to avoid service interruption.",1,0
4020,1787256901.9596994,critical,api_low_balance,openrouter balance low: $-0.18,"openrouter balance at $-0.18, below $5.00 threshold. Top up to avoid service interruption.",1,0
4021,1787257802.313218,critical,api_low_balance,ppq balance low: $0.00,"ppq balance at $0.00, below $5.00 threshold. Top up to avoid service interruption.",1,0
4022,1787257802.3377788,critical,api_low_balance,openrouter balance low: $-0.18,"openrouter balance at $-0.18, below $5.00 threshold. Top up to avoid service interruption.",1,0
4023,1787257864.8293178,WARN,key_backoff,ours exhausted failure #1,"{""detail"": ""backoff 2.0s; error_type=exhausted"", ""key_name"": ""ours""}",1,0
4024,1787257955.1521654,WARN,key_backoff,ours exhausted failure #1,"{""detail"": ""backoff 2.0s; error_type=exhausted"", ""key_name"": ""ours""}",1,0
4025,1787258016.6931963,WARN,key_backoff,ours exhausted failure #1,"{""detail"": ""backoff 2.0s; error_type=exhausted"", ""key_name"": ""ours""}",1,0
4026,1787258701.7919323,critical,api_low_balance,ppq balance low: $0.00,"ppq balance at $0.00, below $5.00 threshold. Top up to avoid service interruption.",1,0
4027,1787258701.8145592,critical,api_low_balance,openrouter balance low: $-0.18,"openrouter balance at $-0.18, below $5.00 threshold. Top up to avoid service interruption.",1,0
4028,1787259602.0399258,critical,api_low_balance,ppq balance low: $0.00,"ppq balance at $0.00, below $5.00 threshold. Top up to avoid service interruption.",1,0
4029,1787259602.0650733,critical,api_low_balance,openrouter balance low: $-0.18,"openrouter balance at $-0.18, below $5.00 threshold. Top up to avoid service interruption.",1,0
4030,1787260501.852736,critical,api_low_balance,ppq balance low: $0.00,"ppq balance at $0.00, below $5.00 threshold. Top up to avoid service interruption.",1,0
4031,1787260501.8567505,critical,api_low_balance,openrouter balance low: $-0.18,"openrouter balance at $-0.18, below $5.00 threshold. Top up to avoid service interruption.",1,0
4032,1787261402.2717063,critical,api_low_balance,ppq balance low: $0.00,"ppq balance at $0.00, below $5.00 threshold. Top up to avoid service interruption.",1,0
4033,1787261402.2724276,critical,api_low_balance,openrouter balance low: $-0.18,"openrouter balance at $-0.18, below $5.00 threshold. Top up to avoid service interruption.",1,0
4034,1787262003.1261268,warning,circuit_breaker,Circuit breaker: physical-router-test-automation/t_gsync_rta87 (3 consecutive crashed runs),"{""last_error"": ""pid 1234863 not alive"", ""run_count"": 3, ""crashed_runs"": 3, ""profile"": ""worker-base"", ""status_at_trip"": ""ready""}",1,0
4035,1787262003.7083344,warning,circuit_breaker,Circuit breaker: tollgate-module-basic-go/t_gsync_tmbg353 (3 consecutive crashed runs),"{""last_error"": ""pid 2370482 not alive"", ""run_count"": 3, ""crashed_runs"": 3, ""profile"": ""worker-base"", ""status_at_trip"": ""ready""}",1,0
4036,1787262301.5965228,critical,api_low_balance,ppq balance low: $0.00,"ppq balance at $0.00, below $5.00 threshold. Top up to avoid service interruption.",1,0
4037,1787262301.6014621,critical,api_low_balance,openrouter balance low: $-0.18,"openrouter balance at $-0.18, below $5.00 threshold. Top up to avoid service interruption.",1,0
4038,1787262613.7376976,WARN,key_backoff,ours exhausted failure #1,"{""detail"": ""backoff 2.0s; error_type=exhausted"", ""key_name"": ""ours""}",1,0
4039,1787263202.448011,critical,api_low_balance,ppq balance low: $0.00,"ppq balance at $0.00, below $5.00 threshold. Top up to avoid service interruption.",1,0
4040,1787263202.4567263,critical,api_low_balance,openrouter balance low: $-0.18,"openrouter balance at $-0.18, below $5.00 threshold. Top up to avoid service interruption.",1,0
4041,1787263848.3851085,WARN,key_backoff,ours exhausted failure #1,"{""detail"": ""backoff 2.0s; error_type=exhausted"", ""key_name"": ""ours""}",1,0
4042,1787263855.4446454,WARN,key_backoff,ours exhausted failure #2,"{""detail"": ""backoff 4.0s; error_type=exhausted"", ""key_name"": ""ours""}",1,0
4043,1787264102.0140705,critical,api_low_balance,ppq balance low: $0.00,"ppq balance at $0.00, below $5.00 threshold. Top up to avoid service interruption.",1,0
4044,1787264102.045214,critical,api_low_balance,openrouter balance low: $-0.18,"openrouter balance at $-0.18, below $5.00 threshold. Top up to avoid service interruption.",1,0
4045,1787266867.134882,WARN,key_backoff,ours exhausted failure #1,"{""detail"": ""backoff 2.0s; error_type=exhausted"", ""key_name"": ""ours""}",1,0
4046,1787266877.4024029,WARN,key_backoff,ours exhausted failure #2,"{""detail"": ""backoff 4.0s; error_type=exhausted"", ""key_name"": ""ours""}",1,0
4047,1787267533.9551027,WARN,key_backoff,ours exhausted failure #1,"{""detail"": ""backoff 2.0s; error_type=exhausted"", ""key_name"": ""ours""}",1,0
4048,1787268765.0669904,WARN,key_backoff,ours exhausted failure #1,"{""detail"": ""backoff 2.0s; error_type=exhausted"", ""key_name"": ""ours""}",1,0
4049,1787271855.5451617,WARN,key_backoff,ours exhausted failure #1,"{""detail"": ""backoff 2.0s; error_type=exhausted"", ""key_name"": ""ours""}",1,0
4050,1787271855.694568,WARN,key_backoff,ours exhausted failure #2,"{""detail"": ""backoff 4.0s; error_type=exhausted"", ""key_name"": ""ours""}",1,0
4051,1787271976.1995425,WARN,key_backoff,ours exhausted failure #3,"{""detail"": ""backoff 8.0s; error_type=exhausted"", ""key_name"": ""ours""}",1,0
4052,1787271976.393029,WARN,key_backoff,ours exhausted failure #4,"{""detail"": ""backoff 16.0s; error_type=exhausted"", ""key_name"": ""ours""}",1,0
4053,1787272097.0662744,WARN,key_backoff,ours exhausted failure #5,"{""detail"": ""backoff 32.0s; error_type=exhausted"", ""key_name"": ""ours""}",1,0
4054,1787272097.25549,WARN,key_backoff,ours exhausted failure #6,"{""detail"": ""backoff 60.0s; error_type=exhausted"", ""key_name"": ""ours""}",1,0
4055,1787272217.4813037,WARN,key_backoff,ours exhausted failure #7,"{""detail"": ""backoff 60.0s; error_type=exhausted"", ""key_name"": ""ours""}",1,0
4056,1787272217.482346,CRITICAL,KEY_DEAD,ours reached 7 consecutive failures,"{""detail"": ""backoff 60.0s; likely dead"", ""key_name"": ""ours""}",1,0
4057,1787272217.7185714,WARN,key_backoff,ours exhausted failure #8,"{""detail"": ""backoff 60.0s; error_type=exhausted"", ""key_name"": ""ours""}",1,0
4058,1787272337.9062247,WARN,key_backoff,ours exhausted failure #9,"{""detail"": ""backoff 60.0s; error_type=exhausted"", ""key_name"": ""ours""}",1,0
4059,1787272338.139692,WARN,key_backoff,ours exhausted failure #10,"{""detail"": ""backoff 60.0s; error_type=exhausted"", ""key_name"": ""ours""}",1,0
4060,1787272458.709906,WARN,key_backoff,ours exhausted failure #11,"{""detail"": ""backoff 60.0s; error_type=exhausted"", ""key_name"": ""ours""}",1,0
4061,1787272458.9003115,WARN,key_backoff,ours exhausted failure #12,"{""detail"": ""backoff 60.0s; error_type=exhausted"", ""key_name"": ""ours""}",1,0
4062,1787278896.211036,WARN,key_backoff,ours exhausted failure #1,"{""detail"": ""backoff 2.0s; error_type=exhausted"", ""key_name"": ""ours""}",1,0
4063,1787279445.6713562,WARN,key_backoff,ours exhausted failure #1,"{""detail"": ""backoff 2.0s; error_type=exhausted"", ""key_name"": ""ours""}",1,0
4064,1787307448.8453262,WARN,key_backoff,ollama_cloud exhausted failure #1,"{""detail"": ""backoff 2.0s; error_type=exhausted"", ""key_name"": ""ollama_cloud""}",1,0
4065,1787307460.5909948,WARN,key_backoff,ollama_cloud exhausted failure #2,"{""detail"": ""backoff 4.0s; error_type=exhausted"", ""key_name"": ""ollama_cloud""}",1,0
4066,1787307477.516573,WARN,key_backoff,ollama_cloud exhausted failure #3,"{""detail"": ""backoff 8.0s; error_type=exhausted"", ""key_name"": ""ollama_cloud""}",1,0
4067,1787307492.8492408,WARN,key_backoff,ollama_cloud exhausted failure #4,"{""detail"": ""backoff 16.0s; error_type=exhausted"", ""key_name"": ""ollama_cloud""}",1,0
4068,1787307512.3275294,WARN,key_backoff,ollama_cloud exhausted failure #5,"{""detail"": ""backoff 32.0s; error_type=exhausted"", ""key_name"": ""ollama_cloud""}",1,0
4069,1787307549.7148721,WARN,key_backoff,ollama_cloud exhausted failure #6,"{""detail"": ""backoff 60.0s; error_type=exhausted"", ""key_name"": ""ollama_cloud""}",1,0
4070,1787307611.6365921,WARN,key_backoff,ollama_cloud exhausted failure #7,"{""detail"": ""backoff 60.0s; error_type=exhausted"", ""key_name"": ""ollama_cloud""}",1,0
4071,1787307611.6366782,CRITICAL,KEY_DEAD,ollama_cloud reached 7 consecutive failures,"{""detail"": ""backoff 60.0s; likely dead"", ""key_name"": ""ollama_cloud""}",1,0
4072,1787307715.499518,WARN,key_backoff,ollama_cloud exhausted failure #8,"{""detail"": ""backoff 60.0s; error_type=exhausted"", ""key_name"": ""ollama_cloud""}",1,0
4073,1787307832.9648292,WARN,key_backoff,ollama_cloud exhausted failure #9,"{""detail"": ""backoff 60.0s; error_type=exhausted"", ""key_name"": ""ollama_cloud""}",1,0
4074,1787307923.373728,WARN,key_backoff,ollama_cloud exhausted failure #10,"{""detail"": ""backoff 60.0s; error_type=exhausted"", ""key_name"": ""ollama_cloud""}",1,0
4075,1787307996.8469112,WARN,key_backoff,ollama_cloud exhausted failure #11,"{""detail"": ""backoff 60.0s; error_type=exhausted"", ""key_name"": ""ollama_cloud""}",1,0
4076,1787308072.3249576,WARN,key_backoff,ollama_cloud exhausted failure #12,"{""detail"": ""backoff 60.0s; error_type=exhausted"", ""key_name"": ""ollama_cloud""}",1,0
4077,1787308143.3408132,WARN,key_backoff,ollama_cloud exhausted failure #13,"{""detail"": ""backoff 60.0s; error_type=exhausted"", ""key_name"": ""ollama_cloud""}",1,0
4078,1787308211.2733,WARN,key_backoff,ollama_cloud exhausted failure #14,"{""detail"": ""backoff 60.0s; error_type=exhausted"", ""key_name"": ""ollama_cloud""}",1,0
4079,1787308293.5048776,WARN,key_backoff,ollama_cloud exhausted failure #15,"{""detail"": ""backoff 60.0s; error_type=exhausted"", ""key_name"": ""ollama_cloud""}",1,0
4080,1787308364.4903584,WARN,key_backoff,ollama_cloud exhausted failure #16,"{""detail"": ""backoff 60.0s; error_type=exhausted"", ""key_name"": ""ollama_cloud""}",1,0
4081,1787308427.872064,WARN,key_backoff,ollama_cloud exhausted failure #17,"{""detail"": ""backoff 60.0s; error_type=exhausted"", ""key_name"": ""ollama_cloud""}",1,0
4082,1787308493.3563979,WARN,key_backoff,ollama_cloud exhausted failure #18,"{""detail"": ""backoff 60.0s; error_type=exhausted"", ""key_name"": ""ollama_cloud""}",1,0
4083,1787308577.444333,WARN,key_backoff,ollama_cloud exhausted failure #19,"{""detail"": ""backoff 60.0s; error_type=exhausted"", ""key_name"": ""ollama_cloud""}",1,0
4084,1787308652.941268,WARN,key_backoff,ollama_cloud exhausted failure #20,"{""detail"": ""backoff 60.0s; error_type=exhausted"", ""key_name"": ""ollama_cloud""}",1,0
4085,1787308723.1069243,WARN,key_backoff,ollama_cloud exhausted failure #21,"{""detail"": ""backoff 60.0s; error_type=exhausted"", ""key_name"": ""ollama_cloud""}",1,0
4086,1787308788.4410307,WARN,key_backoff,ollama_cloud exhausted failure #22,"{""detail"": ""backoff 60.0s; error_type=exhausted"", ""key_name"": ""ollama_cloud""}",1,0
4087,1787308851.7082384,WARN,key_backoff,ollama_cloud exhausted failure #23,"{""detail"": ""backoff 60.0s; error_type=exhausted"", ""key_name"": ""ollama_cloud""}",1,0
4088,1787308913.9818006,WARN,key_backoff,ollama_cloud exhausted failure #24,"{""detail"": ""backoff 60.0s; error_type=exhausted"", ""key_name"": ""ollama_cloud""}",1,0
4089,1787308981.0945299,WARN,key_backoff,ollama_cloud exhausted failure #25,"{""detail"": ""backoff 60.0s; error_type=exhausted"", ""key_name"": ""ollama_cloud""}",1,0
4090,1787309064.049691,WARN,key_backoff,ollama_cloud exhausted failure #26,"{""detail"": ""backoff 60.0s; error_type=exhausted"", ""key_name"": ""ollama_cloud""}",1,0
4091,1787309064.1783266,WARN,key_backoff,ollama_cloud exhausted failure #27,"{""detail"": ""backoff 60.0s; error_type=exhausted"", ""key_name"": ""ollama_cloud""}",1,0
4092,1787309131.4064066,WARN,key_backoff,ollama_cloud exhausted failure #28,"{""detail"": ""backoff 60.0s; error_type=exhausted"", ""key_name"": ""ollama_cloud""}",1,0
4093,1787309163.9077866,WARN,key_backoff,ours server failure #1,"{""detail"": ""backoff 30s; error_type=server"", ""key_name"": ""ours""}",1,0
4094,1787309205.0955787,WARN,key_backoff,ollama_cloud exhausted failure #29,"{""detail"": ""backoff 60.0s; error_type=exhausted"", ""key_name"": ""ollama_cloud""}",1,0
4095,1787309270.3605793,WARN,key_backoff,ollama_cloud exhausted failure #30,"{""detail"": ""backoff 60.0s; error_type=exhausted"", ""key_name"": ""ollama_cloud""}",1,0
4096,1787309342.3037422,WARN,key_backoff,ollama_cloud exhausted failure #31,"{""detail"": ""backoff 60.0s; error_type=exhausted"", ""key_name"": ""ollama_cloud""}",1,0
4097,1787309411.06696,WARN,key_backoff,ollama_cloud exhausted failure #32,"{""detail"": ""backoff 60.0s; error_type=exhausted"", ""key_name"": ""ollama_cloud""}",1,0
4098,1787309480.418822,WARN,key_backoff,ollama_cloud exhausted failure #33,"{""detail"": ""backoff 60.0s; error_type=exhausted"", ""key_name"": ""ollama_cloud""}",1,0
4099,1787309667.837515,WARN,key_backoff,ollama_cloud exhausted failure #34,"{""detail"": ""backoff 60.0s; error_type=exhausted"", ""key_name"": ""ollama_cloud""}",1,0
4100,1787309734.23121,WARN,key_backoff,ollama_cloud exhausted failure #35,"{""detail"": ""backoff 60.0s; error_type=exhausted"", ""key_name"": ""ollama_cloud""}",1,0
4101,1787312065.4147174,WARN,key_backoff,ours server failure #1,"{""detail"": ""backoff 30s; error_type=server"", ""key_name"": ""ours""}",1,0
4102,1787312069.4714143,WARN,key_backoff,ollama_cloud exhausted failure #36,"{""detail"": ""backoff 60.0s; error_type=exhausted"", ""key_name"": ""ollama_cloud""}",1,0
4103,1787313663.1992276,WARN,key_backoff,ours exhausted failure #1,"{""detail"": ""backoff 2.0s; error_type=exhausted"", ""key_name"": ""ours""}",1,0
4104,1787313783.9723294,WARN,key_backoff,ollama_cloud exhausted failure #37,"{""detail"": ""backoff 60.0s; error_type=exhausted"", ""key_name"": ""ollama_cloud""}",1,0
4105,1787315009.0056446,WARN,key_backoff,ollama_cloud exhausted failure #38,"{""detail"": ""backoff 60.0s; error_type=exhausted"", ""key_name"": ""ollama_cloud""}",1,0
4106,1787315694.6040194,WARN,key_backoff,ollama_cloud exhausted failure #39,"{""detail"": ""backoff 60.0s; error_type=exhausted"", ""key_name"": ""ollama_cloud""}",1,0
4107,1787315694.8870428,WARN,key_backoff,ollama_cloud exhausted failure #40,"{""detail"": ""backoff 60.0s; error_type=exhausted"", ""key_name"": ""ollama_cloud""}",1,0
4108,1787315761.43342,WARN,key_backoff,ollama_cloud exhausted failure #41,"{""detail"": ""backoff 60.0s; error_type=exhausted"", ""key_name"": ""ollama_cloud""}",1,0
4109,1787315837.7139587,WARN,key_backoff,ollama_cloud exhausted failure #42,"{""detail"": ""backoff 60.0s; error_type=exhausted"", ""key_name"": ""ollama_cloud""}",1,0
4110,1787317235.0639927,WARN,key_backoff,ours exhausted failure #1,"{""detail"": ""backoff 2.0s; error_type=exhausted"", ""key_name"": ""ours""}",1,0
4111,1787317355.686142,WARN,key_backoff,ollama_cloud exhausted failure #43,"{""detail"": ""backoff 60.0s; error_type=exhausted"", ""key_name"": ""ollama_cloud""}",1,0
4112,1787320818.8768904,WARN,key_backoff,ours exhausted failure #1,"{""detail"": ""backoff 2.0s; error_type=exhausted"", ""key_name"": ""ours""}",1,0
4113,1787320839.8149369,WARN,key_backoff,ours exhausted failure #1,"{""detail"": ""backoff 2.0s; error_type=exhausted"", ""key_name"": ""ours""}",1,0
4114,1787320843.8300505,WARN,key_backoff,ours exhausted failure #1,"{""detail"": ""backoff 2.0s; error_type=exhausted"", ""key_name"": ""ours""}",1,0
4115,1787320848.2748349,WARN,key_backoff,ours exhausted failure #1,"{""detail"": ""backoff 2.0s; error_type=exhausted"", ""key_name"": ""ours""}",1,0
4116,1787320940.0087075,WARN,key_backoff,ollama_cloud exhausted failure #1,"{""detail"": ""backoff 2.0s; error_type=exhausted"", ""key_name"": ""ollama_cloud""}",1,0
4117,1787320960.4235668,WARN,key_backoff,ollama_cloud exhausted failure #2,"{""detail"": ""backoff 4.0s; error_type=exhausted"", ""key_name"": ""ollama_cloud""}",1,0
4118,1787320968.8227136,WARN,key_backoff,ollama_cloud exhausted failure #3,"{""detail"": ""backoff 8.0s; error_type=exhausted"", ""key_name"": ""ollama_cloud""}",1,0
4119,1787323232.9003522,WARN,key_backoff,ours exhausted failure #1,"{""detail"": ""backoff 2.0s; error_type=exhausted"", ""key_name"": ""ours""}",1,0
4120,1787323234.6405122,WARN,key_backoff,ollama_cloud exhausted failure #4,"{""detail"": ""backoff 16.0s; error_type=exhausted"", ""key_name"": ""ollama_cloud""}",1,0
4121,1787323357.709337,WARN,key_backoff,ours exhausted failure #1,"{""detail"": ""backoff 2.0s; error_type=exhausted"", ""key_name"": ""ours""}",1,0
4122,1787323367.7399073,WARN,key_backoff,ours exhausted failure #1,"{""detail"": ""backoff 2.0s; error_type=exhausted"", ""key_name"": ""ours""}",1,0
4123,1787323371.2064993,WARN,key_backoff,ours exhausted failure #1,"{""detail"": ""backoff 2.0s; error_type=exhausted"", ""key_name"": ""ours""}",1,0
4124,1787323371.9554543,WARN,key_backoff,ours exhausted failure #2,"{""detail"": ""backoff 4.0s; error_type=exhausted"", ""key_name"": ""ours""}",1,0
4125,1787323398.1736722,WARN,key_backoff,ours exhausted failure #1,"{""detail"": ""backoff 2.0s; error_type=exhausted"", ""key_name"": ""ours""}",1,0
4126,1787323420.0037525,WARN,key_backoff,ours exhausted failure #1,"{""detail"": ""backoff 2.0s; error_type=exhausted"", ""key_name"": ""ours""}",1,0
4127,1787323435.6710002,WARN,key_backoff,ours exhausted failure #1,"{""detail"": ""backoff 2.0s; error_type=exhausted"", ""key_name"": ""ours""}",1,0
4128,1787323447.2253857,WARN,key_backoff,ours exhausted failure #1,"{""detail"": ""backoff 2.0s; error_type=exhausted"", ""key_name"": ""ours""}",1,0
4129,1787323481.0781114,WARN,key_backoff,ours exhausted failure #2,"{""detail"": ""backoff 4.0s; error_type=exhausted"", ""key_name"": ""ours""}",1,0
4130,1787323488.6422837,WARN,key_backoff,ollama_cloud exhausted failure #5,"{""detail"": ""backoff 32.0s; error_type=exhausted"", ""key_name"": ""ollama_cloud""}",1,0
4131,1787323489.6624615,WARN,key_backoff,ours exhausted failure #3,"{""detail"": ""backoff 8.0s; error_type=exhausted"", ""key_name"": ""ours""}",1,0
4132,1787323494.1285703,WARN,key_backoff,ours exhausted failure #1,"{""detail"": ""backoff 2.0s; error_type=exhausted"", ""key_name"": ""ours""}",1,0
4133,1787323494.3525088,WARN,key_backoff,ours exhausted failure #2,"{""detail"": ""backoff 4.0s; error_type=exhausted"", ""key_name"": ""ours""}",1,0
4134,1787323519.0079029,WARN,key_backoff,ours exhausted failure #1,"{""detail"": ""backoff 2.0s; error_type=exhausted"", ""key_name"": ""ours""}",1,0
4135,1787323533.6610003,WARN,key_backoff,ours exhausted failure #1,"{""detail"": ""backoff 2.0s; error_type=exhausted"", ""key_name"": ""ours""}",1,0
4136,1787323540.5235524,WARN,key_backoff,ollama_cloud exhausted failure #6,"{""detail"": ""backoff 60.0s; error_type=exhausted"", ""key_name"": ""ollama_cloud""}",1,0
4137,1787323546.188447,WARN,key_backoff,ours exhausted failure #1,"{""detail"": ""backoff 2.0s; error_type=exhausted"", ""key_name"": ""ours""}",1,0
4138,1787323556.8113658,WARN,key_backoff,ours exhausted failure #2,"{""detail"": ""backoff 4.0s; error_type=exhausted"", ""key_name"": ""ours""}",1,0
4139,1787323570.4192123,WARN,key_backoff,ours exhausted failure #1,"{""detail"": ""backoff 2.0s; error_type=exhausted"", ""key_name"": ""ours""}",1,0
4140,1787323582.9857442,WARN,key_backoff,ours exhausted failure #2,"{""detail"": ""backoff 4.0s; error_type=exhausted"", ""key_name"": ""ours""}",1,0
4141,1787323596.145178,WARN,key_backoff,ours exhausted failure #1,"{""detail"": ""backoff 2.0s; error_type=exhausted"", ""key_name"": ""ours""}",1,0
4142,1787323599.6739743,WARN,key_backoff,ours exhausted failure #2,"{""detail"": ""backoff 4.0s; error_type=exhausted"", ""key_name"": ""ours""}",1,0
4143,1787323600.9721696,WARN,key_backoff,ollama_cloud exhausted failure #7,"{""detail"": ""backoff 60.0s; error_type=exhausted"", ""key_name"": ""ollama_cloud""}",1,0
4144,1787323600.9727345,CRITICAL,KEY_DEAD,ollama_cloud reached 7 consecutive failures,"{""detail"": ""backoff 60.0s; likely dead"", ""key_name"": ""ollama_cloud""}",1,0
4145,1787323606.0870137,WARN,key_backoff,ours exhausted failure #3,"{""detail"": ""backoff 8.0s; error_type=exhausted"", ""key_name"": ""ours""}",1,0
4146,1787323636.927964,WARN,key_backoff,ours exhausted failure #4,"{""detail"": ""backoff 16.0s; error_type=exhausted"", ""key_name"": ""ours""}",1,0
4147,1787323653.9309483,WARN,key_backoff,ours exhausted failure #1,"{""detail"": ""backoff 2.0s; error_type=exhausted"", ""key_name"": ""ours""}",1,0
4148,1787323664.0443444,WARN,key_backoff,ollama_cloud exhausted failure #8,"{""detail"": ""backoff 60.0s; error_type=exhausted"", ""key_name"": ""ollama_cloud""}",1,0
4149,1787323672.0101864,WARN,key_backoff,ours exhausted failure #3,"{""detail"": ""backoff 8.0s; error_type=exhausted"", ""key_name"": ""ours""}",1,0
4150,1787323672.0106056,WARN,key_backoff,ours exhausted failure #2,"{""detail"": ""backoff 4.0s; error_type=exhausted"", ""key_name"": ""ours""}",1,0
4151,1787323672.3127658,WARN,key_backoff,ours exhausted failure #4,"{""detail"": ""backoff 16.0s; error_type=exhausted"", ""key_name"": ""ours""}",1,0
4152,1787323672.3143008,WARN,key_backoff,ours exhausted failure #5,"{""detail"": ""backoff 32.0s; error_type=exhausted"", ""key_name"": ""ours""}",1,0
4153,1787323672.489834,WARN,key_backoff,ours exhausted failure #6,"{""detail"": ""backoff 60.0s; error_type=exhausted"", ""key_name"": ""ours""}",1,0
4154,1787323672.5470788,WARN,key_backoff,ours exhausted failure #7,"{""detail"": ""backoff 60.0s; error_type=exhausted"", ""key_name"": ""ours""}",1,0
4155,1787323672.547453,CRITICAL,KEY_DEAD,ours reached 7 consecutive failures,"{""detail"": ""backoff 60.0s; likely dead"", ""key_name"": ""ours""}",1,0
4156,1787323672.6934958,WARN,key_backoff,ours exhausted failure #8,"{""detail"": ""backoff 60.0s; error_type=exhausted"", ""key_name"": ""ours""}",1,0
4157,1787323672.7389832,WARN,key_backoff,ours exhausted failure #9,"{""detail"": ""backoff 60.0s; error_type=exhausted"", ""key_name"": ""ours""}",1,0
4158,1787323672.7745166,WARN,key_backoff,ours exhausted failure #10,"{""detail"": ""backoff 60.0s; error_type=exhausted"", ""key_name"": ""ours""}",1,0
4159,1787323672.7983267,WARN,key_backoff,ours exhausted failure #11,"{""detail"": ""backoff 60.0s; error_type=exhausted"", ""key_name"": ""ours""}",1,0
4160,1787323701.5379453,WARN,key_backoff,ours exhausted failure #1,"{""detail"": ""backoff 2.0s; error_type=exhausted"", ""key_name"": ""ours""}",1,0
4161,1787323728.779754,WARN,key_backoff,ours exhausted failure #1,"{""detail"": ""backoff 2.0s; error_type=exhausted"", ""key_name"": ""ours""}",1,0
4162,1787323739.3004472,WARN,key_backoff,ours exhausted failure #2,"{""detail"": ""backoff 4.0s; error_type=exhausted"", ""key_name"": ""ours""}",1,0
4163,1787323743.2639215,WARN,key_backoff,ollama_cloud exhausted failure #9,"{""detail"": ""backoff 60.0s; error_type=exhausted"", ""key_name"": ""ollama_cloud""}",1,0
4164,1787323751.0092444,WARN,key_backoff,ours exhausted failure #3,"{""detail"": ""backoff 8.0s; error_type=exhausted"", ""key_name"": ""ours""}",1,0
4165,1787323762.5908833,WARN,key_backoff,ours exhausted failure #4,"{""detail"": ""backoff 16.0s; error_type=exhausted"", ""key_name"": ""ours""}",1,0
4166,1787323780.9805195,WARN,key_backoff,ours exhausted failure #1,"{""detail"": ""backoff 2.0s; error_type=exhausted"", ""key_name"": ""ours""}",1,0
4167,1787323781.4143481,WARN,key_backoff,ours exhausted failure #2,"{""detail"": ""backoff 4.0s; error_type=exhausted"", ""key_name"": ""ours""}",1,0
4168,1787323781.6003568,WARN,key_backoff,ours exhausted failure #3,"{""detail"": ""backoff 8.0s; error_type=exhausted"", ""key_name"": ""ours""}",1,0
4169,1787323781.6020472,WARN,key_backoff,ours exhausted failure #4,"{""detail"": ""backoff 16.0s; error_type=exhausted"", ""key_name"": ""ours""}",1,0
4170,1787323781.6734731,WARN,key_backoff,ours exhausted failure #5,"{""detail"": ""backoff 32.0s; error_type=exhausted"", ""key_name"": ""ours""}",1,0
4171,1787323781.746438,WARN,key_backoff,ours exhausted failure #6,"{""detail"": ""backoff 60.0s; error_type=exhausted"", ""key_name"": ""ours""}",1,0
4172,1787323781.7796228,WARN,key_backoff,ours exhausted failure #8,"{""detail"": ""backoff 60.0s; error_type=exhausted"", ""key_name"": ""ours""}",1,0
4173,1787323781.7798135,WARN,key_backoff,ours exhausted failure #7,"{""detail"": ""backoff 60.0s; error_type=exhausted"", ""key_name"": ""ours""}",1,0
4174,1787323781.780853,CRITICAL,KEY_DEAD,ours reached 7 consecutive failures,"{""detail"": ""backoff 60.0s; likely dead"", ""key_name"": ""ours""}",1,0
4175,1787323781.807699,WARN,key_backoff,ours exhausted failure #9,"{""detail"": ""backoff 60.0s; error_type=exhausted"", ""key_name"": ""ours""}",1,0
4176,1787323808.735043,WARN,key_backoff,ollama_cloud exhausted failure #10,"{""detail"": ""backoff 60.0s; error_type=exhausted"", ""key_name"": ""ollama_cloud""}",1,0
4177,1787323849.773629,WARN,key_backoff,ours exhausted failure #1,"{""detail"": ""backoff 2.0s; error_type=exhausted"", ""key_name"": ""ours""}",1,0
4178,1787323856.517347,WARN,key_backoff,ours exhausted failure #1,"{""detail"": ""backoff 2.0s; error_type=exhausted"", ""key_name"": ""ours""}",1,0
4179,1787323857.1455562,WARN,key_backoff,ours exhausted failure #2,"{""detail"": ""backoff 4.0s; error_type=exhausted"", ""key_name"": ""ours""}",1,0
4180,1787323857.3565195,WARN,key_backoff,ours exhausted failure #3,"{""detail"": ""backoff 8.0s; error_type=exhausted"", ""key_name"": ""ours""}",1,0
4181,1787323857.6033535,WARN,key_backoff,ours exhausted failure #4,"{""detail"": ""backoff 16.0s; error_type=exhausted"", ""key_name"": ""ours""}",1,0
4182,1787323857.9417953,WARN,key_backoff,ours exhausted failure #5,"{""detail"": ""backoff 32.0s; error_type=exhausted"", ""key_name"": ""ours""}",1,0
4183,1787323857.9984996,WARN,key_backoff,ours exhausted failure #6,"{""detail"": ""backoff 60.0s; error_type=exhausted"", ""key_name"": ""ours""}",1,0
4184,1787323858.2463284,WARN,key_backoff,ours exhausted failure #7,"{""detail"": ""backoff 60.0s; error_type=exhausted"", ""key_name"": ""ours""}",1,0
4185,1787323858.2464364,CRITICAL,KEY_DEAD,ours reached 7 consecutive failures,"{""detail"": ""backoff 60.0s; likely dead"", ""key_name"": ""ours""}",1,0
4186,1787323858.5733037,WARN,key_backoff,ours exhausted failure #8,"{""detail"": ""backoff 60.0s; error_type=exhausted"", ""key_name"": ""ours""}",1,0
4187,1787323859.6260703,WARN,key_backoff,ours exhausted failure #9,"{""detail"": ""backoff 60.0s; error_type=exhausted"", ""key_name"": ""ours""}",1,0
4188,1787323859.6979787,WARN,key_backoff,ours exhausted failure #10,"{""detail"": ""backoff 60.0s; error_type=exhausted"", ""key_name"": ""ours""}",1,0
4189,1787323860.5843213,WARN,key_backoff,ours exhausted failure #11,"{""detail"": ""backoff 60.0s; error_type=exhausted"", ""key_name"": ""ours""}",1,0
4190,1787323876.9121459,WARN,key_backoff,ollama_cloud exhausted failure #11,"{""detail"": ""backoff 60.0s; error_type=exhausted"", ""key_name"": ""ollama_cloud""}",1,0
4191,1787323876.9322004,WARN,key_backoff,ours exhausted failure #1,"{""detail"": ""backoff 2.0s; error_type=exhausted"", ""key_name"": ""ours""}",1,0
4192,1787323877.122826,WARN,key_backoff,ours exhausted failure #2,"{""detail"": ""backoff 4.0s; error_type=exhausted"", ""key_name"": ""ours""}",1,0
4193,1787323877.281941,WARN,key_backoff,ours exhausted failure #4,"{""detail"": ""backoff 16.0s; error_type=exhausted"", ""key_name"": ""ours""}",1,0
4194,1787323877.2819715,WARN,key_backoff,ours exhausted failure #3,"{""detail"": ""backoff 8.0s; error_type=exhausted"", ""key_name"": ""ours""}",1,0
4195,1787323877.674586,WARN,key_backoff,ours exhausted failure #5,"{""detail"": ""backoff 32.0s; error_type=exhausted"", ""key_name"": ""ours""}",1,0
4196,1787323877.8700473,WARN,key_backoff,ollama_cloud exhausted failure #12,"{""detail"": ""backoff 60.0s; error_type=exhausted"", ""key_name"": ""ollama_cloud""}",1,0
4197,1787323877.8859162,WARN,key_backoff,ollama_cloud exhausted failure #13,"{""detail"": ""backoff 60.0s; error_type=exhausted"", ""key_name"": ""ollama_cloud""}",1,0
4198,1787323878.1969345,WARN,key_backoff,ollama_cloud exhausted failure #14,"{""detail"": ""backoff 60.0s; error_type=exhausted"", ""key_name"": ""ollama_cloud""}",1,0
4199,1787323882.037899,WARN,key_backoff,ours exhausted failure #6,"{""detail"": ""backoff 60.0s; error_type=exhausted"", ""key_name"": ""ours""}",1,0
4200,1787323882.1635928,WARN,key_backoff,ours exhausted failure #7,"{""detail"": ""backoff 60.0s; error_type=exhausted"", ""key_name"": ""ours""}",1,0
4201,1787323882.1636715,CRITICAL,KEY_DEAD,ours reached 7 consecutive failures,"{""detail"": ""backoff 60.0s; likely dead"", ""key_name"": ""ours""}",1,0
4202,1787323882.5723143,WARN,key_backoff,ours exhausted failure #8,"{""detail"": ""backoff 60.0s; error_type=exhausted"", ""key_name"": ""ours""}",1,0
4203,1787323882.716808,WARN,key_backoff,ours exhausted failure #9,"{""detail"": ""backoff 60.0s; error_type=exhausted"", ""key_name"": ""ours""}",1,0
4204,1787323882.7577431,WARN,key_backoff,ours exhausted failure #10,"{""detail"": ""backoff 60.0s; error_type=exhausted"", ""key_name"": ""ours""}",1,0
4205,1787323882.7650652,WARN,key_backoff,ours exhausted failure #11,"{""detail"": ""backoff 60.0s; error_type=exhausted"", ""key_name"": ""ours""}",1,0
4206,1787323882.802576,WARN,key_backoff,ours exhausted failure #12,"{""detail"": ""backoff 60.0s; error_type=exhausted"", ""key_name"": ""ours""}",1,0
4207,1787323882.9083455,WARN,key_backoff,ours exhausted failure #13,"{""detail"": ""backoff 60.0s; error_type=exhausted"", ""key_name"": ""ours""}",1,0
4208,1787323882.9500732,WARN,key_backoff,ours exhausted failure #14,"{""detail"": ""backoff 60.0s; error_type=exhausted"", ""key_name"": ""ours""}",1,0
4209,1787323883.0883305,WARN,key_backoff,ours exhausted failure #15,"{""detail"": ""backoff 60.0s; error_type=exhausted"", ""key_name"": ""ours""}",1,0
4210,1787323883.388905,WARN,key_backoff,ours exhausted failure #16,"{""detail"": ""backoff 60.0s; error_type=exhausted"", ""key_name"": ""ours""}",1,0
4211,1787323883.4687946,WARN,key_backoff,ours exhausted failure #17,"{""detail"": ""backoff 60.0s; error_type=exhausted"", ""key_name"": ""ours""}",1,0
4212,1787323883.5973372,WARN,key_backoff,ours exhausted failure #18,"{""detail"": ""backoff 60.0s; error_type=exhausted"", ""key_name"": ""ours""}",1,0
4213,1787323931.5072665,WARN,key_backoff,ours exhausted failure #1,"{""detail"": ""backoff 2.0s; error_type=exhausted"", ""key_name"": ""ours""}",1,0
4214,1787323940.6593397,WARN,key_backoff,ours exhausted failure #2,"{""detail"": ""backoff 4.0s; error_type=exhausted"", ""key_name"": ""ours""}",1,0
4215,1787323943.3158674,WARN,key_backoff,ollama_cloud exhausted failure #15,"{""detail"": ""backoff 60.0s; error_type=exhausted"", ""key_name"": ""ollama_cloud""}",1,0
4216,1787323956.1044202,WARN,key_backoff,ours exhausted failure #1,"{""detail"": ""backoff 2.0s; error_type=exhausted"", ""key_name"": ""ours""}",1,0
4217,1787323963.3687072,WARN,key_backoff,ours exhausted failure #1,"{""detail"": ""backoff 2.0s; error_type=exhausted"", ""key_name"": ""ours""}",1,0
4218,1787323963.409839,WARN,key_backoff,ours exhausted failure #2,"{""detail"": ""backoff 4.0s; error_type=exhausted"", ""key_name"": ""ours""}",1,0
4219,1787323963.492984,WARN,key_backoff,ours exhausted failure #3,"{""detail"": ""backoff 8.0s; error_type=exhausted"", ""key_name"": ""ours""}",1,0
4220,1787323963.6071973,WARN,key_backoff,ours exhausted failure #4,"{""detail"": ""backoff 16.0s; error_type=exhausted"", ""key_name"": ""ours""}",1,0
4221,1787323963.6347802,WARN,key_backoff,ours exhausted failure #5,"{""detail"": ""backoff 32.0s; error_type=exhausted"", ""key_name"": ""ours""}",1,0
4222,1787323964.01869,WARN,key_backoff,ours exhausted failure #6,"{""detail"": ""backoff 60.0s; error_type=exhausted"", ""key_name"": ""ours""}",1,0
4223,1787323964.0354095,WARN,key_backoff,ours exhausted failure #7,"{""detail"": ""backoff 60.0s; error_type=exhausted"", ""key_name"": ""ours""}",1,0
4224,1787323964.0359435,CRITICAL,KEY_DEAD,ours reached 7 consecutive failures,"{""detail"": ""backoff 60.0s; likely dead"", ""key_name"": ""ours""}",1,0
4225,1787323964.2589939,WARN,key_backoff,ours exhausted failure #8,"{""detail"": ""backoff 60.0s; error_type=exhausted"", ""key_name"": ""ours""}",1,0
4226,1787323964.413355,WARN,key_backoff,ours exhausted failure #9,"{""detail"": ""backoff 60.0s; error_type=exhausted"", ""key_name"": ""ours""}",1,0
4227,1787323964.521451,WARN,key_backoff,ours exhausted failure #10,"{""detail"": ""backoff 60.0s; error_type=exhausted"", ""key_name"": ""ours""}",1,0
4228,1787323964.6748443,WARN,key_backoff,ours exhausted failure #12,"{""detail"": ""backoff 60.0s; error_type=exhausted"", ""key_name"": ""ours""}",1,0
4229,1787323964.6750884,WARN,key_backoff,ours exhausted failure #11,"{""detail"": ""backoff 60.0s; error_type=exhausted"", ""key_name"": ""ours""}",1,0
4230,1787323964.8443148,WARN,key_backoff,ours exhausted failure #13,"{""detail"": ""backoff 60.0s; error_type=exhausted"", ""key_name"": ""ours""}",1,0
4231,1787323965.2248788,WARN,key_backoff,ours exhausted failure #14,"{""detail"": ""backoff 60.0s; error_type=exhausted"", ""key_name"": ""ours""}",1,0
4232,1787323965.3538582,WARN,key_backoff,ours exhausted failure #15,"{""detail"": ""backoff 60.0s; error_type=exhausted"", ""key_name"": ""ours""}",1,0
4233,1787323965.410312,WARN,key_backoff,ours exhausted failure #16,"{""detail"": ""backoff 60.0s; error_type=exhausted"", ""key_name"": ""ours""}",1,0
4234,1787323965.5610452,WARN,key_backoff,ours exhausted failure #17,"{""detail"": ""backoff 60.0s; error_type=exhausted"", ""key_name"": ""ours""}",1,0
4235,1787323965.5911183,WARN,key_backoff,ours exhausted failure #19,"{""detail"": ""backoff 60.0s; error_type=exhausted"", ""key_name"": ""ours""}",1,0
4236,1787323965.5926938,WARN,key_backoff,ours exhausted failure #18,"{""detail"": ""backoff 60.0s; error_type=exhausted"", ""key_name"": ""ours""}",1,0
4237,1787323965.6462982,WARN,key_backoff,ours exhausted failure #20,"{""detail"": ""backoff 60.0s; error_type=exhausted"", ""key_name"": ""ours""}",1,0
4238,1787323965.6695802,WARN,key_backoff,ours exhausted failure #21,"{""detail"": ""backoff 60.0s; error_type=exhausted"", ""key_name"": ""ours""}",1,0
4239,1787323965.901811,WARN,key_backoff,ours exhausted failure #22,"{""detail"": ""backoff 60.0s; error_type=exhausted"", ""key_name"": ""ours""}",1,0
4240,1787323966.3939807,WARN,key_backoff,ours exhausted failure #23,"{""detail"": ""backoff 60.0s; error_type=exhausted"", ""key_name"": ""ours""}",1,0
4241,1787323966.4060361,WARN,key_backoff,ours exhausted failure #24,"{""detail"": ""backoff 60.0s; error_type=exhausted"", ""key_name"": ""ours""}",1,0
4242,1787323966.508383,WARN,key_backoff,ours exhausted failure #25,"{""detail"": ""backoff 60.0s; error_type=exhausted"", ""key_name"": ""ours""}",1,0
4243,1787323969.1843412,WARN,key_backoff,ours exhausted failure #1,"{""detail"": ""backoff 2.0s; error_type=exhausted"", ""key_name"": ""ours""}",1,0
4244,1787323970.0957856,WARN,key_backoff,ours exhausted failure #2,"{""detail"": ""backoff 4.0s; error_type=exhausted"", ""key_name"": ""ours""}",1,0
4245,1787323975.1353176,WARN,key_backoff,ours exhausted failure #3,"{""detail"": ""backoff 8.0s; error_type=exhausted"", ""key_name"": ""ours""}",1,0
4246,1787323991.0151646,WARN,key_backoff,ours exhausted failure #4,"{""detail"": ""backoff 16.0s; error_type=exhausted"", ""key_name"": ""ours""}",1,0
4247,1787323991.724505,WARN,key_backoff,ours exhausted failure #5,"{""detail"": ""backoff 32.0s; error_type=exhausted"", ""key_name"": ""ours""}",1,0
4248,1787324015.6320636,WARN,key_backoff,ours exhausted failure #1,"{""detail"": ""backoff 2.0s; error_type=exhausted"", ""key_name"": ""ours""}",1,0
4249,1787324025.3386066,WARN,key_backoff,ollama_cloud exhausted failure #16,"{""detail"": ""backoff 60.0s; error_type=exhausted"", ""key_name"": ""ollama_cloud""}",1,0
4250,1787324043.3413067,WARN,key_backoff,ours exhausted failure #1,"{""detail"": ""backoff 2.0s; error_type=exhausted"", ""key_name"": ""ours""}",1,0
4251,1787324043.412383,WARN,key_backoff,ours exhausted failure #2,"{""detail"": ""backoff 4.0s; error_type=exhausted"", ""key_name"": ""ours""}",1,0
4252,1787324043.4798627,WARN,key_backoff,ours exhausted failure #3,"{""detail"": ""backoff 8.0s; error_type=exhausted"", ""key_name"": ""ours""}",1,0
4253,1787324043.5996525,WARN,key_backoff,ours exhausted failure #4,"{""detail"": ""backoff 16.0s; error_type=exhausted"", ""key_name"": ""ours""}",1,0
4254,1787324044.0245488,WARN,key_backoff,ours exhausted failure #5,"{""detail"": ""backoff 32.0s; error_type=exhausted"", ""key_name"": ""ours""}",1,0
4255,1787324136.8318768,WARN,key_backoff,ours exhausted failure #1,"{""detail"": ""backoff 2.0s; error_type=exhausted"", ""key_name"": ""ours""}",1,0
4256,1787324137.865953,WARN,key_backoff,ollama_cloud exhausted failure #17,"{""detail"": ""backoff 60.0s; error_type=exhausted"", ""key_name"": ""ollama_cloud""}",1,0
4257,1787324143.8577862,WARN,key_backoff,ours exhausted failure #1,"{""detail"": ""backoff 2.0s; error_type=exhausted"", ""key_name"": ""ours""}",1,0
4258,1787324144.0126781,WARN,key_backoff,ours exhausted failure #2,"{""detail"": ""backoff 4.0s; error_type=exhausted"", ""key_name"": ""ours""}",1,0
4259,1787324144.3185833,WARN,key_backoff,ours exhausted failure #3,"{""detail"": ""backoff 8.0s; error_type=exhausted"", ""key_name"": ""ours""}",1,0
4260,1787324144.341124,WARN,key_backoff,ours exhausted failure #4,"{""detail"": ""backoff 16.0s; error_type=exhausted"", ""key_name"": ""ours""}",1,0
4261,1787324144.521721,WARN,key_backoff,ours exhausted failure #5,"{""detail"": ""backoff 32.0s; error_type=exhausted"", ""key_name"": ""ours""}",1,0
4262,1787324144.5670872,WARN,key_backoff,ours exhausted failure #6,"{""detail"": ""backoff 60.0s; error_type=exhausted"", ""key_name"": ""ours""}",1,0
4263,1787324144.7016032,WARN,key_backoff,ours exhausted failure #7,"{""detail"": ""backoff 60.0s; error_type=exhausted"", ""key_name"": ""ours""}",1,0
4264,1787324144.7020006,CRITICAL,KEY_DEAD,ours reached 7 consecutive failures,"{""detail"": ""backoff 60.0s; likely dead"", ""key_name"": ""ours""}",1,0
4265,1787324224.7448804,WARN,key_backoff,ours exhausted failure #3,"{""detail"": ""backoff 8.0s; error_type=exhausted"", ""key_name"": ""ours""}",1,0
4266,1787324224.7449436,WARN,key_backoff,ours exhausted failure #1,"{""detail"": ""backoff 2.0s; error_type=exhausted"", ""key_name"": ""ours""}",1,0
4267,1787324224.7466288,WARN,key_backoff,ours exhausted failure #2,"{""detail"": ""backoff 4.0s; error_type=exhausted"", ""key_name"": ""ours""}",1,0
4268,1787324224.8880503,WARN,key_backoff,ours exhausted failure #4,"{""detail"": ""backoff 16.0s; error_type=exhausted"", ""key_name"": ""ours""}",1,0
4269,1787324225.0934203,WARN,key_backoff,ours exhausted failure #5,"{""detail"": ""backoff 32.0s; error_type=exhausted"", ""key_name"": ""ours""}",1,0
4270,1787324225.1996458,WARN,key_backoff,ours exhausted failure #6,"{""detail"": ""backoff 60.0s; error_type=exhausted"", ""key_name"": ""ours""}",1,0
4271,1787324225.422073,WARN,key_backoff,ollama_cloud exhausted failure #18,"{""detail"": ""backoff 60.0s; error_type=exhausted"", ""key_name"": ""ollama_cloud""}",1,0
4272,1787324225.448563,WARN,key_backoff,ollama_cloud exhausted failure #19,"{""detail"": ""backoff 60.0s; error_type=exhausted"", ""key_name"": ""ollama_cloud""}",1,0
4273,1787324225.4979508,WARN,key_backoff,ollama_cloud exhausted failure #20,"{""detail"": ""backoff 60.0s; error_type=exhausted"", ""key_name"": ""ollama_cloud""}",1,0
4274,1787324225.5578,WARN,key_backoff,ours exhausted failure #7,"{""detail"": ""backoff 60.0s; error_type=exhausted"", ""key_name"": ""ours""}",1,0
4275,1787324225.557884,CRITICAL,KEY_DEAD,ours reached 7 consecutive failures,"{""detail"": ""backoff 60.0s; likely dead"", ""key_name"": ""ours""}",1,0
4276,1787324225.5944989,WARN,key_backoff,ours exhausted failure #8,"{""detail"": ""backoff 60.0s; error_type=exhausted"", ""key_name"": ""ours""}",1,0
4277,1787324225.5953546,WARN,key_backoff,ours exhausted failure #9,"{""detail"": ""backoff 60.0s; error_type=exhausted"", ""key_name"": ""ours""}",1,0
4278,1787324225.5956933,WARN,key_backoff,ollama_cloud exhausted failure #21,"{""detail"": ""backoff 60.0s; error_type=exhausted"", ""key_name"": ""ollama_cloud""}",1,0
4279,1787324225.6443722,WARN,key_backoff,ollama_cloud exhausted failure #22,"{""detail"": ""backoff 60.0s; error_type=exhausted"", ""key_name"": ""ollama_cloud""}",1,0
4280,1787324225.6617575,WARN,key_backoff,ours exhausted failure #10,"{""detail"": ""backoff 60.0s; error_type=exhausted"", ""key_name"": ""ours""}",1,0
4281,1787324225.7064326,WARN,key_backoff,ours exhausted failure #11,"{""detail"": ""backoff 60.0s; error_type=exhausted"", ""key_name"": ""ours""}",1,0
4282,1787324225.7945037,WARN,key_backoff,ollama_cloud exhausted failure #23,"{""detail"": ""backoff 60.0s; error_type=exhausted"", ""key_name"": ""ollama_cloud""}",1,0
4283,1787324225.8675466,WARN,key_backoff,ours exhausted failure #12,"{""detail"": ""backoff 60.0s; error_type=exhausted"", ""key_name"": ""ours""}",1,0
4284,1787324225.896162,WARN,key_backoff,ours exhausted failure #13,"{""detail"": ""backoff 60.0s; error_type=exhausted"", ""key_name"": ""ours""}",1,0
4285,1787324225.9341278,WARN,key_backoff,ollama_cloud exhausted failure #24,"{""detail"": ""backoff 60.0s; error_type=exhausted"", ""key_name"": ""ollama_cloud""}",1,0
4286,1787324226.0183759,WARN,key_backoff,ours exhausted failure #14,"{""detail"": ""backoff 60.0s; error_type=exhausted"", ""key_name"": ""ours""}",1,0
4287,1787324226.053358,WARN,key_backoff,ollama_cloud exhausted failure #25,"{""detail"": ""backoff 60.0s; error_type=exhausted"", ""key_name"": ""ollama_cloud""}",1,0
4288,1787324226.1045413,WARN,key_backoff,ollama_cloud exhausted failure #26,"{""detail"": ""backoff 60.0s; error_type=exhausted"", ""key_name"": ""ollama_cloud""}",1,0
4289,1787324226.1527889,WARN,key_backoff,ollama_cloud exhausted failure #27,"{""detail"": ""backoff 60.0s; error_type=exhausted"", ""key_name"": ""ollama_cloud""}",1,0
4290,1787324226.1816814,WARN,key_backoff,ollama_cloud exhausted failure #28,"{""detail"": ""backoff 60.0s; error_type=exhausted"", ""key_name"": ""ollama_cloud""}",1,0
4291,1787324226.255415,WARN,key_backoff,ollama_cloud exhausted failure #29,"{""detail"": ""backoff 60.0s; error_type=exhausted"", ""key_name"": ""ollama_cloud""}",1,0
4292,1787324226.317476,WARN,key_backoff,ollama_cloud exhausted failure #30,"{""detail"": ""backoff 60.0s; error_type=exhausted"", ""key_name"": ""ollama_cloud""}",1,0
4293,1787324226.429532,WARN,key_backoff,ollama_cloud exhausted failure #31,"{""detail"": ""backoff 60.0s; error_type=exhausted"", ""key_name"": ""ollama_cloud""}",1,0
4294,1787324226.4561849,WARN,key_backoff,ollama_cloud exhausted failure #32,"{""detail"": ""backoff 60.0s; error_type=exhausted"", ""key_name"": ""ollama_cloud""}",1,0
4295,1787324226.5700104,WARN,key_backoff,ollama_cloud exhausted failure #33,"{""detail"": ""backoff 60.0s; error_type=exhausted"", ""key_name"": ""ollama_cloud""}",1,0
4296,1787324247.2676558,WARN,key_backoff,ours exhausted failure #1,"{""detail"": ""backoff 2.0s; error_type=exhausted"", ""key_name"": ""ours""}",1,0
4297,1787324247.515763,WARN,key_backoff,ours exhausted failure #2,"{""detail"": ""backoff 4.0s; error_type=exhausted"", ""key_name"": ""ours""}",1,0
4298,1787324247.6064174,WARN,key_backoff,ours exhausted failure #3,"{""detail"": ""backoff 8.0s; error_type=exhausted"", ""key_name"": ""ours""}",1,0
4299,1787324247.631201,WARN,key_backoff,ours exhausted failure #4,"{""detail"": ""backoff 16.0s; error_type=exhausted"", ""key_name"": ""ours""}",1,0
4300,1787324248.0148017,WARN,key_backoff,ours exhausted failure #5,"{""detail"": ""backoff 32.0s; error_type=exhausted"", ""key_name"": ""ours""}",1,0
4301,1787324248.047765,WARN,key_backoff,ours exhausted failure #6,"{""detail"": ""backoff 60.0s; error_type=exhausted"", ""key_name"": ""ours""}",1,0
4302,1787324318.3552277,WARN,key_backoff,ours exhausted failure #1,"{""detail"": ""backoff 2.0s; error_type=exhausted"", ""key_name"": ""ours""}",1,0
4303,1787324318.630379,WARN,key_backoff,ours exhausted failure #2,"{""detail"": ""backoff 4.0s; error_type=exhausted"", ""key_name"": ""ours""}",1,0
4304,1787324318.7257152,WARN,key_backoff,ours exhausted failure #3,"{""detail"": ""backoff 8.0s; error_type=exhausted"", ""key_name"": ""ours""}",1,0
4305,1787324324.6111195,WARN,key_backoff,ollama_cloud exhausted failure #34,"{""detail"": ""backoff 60.0s; error_type=exhausted"", ""key_name"": ""ollama_cloud""}",1,0
4306,1787324324.8871107,WARN,key_backoff,ollama_cloud exhausted failure #35,"{""detail"": ""backoff 60.0s; error_type=exhausted"", ""key_name"": ""ollama_cloud""}",1,0
4307,1787324324.9255478,WARN,key_backoff,ollama_cloud exhausted failure #36,"{""detail"": ""backoff 60.0s; error_type=exhausted"", ""key_name"": ""ollama_cloud""}",1,0
4308,1787324325.0862858,WARN,key_backoff,ollama_cloud exhausted failure #37,"{""detail"": ""backoff 60.0s; error_type=exhausted"", ""key_name"": ""ollama_cloud""}",1,0
4309,1787324325.2379842,WARN,key_backoff,ollama_cloud exhausted failure #38,"{""detail"": ""backoff 60.0s; error_type=exhausted"", ""key_name"": ""ollama_cloud""}",1,0
4310,1787324327.4328043,WARN,key_backoff,ours exhausted failure #4,"{""detail"": ""backoff 16.0s; error_type=exhausted"", ""key_name"": ""ours""}",1,0
4311,1787324327.5410273,WARN,key_backoff,ours exhausted failure #5,"{""detail"": ""backoff 32.0s; error_type=exhausted"", ""key_name"": ""ours""}",1,0
4312,1787324327.6118274,WARN,key_backoff,ours exhausted failure #6,"{""detail"": ""backoff 60.0s; error_type=exhausted"", ""key_name"": ""ours""}",1,0
4313,1787324327.6537962,WARN,key_backoff,ours exhausted failure #7,"{""detail"": ""backoff 60.0s; error_type=exhausted"", ""key_name"": ""ours""}",1,0
4314,1787324327.6540616,CRITICAL,KEY_DEAD,ours reached 7 consecutive failures,"{""detail"": ""backoff 60.0s; likely dead"", ""key_name"": ""ours""}",1,0
4315,1787324327.8428292,WARN,key_backoff,ours exhausted failure #8,"{""detail"": ""backoff 60.0s; error_type=exhausted"", ""key_name"": ""ours""}",1,0
4316,1787324328.007647,WARN,key_backoff,ours exhausted failure #9,"{""detail"": ""backoff 60.0s; error_type=exhausted"", ""key_name"": ""ours""}",1,0
4317,1787324406.8005834,WARN,key_backoff,ours exhausted failure #10,"{""detail"": ""backoff 60.0s; error_type=exhausted"", ""key_name"": ""ours""}",1,0
4318,1787324406.8408132,WARN,key_backoff,ours exhausted failure #11,"{""detail"": ""backoff 60.0s; error_type=exhausted"", ""key_name"": ""ours""}",1,0
4319,1787324406.9025524,WARN,key_backoff,ours exhausted failure #12,"{""detail"": ""backoff 60.0s; error_type=exhausted"", ""key_name"": ""ours""}",1,0
4320,1787324406.9799461,WARN,key_backoff,ours exhausted failure #13,"{""detail"": ""backoff 60.0s; error_type=exhausted"", ""key_name"": ""ours""}",1,0
4321,1787324406.9949057,WARN,key_backoff,ours exhausted failure #14,"{""detail"": ""backoff 60.0s; error_type=exhausted"", ""key_name"": ""ours""}",1,0
4322,1787324407.0098662,WARN,key_backoff,ours exhausted failure #15,"{""detail"": ""backoff 60.0s; error_type=exhausted"", ""key_name"": ""ours""}",1,0
4323,1787324407.0735009,WARN,key_backoff,ours exhausted failure #16,"{""detail"": ""backoff 60.0s; error_type=exhausted"", ""key_name"": ""ours""}",1,0
4324,1787324407.2474,WARN,key_backoff,ours exhausted failure #17,"{""detail"": ""backoff 60.0s; error_type=exhausted"", ""key_name"": ""ours""}",1,0
4325,1787324407.413063,WARN,key_backoff,ours exhausted failure #18,"{""detail"": ""backoff 60.0s; error_type=exhausted"", ""key_name"": ""ours""}",1,0
4326,1787324407.557796,WARN,key_backoff,ours exhausted failure #19,"{""detail"": ""backoff 60.0s; error_type=exhausted"", ""key_name"": ""ours""}",1,0
4327,1787324407.764127,WARN,key_backoff,ours exhausted failure #20,"{""detail"": ""backoff 60.0s; error_type=exhausted"", ""key_name"": ""ours""}",1,0
4328,1787324407.7988927,WARN,key_backoff,ours exhausted failure #21,"{""detail"": ""backoff 60.0s; error_type=exhausted"", ""key_name"": ""ours""}",1,0
4329,1787324407.8080971,WARN,key_backoff,ours exhausted failure #23,"{""detail"": ""backoff 60.0s; error_type=exhausted"", ""key_name"": ""ours""}",1,0
4330,1787324407.808603,WARN,key_backoff,ours exhausted failure #22,"{""detail"": ""backoff 60.0s; error_type=exhausted"", ""key_name"": ""ours""}",1,0
4331,1787324407.8118956,WARN,key_backoff,ours exhausted failure #24,"{""detail"": ""backoff 60.0s; error_type=exhausted"", ""key_name"": ""ours""}",1,0
4332,1787324407.82539,WARN,key_backoff,ours exhausted failure #25,"{""detail"": ""backoff 60.0s; error_type=exhausted"", ""key_name"": ""ours""}",1,0
4333,1787324407.9102662,WARN,key_backoff,ours exhausted failure #26,"{""detail"": ""backoff 60.0s; error_type=exhausted"", ""key_name"": ""ours""}",1,0
4334,1787324407.930904,WARN,key_backoff,ours exhausted failure #27,"{""detail"": ""backoff 60.0s; error_type=exhausted"", ""key_name"": ""ours""}",1,0
4335,1787324408.0002916,WARN,key_backoff,ours exhausted failure #28,"{""detail"": ""backoff 60.0s; error_type=exhausted"", ""key_name"": ""ours""}",1,0
4336,1787324408.0068054,WARN,key_backoff,ours exhausted failure #29,"{""detail"": ""backoff 60.0s; error_type=exhausted"", ""key_name"": ""ours""}",1,0
4337,1787324408.016025,WARN,key_backoff,ours exhausted failure #30,"{""detail"": ""backoff 60.0s; error_type=exhausted"", ""key_name"": ""ours""}",1,0
4338,1787324408.072657,WARN,key_backoff,ours exhausted failure #31,"{""detail"": ""backoff 60.0s; error_type=exhausted"", ""key_name"": ""ours""}",1,0
4339,1787324408.1558921,WARN,key_backoff,ours exhausted failure #32,"{""detail"": ""backoff 60.0s; error_type=exhausted"", ""key_name"": ""ours""}",1,0
4340,1787324408.333275,WARN,key_backoff,ours exhausted failure #33,"{""detail"": ""backoff 60.0s; error_type=exhausted"", ""key_name"": ""ours""}",1,0
4341,1787324408.3356462,WARN,key_backoff,ours exhausted failure #34,"{""detail"": ""backoff 60.0s; error_type=exhausted"", ""key_name"": ""ours""}",1,0
4342,1787324408.6771936,WARN,key_backoff,ours exhausted failure #35,"{""detail"": ""backoff 60.0s; error_type=exhausted"", ""key_name"": ""ours""}",1,0
4343,1787324409.5150576,WARN,key_backoff,ours exhausted failure #36,"{""detail"": ""backoff 60.0s; error_type=exhausted"", ""key_name"": ""ours""}",1,0
4344,1787324412.4588053,WARN,key_backoff,ollama_cloud exhausted failure #39,"{""detail"": ""backoff 60.0s; error_type=exhausted"", ""key_name"": ""ollama_cloud""}",1,0
4345,1787324412.818288,WARN,key_backoff,ollama_cloud exhausted failure #40,"{""detail"": ""backoff 60.0s; error_type=exhausted"", ""key_name"": ""ollama_cloud""}",1,0
4346,1787324412.8274617,WARN,key_backoff,ollama_cloud exhausted failure #42,"{""detail"": ""backoff 60.0s; error_type=exhausted"", ""key_name"": ""ollama_cloud""}",1,0
4347,1787324412.8291268,WARN,key_backoff,ollama_cloud exhausted failure #43,"{""detail"": ""backoff 60.0s; error_type=exhausted"", ""key_name"": ""ollama_cloud""}",1,0
4348,1787324412.8511674,WARN,key_backoff,ollama_cloud exhausted failure #41,"{""detail"": ""backoff 60.0s; error_type=exhausted"", ""key_name"": ""ollama_cloud""}",1,0
4349,1787324412.9444506,WARN,key_backoff,ollama_cloud exhausted failure #44,"{""detail"": ""backoff 60.0s; error_type=exhausted"", ""key_name"": ""ollama_cloud""}",1,0
4350,1787324413.039928,WARN,key_backoff,ollama_cloud exhausted failure #45,"{""detail"": ""backoff 60.0s; error_type=exhausted"", ""key_name"": ""ollama_cloud""}",1,0
4351,1787324413.1193402,WARN,key_backoff,ollama_cloud exhausted failure #46,"{""detail"": ""backoff 60.0s; error_type=exhausted"", ""key_name"": ""ollama_cloud""}",1,0
4352,1787324413.2214744,WARN,key_backoff,ollama_cloud exhausted failure #47,"{""detail"": ""backoff 60.0s; error_type=exhausted"", ""key_name"": ""ollama_cloud""}",1,0
4353,1787324443.390589,WARN,key_backoff,ollama_cloud exhausted failure #50,"{""detail"": ""backoff 60.0s; error_type=exhausted"", ""key_name"": ""ollama_cloud""}",1,0
4354,1787324443.3939068,WARN,key_backoff,ollama_cloud exhausted failure #52,"{""detail"": ""backoff 60.0s; error_type=exhausted"", ""key_name"": ""ollama_cloud""}",1,0
4355,1787324443.3996608,WARN,key_backoff,ollama_cloud exhausted failure #51,"{""detail"": ""backoff 60.0s; error_type=exhausted"", ""key_name"": ""ollama_cloud""}",1,0
4356,1787324443.3924625,WARN,key_backoff,ollama_cloud exhausted failure #55,"{""detail"": ""backoff 60.0s; error_type=exhausted"", ""key_name"": ""ollama_cloud""}",1,0
4357,1787324443.4070165,WARN,key_backoff,ollama_cloud exhausted failure #56,"{""detail"": ""backoff 60.0s; error_type=exhausted"", ""key_name"": ""ollama_cloud""}",1,0
4358,1787324443.4185119,WARN,key_backoff,ollama_cloud exhausted failure #53,"{""detail"": ""backoff 60.0s; error_type=exhausted"", ""key_name"": ""ollama_cloud""}",1,0
4359,1787324443.4197493,WARN,key_backoff,ollama_cloud exhausted failure #54,"{""detail"": ""backoff 60.0s; error_type=exhausted"", ""key_name"": ""ollama_cloud""}",1,0
4360,1787324443.4234846,WARN,key_backoff,ollama_cloud exhausted failure #52,"{""detail"": ""backoff 60.0s; error_type=exhausted"", ""key_name"": ""ollama_cloud""}",1,0
4361,1787324475.483466,WARN,key_backoff,ours exhausted failure #37,"{""detail"": ""backoff 60.0s; error_type=exhausted"", ""key_name"": ""ours""}",1,0
4362,1787324475.553213,WARN,key_backoff,ours exhausted failure #38,"{""detail"": ""backoff 60.0s; error_type=exhausted"", ""key_name"": ""ours""}",1,0
4363,1787324475.7169406,WARN,key_backoff,ours exhausted failure #39,"{""detail"": ""backoff 60.0s; error_type=exhausted"", ""key_name"": ""ours""}",1,0
4364,1787324476.099125,WARN,key_backoff,ours exhausted failure #40,"{""detail"": ""backoff 60.0s; error_type=exhausted"", ""key_name"": ""ours""}",1,0
4365,1787324476.0993605,WARN,key_backoff,ours exhausted failure #41,"{""detail"": ""backoff 60.0s; error_type=exhausted"", ""key_name"": ""ours""}",1,0
4366,1787324476.1438088,WARN,key_backoff,ours exhausted failure #42,"{""detail"": ""backoff 60.0s; error_type=exhausted"", ""key_name"": ""ours""}",1,0
4367,1787324476.200188,WARN,key_backoff,ours exhausted failure #43,"{""detail"": ""backoff 60.0s; error_type=exhausted"", ""key_name"": ""ours""}",1,0
4368,1787324476.2456872,WARN,key_backoff,ours exhausted failure #44,"{""detail"": ""backoff 60.0s; error_type=exhausted"", ""key_name"": ""ours""}",1,0
4369,1787324476.747032,WARN,key_backoff,ours exhausted failure #45,"{""detail"": ""backoff 60.0s; error_type=exhausted"", ""key_name"": ""ours""}",1,0
4370,1787324476.7712545,WARN,key_backoff,ours exhausted failure #46,"{""detail"": ""backoff 60.0s; error_type=exhausted"", ""key_name"": ""ours""}",1,0
4371,1787324477.2070177,WARN,key_backoff,ours exhausted failure #47,"{""detail"": ""backoff 60.0s; error_type=exhausted"", ""key_name"": ""ours""}",1,0
4372,1787324506.0855422,WARN,key_backoff,ollama_cloud exhausted failure #53,"{""detail"": ""backoff 60.0s; error_type=exhausted"", ""key_name"": ""ollama_cloud""}",1,0
4373,1787324506.111201,WARN,key_backoff,ollama_cloud exhausted failure #54,"{""detail"": ""backoff 60.0s; error_type=exhausted"", ""key_name"": ""ollama_cloud""}",1,0
4374,1787324506.3942394,WARN,key_backoff,ollama_cloud exhausted failure #55,"{""detail"": ""backoff 60.0s; error_type=exhausted"", ""key_name"": ""ollama_cloud""}",1,0
4375,1787324506.6713476,WARN,key_backoff,ollama_cloud exhausted failure #56,"{""detail"": ""backoff 60.0s; error_type=exhausted"", ""key_name"": ""ollama_cloud""}",1,0
4376,1787324511.4637423,WARN,key_backoff,ollama_cloud exhausted failure #57,"{""detail"": ""backoff 60.0s; error_type=exhausted"", ""key_name"": ""ollama_cloud""}",1,0
4377,1787324539.6005275,WARN,key_backoff,ours exhausted failure #48,"{""detail"": ""backoff 60.0s; error_type=exhausted"", ""key_name"": ""ours""}",1,0
4378,1787324623.325109,WARN,key_backoff,ollama_cloud exhausted failure #58,"{""detail"": ""backoff 60.0s; error_type=exhausted"", ""key_name"": ""ollama_cloud""}",1,0
4379,1787324623.3468919,WARN,key_backoff,ollama_cloud exhausted failure #59,"{""detail"": ""backoff 60.0s; error_type=exhausted"", ""key_name"": ""ollama_cloud""}",1,0
4380,1787324623.3533046,WARN,key_backoff,ollama_cloud exhausted failure #59,"{""detail"": ""backoff 60.0s; error_type=exhausted"", ""key_name"": ""ollama_cloud""}",1,0
4381,1787324715.9293485,WARN,key_backoff,ours exhausted failure #49,"{""detail"": ""backoff 60.0s; error_type=exhausted"", ""key_name"": ""ours""}",1,0
4382,1787324715.963759,WARN,key_backoff,ours exhausted failure #50,"{""detail"": ""backoff 60.0s; error_type=exhausted"", ""key_name"": ""ours""}",1,0
4383,1787324716.1129851,WARN,key_backoff,ours exhausted failure #51,"{""detail"": ""backoff 60.0s; error_type=exhausted"", ""key_name"": ""ours""}",1,0
4384,1787324716.2019877,WARN,key_backoff,ours exhausted failure #52,"{""detail"": ""backoff 60.0s; error_type=exhausted"", ""key_name"": ""ours""}",1,0
4385,1787324716.4460802,WARN,key_backoff,ours exhausted failure #53,"{""detail"": ""backoff 60.0s; error_type=exhausted"", ""key_name"": ""ours""}",1,0
4386,1787324716.5040638,WARN,key_backoff,ours exhausted failure #54,"{""detail"": ""backoff 60.0s; error_type=exhausted"", ""key_name"": ""ours""}",1,0
4387,1787324716.533642,WARN,key_backoff,ours exhausted failure #55,"{""detail"": ""backoff 60.0s; error_type=exhausted"", ""key_name"": ""ours""}",1,0
4388,1787324716.621853,WARN,key_backoff,ours exhausted failure #56,"{""detail"": ""backoff 60.0s; error_type=exhausted"", ""key_name"": ""ours""}",1,0
4389,1787324716.635172,WARN,key_backoff,ours exhausted failure #57,"{""detail"": ""backoff 60.0s; error_type=exhausted"", ""key_name"": ""ours""}",1,0
4390,1787324716.63623,WARN,key_backoff,ours exhausted failure #58,"{""detail"": ""backoff 60.0s; error_type=exhausted"", ""key_name"": ""ours""}",1,0
4391,1787324716.7322323,WARN,key_backoff,ours exhausted failure #59,"{""detail"": ""backoff 60.0s; error_type=exhausted"", ""key_name"": ""ours""}",1,0
4392,1787324716.95738,WARN,key_backoff,ours exhausted failure #60,"{""detail"": ""backoff 60.0s; error_type=exhausted"", ""key_name"": ""ours""}",1,0
4393,1787324716.9757051,WARN,key_backoff,ours exhausted failure #61,"{""detail"": ""backoff 60.0s; error_type=exhausted"", ""key_name"": ""ours""}",1,0
4394,1787324717.0957246,WARN,key_backoff,ours exhausted failure #62,"{""detail"": ""backoff 60.0s; error_type=exhausted"", ""key_name"": ""ours""}",1,0
4395,1787324717.2136354,WARN,key_backoff,ours exhausted failure #63,"{""detail"": ""backoff 60.0s; error_type=exhausted"", ""key_name"": ""ours""}",1,0
4396,1787324717.2285402,WARN,key_backoff,ours exhausted failure #64,"{""detail"": ""backoff 60.0s; error_type=exhausted"", ""key_name"": ""ours""}",1,0
4397,1787324717.230339,WARN,key_backoff,ours exhausted failure #65,"{""detail"": ""backoff 60.0s; error_type=exhausted"", ""key_name"": ""ours""}",1,0
4398,1787324717.348072,WARN,key_backoff,ours exhausted failure #67,"{""detail"": ""backoff 60.0s; error_type=exhausted"", ""key_name"": ""ours""}",1,0
4399,1787324717.3485968,WARN,key_backoff,ours exhausted failure #66,"{""detail"": ""backoff 60.0s; error_type=exhausted"", ""key_name"": ""ours""}",1,0
4400,1787324717.5424874,WARN,key_backoff,ours exhausted failure #69,"{""detail"": ""backoff 60.0s; error_type=exhausted"", ""key_name"": ""ours""}",1,0
4401,1787324717.5428197,WARN,key_backoff,ours exhausted failure #68,"{""detail"": ""backoff 60.0s; error_type=exhausted"", ""key_name"": ""ours""}",1,0
4402,1787324717.5711277,WARN,key_backoff,ours exhausted failure #70,"{""detail"": ""backoff 60.0s; error_type=exhausted"", ""key_name"": ""ours""}",1,0
4403,1787324717.6465764,WARN,key_backoff,ours exhausted failure #71,"{""detail"": ""backoff 60.0s; error_type=exhausted"", ""key_name"": ""ours""}",1,0
4404,1787324717.8017697,WARN,key_backoff,ours exhausted failure #72,"{""detail"": ""backoff 60.0s; error_type=exhausted"", ""key_name"": ""ours""}",1,0
4405,1787324718.0843155,WARN,key_backoff,ours exhausted failure #73,"{""detail"": ""backoff 60.0s; error_type=exhausted"", ""key_name"": ""ours""}",1,0
4406,1787324718.119877,WARN,key_backoff,ours exhausted failure #74,"{""detail"": ""backoff 60.0s; error_type=exhausted"", ""key_name"": ""ours""}",1,0
4407,1787324718.133917,WARN,key_backoff,ours exhausted failure #75,"{""detail"": ""backoff 60.0s; error_type=exhausted"", ""key_name"": ""ours""}",1,0
4408,1787324718.2921271,WARN,key_backoff,ours exhausted failure #76,"{""detail"": ""backoff 60.0s; error_type=exhausted"", ""key_name"": ""ours""}",1,0
4409,1787324718.3367078,WARN,key_backoff,ours exhausted failure #77,"{""detail"": ""backoff 60.0s; error_type=exhausted"", ""key_name"": ""ours""}",1,0
4410,1787324721.5238998,WARN,key_backoff,ollama_cloud exhausted failure #61,"{""detail"": ""backoff 60.0s; error_type=exhausted"", ""key_name"": ""ollama_cloud""}",1,0
4411,1787324721.6106322,WARN,key_backoff,ollama_cloud exhausted failure #62,"{""detail"": ""backoff 60.0s; error_type=exhausted"", ""key_name"": ""ollama_cloud""}",1,0
4412,1787324721.6718574,WARN,key_backoff,ollama_cloud exhausted failure #63,"{""detail"": ""backoff 60.0s; error_type=exhausted"", ""key_name"": ""ollama_cloud""}",1,0
4413,1787324721.691946,WARN,key_backoff,ollama_cloud exhausted failure #64,"{""detail"": ""backoff 60.0s; error_type=exhausted"", ""key_name"": ""ollama_cloud""}",1,0
4414,1787324721.774577,WARN,key_backoff,ollama_cloud exhausted failure #65,"{""detail"": ""backoff 60.0s; error_type=exhausted"", ""key_name"": ""ollama_cloud""}",1,0
4415,1787324721.9891002,WARN,key_backoff,ollama_cloud exhausted failure #66,"{""detail"": ""backoff 60.0s; error_type=exhausted"", ""key_name"": ""ollama_cloud""}",1,0
4416,1787324722.046578,WARN,key_backoff,ollama_cloud exhausted failure #67,"{""detail"": ""backoff 60.0s; error_type=exhausted"", ""key_name"": ""ollama_cloud""}",1,0
4417,1787324722.2140949,WARN,key_backoff,ollama_cloud exhausted failure #68,"{""detail"": ""backoff 60.0s; error_type=exhausted"", ""key_name"": ""ollama_cloud""}",1,0
4418,1787324722.3124905,WARN,key_backoff,ollama_cloud exhausted failure #69,"{""detail"": ""backoff 60.0s; error_type=exhausted"", ""key_name"": ""ollama_cloud""}",1,0
4419,1787324722.3299804,WARN,key_backoff,ollama_cloud exhausted failure #70,"{""detail"": ""backoff 60.0s; error_type=exhausted"", ""key_name"": ""ollama_cloud""}",1,0
4420,1787324722.4387722,WARN,key_backoff,ollama_cloud exhausted failure #71,"{""detail"": ""backoff 60.0s; error_type=exhausted"", ""key_name"": ""ollama_cloud""}",1,0
4421,1787324733.9548283,WARN,key_backoff,ollama_cloud exhausted failure #73,"{""detail"": ""backoff 60.0s; error_type=exhausted"", ""key_name"": ""ollama_cloud""}",1,0
4422,1787324733.9553125,WARN,key_backoff,ollama_cloud exhausted failure #72,"{""detail"": ""backoff 60.0s; error_type=exhausted"", ""key_name"": ""ollama_cloud""}",1,0
4423,1787324780.1551692,WARN,key_backoff,ours exhausted failure #78,"{""detail"": ""backoff 60.0s; error_type=exhausted"", ""key_name"": ""ours""}",1,0
4424,1787324803.8005884,WARN,key_backoff,ollama_cloud exhausted failure #74,"{""detail"": ""backoff 60.0s; error_type=exhausted"", ""key_name"": ""ollama_cloud""}",1,0
4425,1787324803.9235327,WARN,key_backoff,ollama_cloud exhausted failure #75,"{""detail"": ""backoff 60.0s; error_type=exhausted"", ""key_name"": ""ollama_cloud""}",1,0
4426,1787324804.0155997,WARN,key_backoff,ollama_cloud exhausted failure #76,"{""detail"": ""backoff 60.0s; error_type=exhausted"", ""key_name"": ""ollama_cloud""}",1,0
4427,1787324804.0972097,WARN,key_backoff,ollama_cloud exhausted failure #77,"{""detail"": ""backoff 60.0s; error_type=exhausted"", ""key_name"": ""ollama_cloud""}",1,0
4428,1787324804.1764536,WARN,key_backoff,ollama_cloud exhausted failure #78,"{""detail"": ""backoff 60.0s; error_type=exhausted"", ""key_name"": ""ollama_cloud""}",1,0
4429,1787324804.2810638,WARN,key_backoff,ollama_cloud exhausted failure #79,"{""detail"": ""backoff 60.0s; error_type=exhausted"", ""key_name"": ""ollama_cloud""}",1,0
4430,1787324804.3202078,WARN,key_backoff,ollama_cloud exhausted failure #80,"{""detail"": ""backoff 60.0s; error_type=exhausted"", ""key_name"": ""ollama_cloud""}",1,0
4431,1787324804.3691955,WARN,key_backoff,ollama_cloud exhausted failure #81,"{""detail"": ""backoff 60.0s; error_type=exhausted"", ""key_name"": ""ollama_cloud""}",1,0
4432,1787324804.47698,WARN,key_backoff,ollama_cloud exhausted failure #82,"{""detail"": ""backoff 60.0s; error_type=exhausted"", ""key_name"": ""ollama_cloud""}",1,0
4433,1787324804.6087117,WARN,key_backoff,ollama_cloud exhausted failure #83,"{""detail"": ""backoff 60.0s; error_type=exhausted"", ""key_name"": ""ollama_cloud""}",1,0
4434,1787324804.629662,WARN,key_backoff,ollama_cloud exhausted failure #84,"{""detail"": ""backoff 60.0s; error_type=exhausted"", ""key_name"": ""ollama_cloud""}",1,0
4435,1787324804.6813061,WARN,key_backoff,ollama_cloud exhausted failure #85,"{""detail"": ""backoff 60.0s; error_type=exhausted"", ""key_name"": ""ollama_cloud""}",1,0
4436,1787324804.7314382,WARN,key_backoff,ollama_cloud exhausted failure #86,"{""detail"": ""backoff 60.0s; error_type=exhausted"", ""key_name"": ""ollama_cloud""}",1,0
4437,1787324804.7544053,WARN,key_backoff,ollama_cloud exhausted failure #87,"{""detail"": ""backoff 60.0s; error_type=exhausted"", ""key_name"": ""ollama_cloud""}",1,0
4438,1787324805.0674329,WARN,key_backoff,ollama_cloud exhausted failure #88,"{""detail"": ""backoff 60.0s; error_type=exhausted"", ""key_name"": ""ollama_cloud""}",1,0
4439,1787324805.1225374,WARN,key_backoff,ollama_cloud exhausted failure #89,"{""detail"": ""backoff 60.0s; error_type=exhausted"", ""key_name"": ""ollama_cloud""}",1,0
4440,1787324805.1454966,WARN,key_backoff,ollama_cloud exhausted failure #90,"{""detail"": ""backoff 60.0s; error_type=exhausted"", ""key_name"": ""ollama_cloud""}",1,0
4441,1787324865.1206717,WARN,key_backoff,ours exhausted failure #79,"{""detail"": ""backoff 60.0s; error_type=exhausted"", ""key_name"": ""ours""}",1,0
4442,1787324869.2086942,WARN,key_backoff,ollama_cloud exhausted failure #91,"{""detail"": ""backoff 60.0s; error_type=exhausted"", ""key_name"": ""ollama_cloud""}",1,0
4443,1787324869.2549112,WARN,key_backoff,ollama_cloud exhausted failure #93,"{""detail"": ""backoff 60.0s; error_type=exhausted"", ""key_name"": ""ollama_cloud""}",1,0
4444,1787324869.2562249,WARN,key_backoff,ollama_cloud exhausted failure #92,"{""detail"": ""backoff 60.0s; error_type=exhausted"", ""key_name"": ""ollama_cloud""}",1,0
4445,1787324869.2779999,WARN,key_backoff,ollama_cloud exhausted failure #95,"{""detail"": ""backoff 60.0s; error_type=exhausted"", ""key_name"": ""ollama_cloud""}",1,0
4446,1787324869.278198,WARN,key_backoff,ollama_cloud exhausted failure #94,"{""detail"": ""backoff 60.0s; error_type=exhausted"", ""key_name"": ""ollama_cloud""}",1,0
4447,1787324869.650033,WARN,key_backoff,ollama_cloud exhausted failure #96,"{""detail"": ""backoff 60.0s; error_type=exhausted"", ""key_name"": ""ollama_cloud""}",1,0
4448,1787324934.1629214,WARN,key_backoff,ours exhausted failure #80,"{""detail"": ""backoff 60.0s; error_type=exhausted"", ""key_name"": ""ours""}",1,0
4449,1787324934.3110807,WARN,key_backoff,ours exhausted failure #81,"{""detail"": ""backoff 60.0s; error_type=exhausted"", ""key_name"": ""ours""}",1,0
4450,1787324939.8381147,WARN,key_backoff,ollama_cloud exhausted failure #97,"{""detail"": ""backoff 60.0s; error_type=exhausted"", ""key_name"": ""ollama_cloud""}",1,0
4451,1787327295.1020882,WARN,key_backoff,ours exhausted failure #1,"{""detail"": ""backoff 2.0s; error_type=exhausted"", ""key_name"": ""ours""}",1,0
4452,1787327425.8000004,WARN,key_backoff,ours exhausted failure #1,"{""detail"": ""backoff 2.0s; error_type=exhausted"", ""key_name"": ""ours""}",1,0
4453,1787327551.94871,WARN,key_backoff,ours exhausted failure #1,"{""detail"": ""backoff 2.0s; error_type=exhausted"", ""key_name"": ""ours""}",1,0
4454,1787327983.2632685,WARN,key_backoff,ours exhausted failure #1,"{""detail"": ""backoff 2.0s; error_type=exhausted"", ""key_name"": ""ours""}",1,0
4455,1787328067.3472657,WARN,key_backoff,ours exhausted failure #1,"{""detail"": ""backoff 2.0s; error_type=exhausted"", ""key_name"": ""ours""}",1,0
4456,1787328098.1647892,WARN,key_backoff,ours exhausted failure #1,"{""detail"": ""backoff 2.0s; error_type=exhausted"", ""key_name"": ""ours""}",1,0
4457,1787328114.197609,WARN,key_backoff,ours exhausted failure #2,"{""detail"": ""backoff 4.0s; error_type=exhausted"", ""key_name"": ""ours""}",1,0
4458,1787328158.8454783,WARN,key_backoff,ours exhausted failure #1,"{""detail"": ""backoff 2.0s; error_type=exhausted"", ""key_name"": ""ours""}",1,0
4459,1787328189.5416749,WARN,key_backoff,ours exhausted failure #1,"{""detail"": ""backoff 2.0s; error_type=exhausted"", ""key_name"": ""ours""}",1,0
4460,1787328502.7670465,WARN,key_backoff,ours exhausted failure #1,"{""detail"": ""backoff 2.0s; error_type=exhausted"", ""key_name"": ""ours""}",1,0
4461,1787387592.4064841,WARN,key_backoff,ollama_cloud exhausted failure #98,"{""detail"": ""backoff 60.0s; error_type=exhausted"", ""key_name"": ""ollama_cloud""}",1,0
4462,1787387650.550669,WARN,key_backoff,ours server failure #1,"{""detail"": ""backoff 30s; error_type=server"", ""key_name"": ""ours""}",1,0
4463,1787387651.698605,WARN,key_backoff,ours server failure #2,"{""detail"": ""backoff 30s; error_type=server"", ""key_name"": ""ours""}",1,0
4464,1787387652.1989195,WARN,key_backoff,ours server failure #3,"{""detail"": ""backoff 30s; error_type=server"", ""key_name"": ""ours""}",1,0
4465,1787387652.424003,WARN,key_backoff,ours server failure #4,"{""detail"": ""backoff 30s; error_type=server"", ""key_name"": ""ours""}",1,0
4466,1787387652.453094,WARN,key_backoff,ours server failure #5,"{""detail"": ""backoff 30s; error_type=server"", ""key_name"": ""ours""}",1,0
4467,1787387655.1041095,WARN,key_backoff,ollama_cloud exhausted failure #99,"{""detail"": ""backoff 60.0s; error_type=exhausted"", ""key_name"": ""ollama_cloud""}",1,0
4468,1787387655.3605897,WARN,key_backoff,ollama_cloud exhausted failure #100,"{""detail"": ""backoff 60.0s; error_type=exhausted"", ""key_name"": ""ollama_cloud""}",1,0
4469,1787387721.228962,WARN,key_backoff,ollama_cloud exhausted failure #101,"{""detail"": ""backoff 60.0s; error_type=exhausted"", ""key_name"": ""ollama_cloud""}",1,0
4470,1787387783.8839254,WARN,key_backoff,ollama_cloud exhausted failure #102,"{""detail"": ""backoff 60.0s; error_type=exhausted"", ""key_name"": ""ollama_cloud""}",1,0
4471,1787387867.8516362,WARN,key_backoff,ollama_cloud exhausted failure #103,"{""detail"": ""backoff 60.0s; error_type=exhausted"", ""key_name"": ""ollama_cloud""}",1,0
4472,1787387940.8590827,WARN,key_backoff,ollama_cloud exhausted failure #104,"{""detail"": ""backoff 60.0s; error_type=exhausted"", ""key_name"": ""ollama_cloud""}",1,0
4473,1787388004.0054338,WARN,key_backoff,ollama_cloud exhausted failure #105,"{""detail"": ""backoff 60.0s; error_type=exhausted"", ""key_name"": ""ollama_cloud""}",1,0
4474,1787388081.123901,WARN,key_backoff,ollama_cloud exhausted failure #106,"{""detail"": ""backoff 60.0s; error_type=exhausted"", ""key_name"": ""ollama_cloud""}",1,0
4475,1787388149.9767637,WARN,key_backoff,ollama_cloud exhausted failure #107,"{""detail"": ""backoff 60.0s; error_type=exhausted"", ""key_name"": ""ollama_cloud""}",1,0
4476,1787388242.3263342,WARN,key_backoff,ollama_cloud exhausted failure #108,"{""detail"": ""backoff 60.0s; error_type=exhausted"", ""key_name"": ""ollama_cloud""}",1,0
4477,1787388340.4373808,WARN,key_backoff,ollama_cloud exhausted failure #109,"{""detail"": ""backoff 60.0s; error_type=exhausted"", ""key_name"": ""ollama_cloud""}",1,0
4478,1787388401.403365,WARN,key_backoff,ollama_cloud exhausted failure #110,"{""detail"": ""backoff 60.0s; error_type=exhausted"", ""key_name"": ""ollama_cloud""}",1,0
4479,1787388466.5495346,WARN,key_backoff,ollama_cloud exhausted failure #111,"{""detail"": ""backoff 60.0s; error_type=exhausted"", ""key_name"": ""ollama_cloud""}",1,0
4480,1787388529.5753682,WARN,key_backoff,ollama_cloud exhausted failure #112,"{""detail"": ""backoff 60.0s; error_type=exhausted"", ""key_name"": ""ollama_cloud""}",1,0
4481,1787388622.2508864,WARN,key_backoff,ollama_cloud exhausted failure #113,"{""detail"": ""backoff 60.0s; error_type=exhausted"", ""key_name"": ""ollama_cloud""}",1,0
4482,1787388702.397397,WARN,key_backoff,ollama_cloud exhausted failure #114,"{""detail"": ""backoff 60.0s; error_type=exhausted"", ""key_name"": ""ollama_cloud""}",1,0
4483,1787388770.0455015,WARN,key_backoff,ollama_cloud exhausted failure #115,"{""detail"": ""backoff 60.0s; error_type=exhausted"", ""key_name"": ""ollama_cloud""}",1,0
4484,1787388833.489046,WARN,key_backoff,ollama_cloud exhausted failure #116,"{""detail"": ""backoff 60.0s; error_type=exhausted"", ""key_name"": ""ollama_cloud""}",1,0
4485,1787388894.2799778,WARN,key_backoff,ollama_cloud exhausted failure #117,"{""detail"": ""backoff 60.0s; error_type=exhausted"", ""key_name"": ""ollama_cloud""}",1,0
4486,1787388894.883219,WARN,key_backoff,ollama_cloud exhausted failure #118,"{""detail"": ""backoff 60.0s; error_type=exhausted"", ""key_name"": ""ollama_cloud""}",1,0
4487,1787388957.590176,WARN,key_backoff,ollama_cloud exhausted failure #119,"{""detail"": ""backoff 60.0s; error_type=exhausted"", ""key_name"": ""ollama_cloud""}",1,0
4488,1787389020.4777308,WARN,key_backoff,ollama_cloud exhausted failure #120,"{""detail"": ""backoff 60.0s; error_type=exhausted"", ""key_name"": ""ollama_cloud""}",1,0
4489,1787389093.529121,WARN,key_backoff,ollama_cloud exhausted failure #121,"{""detail"": ""backoff 60.0s; error_type=exhausted"", ""key_name"": ""ollama_cloud""}",1,0
4490,1787389179.7677624,WARN,key_backoff,ollama_cloud exhausted failure #122,"{""detail"": ""backoff 60.0s; error_type=exhausted"", ""key_name"": ""ollama_cloud""}",1,0
4491,1787389228.7562149,WARN,key_backoff,ours exhausted failure #1,"{""detail"": ""backoff 2.0s; error_type=exhausted"", ""key_name"": ""ours""}",1,0
4492,1787389252.5552356,WARN,key_backoff,ollama_cloud exhausted failure #123,"{""detail"": ""backoff 60.0s; error_type=exhausted"", ""key_name"": ""ollama_cloud""}",1,0
4493,1787389319.162519,WARN,key_backoff,ollama_cloud exhausted failure #124,"{""detail"": ""backoff 60.0s; error_type=exhausted"", ""key_name"": ""ollama_cloud""}",1,0
4494,1787389349.3469121,WARN,key_backoff,ours exhausted failure #1,"{""detail"": ""backoff 2.0s; error_type=exhausted"", ""key_name"": ""ours""}",1,0
4495,1787389381.7756538,WARN,key_backoff,ollama_cloud exhausted failure #125,"{""detail"": ""backoff 60.0s; error_type=exhausted"", ""key_name"": ""ollama_cloud""}",1,0
4496,1787389458.491179,WARN,key_backoff,ollama_cloud exhausted failure #126,"{""detail"": ""backoff 60.0s; error_type=exhausted"", ""key_name"": ""ollama_cloud""}",1,0
4497,1787389470.2758896,WARN,key_backoff,ours exhausted failure #1,"{""detail"": ""backoff 2.0s; error_type=exhausted"", ""key_name"": ""ours""}",1,0
4498,1787389532.8284607,WARN,key_backoff,ollama_cloud exhausted failure #127,"{""detail"": ""backoff 60.0s; error_type=exhausted"", ""key_name"": ""ollama_cloud""}",1,0
4499,1787389590.83621,WARN,key_backoff,ours exhausted failure #1,"{""detail"": ""backoff 2.0s; error_type=exhausted"", ""key_name"": ""ours""}",1,0
4500,1787389600.0131803,WARN,key_backoff,ollama_cloud exhausted failure #128,"{""detail"": ""backoff 60.0s; error_type=exhausted"", ""key_name"": ""ollama_cloud""}",1,0
4501,1787389665.838302,WARN,key_backoff,ollama_cloud exhausted failure #129,"{""detail"": ""backoff 60.0s; error_type=exhausted"", ""key_name"": ""ollama_cloud""}",1,0
4502,1787389711.1307485,WARN,key_backoff,ours exhausted failure #1,"{""detail"": ""backoff 2.0s; error_type=exhausted"", ""key_name"": ""ours""}",1,0
4503,1787389731.762162,WARN,key_backoff,ollama_cloud exhausted failure #130,"{""detail"": ""backoff 60.0s; error_type=exhausted"", ""key_name"": ""ollama_cloud""}",1,0
4504,1787389832.4465196,WARN,key_backoff,ours exhausted failure #1,"{""detail"": ""backoff 2.0s; error_type=exhausted"", ""key_name"": ""ours""}",1,0
4505,1787389954.9134166,WARN,key_backoff,ollama_cloud exhausted failure #131,"{""detail"": ""backoff 60.0s; error_type=exhausted"", ""key_name"": ""ollama_cloud""}",1,0
4506,1787389963.3847487,WARN,key_backoff,ours exhausted failure #1,"{""detail"": ""backoff 2.0s; error_type=exhausted"", ""key_name"": ""ours""}",1,0
4507,1787390084.5137155,WARN,key_backoff,ours exhausted failure #2,"{""detail"": ""backoff 4.0s; error_type=exhausted"", ""key_name"": ""ours""}",1,0
4508,1787390206.005472,WARN,key_backoff,ours exhausted failure #3,"{""detail"": ""backoff 8.0s; error_type=exhausted"", ""key_name"": ""ours""}",1,0
4509,1787390280.3466916,WARN,key_backoff,ollama_cloud exhausted failure #132,"{""detail"": ""backoff 60.0s; error_type=exhausted"", ""key_name"": ""ollama_cloud""}",1,0
4510,1787390325.4285238,WARN,key_backoff,ours exhausted failure #1,"{""detail"": ""backoff 2.0s; error_type=exhausted"", ""key_name"": ""ours""}",1,0
4511,1787390362.671812,WARN,key_backoff,ollama_cloud exhausted failure #133,"{""detail"": ""backoff 60.0s; error_type=exhausted"", ""key_name"": ""ollama_cloud""}",1,0
4512,1787390426.6151195,WARN,key_backoff,ollama_cloud exhausted failure #134,"{""detail"": ""backoff 60.0s; error_type=exhausted"", ""key_name"": ""ollama_cloud""}",1,0
4513,1787390446.3356514,WARN,key_backoff,ours exhausted failure #1,"{""detail"": ""backoff 2.0s; error_type=exhausted"", ""key_name"": ""ours""}",1,0
4514,1787390456.3500998,WARN,key_backoff,ollama_cloud exhausted failure #1,"{""detail"": ""backoff 2.0s; error_type=exhausted"", ""key_name"": ""ollama_cloud""}",1,0
4515,1787390456.9926934,WARN,key_backoff,ollama_cloud exhausted failure #2,"{""detail"": ""backoff 4.0s; error_type=exhausted"", ""key_name"": ""ollama_cloud""}",1,0
4516,1787391125.1124759,WARN,key_backoff,ours exhausted failure #1,"{""detail"": ""backoff 2.0s; error_type=exhausted"", ""key_name"": ""ours""}",1,0
4517,1787391216.1272283,WARN,key_backoff,ours exhausted failure #1,"{""detail"": ""backoff 2.0s; error_type=exhausted"", ""key_name"": ""ours""}",1,0
4518,1787391412.8582573,WARN,key_backoff,ours exhausted failure #1,"{""detail"": ""backoff 2.0s; error_type=exhausted"", ""key_name"": ""ours""}",1,0
4519,1787391502.0721266,WARN,key_backoff,ours exhausted failure #1,"{""detail"": ""backoff 2.0s; error_type=exhausted"", ""key_name"": ""ours""}",1,0
4520,1787391504.6493497,WARN,key_backoff,ours exhausted failure #1,"{""detail"": ""backoff 2.0s; error_type=exhausted"", ""key_name"": ""ours""}",1,0
4521,1787391628.8282037,WARN,key_backoff,ours exhausted failure #1,"{""detail"": ""backoff 2.0s; error_type=exhausted"", ""key_name"": ""ours""}",1,0
4522,1787391840.8782063,WARN,key_backoff,ours exhausted failure #1,"{""detail"": ""backoff 2.0s; error_type=exhausted"", ""key_name"": ""ours""}",1,0
4523,1787392002.0057843,WARN,key_backoff,ours exhausted failure #1,"{""detail"": ""backoff 2.0s; error_type=exhausted"", ""key_name"": ""ours""}",1,0
4524,1787392187.4479482,WARN,key_backoff,ours exhausted failure #1,"{""detail"": ""backoff 2.0s; error_type=exhausted"", ""key_name"": ""ours""}",1,0
4525,1787392193.5179694,WARN,key_backoff,ours exhausted failure #2,"{""detail"": ""backoff 4.0s; error_type=exhausted"", ""key_name"": ""ours""}",1,0
4526,1787392214.2781403,WARN,key_backoff,ours exhausted failure #1,"{""detail"": ""backoff 2.0s; error_type=exhausted"", ""key_name"": ""ours""}",1,0
4527,1787392277.887593,WARN,key_backoff,ours exhausted failure #2,"{""detail"": ""backoff 4.0s; error_type=exhausted"", ""key_name"": ""ours""}",1,0
4528,1787392307.69153,WARN,key_backoff,ours exhausted failure #3,"{""detail"": ""backoff 8.0s; error_type=exhausted"", ""key_name"": ""ours""}",1,0
4529,1787392316.2809563,WARN,key_backoff,ours exhausted failure #4,"{""detail"": ""backoff 16.0s; error_type=exhausted"", ""key_name"": ""ours""}",1,0
4530,1787392316.4069293,WARN,key_backoff,ours exhausted failure #5,"{""detail"": ""backoff 32.0s; error_type=exhausted"", ""key_name"": ""ours""}",1,0
4531,1787392350.7648683,WARN,key_backoff,ours exhausted failure #6,"{""detail"": ""backoff 60.0s; error_type=exhausted"", ""key_name"": ""ours""}",1,0
4532,1787392412.2849593,WARN,key_backoff,ours exhausted failure #7,"{""detail"": ""backoff 60.0s; error_type=exhausted"", ""key_name"": ""ours""}",1,0
4533,1787392412.2896547,CRITICAL,KEY_DEAD,ours reached 7 consecutive failures,"{""detail"": ""backoff 60.0s; likely dead"", ""key_name"": ""ours""}",1,0
4534,1787392474.3857439,WARN,key_backoff,ours exhausted failure #8,"{""detail"": ""backoff 60.0s; error_type=exhausted"", ""key_name"": ""ours""}",1,0
4535,1787392569.1802385,WARN,key_backoff,ours exhausted failure #9,"{""detail"": ""backoff 60.0s; error_type=exhausted"", ""key_name"": ""ours""}",1,0
4536,1787392677.9739077,WARN,key_backoff,ours exhausted failure #10,"{""detail"": ""backoff 60.0s; error_type=exhausted"", ""key_name"": ""ours""}",1,0
4537,1787393796.6624558,WARN,key_backoff,ours exhausted failure #1,"{""detail"": ""backoff 2.0s; error_type=exhausted"", ""key_name"": ""ours""}",1,0
4538,1787393796.6795914,WARN,key_backoff,ours exhausted failure #2,"{""detail"": ""backoff 4.0s; error_type=exhausted"", ""key_name"": ""ours""}",1,0
4539,1787393802.6585011,WARN,key_backoff,ours exhausted failure #3,"{""detail"": ""backoff 8.0s; error_type=exhausted"", ""key_name"": ""ours""}",1,0
4540,1787393802.722481,WARN,key_backoff,ours exhausted failure #4,"{""detail"": ""backoff 16.0s; error_type=exhausted"", ""key_name"": ""ours""}",1,0
4541,1787393803.0829232,WARN,key_backoff,ours exhausted failure #5,"{""detail"": ""backoff 32.0s; error_type=exhausted"", ""key_name"": ""ours""}",1,0
4542,1787393864.4686148,WARN,key_backoff,ours exhausted failure #6,"{""detail"": ""backoff 60.0s; error_type=exhausted"", ""key_name"": ""ours""}",1,0
4543,1787393987.114859,WARN,key_backoff,ours exhausted failure #7,"{""detail"": ""backoff 60.0s; error_type=exhausted"", ""key_name"": ""ours""}",1,0
4544,1787393987.115996,CRITICAL,KEY_DEAD,ours reached 7 consecutive failures,"{""detail"": ""backoff 60.0s; likely dead"", ""key_name"": ""ours""}",1,0
4545,1787394027.0184655,WARN,key_backoff,ours exhausted failure #1,"{""detail"": ""backoff 2.0s; error_type=exhausted"", ""key_name"": ""ours""}",1,0
4546,1787394030.7117279,WARN,key_backoff,ours exhausted failure #2,"{""detail"": ""backoff 4.0s; error_type=exhausted"", ""key_name"": ""ours""}",1,0
4547,1787394030.736166,WARN,key_backoff,ours exhausted failure #3,"{""detail"": ""backoff 8.0s; error_type=exhausted"", ""key_name"": ""ours""}",1,0
4548,1787394031.058094,WARN,key_backoff,ours exhausted failure #4,"{""detail"": ""backoff 16.0s; error_type=exhausted"", ""key_name"": ""ours""}",1,0
4549,1787394053.1084445,WARN,key_backoff,ours exhausted failure #5,"{""detail"": ""backoff 32.0s; error_type=exhausted"", ""key_name"": ""ours""}",1,0
4550,1787394086.3759952,WARN,key_backoff,ours exhausted failure #6,"{""detail"": ""backoff 60.0s; error_type=exhausted"", ""key_name"": ""ours""}",1,0
4551,1787394086.786503,WARN,key_backoff,ours exhausted failure #7,"{""detail"": ""backoff 60.0s; error_type=exhausted"", ""key_name"": ""ours""}",1,0
4552,1787394086.786581,CRITICAL,KEY_DEAD,ours reached 7 consecutive failures,"{""detail"": ""backoff 60.0s; likely dead"", ""key_name"": ""ours""}",1,0
4553,1787394086.8662493,WARN,key_backoff,ours exhausted failure #8,"{""detail"": ""backoff 60.0s; error_type=exhausted"", ""key_name"": ""ours""}",1,0
4554,1787394150.4426932,WARN,key_backoff,ours exhausted failure #9,"{""detail"": ""backoff 60.0s; error_type=exhausted"", ""key_name"": ""ours""}",1,0
4555,1787394150.9717479,WARN,key_backoff,ours exhausted failure #10,"{""detail"": ""backoff 60.0s; error_type=exhausted"", ""key_name"": ""ours""}",1,0
4556,1787394211.8048713,WARN,key_backoff,ours exhausted failure #11,"{""detail"": ""backoff 60.0s; error_type=exhausted"", ""key_name"": ""ours""}",1,0
4557,1787394280.001046,WARN,key_backoff,ours exhausted failure #12,"{""detail"": ""backoff 60.0s; error_type=exhausted"", ""key_name"": ""ours""}",1,0
4558,1787394341.098315,WARN,key_backoff,ours exhausted failure #13,"{""detail"": ""backoff 60.0s; error_type=exhausted"", ""key_name"": ""ours""}",1,0
4559,1787394402.6189356,WARN,key_backoff,ours exhausted failure #14,"{""detail"": ""backoff 60.0s; error_type=exhausted"", ""key_name"": ""ours""}",1,0
4560,1787394479.3914618,WARN,key_backoff,ours exhausted failure #15,"{""detail"": ""backoff 60.0s; error_type=exhausted"", ""key_name"": ""ours""}",1,0
4561,1787394479.649634,WARN,key_backoff,ours exhausted failure #16,"{""detail"": ""backoff 60.0s; error_type=exhausted"", ""key_name"": ""ours""}",1,0
4562,1787394540.9638684,WARN,key_backoff,ours exhausted failure #17,"{""detail"": ""backoff 60.0s; error_type=exhausted"", ""key_name"": ""ours""}",1,0
4563,1787394606.9287922,WARN,key_backoff,ours exhausted failure #18,"{""detail"": ""backoff 60.0s; error_type=exhausted"", ""key_name"": ""ours""}",1,0
4564,1787394612.5081105,WARN,cost_inefficiency,"Using openrouter for glm-5.2 ($0.97/M), routstrd cheaper ($0.53/M)","334 calls / 20,172,746 tokens on openrouter at $0.97/M. routstrd available at $0.53/M — potential savings $8.88/24h. Top up routstrd if depleted.",1,0
4565,1787394671.1964183,WARN,key_backoff,ours exhausted failure #19,"{""detail"": ""backoff 60.0s; error_type=exhausted"", ""key_name"": ""ours""}",1,0
4566,1787394732.8787134,WARN,key_backoff,ours exhausted failure #20,"{""detail"": ""backoff 60.0s; error_type=exhausted"", ""key_name"": ""ours""}",1,0
4567,1787394761.6687436,WARN,key_backoff,ours exhausted failure #1,"{""detail"": ""backoff 2.0s; error_type=exhausted"", ""key_name"": ""ours""}",1,0
4568,1787394778.1449554,WARN,key_backoff,ours exhausted failure #1,"{""detail"": ""backoff 2.0s; error_type=exhausted"", ""key_name"": ""ours""}",1,0
4569,1787394802.6253917,WARN,key_backoff,ours exhausted failure #1,"{""detail"": ""backoff 2.0s; error_type=exhausted"", ""key_name"": ""ours""}",1,0
4570,1787394821.6940396,WARN,key_backoff,ours exhausted failure #2,"{""detail"": ""backoff 4.0s; error_type=exhausted"", ""key_name"": ""ours""}",1,0
4571,1787394827.2437227,WARN,key_backoff,ours exhausted failure #3,"{""detail"": ""backoff 8.0s; error_type=exhausted"", ""key_name"": ""ours""}",1,0
4572,1787394859.5744987,WARN,key_backoff,ours exhausted failure #1,"{""detail"": ""backoff 2.0s; error_type=exhausted"", ""key_name"": ""ours""}",1,0
4573,1787394873.9748163,WARN,key_backoff,ours exhausted failure #2,"{""detail"": ""backoff 4.0s; error_type=exhausted"", ""key_name"": ""ours""}",1,0
4574,1787394899.9758122,WARN,key_backoff,ours exhausted failure #3,"{""detail"": ""backoff 8.0s; error_type=exhausted"", ""key_name"": ""ours""}",1,0
4575,1787394913.8311632,WARN,key_backoff,ours exhausted failure #4,"{""detail"": ""backoff 16.0s; error_type=exhausted"", ""key_name"": ""ours""}",1,0
4576,1787394913.8635242,WARN,key_backoff,ours exhausted failure #5,"{""detail"": ""backoff 32.0s; error_type=exhausted"", ""key_name"": ""ours""}",1,0
4577,1787394951.3406594,WARN,key_backoff,ours exhausted failure #6,"{""detail"": ""backoff 60.0s; error_type=exhausted"", ""key_name"": ""ours""}",1,0
4578,1787394951.3970857,WARN,key_backoff,ours exhausted failure #7,"{""detail"": ""backoff 60.0s; error_type=exhausted"", ""key_name"": ""ours""}",1,0
4579,1787394951.3981373,CRITICAL,KEY_DEAD,ours reached 7 consecutive failures,"{""detail"": ""backoff 60.0s; likely dead"", ""key_name"": ""ours""}",1,0
4580,1787395012.3690016,WARN,key_backoff,ours exhausted failure #8,"{""detail"": ""backoff 60.0s; error_type=exhausted"", ""key_name"": ""ours""}",1,0
4581,1787395076.623913,WARN,key_backoff,ours exhausted failure #9,"{""detail"": ""backoff 60.0s; error_type=exhausted"", ""key_name"": ""ours""}",1,0
4582,1787395138.1183019,WARN,key_backoff,ours exhausted failure #10,"{""detail"": ""backoff 60.0s; error_type=exhausted"", ""key_name"": ""ours""}",1,0
4583,1787395200.9600377,WARN,key_backoff,ours exhausted failure #11,"{""detail"": ""backoff 60.0s; error_type=exhausted"", ""key_name"": ""ours""}",1,0
4584,1787395212.777883,WARN,key_backoff,ours exhausted failure #1,"{""detail"": ""backoff 2.0s; error_type=exhausted"", ""key_name"": ""ours""}",1,0
4585,1787395216.08695,WARN,key_backoff,ours exhausted failure #2,"{""detail"": ""backoff 4.0s; error_type=exhausted"", ""key_name"": ""ours""}",1,0
4586,1787395228.6822014,WARN,key_backoff,ours exhausted failure #3,"{""detail"": ""backoff 8.0s; error_type=exhausted"", ""key_name"": ""ours""}",1,0
4587,1787395261.5530946,WARN,key_backoff,ours exhausted failure #1,"{""detail"": ""backoff 2.0s; error_type=exhausted"", ""key_name"": ""ours""}",1,0
4588,1787395268.0916126,WARN,key_backoff,ours exhausted failure #2,"{""detail"": ""backoff 4.0s; error_type=exhausted"", ""key_name"": ""ours""}",1,0
4589,1787395289.078218,WARN,key_backoff,ours exhausted failure #3,"{""detail"": ""backoff 8.0s; error_type=exhausted"", ""key_name"": ""ours""}",1,0
4590,1787395303.6147761,WARN,key_backoff,ours exhausted failure #4,"{""detail"": ""backoff 16.0s; error_type=exhausted"", ""key_name"": ""ours""}",1,0
4591,1787395324.7419312,WARN,key_backoff,ours exhausted failure #5,"{""detail"": ""backoff 32.0s; error_type=exhausted"", ""key_name"": ""ours""}",1,0
4592,1787395362.9306457,WARN,key_backoff,ours exhausted failure #6,"{""detail"": ""backoff 60.0s; error_type=exhausted"", ""key_name"": ""ours""}",1,0
4593,1787395363.006793,WARN,key_backoff,ours exhausted failure #7,"{""detail"": ""backoff 60.0s; error_type=exhausted"", ""key_name"": ""ours""}",1,0
4594,1787395363.0069146,CRITICAL,KEY_DEAD,ours reached 7 consecutive failures,"{""detail"": ""backoff 60.0s; likely dead"", ""key_name"": ""ours""}",1,0
4595,1787395430.6828542,WARN,key_backoff,ours exhausted failure #1,"{""detail"": ""backoff 2.0s; error_type=exhausted"", ""key_name"": ""ours""}",1,0
4596,1787395430.832939,WARN,key_backoff,ours exhausted failure #2,"{""detail"": ""backoff 4.0s; error_type=exhausted"", ""key_name"": ""ours""}",1,0
4597,1787395518.7058394,WARN,key_backoff,ours exhausted failure #3,"{""detail"": ""backoff 8.0s; error_type=exhausted"", ""key_name"": ""ours""}",1,0
4598,1787395544.8856757,WARN,key_backoff,ours exhausted failure #4,"{""detail"": ""backoff 16.0s; error_type=exhausted"", ""key_name"": ""ours""}",1,0
4599,1787395566.7072225,WARN,key_backoff,ours exhausted failure #5,"{""detail"": ""backoff 32.0s; error_type=exhausted"", ""key_name"": ""ours""}",1,0
4600,1787395609.1590784,WARN,key_backoff,ours exhausted failure #6,"{""detail"": ""backoff 60.0s; error_type=exhausted"", ""key_name"": ""ours""}",1,0
4601,1787395873.5593855,WARN,key_backoff,ours exhausted failure #7,"{""detail"": ""backoff 60.0s; error_type=exhausted"", ""key_name"": ""ours""}",1,0
4602,1787395873.5620646,CRITICAL,KEY_DEAD,ours reached 7 consecutive failures,"{""detail"": ""backoff 60.0s; likely dead"", ""key_name"": ""ours""}",1,0
4603,1787396057.7672074,WARN,key_backoff,ours exhausted failure #8,"{""detail"": ""backoff 60.0s; error_type=exhausted"", ""key_name"": ""ours""}",1,0
4604,1787396170.861875,WARN,key_backoff,ours exhausted failure #9,"{""detail"": ""backoff 60.0s; error_type=exhausted"", ""key_name"": ""ours""}",1,0
4605,1787396232.280589,WARN,key_backoff,ours exhausted failure #10,"{""detail"": ""backoff 60.0s; error_type=exhausted"", ""key_name"": ""ours""}",1,0
4606,1787396397.7046077,WARN,key_backoff,ours exhausted failure #11,"{""detail"": ""backoff 60.0s; error_type=exhausted"", ""key_name"": ""ours""}",1,0
4607,1787396413.4224014,WARN,cost_inefficiency,"Using openrouter for glm-5.2 ($0.97/M), routstrd cheaper ($0.53/M)","454 calls / 27,042,383 tokens on openrouter at $0.97/M. routstrd available at $0.53/M — potential savings $11.90/24h. Top up routstrd if depleted.",1,0
4608,1787396517.353113,WARN,key_backoff,ours exhausted failure #12,"{""detail"": ""backoff 60.0s; error_type=exhausted"", ""key_name"": ""ours""}",1,0
4609,1787396578.7933714,WARN,key_backoff,ours exhausted failure #13,"{""detail"": ""backoff 60.0s; error_type=exhausted"", ""key_name"": ""ours""}",1,0
4610,1787396642.0766625,WARN,key_backoff,ours exhausted failure #14,"{""detail"": ""backoff 60.0s; error_type=exhausted"", ""key_name"": ""ours""}",1,0
4611,1787396703.0052505,WARN,key_backoff,ours exhausted failure #15,"{""detail"": ""backoff 60.0s; error_type=exhausted"", ""key_name"": ""ours""}",1,0
4612,1787396769.8030834,WARN,key_backoff,ours exhausted failure #16,"{""detail"": ""backoff 60.0s; error_type=exhausted"", ""key_name"": ""ours""}",1,0
4613,1787396859.6027837,WARN,key_backoff,ours exhausted failure #17,"{""detail"": ""backoff 60.0s; error_type=exhausted"", ""key_name"": ""ours""}",1,0
4614,1787396952.1440334,WARN,key_backoff,ours exhausted failure #18,"{""detail"": ""backoff 60.0s; error_type=exhausted"", ""key_name"": ""ours""}",1,0
4615,1787397033.0073311,WARN,key_backoff,ours exhausted failure #19,"{""detail"": ""backoff 60.0s; error_type=exhausted"", ""key_name"": ""ours""}",1,0
4616,1787397103.049954,WARN,key_backoff,ours exhausted failure #20,"{""detail"": ""backoff 60.0s; error_type=exhausted"", ""key_name"": ""ours""}",1,0
4617,1787397164.9128106,WARN,key_backoff,ours exhausted failure #21,"{""detail"": ""backoff 60.0s; error_type=exhausted"", ""key_name"": ""ours""}",1,0
4618,1787397231.7269256,WARN,key_backoff,ours exhausted failure #22,"{""detail"": ""backoff 60.0s; error_type=exhausted"", ""key_name"": ""ours""}",1,0
4619,1787397316.8872428,WARN,key_backoff,ours exhausted failure #23,"{""detail"": ""backoff 60.0s; error_type=exhausted"", ""key_name"": ""ours""}",1,0
4620,1787397403.576945,WARN,key_backoff,ours exhausted failure #24,"{""detail"": ""backoff 60.0s; error_type=exhausted"", ""key_name"": ""ours""}",1,0
4621,1787397475.2314436,WARN,key_backoff,ours exhausted failure #25,"{""detail"": ""backoff 60.0s; error_type=exhausted"", ""key_name"": ""ours""}",1,0
4622,1787397535.9702034,WARN,key_backoff,ours exhausted failure #26,"{""detail"": ""backoff 60.0s; error_type=exhausted"", ""key_name"": ""ours""}",1,0
4623,1787397599.1152878,WARN,key_backoff,ours exhausted failure #27,"{""detail"": ""backoff 60.0s; error_type=exhausted"", ""key_name"": ""ours""}",1,0
4624,1787397661.568032,WARN,key_backoff,ours exhausted failure #28,"{""detail"": ""backoff 60.0s; error_type=exhausted"", ""key_name"": ""ours""}",1,0
4625,1787397742.5530753,WARN,key_backoff,ours exhausted failure #29,"{""detail"": ""backoff 60.0s; error_type=exhausted"", ""key_name"": ""ours""}",1,0
4626,1787397843.691999,WARN,key_backoff,ours exhausted failure #30,"{""detail"": ""backoff 60.0s; error_type=exhausted"", ""key_name"": ""ours""}",1,0
4627,1787397930.4765658,WARN,key_backoff,ours exhausted failure #31,"{""detail"": ""backoff 60.0s; error_type=exhausted"", ""key_name"": ""ours""}",1,0
4628,1787398030.2857926,WARN,key_backoff,ours exhausted failure #32,"{""detail"": ""backoff 60.0s; error_type=exhausted"", ""key_name"": ""ours""}",1,0
4629,1787398148.4510288,WARN,key_backoff,ours exhausted failure #33,"{""detail"": ""backoff 60.0s; error_type=exhausted"", ""key_name"": ""ours""}",1,0
4630,1787398212.7325337,WARN,cost_inefficiency,"Using openrouter for glm-5.2 ($0.97/M), routstrd cheaper ($0.53/M)","531 calls / 33,972,751 tokens on openrouter at $0.97/M. routstrd available at $0.53/M — potential savings $14.95/24h. Top up routstrd if depleted.",1,0
4631,1787398253.09939,WARN,key_backoff,ours exhausted failure #34,"{""detail"": ""backoff 60.0s; error_type=exhausted"", ""key_name"": ""ours""}",1,0
4632,1787398365.0639296,WARN,key_backoff,ours exhausted failure #35,"{""detail"": ""backoff 60.0s; error_type=exhausted"", ""key_name"": ""ours""}",1,0
4633,1787398478.5015988,WARN,key_backoff,ours exhausted failure #36,"{""detail"": ""backoff 60.0s; error_type=exhausted"", ""key_name"": ""ours""}",1,0
4634,1787398601.0381107,WARN,key_backoff,ours exhausted failure #37,"{""detail"": ""backoff 60.0s; error_type=exhausted"", ""key_name"": ""ours""}",1,0
4635,1787398670.3707578,WARN,key_backoff,ours exhausted failure #38,"{""detail"": ""backoff 60.0s; error_type=exhausted"", ""key_name"": ""ours""}",1,0
4636,1787398749.2999067,WARN,key_backoff,ours exhausted failure #39,"{""detail"": ""backoff 60.0s; error_type=exhausted"", ""key_name"": ""ours""}",1,0
4637,1787398816.2935996,WARN,key_backoff,ours exhausted failure #40,"{""detail"": ""backoff 60.0s; error_type=exhausted"", ""key_name"": ""ours""}",1,0
4638,1787398877.309054,WARN,key_backoff,ours exhausted failure #41,"{""detail"": ""backoff 60.0s; error_type=exhausted"", ""key_name"": ""ours""}",1,0
4639,1787398948.349284,WARN,key_backoff,ours exhausted failure #42,"{""detail"": ""backoff 60.0s; error_type=exhausted"", ""key_name"": ""ours""}",1,0
4640,1787399052.4629676,WARN,key_backoff,ours exhausted failure #43,"{""detail"": ""backoff 60.0s; error_type=exhausted"", ""key_name"": ""ours""}",1,0
4641,1787399135.7319543,WARN,key_backoff,ours exhausted failure #44,"{""detail"": ""backoff 60.0s; error_type=exhausted"", ""key_name"": ""ours""}",1,0
4642,1787399239.5311239,WARN,key_backoff,ours exhausted failure #45,"{""detail"": ""backoff 60.0s; error_type=exhausted"", ""key_name"": ""ours""}",1,0
4643,1787399318.2333138,WARN,key_backoff,ours exhausted failure #46,"{""detail"": ""backoff 60.0s; error_type=exhausted"", ""key_name"": ""ours""}",1,0
4644,1787399419.5957868,WARN,key_backoff,ours exhausted failure #47,"{""detail"": ""backoff 60.0s; error_type=exhausted"", ""key_name"": ""ours""}",1,0
4645,1787399549.7061942,WARN,key_backoff,ours exhausted failure #48,"{""detail"": ""backoff 60.0s; error_type=exhausted"", ""key_name"": ""ours""}",1,0
4646,1787399616.81813,WARN,key_backoff,ours exhausted failure #49,"{""detail"": ""backoff 60.0s; error_type=exhausted"", ""key_name"": ""ours""}",1,0
4647,1787399681.9881003,WARN,key_backoff,ours exhausted failure #50,"{""detail"": ""backoff 60.0s; error_type=exhausted"", ""key_name"": ""ours""}",1,0
4648,1787399746.3902316,WARN,key_backoff,ours exhausted failure #51,"{""detail"": ""backoff 60.0s; error_type=exhausted"", ""key_name"": ""ours""}",1,0
4649,1787399838.5677335,WARN,key_backoff,ours exhausted failure #52,"{""detail"": ""backoff 60.0s; error_type=exhausted"", ""key_name"": ""ours""}",1,0
4650,1787399934.4116244,WARN,key_backoff,ours exhausted failure #53,"{""detail"": ""backoff 60.0s; error_type=exhausted"", ""key_name"": ""ours""}",1,0
4651,1787400012.4868937,WARN,cost_inefficiency,"Using openrouter for glm-5.2 ($0.97/M), routstrd cheaper ($0.53/M)","582 calls / 38,066,345 tokens on openrouter at $0.97/M. routstrd available at $0.53/M — potential savings $16.75/24h. Top up routstrd if depleted.",1,0
4652,1787400037.6731095,WARN,key_backoff,ours exhausted failure #54,"{""detail"": ""backoff 60.0s; error_type=exhausted"", ""key_name"": ""ours""}",1,0
4653,1787400164.3051956,WARN,key_backoff,ours exhausted failure #1,"{""detail"": ""backoff 2.0s; error_type=exhausted"", ""key_name"": ""ours""}",1,0
4654,1787400263.8613827,WARN,key_backoff,ours exhausted failure #2,"{""detail"": ""backoff 4.0s; error_type=exhausted"", ""key_name"": ""ours""}",1,0
4655,1787400277.8761954,WARN,key_backoff,ours exhausted failure #3,"{""detail"": ""backoff 8.0s; error_type=exhausted"", ""key_name"": ""ours""}",1,0
4656,1787400363.9185684,WARN,key_backoff,ours exhausted failure #4,"{""detail"": ""backoff 16.0s; error_type=exhausted"", ""key_name"": ""ours""}",1,0
4657,1787400393.5678794,WARN,key_backoff,ours exhausted failure #5,"{""detail"": ""backoff 32.0s; error_type=exhausted"", ""key_name"": ""ours""}",1,0
4658,1787400472.3709903,WARN,key_backoff,ours exhausted failure #6,"{""detail"": ""backoff 60.0s; error_type=exhausted"", ""key_name"": ""ours""}",1,0
4659,1787400561.831508,WARN,key_backoff,ours exhausted failure #7,"{""detail"": ""backoff 60.0s; error_type=exhausted"", ""key_name"": ""ours""}",1,0
4660,1787400561.8317342,CRITICAL,KEY_DEAD,ours reached 7 consecutive failures,"{""detail"": ""backoff 60.0s; likely dead"", ""key_name"": ""ours""}",1,0
4661,1787400650.2729373,WARN,key_backoff,ours exhausted failure #8,"{""detail"": ""backoff 60.0s; error_type=exhausted"", ""key_name"": ""ours""}",1,0
4662,1787400736.5565834,WARN,key_backoff,ours exhausted failure #9,"{""detail"": ""backoff 60.0s; error_type=exhausted"", ""key_name"": ""ours""}",1,0
4663,1787400824.5976274,WARN,key_backoff,ours exhausted failure #1,"{""detail"": ""backoff 2.0s; error_type=exhausted"", ""key_name"": ""ours""}",1,0
4664,1787400917.4745715,WARN,key_backoff,ours exhausted failure #2,"{""detail"": ""backoff 4.0s; error_type=exhausted"", ""key_name"": ""ours""}",1,0
4665,1787401012.8066242,WARN,key_backoff,ours exhausted failure #3,"{""detail"": ""backoff 8.0s; error_type=exhausted"", ""key_name"": ""ours""}",1,0
4666,1787401115.288364,WARN,key_backoff,ours exhausted failure #4,"{""detail"": ""backoff 16.0s; error_type=exhausted"", ""key_name"": ""ours""}",1,0
4667,1787401227.467173,WARN,key_backoff,ours exhausted failure #5,"{""detail"": ""backoff 32.0s; error_type=exhausted"", ""key_name"": ""ours""}",1,0
4668,1787401341.4533854,WARN,key_backoff,ours exhausted failure #6,"{""detail"": ""backoff 60.0s; error_type=exhausted"", ""key_name"": ""ours""}",1,0
4669,1787401415.7045805,WARN,key_backoff,ours exhausted failure #7,"{""detail"": ""backoff 60.0s; error_type=exhausted"", ""key_name"": ""ours""}",1,0
4670,1787401415.7055807,CRITICAL,KEY_DEAD,ours reached 7 consecutive failures,"{""detail"": ""backoff 60.0s; likely dead"", ""key_name"": ""ours""}",1,0
4671,1787401481.1486065,WARN,key_backoff,ours exhausted failure #8,"{""detail"": ""backoff 60.0s; error_type=exhausted"", ""key_name"": ""ours""}",1,0
4672,1787401544.79138,WARN,key_backoff,ours exhausted failure #9,"{""detail"": ""backoff 60.0s; error_type=exhausted"", ""key_name"": ""ours""}",1,0
4673,1787401544.878256,WARN,key_backoff,ours exhausted failure #10,"{""detail"": ""backoff 60.0s; error_type=exhausted"", ""key_name"": ""ours""}",1,0
4674,1787401622.8528302,WARN,key_backoff,ours exhausted failure #11,"{""detail"": ""backoff 60.0s; error_type=exhausted"", ""key_name"": ""ours""}",1,0
4675,1787401718.2769997,WARN,key_backoff,ours exhausted failure #12,"{""detail"": ""backoff 60.0s; error_type=exhausted"", ""key_name"": ""ours""}",1,0
4676,1787401799.070238,WARN,key_backoff,ours exhausted failure #13,"{""detail"": ""backoff 60.0s; error_type=exhausted"", ""key_name"": ""ours""}",1,0
4677,1787401812.9120255,WARN,cost_inefficiency,"Using openrouter for glm-5.2 ($0.97/M), routstrd cheaper ($0.53/M)","632 calls / 42,085,829 tokens on openrouter at $0.97/M. routstrd available at $0.53/M — potential savings $18.52/24h. Top up routstrd if depleted.",1,0
4678,1787401881.5149484,WARN,key_backoff,ours exhausted failure #14,"{""detail"": ""backoff 60.0s; error_type=exhausted"", ""key_name"": ""ours""}",1,0
4679,1787401942.378413,WARN,key_backoff,ours exhausted failure #15,"{""detail"": ""backoff 60.0s; error_type=exhausted"", ""key_name"": ""ours""}",1,0
4680,1787402012.733679,WARN,key_backoff,ours exhausted failure #16,"{""detail"": ""backoff 60.0s; error_type=exhausted"", ""key_name"": ""ours""}",1,0
4681,1787402030.9324896,WARN,key_backoff,ours exhausted failure #1,"{""detail"": ""backoff 2.0s; error_type=exhausted"", ""key_name"": ""ours""}",1,0
4682,1787402092.8346348,WARN,key_backoff,ours exhausted failure #1,"{""detail"": ""backoff 2.0s; error_type=exhausted"", ""key_name"": ""ours""}",1,0
4683,1787402107.1709726,WARN,key_backoff,ours exhausted failure #2,"{""detail"": ""backoff 4.0s; error_type=exhausted"", ""key_name"": ""ours""}",1,0
4684,1787402167.4366412,WARN,key_backoff,ours exhausted failure #1,"{""detail"": ""backoff 2.0s; error_type=exhausted"", ""key_name"": ""ours""}",1,0
4685,1787402175.445549,WARN,key_backoff,ours exhausted failure #2,"{""detail"": ""backoff 4.0s; error_type=exhausted"", ""key_name"": ""ours""}",1,0
4686,1787402233.479777,WARN,key_backoff,ours exhausted failure #1,"{""detail"": ""backoff 2.0s; error_type=exhausted"", ""key_name"": ""ours""}",1,0
4687,1787402239.9523666,WARN,key_backoff,ours exhausted failure #1,"{""detail"": ""backoff 2.0s; error_type=exhausted"", ""key_name"": ""ours""}",1,0
4688,1787402288.2705529,WARN,key_backoff,ours exhausted failure #1,"{""detail"": ""backoff 2.0s; error_type=exhausted"", ""key_name"": ""ours""}",1,0
4689,1787402310.8309448,WARN,key_backoff,ours exhausted failure #1,"{""detail"": ""backoff 2.0s; error_type=exhausted"", ""key_name"": ""ours""}",1,0
4690,1787402336.505321,WARN,key_backoff,ours exhausted failure #2,"{""detail"": ""backoff 4.0s; error_type=exhausted"", ""key_name"": ""ours""}",1,0
4691,1787402356.3686872,WARN,key_backoff,ours exhausted failure #3,"{""detail"": ""backoff 8.0s; error_type=exhausted"", ""key_name"": ""ours""}",1,0
4692,1787402378.4217453,WARN,key_backoff,ours exhausted failure #4,"{""detail"": ""backoff 16.0s; error_type=exhausted"", ""key_name"": ""ours""}",1,0
4693,1787402415.686578,WARN,key_backoff,ours exhausted failure #5,"{""detail"": ""backoff 32.0s; error_type=exhausted"", ""key_name"": ""ours""}",1,0
4694,1787402456.7748358,WARN,key_backoff,ours exhausted failure #6,"{""detail"": ""backoff 60.0s; error_type=exhausted"", ""key_name"": ""ours""}",1,0
4695,1787402518.6829228,WARN,key_backoff,ours exhausted failure #7,"{""detail"": ""backoff 60.0s; error_type=exhausted"", ""key_name"": ""ours""}",1,0
4696,1787402518.6832385,CRITICAL,KEY_DEAD,ours reached 7 consecutive failures,"{""detail"": ""backoff 60.0s; likely dead"", ""key_name"": ""ours""}",1,0
4697,1787402518.7245476,WARN,key_backoff,ours exhausted failure #8,"{""detail"": ""backoff 60.0s; error_type=exhausted"", ""key_name"": ""ours""}",1,0
4698,1787402581.4655297,WARN,key_backoff,ours exhausted failure #9,"{""detail"": ""backoff 60.0s; error_type=exhausted"", ""key_name"": ""ours""}",1,0
4699,1787402652.92965,WARN,key_backoff,ours exhausted failure #10,"{""detail"": ""backoff 60.0s; error_type=exhausted"", ""key_name"": ""ours""}",1,0
4700,1787402716.1948874,WARN,key_backoff,ours exhausted failure #11,"{""detail"": ""backoff 60.0s; error_type=exhausted"", ""key_name"": ""ours""}",1,0
4701,1787402780.0893533,WARN,key_backoff,ours exhausted failure #12,"{""detail"": ""backoff 60.0s; error_type=exhausted"", ""key_name"": ""ours""}",1,0
4702,1787402842.1075783,WARN,key_backoff,ours exhausted failure #13,"{""detail"": ""backoff 60.0s; error_type=exhausted"", ""key_name"": ""ours""}",1,0
4703,1787402903.0953827,WARN,key_backoff,ours exhausted failure #14,"{""detail"": ""backoff 60.0s; error_type=exhausted"", ""key_name"": ""ours""}",1,0
4704,1787402975.7799487,WARN,key_backoff,ours exhausted failure #15,"{""detail"": ""backoff 60.0s; error_type=exhausted"", ""key_name"": ""ours""}",1,0
4705,1787403038.3271828,WARN,key_backoff,ours exhausted failure #16,"{""detail"": ""backoff 60.0s; error_type=exhausted"", ""key_name"": ""ours""}",1,0
4706,1787403100.1098642,WARN,key_backoff,ours exhausted failure #17,"{""detail"": ""backoff 60.0s; error_type=exhausted"", ""key_name"": ""ours""}",1,0
4707,1787403163.2351408,WARN,key_backoff,ours exhausted failure #18,"{""detail"": ""backoff 60.0s; error_type=exhausted"", ""key_name"": ""ours""}",1,0
4708,1787403163.6675801,WARN,key_backoff,ours exhausted failure #19,"{""detail"": ""backoff 60.0s; error_type=exhausted"", ""key_name"": ""ours""}",1,0
4709,1787403231.446007,WARN,key_backoff,ours exhausted failure #20,"{""detail"": ""backoff 60.0s; error_type=exhausted"", ""key_name"": ""ours""}",1,0
4710,1787403293.668472,WARN,key_backoff,ours exhausted failure #21,"{""detail"": ""backoff 60.0s; error_type=exhausted"", ""key_name"": ""ours""}",1,0
4711,1787403359.1523547,WARN,key_backoff,ours exhausted failure #22,"{""detail"": ""backoff 60.0s; error_type=exhausted"", ""key_name"": ""ours""}",1,0
4712,1787403425.9392831,WARN,key_backoff,ours exhausted failure #23,"{""detail"": ""backoff 60.0s; error_type=exhausted"", ""key_name"": ""ours""}",1,0
4713,1787403494.8071396,WARN,key_backoff,ours exhausted failure #24,"{""detail"": ""backoff 60.0s; error_type=exhausted"", ""key_name"": ""ours""}",1,0
4714,1787403565.103679,WARN,key_backoff,ours exhausted failure #25,"{""detail"": ""backoff 60.0s; error_type=exhausted"", ""key_name"": ""ours""}",1,0
4715,1787403612.6728203,WARN,cost_inefficiency,"Using openrouter for glm-5.2 ($0.97/M), routstrd cheaper ($0.53/M)","800 calls / 53,848,286 tokens on openrouter at $0.97/M. routstrd available at $0.53/M — potential savings $23.69/24h. Top up routstrd if depleted.",1,0
4716,1787403641.478465,WARN,key_backoff,ours exhausted failure #26,"{""detail"": ""backoff 60.0s; error_type=exhausted"", ""key_name"": ""ours""}",1,0
4717,1787403716.560222,WARN,key_backoff,ours exhausted failure #27,"{""detail"": ""backoff 60.0s; error_type=exhausted"", ""key_name"": ""ours""}",1,0
4718,1787403796.1446905,WARN,key_backoff,ours exhausted failure #28,"{""detail"": ""backoff 60.0s; error_type=exhausted"", ""key_name"": ""ours""}",1,0
4719,1787403872.9479737,WARN,key_backoff,ours exhausted failure #29,"{""detail"": ""backoff 60.0s; error_type=exhausted"", ""key_name"": ""ours""}",1,0
4720,1787403960.149744,WARN,key_backoff,ours exhausted failure #30,"{""detail"": ""backoff 60.0s; error_type=exhausted"", ""key_name"": ""ours""}",1,0
4721,1787404022.1575575,WARN,key_backoff,ours exhausted failure #31,"{""detail"": ""backoff 60.0s; error_type=exhausted"", ""key_name"": ""ours""}",1,0
4722,1787404094.0258448,WARN,key_backoff,ours exhausted failure #32,"{""detail"": ""backoff 60.0s; error_type=exhausted"", ""key_name"": ""ours""}",1,0
4723,1787404157.7805586,WARN,key_backoff,ours exhausted failure #33,"{""detail"": ""backoff 60.0s; error_type=exhausted"", ""key_name"": ""ours""}",1,0
4724,1787404237.758181,WARN,key_backoff,ours exhausted failure #34,"{""detail"": ""backoff 60.0s; error_type=exhausted"", ""key_name"": ""ours""}",1,0
4725,1787404323.0565856,WARN,key_backoff,ours exhausted failure #35,"{""detail"": ""backoff 60.0s; error_type=exhausted"", ""key_name"": ""ours""}",1,0
4726,1787404407.8654647,WARN,key_backoff,ours exhausted failure #36,"{""detail"": ""backoff 60.0s; error_type=exhausted"", ""key_name"": ""ours""}",1,0
4727,1787404498.6778514,WARN,key_backoff,ours exhausted failure #1,"{""detail"": ""backoff 2.0s; error_type=exhausted"", ""key_name"": ""ours""}",1,0
4728,1787404587.3101616,WARN,key_backoff,ours exhausted failure #2,"{""detail"": ""backoff 4.0s; error_type=exhausted"", ""key_name"": ""ours""}",1,0
4729,1787404677.6386924,WARN,key_backoff,ours exhausted failure #3,"{""detail"": ""backoff 8.0s; error_type=exhausted"", ""key_name"": ""ours""}",1,0
4730,1787404771.0811062,WARN,key_backoff,ours exhausted failure #4,"{""detail"": ""backoff 16.0s; error_type=exhausted"", ""key_name"": ""ours""}",1,0
4731,1787404867.4369118,WARN,key_backoff,ours exhausted failure #5,"{""detail"": ""backoff 32.0s; error_type=exhausted"", ""key_name"": ""ours""}",1,0
4732,1787404964.2756956,WARN,key_backoff,ours exhausted failure #6,"{""detail"": ""backoff 60.0s; error_type=exhausted"", ""key_name"": ""ours""}",1,0
4733,1787405062.3922644,WARN,key_backoff,ours exhausted failure #7,"{""detail"": ""backoff 60.0s; error_type=exhausted"", ""key_name"": ""ours""}",1,0
4734,1787405062.39234,CRITICAL,KEY_DEAD,ours reached 7 consecutive failures,"{""detail"": ""backoff 60.0s; likely dead"", ""key_name"": ""ours""}",1,0
4735,1787405165.3157904,WARN,key_backoff,ours exhausted failure #8,"{""detail"": ""backoff 60.0s; error_type=exhausted"", ""key_name"": ""ours""}",1,0
4736,1787405268.8344162,WARN,key_backoff,ours exhausted failure #9,"{""detail"": ""backoff 60.0s; error_type=exhausted"", ""key_name"": ""ours""}",1,0
4737,1787405377.9540896,WARN,key_backoff,ours exhausted failure #10,"{""detail"": ""backoff 60.0s; error_type=exhausted"", ""key_name"": ""ours""}",1,0
4738,1787405412.8886843,WARN,cost_inefficiency,"Using openrouter for glm-5.2 ($0.97/M), routstrd cheaper ($0.53/M)","838 calls / 57,151,008 tokens on openrouter at $0.97/M. routstrd available at $0.53/M — potential savings $25.15/24h. Top up routstrd if depleted.",1,0
4739,1787405488.8904588,WARN,key_backoff,ours exhausted failure #11,"{""detail"": ""backoff 60.0s; error_type=exhausted"", ""key_name"": ""ours""}",1,0
4740,1787405613.0006943,WARN,key_backoff,ours exhausted failure #12,"{""detail"": ""backoff 60.0s; error_type=exhausted"", ""key_name"": ""ours""}",1,0
4741,1787407212.1732094,WARN,cost_inefficiency,"Using openrouter for glm-5.2 ($0.97/M), routstrd cheaper ($0.53/M)","841 calls / 57,406,697 tokens on openrouter at $0.97/M. routstrd available at $0.53/M — potential savings $25.26/24h. Top up routstrd if depleted.",1,0
4742,1787409012.8966908,WARN,cost_inefficiency,"Using openrouter for glm-5.2 ($0.97/M), routstrd cheaper ($0.53/M)","841 calls / 57,406,697 tokens on openrouter at $0.97/M. routstrd available at $0.53/M — potential savings $25.26/24h. Top up routstrd if depleted.",1,0
4743,1787409089.9929543,WARN,key_backoff,ours exhausted failure #1,"{""detail"": ""backoff 2.0s; error_type=exhausted"", ""key_name"": ""ours""}",1,0
4744,1787410812.3374982,WARN,cost_inefficiency,"Using openrouter for glm-5.2 ($0.97/M), routstrd cheaper ($0.53/M)","841 calls / 57,406,697 tokens on openrouter at $0.97/M. routstrd available at $0.53/M — potential savings $25.26/24h. Top up routstrd if depleted.",1,0
4745,1787410850.1848311,WARN,key_backoff,ours exhausted failure #1,"{""detail"": ""backoff 2.0s; error_type=exhausted"", ""key_name"": ""ours""}",1,0
4746,1787412611.9715571,WARN,cost_inefficiency,"Using openrouter for glm-5.2 ($0.97/M), routstrd cheaper ($0.53/M)","842 calls / 57,481,094 tokens on openrouter at $0.97/M. routstrd available at $0.53/M — potential savings $25.29/24h. Top up routstrd if depleted.",1,0
4747,1787412732.5915606,WARN,key_backoff,ours timeout failure #1,"{""detail"": ""backoff 30s; error_type=timeout"", ""key_name"": ""ours""}",1,0
4748,1787414412.1693966,WARN,cost_inefficiency,"Using openrouter for glm-5.2 ($0.97/M), routstrd cheaper ($0.53/M)","843 calls / 57,545,011 tokens on openrouter at $0.97/M. routstrd available at $0.53/M — potential savings $25.32/24h. Top up routstrd if depleted.",1,0
4749,1787416212.072361,WARN,cost_inefficiency,"Using openrouter for glm-5.2 ($0.97/M), routstrd cheaper ($0.53/M)","843 calls / 57,545,011 tokens on openrouter at $0.97/M. routstrd available at $0.53/M — potential savings $25.32/24h. Top up routstrd if depleted.",1,0
4750,1787417624.751863,WARN,key_backoff,ours exhausted failure #1,"{""detail"": ""backoff 2.0s; error_type=exhausted"", ""key_name"": ""ours""}",1,0
4751,1787417881.4079552,WARN,key_backoff,ours exhausted failure #1,"{""detail"": ""backoff 2.0s; error_type=exhausted"", ""key_name"": ""ours""}",1,0
4752,1787417882.1100547,WARN,key_backoff,ours exhausted failure #1,"{""detail"": ""backoff 2.0s; error_type=exhausted"", ""key_name"": ""ours""}",1,0
4753,1787417886.477249,WARN,key_backoff,ours exhausted failure #1,"{""detail"": ""backoff 2.0s; error_type=exhausted"", ""key_name"": ""ours""}",1,0
4754,1787417890.300827,WARN,key_backoff,ours exhausted failure #1,"{""detail"": ""backoff 2.0s; error_type=exhausted"", ""key_name"": ""ours""}",1,0
4755,1787417924.6706061,WARN,key_backoff,ours exhausted failure #1,"{""detail"": ""backoff 2.0s; error_type=exhausted"", ""key_name"": ""ours""}",1,0
4756,1787417933.6828625,WARN,key_backoff,ours exhausted failure #1,"{""detail"": ""backoff 2.0s; error_type=exhausted"", ""key_name"": ""ours""}",1,0
4757,1787417949.8122966,WARN,key_backoff,ours exhausted failure #2,"{""detail"": ""backoff 4.0s; error_type=exhausted"", ""key_name"": ""ours""}",1,0
4758,1787417970.319133,WARN,key_backoff,ours exhausted failure #3,"{""detail"": ""backoff 8.0s; error_type=exhausted"", ""key_name"": ""ours""}",1,0
4759,1787418006.0273395,WARN,key_backoff,ours exhausted failure #4,"{""detail"": ""backoff 16.0s; error_type=exhausted"", ""key_name"": ""ours""}",1,0
4760,1787418006.4377136,WARN,key_backoff,ours exhausted failure #5,"{""detail"": ""backoff 32.0s; error_type=exhausted"", ""key_name"": ""ours""}",1,0
4761,1787418015.6917734,WARN,cost_inefficiency,"Using openrouter for glm-5.2 ($0.97/M), routstrd cheaper ($0.53/M)","845 calls / 57,676,465 tokens on openrouter at $0.97/M. routstrd available at $0.53/M — potential savings $25.38/24h. Top up routstrd if depleted.",1,0
4762,1787418075.242517,WARN,key_backoff,ours exhausted failure #6,"{""detail"": ""backoff 60.0s; error_type=exhausted"", ""key_name"": ""ours""}",1,0
4763,1787418136.7605264,WARN,key_backoff,ours exhausted failure #7,"{""detail"": ""backoff 60.0s; error_type=exhausted"", ""key_name"": ""ours""}",1,0
4764,1787418136.7612507,CRITICAL,KEY_DEAD,ours reached 7 consecutive failures,"{""detail"": ""backoff 60.0s; likely dead"", ""key_name"": ""ours""}",1,0
4765,1787418205.837257,WARN,key_backoff,ours exhausted failure #8,"{""detail"": ""backoff 60.0s; error_type=exhausted"", ""key_name"": ""ours""}",1,0
4766,1787418268.1390133,WARN,key_backoff,ours exhausted failure #9,"{""detail"": ""backoff 60.0s; error_type=exhausted"", ""key_name"": ""ours""}",1,0
4767,1787418330.4754546,WARN,key_backoff,ours exhausted failure #10,"{""detail"": ""backoff 60.0s; error_type=exhausted"", ""key_name"": ""ours""}",1,0
4768,1787418330.685867,WARN,key_backoff,ours exhausted failure #11,"{""detail"": ""backoff 60.0s; error_type=exhausted"", ""key_name"": ""ours""}",1,0
4769,1787418391.989445,WARN,key_backoff,ours exhausted failure #12,"{""detail"": ""backoff 60.0s; error_type=exhausted"", ""key_name"": ""ours""}",1,0
4770,1787418456.6565917,WARN,key_backoff,ours exhausted failure #13,"{""detail"": ""backoff 60.0s; error_type=exhausted"", ""key_name"": ""ours""}",1,0
4771,1787418520.3851914,WARN,key_backoff,ours exhausted failure #14,"{""detail"": ""backoff 60.0s; error_type=exhausted"", ""key_name"": ""ours""}",1,0
4772,1787418520.4301624,WARN,key_backoff,ours exhausted failure #15,"{""detail"": ""backoff 60.0s; error_type=exhausted"", ""key_name"": ""ours""}",1,0
4773,1787418582.4735217,WARN,key_backoff,ours exhausted failure #16,"{""detail"": ""backoff 60.0s; error_type=exhausted"", ""key_name"": ""ours""}",1,0
4774,1787418642.9239497,WARN,key_backoff,ours exhausted failure #17,"{""detail"": ""backoff 60.0s; error_type=exhausted"", ""key_name"": ""ours""}",1,0
4775,1787418643.200017,WARN,key_backoff,ours exhausted failure #18,"{""detail"": ""backoff 60.0s; error_type=exhausted"", ""key_name"": ""ours""}",1,0
4776,1787418643.4024453,WARN,key_backoff,ours exhausted failure #19,"{""detail"": ""backoff 60.0s; error_type=exhausted"", ""key_name"": ""ours""}",1,0
4777,1787418707.9118803,WARN,key_backoff,ours exhausted failure #20,"{""detail"": ""backoff 60.0s; error_type=exhausted"", ""key_name"": ""ours""}",1,0
4778,1787418768.7821565,WARN,key_backoff,ours exhausted failure #21,"{""detail"": ""backoff 60.0s; error_type=exhausted"", ""key_name"": ""ours""}",1,0
4779,1787418829.871325,WARN,key_backoff,ours exhausted failure #22,"{""detail"": ""backoff 60.0s; error_type=exhausted"", ""key_name"": ""ours""}",1,0
4780,1787418829.8752313,WARN,key_backoff,ours exhausted failure #23,"{""detail"": ""backoff 60.0s; error_type=exhausted"", ""key_name"": ""ours""}",1,0
4781,1787418830.3898554,WARN,key_backoff,ours exhausted failure #24,"{""detail"": ""backoff 60.0s; error_type=exhausted"", ""key_name"": ""ours""}",1,0
4782,1787418891.4243464,WARN,key_backoff,ours exhausted failure #25,"{""detail"": ""backoff 60.0s; error_type=exhausted"", ""key_name"": ""ours""}",1,0
4783,1787418891.6001697,WARN,key_backoff,ours exhausted failure #26,"{""detail"": ""backoff 60.0s; error_type=exhausted"", ""key_name"": ""ours""}",1,0
4784,1787418952.417393,WARN,key_backoff,ours exhausted failure #27,"{""detail"": ""backoff 60.0s; error_type=exhausted"", ""key_name"": ""ours""}",1,0
4785,1787418952.5137098,WARN,key_backoff,ours exhausted failure #28,"{""detail"": ""backoff 60.0s; error_type=exhausted"", ""key_name"": ""ours""}",1,0
4786,1787419047.0642533,WARN,key_backoff,ours exhausted failure #29,"{""detail"": ""backoff 60.0s; error_type=exhausted"", ""key_name"": ""ours""}",1,0
4787,1787419111.4566743,WARN,key_backoff,ours exhausted failure #30,"{""detail"": ""backoff 60.0s; error_type=exhausted"", ""key_name"": ""ours""}",1,0
4788,1787419232.031689,WARN,key_backoff,ours exhausted failure #31,"{""detail"": ""backoff 60.0s; error_type=exhausted"", ""key_name"": ""ours""}",1,0
4789,1787419232.0452168,WARN,key_backoff,ours exhausted failure #32,"{""detail"": ""backoff 60.0s; error_type=exhausted"", ""key_name"": ""ours""}",1,0
4790,1787419324.426506,WARN,key_backoff,ours exhausted failure #33,"{""detail"": ""backoff 60.0s; error_type=exhausted"", ""key_name"": ""ours""}",1,0
4791,1787419324.4275365,WARN,key_backoff,ours exhausted failure #34,"{""detail"": ""backoff 60.0s; error_type=exhausted"", ""key_name"": ""ours""}",1,0
4792,1787419324.6279666,WARN,key_backoff,ours exhausted failure #35,"{""detail"": ""backoff 60.0s; error_type=exhausted"", ""key_name"": ""ours""}",1,0
4793,1787419324.6519535,WARN,key_backoff,ours exhausted failure #36,"{""detail"": ""backoff 60.0s; error_type=exhausted"", ""key_name"": ""ours""}",1,0
4794,1787419324.665349,WARN,key_backoff,ours exhausted failure #38,"{""detail"": ""backoff 60.0s; error_type=exhausted"", ""key_name"": ""ours""}",1,0
4795,1787419324.6654146,WARN,key_backoff,ours exhausted failure #37,"{""detail"": ""backoff 60.0s; error_type=exhausted"", ""key_name"": ""ours""}",1,0
4796,1787419324.6781135,WARN,key_backoff,ours exhausted failure #39,"{""detail"": ""backoff 60.0s; error_type=exhausted"", ""key_name"": ""ours""}",1,0
4797,1787419324.7446072,WARN,key_backoff,ours exhausted failure #40,"{""detail"": ""backoff 60.0s; error_type=exhausted"", ""key_name"": ""ours""}",1,0
4798,1787419324.894245,WARN,key_backoff,ours exhausted failure #41,"{""detail"": ""backoff 60.0s; error_type=exhausted"", ""key_name"": ""ours""}",1,0
4799,1787419324.920612,WARN,key_backoff,ours exhausted failure #42,"{""detail"": ""backoff 60.0s; error_type=exhausted"", ""key_name"": ""ours""}",1,0
4800,1787419605.6496425,WARN,key_backoff,ours exhausted failure #43,"{""detail"": ""backoff 60.0s; error_type=exhausted"", ""key_name"": ""ours""}",1,0
4801,1787419779.84839,WARN,key_backoff,ours exhausted failure #44,"{""detail"": ""backoff 60.0s; error_type=exhausted"", ""key_name"": ""ours""}",1,0
4802,1787419860.3709123,WARN,key_backoff,ours exhausted failure #48,"{""detail"": ""backoff 60.0s; error_type=exhausted"", ""key_name"": ""ours""}",1,0
4803,1787419870.4770374,WARN,key_backoff,ours exhausted failure #49,"{""detail"": ""backoff 60.0s; error_type=exhausted"", ""key_name"": ""ours""}",1,0
4804,1787419931.323193,WARN,key_backoff,ours exhausted failure #50,"{""detail"": ""backoff 60.0s; error_type=exhausted"", ""key_name"": ""ours""}",1,0
4805,1787419931.5466921,WARN,key_backoff,ours exhausted failure #51,"{""detail"": ""backoff 60.0s; error_type=exhausted"", ""key_name"": ""ours""}",1,0
4806,1787419992.3104086,WARN,key_backoff,ours exhausted failure #52,"{""detail"": ""backoff 60.0s; error_type=exhausted"", ""key_name"": ""ours""}",1,0
4807,1787420053.584,WARN,key_backoff,ours exhausted failure #53,"{""detail"": ""backoff 60.0s; error_type=exhausted"", ""key_name"": ""ours""}",1,0
4808,1787420053.604269,WARN,key_backoff,ours exhausted failure #54,"{""detail"": ""backoff 60.0s; error_type=exhausted"", ""key_name"": ""ours""}",1,0
4809,1787420114.5940204,WARN,key_backoff,ours exhausted failure #55,"{""detail"": ""backoff 60.0s; error_type=exhausted"", ""key_name"": ""ours""}",1,0
4810,1787420176.4491801,WARN,key_backoff,ours exhausted failure #56,"{""detail"": ""backoff 60.0s; error_type=exhausted"", ""key_name"": ""ours""}",1,0
4811,1787420252.676135,WARN,key_backoff,ours exhausted failure #57,"{""detail"": ""backoff 60.0s; error_type=exhausted"", ""key_name"": ""ours""}",1,0
4812,1787420314.2259216,WARN,key_backoff,ours exhausted failure #58,"{""detail"": ""backoff 60.0s; error_type=exhausted"", ""key_name"": ""ours""}",1,0
4813,1787420377.1332629,WARN,key_backoff,ours exhausted failure #59,"{""detail"": ""backoff 60.0s; error_type=exhausted"", ""key_name"": ""ours""}",1,0
4814,1787420468.067874,WARN,key_backoff,ours exhausted failure #60,"{""detail"": ""backoff 60.0s; error_type=exhausted"", ""key_name"": ""ours""}",1,0
4815,1787420538.1234367,WARN,key_backoff,ours exhausted failure #61,"{""detail"": ""backoff 60.0s; error_type=exhausted"", ""key_name"": ""ours""}",1,0
4816,1787420599.324765,WARN,key_backoff,ours exhausted failure #62,"{""detail"": ""backoff 60.0s; error_type=exhausted"", ""key_name"": ""ours""}",1,0
4817,1787420599.759089,WARN,key_backoff,ours exhausted failure #63,"{""detail"": ""backoff 60.0s; error_type=exhausted"", ""key_name"": ""ours""}",1,0
4818,1787420661.6868594,WARN,key_backoff,ours exhausted failure #64,"{""detail"": ""backoff 60.0s; error_type=exhausted"", ""key_name"": ""ours""}",1,0
4819,1787420723.3303921,WARN,key_backoff,ours exhausted failure #65,"{""detail"": ""backoff 60.0s; error_type=exhausted"", ""key_name"": ""ours""}",1,0
4820,1787420801.2204056,WARN,key_backoff,ours exhausted failure #66,"{""detail"": ""backoff 60.0s; error_type=exhausted"", ""key_name"": ""ours""}",1,0
4821,1787420869.7539744,WARN,key_backoff,ours exhausted failure #67,"{""detail"": ""backoff 60.0s; error_type=exhausted"", ""key_name"": ""ours""}",1,0
4822,1787420935.447926,WARN,key_backoff,ours exhausted failure #68,"{""detail"": ""backoff 60.0s; error_type=exhausted"", ""key_name"": ""ours""}",1,0
4823,1787420998.1221445,WARN,key_backoff,ours exhausted failure #69,"{""detail"": ""backoff 60.0s; error_type=exhausted"", ""key_name"": ""ours""}",1,0
4824,1787421066.9873967,WARN,key_backoff,ours exhausted failure #70,"{""detail"": ""backoff 60.0s; error_type=exhausted"", ""key_name"": ""ours""}",1,0
4825,1787421067.52812,WARN,key_backoff,ours exhausted failure #71,"{""detail"": ""backoff 60.0s; error_type=exhausted"", ""key_name"": ""ours""}",1,0
4826,1787421128.6070795,WARN,key_backoff,ours exhausted failure #72,"{""detail"": ""backoff 60.0s; error_type=exhausted"", ""key_name"": ""ours""}",1,0
4827,1787421242.1202834,WARN,key_backoff,ours exhausted failure #73,"{""detail"": ""backoff 60.0s; error_type=exhausted"", ""key_name"": ""ours""}",1,0
4828,1787421306.715118,WARN,key_backoff,ours exhausted failure #74,"{""detail"": ""backoff 60.0s; error_type=exhausted"", ""key_name"": ""ours""}",1,0
4829,1787421369.0234013,WARN,key_backoff,ours exhausted failure #75,"{""detail"": ""backoff 60.0s; error_type=exhausted"", ""key_name"": ""ours""}",1,0
4830,1787421430.0476801,WARN,key_backoff,ours exhausted failure #76,"{""detail"": ""backoff 60.0s; error_type=exhausted"", ""key_name"": ""ours""}",1,0
4831,1787421502.4017303,WARN,key_backoff,ours exhausted failure #77,"{""detail"": ""backoff 60.0s; error_type=exhausted"", ""key_name"": ""ours""}",1,0
4832,1787421610.938964,WARN,key_backoff,ours exhausted failure #78,"{""detail"": ""backoff 60.0s; error_type=exhausted"", ""key_name"": ""ours""}",1,0
4833,1787421612.3011746,WARN,cost_inefficiency,"Using openrouter for glm-5.2 ($0.97/M), routstrd cheaper ($0.53/M)","1722 calls / 97,276,007 tokens on openrouter at $0.97/M. routstrd available at $0.53/M — potential savings $42.80/24h. Top up routstrd if depleted.",1,0
4834,1787421673.0796769,WARN,key_backoff,ours exhausted failure #79,"{""detail"": ""backoff 60.0s; error_type=exhausted"", ""key_name"": ""ours""}",1,0
4835,1787421737.4563313,WARN,key_backoff,ours exhausted failure #80,"{""detail"": ""backoff 60.0s; error_type=exhausted"", ""key_name"": ""ours""}",1,0
4836,1787421801.610515,WARN,key_backoff,ours exhausted failure #81,"{""detail"": ""backoff 60.0s; error_type=exhausted"", ""key_name"": ""ours""}",1,0
4837,1787421862.6008477,WARN,key_backoff,ours exhausted failure #82,"{""detail"": ""backoff 60.0s; error_type=exhausted"", ""key_name"": ""ours""}",1,0
4838,1787421862.6445982,WARN,key_backoff,ours exhausted failure #83,"{""detail"": ""backoff 60.0s; error_type=exhausted"", ""key_name"": ""ours""}",1,0
4839,1787421862.7685318,WARN,key_backoff,ours exhausted failure #84,"{""detail"": ""backoff 60.0s; error_type=exhausted"", ""key_name"": ""ours""}",1,0
4840,1787421862.9708464,WARN,key_backoff,ours exhausted failure #85,"{""detail"": ""backoff 60.0s; error_type=exhausted"", ""key_name"": ""ours""}",1,0
4841,1787421925.8199618,WARN,key_backoff,ours exhausted failure #86,"{""detail"": ""backoff 60.0s; error_type=exhausted"", ""key_name"": ""ours""}",1,0
4842,1787421994.4529092,WARN,key_backoff,ours exhausted failure #87,"{""detail"": ""backoff 60.0s; error_type=exhausted"", ""key_name"": ""ours""}",1,0
4843,1787422056.4801848,WARN,key_backoff,ours exhausted failure #88,"{""detail"": ""backoff 60.0s; error_type=exhausted"", ""key_name"": ""ours""}",1,0
4844,1787422119.3691347,WARN,key_backoff,ours exhausted failure #89,"{""detail"": ""backoff 60.0s; error_type=exhausted"", ""key_name"": ""ours""}",1,0
4845,1787422184.0141246,WARN,key_backoff,ours exhausted failure #90,"{""detail"": ""backoff 60.0s; error_type=exhausted"", ""key_name"": ""ours""}",1,0
4846,1787422249.5956507,WARN,key_backoff,ours exhausted failure #91,"{""detail"": ""backoff 60.0s; error_type=exhausted"", ""key_name"": ""ours""}",1,0
4847,1787422344.6431687,WARN,key_backoff,ours exhausted failure #92,"{""detail"": ""backoff 60.0s; error_type=exhausted"", ""key_name"": ""ours""}",1,0
4848,1787422418.368135,WARN,key_backoff,ours exhausted failure #93,"{""detail"": ""backoff 60.0s; error_type=exhausted"", ""key_name"": ""ours""}",1,0
4849,1787422492.0951264,WARN,key_backoff,ours exhausted failure #94,"{""detail"": ""backoff 60.0s; error_type=exhausted"", ""key_name"": ""ours""}",1,0
4850,1787422553.5175536,WARN,key_backoff,ours exhausted failure #95,"{""detail"": ""backoff 60.0s; error_type=exhausted"", ""key_name"": ""ours""}",1,0
4851,1787422617.4321496,WARN,key_backoff,ours exhausted failure #96,"{""detail"": ""backoff 60.0s; error_type=exhausted"", ""key_name"": ""ours""}",1,0
4852,1787422678.70739,WARN,key_backoff,ours exhausted failure #97,"{""detail"": ""backoff 60.0s; error_type=exhausted"", ""key_name"": ""ours""}",1,0
4853,1787422743.6369462,WARN,key_backoff,ours exhausted failure #98,"{""detail"": ""backoff 60.0s; error_type=exhausted"", ""key_name"": ""ours""}",1,0
4854,1787422821.3844876,WARN,key_backoff,ours exhausted failure #99,"{""detail"": ""backoff 60.0s; error_type=exhausted"", ""key_name"": ""ours""}",1,0
4855,1787422886.851303,WARN,key_backoff,ours exhausted failure #100,"{""detail"": ""backoff 60.0s; error_type=exhausted"", ""key_name"": ""ours""}",1,0
4856,1787422963.881266,WARN,key_backoff,ours exhausted failure #101,"{""detail"": ""backoff 60.0s; error_type=exhausted"", ""key_name"": ""ours""}",1,0
4857,1787423032.7165155,WARN,key_backoff,ours exhausted failure #102,"{""detail"": ""backoff 60.0s; error_type=exhausted"", ""key_name"": ""ours""}",1,0
4858,1787423121.4605458,WARN,key_backoff,ours exhausted failure #103,"{""detail"": ""backoff 60.0s; error_type=exhausted"", ""key_name"": ""ours""}",1,0
4859,1787423185.8763602,WARN,key_backoff,ours exhausted failure #104,"{""detail"": ""backoff 60.0s; error_type=exhausted"", ""key_name"": ""ours""}",1,0
4860,1787423185.909095,WARN,key_backoff,ours exhausted failure #105,"{""detail"": ""backoff 60.0s; error_type=exhausted"", ""key_name"": ""ours""}",1,0
4861,1787423249.054696,WARN,key_backoff,ours exhausted failure #106,"{""detail"": ""backoff 60.0s; error_type=exhausted"", ""key_name"": ""ours""}",1,0
4862,1787423249.2200603,WARN,key_backoff,ours exhausted failure #107,"{""detail"": ""backoff 60.0s; error_type=exhausted"", ""key_name"": ""ours""}",1,0
4863,1787423312.6142747,WARN,key_backoff,ours exhausted failure #108,"{""detail"": ""backoff 60.0s; error_type=exhausted"", ""key_name"": ""ours""}",1,0
4864,1787423373.3222778,WARN,key_backoff,ours exhausted failure #109,"{""detail"": ""backoff 60.0s; error_type=exhausted"", ""key_name"": ""ours""}",1,0
4865,1787423415.1012483,WARN,cost_inefficiency,"Using openrouter for glm-5.2 ($0.97/M), routstrd cheaper ($0.53/M)","1944 calls / 108,375,937 tokens on openrouter at $0.97/M. routstrd available at $0.53/M — potential savings $47.69/24h. Top up routstrd if depleted.",1,0
4866,1787423438.528908,WARN,key_backoff,ours exhausted failure #110,"{""detail"": ""backoff 60.0s; error_type=exhausted"", ""key_name"": ""ours""}",1,0
4867,1787423501.1901104,WARN,key_backoff,ours exhausted failure #111,"{""detail"": ""backoff 60.0s; error_type=exhausted"", ""key_name"": ""ours""}",1,0
4868,1787423514.408244,WARN,key_backoff,ours exhausted failure #1,"{""detail"": ""backoff 2.0s; error_type=exhausted"", ""key_name"": ""ours""}",1,0
4869,1787423563.8604767,WARN,key_backoff,ours exhausted failure #1,"{""detail"": ""backoff 2.0s; error_type=exhausted"", ""key_name"": ""ours""}",1,0
4870,1787423567.4025218,WARN,key_backoff,ours exhausted failure #2,"{""detail"": ""backoff 4.0s; error_type=exhausted"", ""key_name"": ""ours""}",1,0
4871,1787423573.9978557,WARN,key_backoff,ours exhausted failure #3,"{""detail"": ""backoff 8.0s; error_type=exhausted"", ""key_name"": ""ours""}",1,0
4872,1787423613.8313901,WARN,key_backoff,ours exhausted failure #1,"{""detail"": ""backoff 2.0s; error_type=exhausted"", ""key_name"": ""ours""}",1,0
4873,1787423613.891657,WARN,key_backoff,ours exhausted failure #2,"{""detail"": ""backoff 4.0s; error_type=exhausted"", ""key_name"": ""ours""}",1,0
4874,1787423624.099359,WARN,key_backoff,ours exhausted failure #3,"{""detail"": ""backoff 8.0s; error_type=exhausted"", ""key_name"": ""ours""}",1,0
4875,1787423658.6043515,WARN,key_backoff,ours exhausted failure #1,"{""detail"": ""backoff 2.0s; error_type=exhausted"", ""key_name"": ""ours""}",1,0
4876,1787423667.6666827,WARN,key_backoff,ours exhausted failure #1,"{""detail"": ""backoff 2.0s; error_type=exhausted"", ""key_name"": ""ours""}",1,0
4877,1787423692.0416858,WARN,key_backoff,ours exhausted failure #2,"{""detail"": ""backoff 4.0s; error_type=exhausted"", ""key_name"": ""ours""}",1,0
4878,1787423700.7133722,WARN,key_backoff,ours exhausted failure #3,"{""detail"": ""backoff 8.0s; error_type=exhausted"", ""key_name"": ""ours""}",1,0
4879,1787423727.2895682,WARN,key_backoff,ours exhausted failure #4,"{""detail"": ""backoff 16.0s; error_type=exhausted"", ""key_name"": ""ours""}",1,0
4880,1787423753.6678739,WARN,key_backoff,ours exhausted failure #5,"{""detail"": ""backoff 32.0s; error_type=exhausted"", ""key_name"": ""ours""}",1,0
4881,1787423788.5744593,WARN,key_backoff,ours exhausted failure #6,"{""detail"": ""backoff 60.0s; error_type=exhausted"", ""key_name"": ""ours""}",1,0
4882,1787423821.5804806,WARN,key_backoff,ours exhausted failure #1,"{""detail"": ""backoff 2.0s; error_type=exhausted"", ""key_name"": ""ours""}",1,0
4883,1787423852.7688174,WARN,key_backoff,ours exhausted failure #2,"{""detail"": ""backoff 4.0s; error_type=exhausted"", ""key_name"": ""ours""}",1,0
4884,1787423860.619951,WARN,key_backoff,ours exhausted failure #3,"{""detail"": ""backoff 8.0s; error_type=exhausted"", ""key_name"": ""ours""}",1,0
4885,1787423860.6392238,WARN,key_backoff,ours exhausted failure #4,"{""detail"": ""backoff 16.0s; error_type=exhausted"", ""key_name"": ""ours""}",1,0
4886,1787423860.67347,WARN,key_backoff,ours exhausted failure #5,"{""detail"": ""backoff 32.0s; error_type=exhausted"", ""key_name"": ""ours""}",1,0
4887,1787423990.4249227,WARN,key_backoff,ours exhausted failure #1,"{""detail"": ""backoff 2.0s; error_type=exhausted"", ""key_name"": ""ours""}",1,0
4888,1787423990.4359503,WARN,key_backoff,ours exhausted failure #2,"{""detail"": ""backoff 4.0s; error_type=exhausted"", ""key_name"": ""ours""}",1,0
4889,1787423990.4497607,WARN,key_backoff,ours exhausted failure #3,"{""detail"": ""backoff 8.0s; error_type=exhausted"", ""key_name"": ""ours""}",1,0
4890,1787424044.5541265,WARN,key_backoff,ours exhausted failure #1,"{""detail"": ""backoff 2.0s; error_type=exhausted"", ""key_name"": ""ours""}",1,0
4891,1787424060.3402522,WARN,key_backoff,ours exhausted failure #2,"{""detail"": ""backoff 4.0s; error_type=exhausted"", ""key_name"": ""ours""}",1,0
4892,1787424060.3526669,WARN,key_backoff,ours exhausted failure #3,"{""detail"": ""backoff 8.0s; error_type=exhausted"", ""key_name"": ""ours""}",1,0
4893,1787424060.362612,WARN,key_backoff,ours exhausted failure #5,"{""detail"": ""backoff 32.0s; error_type=exhausted"", ""key_name"": ""ours""}",1,0
4894,1787424060.363686,WARN,key_backoff,ours exhausted failure #4,"{""detail"": ""backoff 16.0s; error_type=exhausted"", ""key_name"": ""ours""}",1,0
4895,1787424089.69631,WARN,key_backoff,ours exhausted failure #1,"{""detail"": ""backoff 2.0s; error_type=exhausted"", ""key_name"": ""ours""}",1,0
4896,1787424089.7057781,WARN,key_backoff,ours exhausted failure #2,"{""detail"": ""backoff 4.0s; error_type=exhausted"", ""key_name"": ""ours""}",1,0
4897,1787424089.717826,WARN,key_backoff,ours exhausted failure #3,"{""detail"": ""backoff 8.0s; error_type=exhausted"", ""key_name"": ""ours""}",1,0
4898,1787424101.1333382,WARN,key_backoff,ours exhausted failure #4,"{""detail"": ""backoff 16.0s; error_type=exhausted"", ""key_name"": ""ours""}",1,0
4899,1787424284.6706088,WARN,key_backoff,ours exhausted failure #1,"{""detail"": ""backoff 2.0s; error_type=exhausted"", ""key_name"": ""ours""}",1,0
4900,1787424284.7303364,WARN,key_backoff,ours exhausted failure #2,"{""detail"": ""backoff 4.0s; error_type=exhausted"", ""key_name"": ""ours""}",1,0
4901,1787424284.7589898,WARN,key_backoff,ours exhausted failure #3,"{""detail"": ""backoff 8.0s; error_type=exhausted"", ""key_name"": ""ours""}",1,0
4902,1787424285.546913,WARN,key_backoff,ours exhausted failure #4,"{""detail"": ""backoff 16.0s; error_type=exhausted"", ""key_name"": ""ours""}",1,0
4903,1787424346.0343711,WARN,key_backoff,ours exhausted failure #5,"{""detail"": ""backoff 32.0s; error_type=exhausted"", ""key_name"": ""ours""}",1,0
4904,1787424346.199519,WARN,key_backoff,ours exhausted failure #6,"{""detail"": ""backoff 60.0s; error_type=exhausted"", ""key_name"": ""ours""}",1,0
4905,1787424466.1926625,WARN,key_backoff,ours exhausted failure #7,"{""detail"": ""backoff 60.0s; error_type=exhausted"", ""key_name"": ""ours""}",1,0
4906,1787424466.1927392,CRITICAL,KEY_DEAD,ours reached 7 consecutive failures,"{""detail"": ""backoff 60.0s; likely dead"", ""key_name"": ""ours""}",1,0
4907,1787424466.2109704,WARN,key_backoff,ours exhausted failure #8,"{""detail"": ""backoff 60.0s; error_type=exhausted"", ""key_name"": ""ours""}",1,0
4908,1787424466.2910142,WARN,key_backoff,ours exhausted failure #9,"{""detail"": ""backoff 60.0s; error_type=exhausted"", ""key_name"": ""ours""}",1,0
4909,1787424466.2980783,WARN,key_backoff,ours exhausted failure #10,"{""detail"": ""backoff 60.0s; error_type=exhausted"", ""key_name"": ""ours""}",1,0
4910,1787424466.330799,WARN,key_backoff,ours exhausted failure #11,"{""detail"": ""backoff 60.0s; error_type=exhausted"", ""key_name"": ""ours""}",1,0
4911,1787424466.3426714,WARN,key_backoff,ours exhausted failure #12,"{""detail"": ""backoff 60.0s; error_type=exhausted"", ""key_name"": ""ours""}",1,0
4912,1787424466.4009879,WARN,key_backoff,ours exhausted failure #13,"{""detail"": ""backoff 60.0s; error_type=exhausted"", ""key_name"": ""ours""}",1,0
4913,1787424466.483008,WARN,key_backoff,ours exhausted failure #14,"{""detail"": ""backoff 60.0s; error_type=exhausted"", ""key_name"": ""ours""}",1,0
4914,1787424527.6718562,WARN,key_backoff,ours exhausted failure #15,"{""detail"": ""backoff 60.0s; error_type=exhausted"", ""key_name"": ""ours""}",1,0
4915,1787424593.0397336,WARN,key_backoff,ours exhausted failure #1,"{""detail"": ""backoff 2.0s; error_type=exhausted"", ""key_name"": ""ours""}",1,0
4916,1787424614.1267028,WARN,key_backoff,ours exhausted failure #2,"{""detail"": ""backoff 4.0s; error_type=exhausted"", ""key_name"": ""ours""}",1,0
4917,1787424618.6761954,WARN,key_backoff,ours exhausted failure #3,"{""detail"": ""backoff 8.0s; error_type=exhausted"", ""key_name"": ""ours""}",1,0
4918,1787424630.6140406,WARN,key_backoff,ours exhausted failure #4,"{""detail"": ""backoff 16.0s; error_type=exhausted"", ""key_name"": ""ours""}",1,0
4919,1787424630.7920752,WARN,key_backoff,ours exhausted failure #5,"{""detail"": ""backoff 32.0s; error_type=exhausted"", ""key_name"": ""ours""}",1,0
4920,1787424714.3202147,WARN,key_backoff,ours exhausted failure #1,"{""detail"": ""backoff 2.0s; error_type=exhausted"", ""key_name"": ""ours""}",1,0
4921,1787424714.8652697,WARN,key_backoff,ours exhausted failure #2,"{""detail"": ""backoff 4.0s; error_type=exhausted"", ""key_name"": ""ours""}",1,0
4922,1787424723.6019967,WARN,key_backoff,ours exhausted failure #3,"{""detail"": ""backoff 8.0s; error_type=exhausted"", ""key_name"": ""ours""}",1,0
4923,1787424732.1771986,WARN,key_backoff,ours exhausted failure #4,"{""detail"": ""backoff 16.0s; error_type=exhausted"", ""key_name"": ""ours""}",1,0
4924,1787424732.28681,WARN,key_backoff,ours exhausted failure #5,"{""detail"": ""backoff 32.0s; error_type=exhausted"", ""key_name"": ""ours""}",1,0
4925,1787424911.9622805,WARN,key_backoff,ours exhausted failure #6,"{""detail"": ""backoff 60.0s; error_type=exhausted"", ""key_name"": ""ours""}",1,0
4926,1787424912.4680874,WARN,key_backoff,ours exhausted failure #7,"{""detail"": ""backoff 60.0s; error_type=exhausted"", ""key_name"": ""ours""}",1,0
4927,1787424912.468612,CRITICAL,KEY_DEAD,ours reached 7 consecutive failures,"{""detail"": ""backoff 60.0s; likely dead"", ""key_name"": ""ours""}",1,0
4928,1787425093.6584978,WARN,key_backoff,ours exhausted failure #8,"{""detail"": ""backoff 60.0s; error_type=exhausted"", ""key_name"": ""ours""}",1,0
4929,1787425093.6683888,WARN,key_backoff,ours exhausted failure #9,"{""detail"": ""backoff 60.0s; error_type=exhausted"", ""key_name"": ""ours""}",1,0
4930,1787425094.134611,WARN,key_backoff,ours exhausted failure #10,"{""detail"": ""backoff 60.0s; error_type=exhausted"", ""key_name"": ""ours""}",1,0
4931,1787425175.3030329,WARN,key_backoff,ours exhausted failure #11,"{""detail"": ""backoff 60.0s; error_type=exhausted"", ""key_name"": ""ours""}",1,0
4932,1787425175.352149,WARN,key_backoff,ours exhausted failure #12,"{""detail"": ""backoff 60.0s; error_type=exhausted"", ""key_name"": ""ours""}",1,0
4933,1787425212.305143,WARN,cost_inefficiency,"Using openrouter for glm-5.2 ($0.97/M), routstrd cheaper ($0.53/M)","1991 calls / 110,429,671 tokens on openrouter at $0.97/M. routstrd available at $0.53/M — potential savings $48.59/24h. Top up routstrd if depleted.",1,0
4934,1787425274.8369968,WARN,key_backoff,ours exhausted failure #13,"{""detail"": ""backoff 60.0s; error_type=exhausted"", ""key_name"": ""ours""}",1,0
4935,1787425275.5756192,WARN,key_backoff,ours exhausted failure #14,"{""detail"": ""backoff 60.0s; error_type=exhausted"", ""key_name"": ""ours""}",1,0
4936,1787425337.8475611,WARN,key_backoff,ours exhausted failure #15,"{""detail"": ""backoff 60.0s; error_type=exhausted"", ""key_name"": ""ours""}",1,0
4937,1787425338.1026418,WARN,key_backoff,ours exhausted failure #16,"{""detail"": ""backoff 60.0s; error_type=exhausted"", ""key_name"": ""ours""}",1,0
4938,1787425399.392018,WARN,key_backoff,ours exhausted failure #17,"{""detail"": ""backoff 60.0s; error_type=exhausted"", ""key_name"": ""ours""}",1,0
4939,1787425411.6903477,WARN,key_backoff,ours exhausted failure #1,"{""detail"": ""backoff 2.0s; error_type=exhausted"", ""key_name"": ""ours""}",1,0
4940,1787425411.7305665,WARN,key_backoff,ours exhausted failure #2,"{""detail"": ""backoff 4.0s; error_type=exhausted"", ""key_name"": ""ours""}",1,0
4941,1787425411.758812,WARN,key_backoff,ours exhausted failure #3,"{""detail"": ""backoff 8.0s; error_type=exhausted"", ""key_name"": ""ours""}",1,0
4942,1787425472.7610385,WARN,key_backoff,ours exhausted failure #2,"{""detail"": ""backoff 4.0s; error_type=exhausted"", ""key_name"": ""ours""}",1,0
4943,1787425472.7613688,WARN,key_backoff,ours exhausted failure #1,"{""detail"": ""backoff 2.0s; error_type=exhausted"", ""key_name"": ""ours""}",1,0
4944,1787425472.786367,WARN,key_backoff,ours exhausted failure #3,"{""detail"": ""backoff 8.0s; error_type=exhausted"", ""key_name"": ""ours""}",1,0
4945,1787425472.7979863,WARN,key_backoff,ours exhausted failure #4,"{""detail"": ""backoff 16.0s; error_type=exhausted"", ""key_name"": ""ours""}",1,0
4946,1787425472.8380349,WARN,key_backoff,ours exhausted failure #5,"{""detail"": ""backoff 32.0s; error_type=exhausted"", ""key_name"": ""ours""}",1,0
4947,1787425472.8501823,WARN,key_backoff,ours exhausted failure #6,"{""detail"": ""backoff 60.0s; error_type=exhausted"", ""key_name"": ""ours""}",1,0
4948,1787425472.870028,WARN,key_backoff,ours exhausted failure #7,"{""detail"": ""backoff 60.0s; error_type=exhausted"", ""key_name"": ""ours""}",1,0
4949,1787425472.870133,CRITICAL,KEY_DEAD,ours reached 7 consecutive failures,"{""detail"": ""backoff 60.0s; likely dead"", ""key_name"": ""ours""}",1,0
4950,1787425472.957338,WARN,key_backoff,ours exhausted failure #8,"{""detail"": ""backoff 60.0s; error_type=exhausted"", ""key_name"": ""ours""}",1,0
4951,1787425473.0951605,WARN,key_backoff,ours exhausted failure #9,"{""detail"": ""backoff 60.0s; error_type=exhausted"", ""key_name"": ""ours""}",1,0
4952,1787425473.2064152,WARN,key_backoff,ours exhausted failure #10,"{""detail"": ""backoff 60.0s; error_type=exhausted"", ""key_name"": ""ours""}",1,0
4953,1787425548.3399858,WARN,key_backoff,ours exhausted failure #11,"{""detail"": ""backoff 60.0s; error_type=exhausted"", ""key_name"": ""ours""}",1,0
4954,1787425620.1140122,WARN,key_backoff,ours exhausted failure #12,"{""detail"": ""backoff 60.0s; error_type=exhausted"", ""key_name"": ""ours""}",1,0
4955,1787425693.6729496,WARN,key_backoff,ours exhausted failure #13,"{""detail"": ""backoff 60.0s; error_type=exhausted"", ""key_name"": ""ours""}",1,0
4956,1787425693.6878572,WARN,key_backoff,ours exhausted failure #14,"{""detail"": ""backoff 60.0s; error_type=exhausted"", ""key_name"": ""ours""}",1,0
4957,1787425693.6880102,WARN,key_backoff,ours exhausted failure #15,"{""detail"": ""backoff 60.0s; error_type=exhausted"", ""key_name"": ""ours""}",1,0
4958,1787425693.7103088,WARN,key_backoff,ours exhausted failure #16,"{""detail"": ""backoff 60.0s; error_type=exhausted"", ""key_name"": ""ours""}",1,0
4959,1787425693.7121456,WARN,key_backoff,ours exhausted failure #17,"{""detail"": ""backoff 60.0s; error_type=exhausted"", ""key_name"": ""ours""}",1,0
4960,1787425693.7127714,WARN,key_backoff,ours exhausted failure #18,"{""detail"": ""backoff 60.0s; error_type=exhausted"", ""key_name"": ""ours""}",1,0
4961,1787425693.7129867,WARN,key_backoff,ours exhausted failure #22,"{""detail"": ""backoff 60.0s; error_type=exhausted"", ""key_name"": ""ours""}",1,0
4962,1787425693.7131476,WARN,key_backoff,ours exhausted failure #20,"{""detail"": ""backoff 60.0s; error_type=exhausted"", ""key_name"": ""ours""}",1,0
4963,1787425693.7134843,WARN,key_backoff,ours exhausted failure #23,"{""detail"": ""backoff 60.0s; error_type=exhausted"", ""key_name"": ""ours""}",1,0
4964,1787425693.7136106,WARN,key_backoff,ours exhausted failure #19,"{""detail"": ""backoff 60.0s; error_type=exhausted"", ""key_name"": ""ours""}",1,0
4965,1787425693.7229419,WARN,key_backoff,ours exhausted failure #21,"{""detail"": ""backoff 60.0s; error_type=exhausted"", ""key_name"": ""ours""}",1,0
4966,1787425693.7231798,WARN,key_backoff,ours exhausted failure #24,"{""detail"": ""backoff 60.0s; error_type=exhausted"", ""key_name"": ""ours""}",1,0
4967,1787425693.7446756,WARN,key_backoff,ours exhausted failure #25,"{""detail"": ""backoff 60.0s; error_type=exhausted"", ""key_name"": ""ours""}",1,0
4968,1787425693.7478957,WARN,key_backoff,ours exhausted failure #26,"{""detail"": ""backoff 60.0s; error_type=exhausted"", ""key_name"": ""ours""}",1,0
4969,1787425693.7493215,WARN,key_backoff,ours exhausted failure #29,"{""detail"": ""backoff 60.0s; error_type=exhausted"", ""key_name"": ""ours""}",1,0
4970,1787425693.7491202,WARN,key_backoff,ours exhausted failure #28,"{""detail"": ""backoff 60.0s; error_type=exhausted"", ""key_name"": ""ours""}",1,0
4971,1787425693.83579,WARN,key_backoff,ours exhausted failure #30,"{""detail"": ""backoff 60.0s; error_type=exhausted"", ""key_name"": ""ours""}",1,0
4972,1787425693.835978,WARN,key_backoff,ours exhausted failure #31,"{""detail"": ""backoff 60.0s; error_type=exhausted"", ""key_name"": ""ours""}",1,0
4973,1787425693.8360662,WARN,key_backoff,ours exhausted failure #27,"{""detail"": ""backoff 60.0s; error_type=exhausted"", ""key_name"": ""ours""}",1,0
4974,1787425803.0207415,WARN,key_backoff,ours exhausted failure #32,"{""detail"": ""backoff 60.0s; error_type=exhausted"", ""key_name"": ""ours""}",1,0
4975,1787425873.7196007,WARN,key_backoff,ours exhausted failure #33,"{""detail"": ""backoff 60.0s; error_type=exhausted"", ""key_name"": ""ours""}",1,0
4976,1787425873.7955596,WARN,key_backoff,ours exhausted failure #34,"{""detail"": ""backoff 60.0s; error_type=exhausted"", ""key_name"": ""ours""}",1,0
4977,1787425873.9627962,WARN,key_backoff,ours exhausted failure #35,"{""detail"": ""backoff 60.0s; error_type=exhausted"", ""key_name"": ""ours""}",1,0
4978,1787425874.073965,WARN,key_backoff,ours exhausted failure #36,"{""detail"": ""backoff 60.0s; error_type=exhausted"", ""key_name"": ""ours""}",1,0
4979,1787425874.1639667,WARN,key_backoff,ours exhausted failure #37,"{""detail"": ""backoff 60.0s; error_type=exhausted"", ""key_name"": ""ours""}",1,0
4980,1787425874.2623944,WARN,key_backoff,ours exhausted failure #38,"{""detail"": ""backoff 60.0s; error_type=exhausted"", ""key_name"": ""ours""}",1,0
4981,1787425874.2901669,WARN,key_backoff,ours exhausted failure #39,"{""detail"": ""backoff 60.0s; error_type=exhausted"", ""key_name"": ""ours""}",1,0
4982,1787425874.3580205,WARN,key_backoff,ours exhausted failure #40,"{""detail"": ""backoff 60.0s; error_type=exhausted"", ""key_name"": ""ours""}",1,0
4983,1787425874.3979235,WARN,key_backoff,ours exhausted failure #41,"{""detail"": ""backoff 60.0s; error_type=exhausted"", ""key_name"": ""ours""}",1,0
4984,1787425987.7332287,WARN,key_backoff,ours exhausted failure #42,"{""detail"": ""backoff 60.0s; error_type=exhausted"", ""key_name"": ""ours""}",1,0
4985,1787426053.3619993,WARN,key_backoff,ours exhausted failure #43,"{""detail"": ""backoff 60.0s; error_type=exhausted"", ""key_name"": ""ours""}",1,0
4986,1787426053.3979943,WARN,key_backoff,ours exhausted failure #44,"{""detail"": ""backoff 60.0s; error_type=exhausted"", ""key_name"": ""ours""}",1,0
4987,1787426053.3991537,WARN,key_backoff,ours exhausted failure #52,"{""detail"": ""backoff 60.0s; error_type=exhausted"", ""key_name"": ""ours""}",1,0
4988,1787426053.3992584,WARN,key_backoff,ours exhausted failure #53,"{""detail"": ""backoff 60.0s; error_type=exhausted"", ""key_name"": ""ours""}",1,0
4989,1787426053.3991911,WARN,key_backoff,ours exhausted failure #48,"{""detail"": ""backoff 60.0s; error_type=exhausted"", ""key_name"": ""ours""}",1,0
4990,1787426053.3990397,WARN,key_backoff,ours exhausted failure #49,"{""detail"": ""backoff 60.0s; error_type=exhausted"", ""key_name"": ""ours""}",1,0
4991,1787426053.3993762,WARN,key_backoff,ours exhausted failure #50,"{""detail"": ""backoff 60.0s; error_type=exhausted"", ""key_name"": ""ours""}",1,0
4992,1787426053.399235,WARN,key_backoff,ours exhausted failure #46,"{""detail"": ""backoff 60.0s; error_type=exhausted"", ""key_name"": ""ours""}",1,0
4993,1787426053.400291,WARN,key_backoff,ours exhausted failure #47,"{""detail"": ""backoff 60.0s; error_type=exhausted"", ""key_name"": ""ours""}",1,0
4994,1787426053.4001048,WARN,key_backoff,ours exhausted failure #45,"{""detail"": ""backoff 60.0s; error_type=exhausted"", ""key_name"": ""ours""}",1,0
4995,1787426053.4000213,WARN,key_backoff,ours exhausted failure #51,"{""detail"": ""backoff 60.0s; error_type=exhausted"", ""key_name"": ""ours""}",1,0
4996,1787426053.4345613,WARN,key_backoff,ours exhausted failure #54,"{""detail"": ""backoff 60.0s; error_type=exhausted"", ""key_name"": ""ours""}",1,0
4997,1787426053.5228233,WARN,key_backoff,ours exhausted failure #55,"{""detail"": ""backoff 60.0s; error_type=exhausted"", ""key_name"": ""ours""}",1,0
4998,1787426053.544593,WARN,key_backoff,ours exhausted failure #56,"{""detail"": ""backoff 60.0s; error_type=exhausted"", ""key_name"": ""ours""}",1,0
4999,1787426173.997565,WARN,key_backoff,ours exhausted failure #57,"{""detail"": ""backoff 60.0s; error_type=exhausted"", ""key_name"": ""ours""}",1,0
5000,1787426235.8502402,WARN,key_backoff,ours exhausted failure #58,"{""detail"": ""backoff 60.0s; error_type=exhausted"", ""key_name"": ""ours""}",1,0
5001,1787426235.8867269,WARN,key_backoff,ours exhausted failure #59,"{""detail"": ""backoff 60.0s; error_type=exhausted"", ""key_name"": ""ours""}",1,0
5002,1787426235.8870106,WARN,key_backoff,ours exhausted failure #61,"{""detail"": ""backoff 60.0s; error_type=exhausted"", ""key_name"": ""ours""}",1,0
5003,1787426235.8872786,WARN,key_backoff,ours exhausted failure #60,"{""detail"": ""backoff 60.0s; error_type=exhausted"", ""key_name"": ""ours""}",1,0
5004,1787426235.8881762,WARN,key_backoff,ours exhausted failure #62,"{""detail"": ""backoff 60.0s; error_type=exhausted"", ""key_name"": ""ours""}",1,0
5005,1787426235.9235964,WARN,key_backoff,ours exhausted failure #63,"{""detail"": ""backoff 60.0s; error_type=exhausted"", ""key_name"": ""ours""}",1,0
5006,1787426235.9249036,WARN,key_backoff,ours exhausted failure #69,"{""detail"": ""backoff 60.0s; error_type=exhausted"", ""key_name"": ""ours""}",1,0
5007,1787426235.9250777,WARN,key_backoff,ours exhausted failure #66,"{""detail"": ""backoff 60.0s; error_type=exhausted"", ""key_name"": ""ours""}",1,0
5008,1787426235.9252257,WARN,key_backoff,ours exhausted failure #64,"{""detail"": ""backoff 60.0s; error_type=exhausted"", ""key_name"": ""ours""}",1,0
5009,1787426235.9253533,WARN,key_backoff,ours exhausted failure #68,"{""detail"": ""backoff 60.0s; error_type=exhausted"", ""key_name"": ""ours""}",1,0
5010,1787426235.925373,WARN,key_backoff,ours exhausted failure #67,"{""detail"": ""backoff 60.0s; error_type=exhausted"", ""key_name"": ""ours""}",1,0
5011,1787426235.9255552,WARN,key_backoff,ours exhausted failure #65,"{""detail"": ""backoff 60.0s; error_type=exhausted"", ""key_name"": ""ours""}",1,0
5012,1787426235.9389312,WARN,key_backoff,ours exhausted failure #70,"{""detail"": ""backoff 60.0s; error_type=exhausted"", ""key_name"": ""ours""}",1,0
5013,1787426245.9853196,WARN,key_backoff,ours exhausted failure #71,"{""detail"": ""backoff 60.0s; error_type=exhausted"", ""key_name"": ""ours""}",1,0
5014,1787426245.9899614,WARN,key_backoff,ours exhausted failure #74,"{""detail"": ""backoff 60.0s; error_type=exhausted"", ""key_name"": ""ours""}",1,0
5015,1787426245.9900208,WARN,key_backoff,ours exhausted failure #73,"{""detail"": ""backoff 60.0s; error_type=exhausted"", ""key_name"": ""ours""}",1,0
5016,1787426246.0022357,WARN,key_backoff,ours exhausted failure #72,"{""detail"": ""backoff 60.0s; error_type=exhausted"", ""key_name"": ""ours""}",1,0
5017,1787426246.0034728,WARN,key_backoff,ours exhausted failure #74,"{""detail"": ""backoff 60.0s; error_type=exhausted"", ""key_name"": ""ours""}",1,0
5018,1787426375.050139,WARN,key_backoff,ours exhausted failure #75,"{""detail"": ""backoff 60.0s; error_type=exhausted"", ""key_name"": ""ours""}",1,0
5019,1787426437.2609797,WARN,key_backoff,ours exhausted failure #76,"{""detail"": ""backoff 60.0s; error_type=exhausted"", ""key_name"": ""ours""}",1,0
5020,1787426437.2816923,WARN,key_backoff,ours exhausted failure #77,"{""detail"": ""backoff 60.0s; error_type=exhausted"", ""key_name"": ""ours""}",1,0
5021,1787426517.9042273,WARN,key_backoff,ours exhausted failure #78,"{""detail"": ""backoff 60.0s; error_type=exhausted"", ""key_name"": ""ours""}",1,0
5022,1787426517.928224,WARN,key_backoff,ours exhausted failure #79,"{""detail"": ""backoff 60.0s; error_type=exhausted"", ""key_name"": ""ours""}",1,0
5023,1787426517.9638286,WARN,key_backoff,ours exhausted failure #80,"{""detail"": ""backoff 60.0s; error_type=exhausted"", ""key_name"": ""ours""}",1,0
5024,1787426585.312262,WARN,key_backoff,ours exhausted failure #81,"{""detail"": ""backoff 60.0s; error_type=exhausted"", ""key_name"": ""ours""}",1,0
5025,1787426585.8522732,WARN,key_backoff,ours exhausted failure #82,"{""detail"": ""backoff 60.0s; error_type=exhausted"", ""key_name"": ""ours""}",1,0
5026,1787426649.015939,WARN,key_backoff,ours exhausted failure #83,"{""detail"": ""backoff 60.0s; error_type=exhausted"", ""key_name"": ""ours""}",1,0
5027,1787426649.0547993,WARN,key_backoff,ours exhausted failure #84,"{""detail"": ""backoff 60.0s; error_type=exhausted"", ""key_name"": ""ours""}",1,0
5028,1787426724.6736543,WARN,key_backoff,ours exhausted failure #85,"{""detail"": ""backoff 60.0s; error_type=exhausted"", ""key_name"": ""ours""}",1,0
5029,1787426724.6867313,WARN,key_backoff,ours exhausted failure #86,"{""detail"": ""backoff 60.0s; error_type=exhausted"", ""key_name"": ""ours""}",1,0
5030,1787426796.6138356,WARN,key_backoff,ours exhausted failure #89,"{""detail"": ""backoff 60.0s; error_type=exhausted"", ""key_name"": ""ours""}",1,0
5031,1787426796.7532485,WARN,key_backoff,ours exhausted failure #94,"{""detail"": ""backoff 60.0s; error_type=exhausted"", ""key_name"": ""ours""}",1,0
5032,1787426806.9495566,WARN,key_backoff,ours exhausted failure #95,"{""detail"": ""backoff 60.0s; error_type=exhausted"", ""key_name"": ""ours""}",1,0
5033,1787426806.9467838,WARN,key_backoff,ours exhausted failure #97,"{""detail"": ""backoff 60.0s; error_type=exhausted"", ""key_name"": ""ours""}",1,0
5034,1787426806.9860916,WARN,key_backoff,ours exhausted failure #104,"{""detail"": ""backoff 60.0s; error_type=exhausted"", ""key_name"": ""ours""}",1,0
5035,1787426806.9866714,WARN,key_backoff,ours exhausted failure #105,"{""detail"": ""backoff 60.0s; error_type=exhausted"", ""key_name"": ""ours""}",1,0
5036,1787426806.9856174,WARN,key_backoff,ours exhausted failure #102,"{""detail"": ""backoff 60.0s; error_type=exhausted"", ""key_name"": ""ours""}",1,0
5037,1787426807.4896262,WARN,key_backoff,ours exhausted failure #106,"{""detail"": ""backoff 60.0s; error_type=exhausted"", ""key_name"": ""ours""}",1,0
5038,1787426807.4946837,WARN,key_backoff,ours exhausted failure #105,"{""detail"": ""backoff 60.0s; error_type=exhausted"", ""key_name"": ""ours""}",1,0
5039,1787426807.5249047,WARN,key_backoff,ours exhausted failure #107,"{""detail"": ""backoff 60.0s; error_type=exhausted"", ""key_name"": ""ours""}",1,0
5040,1787426807.8381455,WARN,key_backoff,ours exhausted failure #108,"{""detail"": ""backoff 60.0s; error_type=exhausted"", ""key_name"": ""ours""}",1,0
5041,1787426807.838307,WARN,key_backoff,ours exhausted failure #109,"{""detail"": ""backoff 60.0s; error_type=exhausted"", ""key_name"": ""ours""}",1,0
5042,1787426807.9405875,WARN,key_backoff,ours exhausted failure #110,"{""detail"": ""backoff 60.0s; error_type=exhausted"", ""key_name"": ""ours""}",1,0
5043,1787426907.8465562,WARN,key_backoff,ours exhausted failure #111,"{""detail"": ""backoff 60.0s; error_type=exhausted"", ""key_name"": ""ours""}",1,0
5044,1787426989.1790674,WARN,key_backoff,ours exhausted failure #112,"{""detail"": ""backoff 60.0s; error_type=exhausted"", ""key_name"": ""ours""}",1,0
5045,1787426989.20872,WARN,key_backoff,ours exhausted failure #113,"{""detail"": ""backoff 60.0s; error_type=exhausted"", ""key_name"": ""ours""}",1,0
5046,1787426989.2461555,WARN,key_backoff,ours exhausted failure #114,"{""detail"": ""backoff 60.0s; error_type=exhausted"", ""key_name"": ""ours""}",1,0
5047,1787426989.4034772,WARN,key_backoff,ours exhausted failure #115,"{""detail"": ""backoff 60.0s; error_type=exhausted"", ""key_name"": ""ours""}",1,0
5048,1787426989.484183,WARN,key_backoff,ours exhausted failure #116,"{""detail"": ""backoff 60.0s; error_type=exhausted"", ""key_name"": ""ours""}",1,0
5049,1787426989.5426114,WARN,key_backoff,ours exhausted failure #117,"{""detail"": ""backoff 60.0s; error_type=exhausted"", ""key_name"": ""ours""}",1,0
5050,1787426989.5761032,WARN,key_backoff,ours exhausted failure #118,"{""detail"": ""backoff 60.0s; error_type=exhausted"", ""key_name"": ""ours""}",1,0
5051,1787426989.7251055,WARN,key_backoff,ours exhausted failure #119,"{""detail"": ""backoff 60.0s; error_type=exhausted"", ""key_name"": ""ours""}",1,0
5052,1787427033.4468558,WARN,cost_inefficiency,"Using openrouter for glm-5.2 ($0.97/M), routstrd cheaper ($0.53/M)","1991 calls / 110,429,671 tokens on openrouter at $0.97/M. routstrd available at $0.53/M — potential savings $48.59/24h. Top up routstrd if depleted.",1,0
5053,1787427033.9776232,WARN,model_missing,cron job 'ctx-stale-reminder' uses unavailable model 'glm-4.5-flash',"Model 'glm-4.5-flash' not found on z.ai or Ollama Cloud. This will cause 503 errors. Available: ['gemma4:31b', 'kimi-k3', 'deepseek-v4-pro:preview', 'nemotron-3-super', 'deepseek-v4-pro:0813', 'gpt-oss:120b', 'glm-5.2', 'deepseek-v4-flash:0731', 'nemotron-3-nano:30b', 'kimi-k2.7-code', 'nemotron-3-ultra', 'deepseek-v4-flash:preview', 'gpt-oss:20b', 'qwen3.5:397b', 'minimax-m2.7', 'minimax-m3', 'mistral-large-3:675b', 'glm-5.1', 'kimi-k2.6']",1,0
5054,1787427033.9776528,WARN,model_missing,cron job 'github-kanban-sync' uses unavailable model 'glm-4.5-flash',"Model 'glm-4.5-flash' not found on z.ai or Ollama Cloud. This will cause 503 errors. Available: ['gemma4:31b', 'kimi-k3', 'deepseek-v4-pro:preview', 'nemotron-3-super', 'deepseek-v4-pro:0813', 'gpt-oss:120b', 'glm-5.2', 'deepseek-v4-flash:0731', 'nemotron-3-nano:30b', 'kimi-k2.7-code', 'nemotron-3-ultra', 'deepseek-v4-flash:preview', 'gpt-oss:20b', 'qwen3.5:397b', 'minimax-m2.7', 'minimax-m3', 'mistral-large-3:675b', 'glm-5.1', 'kimi-k2.6']",1,0
5055,1787427033.9776626,WARN,model_missing,cron job 'kanban-auto-assigner' uses unavailable model 'glm-4.5-flash',"Model 'glm-4.5-flash' not found on z.ai or Ollama Cloud. This will cause 503 errors. Available: ['gemma4:31b', 'kimi-k3', 'deepseek-v4-pro:preview', 'nemotron-3-super', 'deepseek-v4-pro:0813', 'gpt-oss:120b', 'glm-5.2', 'deepseek-v4-flash:0731', 'nemotron-3-nano:30b', 'kimi-k2.7-code', 'nemotron-3-ultra', 'deepseek-v4-flash:preview', 'gpt-oss:20b', 'qwen3.5:397b', 'minimax-m2.7', 'minimax-m3', 'mistral-large-3:675b', 'glm-5.1', 'kimi-k2.6']",1,0
5056,1787427033.97767,WARN,model_missing,cron job 'daily-unpushed-audit' uses unavailable model 'glm-4.5-flash',"Model 'glm-4.5-flash' not found on z.ai or Ollama Cloud. This will cause 503 errors. Available: ['gemma4:31b', 'kimi-k3', 'deepseek-v4-pro:preview', 'nemotron-3-super', 'deepseek-v4-pro:0813', 'gpt-oss:120b', 'glm-5.2', 'deepseek-v4-flash:0731', 'nemotron-3-nano:30b', 'kimi-k2.7-code', 'nemotron-3-ultra', 'deepseek-v4-flash:preview', 'gpt-oss:20b', 'qwen3.5:397b', 'minimax-m2.7', 'minimax-m3', 'mistral-large-3:675b', 'glm-5.1', 'kimi-k2.6']",1,0
5057,1787427033.9776835,WARN,model_missing,cron job 'FIPS VPS1 Health' uses unavailable model 'glm-4.5-flash',"Model 'glm-4.5-flash' not found on z.ai or Ollama Cloud. This will cause 503 errors. Available: ['gemma4:31b', 'kimi-k3', 'deepseek-v4-pro:preview', 'nemotron-3-super', 'deepseek-v4-pro:0813', 'gpt-oss:120b', 'glm-5.2', 'deepseek-v4-flash:0731', 'nemotron-3-nano:30b', 'kimi-k2.7-code', 'nemotron-3-ultra', 'deepseek-v4-flash:preview', 'gpt-oss:20b', 'qwen3.5:397b', 'minimax-m2.7', 'minimax-m3', 'mistral-large-3:675b', 'glm-5.1', 'kimi-k2.6']",1,0
5058,1787427033.9776921,WARN,model_missing,cron job 'github-activity-check' uses unavailable model 'glm-4.5-flash',"Model 'glm-4.5-flash' not found on z.ai or Ollama Cloud. This will cause 503 errors. Available: ['gemma4:31b', 'kimi-k3', 'deepseek-v4-pro:preview', 'nemotron-3-super', 'deepseek-v4-pro:0813', 'gpt-oss:120b', 'glm-5.2', 'deepseek-v4-flash:0731', 'nemotron-3-nano:30b', 'kimi-k2.7-code', 'nemotron-3-ultra', 'deepseek-v4-flash:preview', 'gpt-oss:20b', 'qwen3.5:397b', 'minimax-m2.7', 'minimax-m3', 'mistral-large-3:675b', 'glm-5.1', 'kimi-k2.6']",1,0
5059,1787427033.9776983,WARN,model_missing,cron job 'fips-exit-daily-health' uses unavailable model 'glm-4.5-flash',"Model 'glm-4.5-flash' not found on z.ai or Ollama Cloud. This will cause 503 errors. Available: ['gemma4:31b', 'kimi-k3', 'deepseek-v4-pro:preview', 'nemotron-3-super', 'deepseek-v4-pro:0813', 'gpt-oss:120b', 'glm-5.2', 'deepseek-v4-flash:0731', 'nemotron-3-nano:30b', 'kimi-k2.7-code', 'nemotron-3-ultra', 'deepseek-v4-flash:preview', 'gpt-oss:20b', 'qwen3.5:397b', 'minimax-m2.7', 'minimax-m3', 'mistral-large-3:675b', 'glm-5.1', 'kimi-k2.6']",1,0
5060,1787427033.977705,WARN,model_missing,cron job 'botu-1144-checkin' uses unavailable model 'glm-4.5-flash',"Model 'glm-4.5-flash' not found on z.ai or Ollama Cloud. This will cause 503 errors. Available: ['gemma4:31b', 'kimi-k3', 'deepseek-v4-pro:preview', 'nemotron-3-super', 'deepseek-v4-pro:0813', 'gpt-oss:120b', 'glm-5.2', 'deepseek-v4-flash:0731', 'nemotron-3-nano:30b', 'kimi-k2.7-code', 'nemotron-3-ultra', 'deepseek-v4-flash:preview', 'gpt-oss:20b', 'qwen3.5:397b', 'minimax-m2.7', 'minimax-m3', 'mistral-large-3:675b', 'glm-5.1', 'kimi-k2.6']",1,0
5061,1787427033.9777112,WARN,model_missing,cron job 'plebeian-pr-monitor' uses unavailable model 'glm-4.5-flash',"Model 'glm-4.5-flash' not found on z.ai or Ollama Cloud. This will cause 503 errors. Available: ['gemma4:31b', 'kimi-k3', 'deepseek-v4-pro:preview', 'nemotron-3-super', 'deepseek-v4-pro:0813', 'gpt-oss:120b', 'glm-5.2', 'deepseek-v4-flash:0731', 'nemotron-3-nano:30b', 'kimi-k2.7-code', 'nemotron-3-ultra', 'deepseek-v4-flash:preview', 'gpt-oss:20b', 'qwen3.5:397b', 'minimax-m2.7', 'minimax-m3', 'mistral-large-3:675b', 'glm-5.1', 'kimi-k2.6']",1,0
5062,1787427033.977717,WARN,model_missing,cron job 'NIP-29 Progress Update to Botu' uses unavailable model 'glm-4.5-flash',"Model 'glm-4.5-flash' not found on z.ai or Ollama Cloud. This will cause 503 errors. Available: ['gemma4:31b', 'kimi-k3', 'deepseek-v4-pro:preview', 'nemotron-3-super', 'deepseek-v4-pro:0813', 'gpt-oss:120b', 'glm-5.2', 'deepseek-v4-flash:0731', 'nemotron-3-nano:30b', 'kimi-k2.7-code', 'nemotron-3-ultra', 'deepseek-v4-flash:preview', 'gpt-oss:20b', 'qwen3.5:397b', 'minimax-m2.7', 'minimax-m3', 'mistral-large-3:675b', 'glm-5.1', 'kimi-k2.6']",1,0
5063,1787427033.9777224,WARN,model_missing,cron job 'plebeian-relay-action-router' uses unavailable model 'glm-4.5-flash',"Model 'glm-4.5-flash' not found on z.ai or Ollama Cloud. This will cause 503 errors. Available: ['gemma4:31b', 'kimi-k3', 'deepseek-v4-pro:preview', 'nemotron-3-super', 'deepseek-v4-pro:0813', 'gpt-oss:120b', 'glm-5.2', 'deepseek-v4-flash:0731', 'nemotron-3-nano:30b', 'kimi-k2.7-code', 'nemotron-3-ultra', 'deepseek-v4-flash:preview', 'gpt-oss:20b', 'qwen3.5:397b', 'minimax-m2.7', 'minimax-m3', 'mistral-large-3:675b', 'glm-5.1', 'kimi-k2.6']",1,0
5064,1787427033.97773,WARN,model_missing,cron job 'net4sats-review-watchdog' uses unavailable model 'glm-4.5-flash',"Model 'glm-4.5-flash' not found on z.ai or Ollama Cloud. This will cause 503 errors. Available: ['gemma4:31b', 'kimi-k3', 'deepseek-v4-pro:preview', 'nemotron-3-super', 'deepseek-v4-pro:0813', 'gpt-oss:120b', 'glm-5.2', 'deepseek-v4-flash:0731', 'nemotron-3-nano:30b', 'kimi-k2.7-code', 'nemotron-3-ultra', 'deepseek-v4-flash:preview', 'gpt-oss:20b', 'qwen3.5:397b', 'minimax-m2.7', 'minimax-m3', 'mistral-large-3:675b', 'glm-5.1', 'kimi-k2.6']",1,0
5065,1787427056.1991715,WARN,key_backoff,ours exhausted failure #120,"{""detail"": ""backoff 60.0s; error_type=exhausted"", ""key_name"": ""ours""}",1,0
5066,1787427056.3036938,WARN,key_backoff,ours exhausted failure #121,"{""detail"": ""backoff 60.0s; error_type=exhausted"", ""key_name"": ""ours""}",1,0
5067,1787427056.3144171,WARN,key_backoff,ours exhausted failure #122,"{""detail"": ""backoff 60.0s; error_type=exhausted"", ""key_name"": ""ours""}",1,0
5068,1787427056.3278759,WARN,key_backoff,ours exhausted failure #123,"{""detail"": ""backoff 60.0s; error_type=exhausted"", ""key_name"": ""ours""}",1,0
5069,1787427056.338845,WARN,key_backoff,ours exhausted failure #125,"{""detail"": ""backoff 60.0s; error_type=exhausted"", ""key_name"": ""ours""}",1,0
5070,1787427056.3390496,WARN,key_backoff,ours exhausted failure #124,"{""detail"": ""backoff 60.0s; error_type=exhausted"", ""key_name"": ""ours""}",1,0
5071,1787427056.3834927,WARN,key_backoff,ours exhausted failure #126,"{""detail"": ""backoff 60.0s; error_type=exhausted"", ""key_name"": ""ours""}",1,0
5072,1787427056.3936684,WARN,key_backoff,ours exhausted failure #127,"{""detail"": ""backoff 60.0s; error_type=exhausted"", ""key_name"": ""ours""}",1,0
5073,1787427056.4137607,WARN,key_backoff,ours exhausted failure #128,"{""detail"": ""backoff 60.0s; error_type=exhausted"", ""key_name"": ""ours""}",1,0
5074,1787427056.4153244,WARN,key_backoff,ours exhausted failure #129,"{""detail"": ""backoff 60.0s; error_type=exhausted"", ""key_name"": ""ours""}",1,0
5075,1787427056.440486,WARN,key_backoff,ours exhausted failure #130,"{""detail"": ""backoff 60.0s; error_type=exhausted"", ""key_name"": ""ours""}",1,0
5076,1787427056.441225,WARN,key_backoff,ours exhausted failure #131,"{""detail"": ""backoff 60.0s; error_type=exhausted"", ""key_name"": ""ours""}",1,0
5077,1787427056.4805233,WARN,key_backoff,ours exhausted failure #132,"{""detail"": ""backoff 60.0s; error_type=exhausted"", ""key_name"": ""ours""}",1,0
5078,1787427056.4901202,WARN,key_backoff,ours exhausted failure #133,"{""detail"": ""backoff 60.0s; error_type=exhausted"", ""key_name"": ""ours""}",1,0
5079,1787427056.5518556,WARN,key_backoff,ours exhausted failure #134,"{""detail"": ""backoff 60.0s; error_type=exhausted"", ""key_name"": ""ours""}",1,0
5080,1787427117.6260045,WARN,key_backoff,ours exhausted failure #135,"{""detail"": ""backoff 60.0s; error_type=exhausted"", ""key_name"": ""ours""}",1,0
5081,1787427117.722702,WARN,key_backoff,ours exhausted failure #136,"{""detail"": ""backoff 60.0s; error_type=exhausted"", ""key_name"": ""ours""}",1,0
5082,1787427117.766133,WARN,key_backoff,ours exhausted failure #139,"{""detail"": ""backoff 60.0s; error_type=exhausted"", ""key_name"": ""ours""}",1,0
5083,1787427117.7666492,WARN,key_backoff,ours exhausted failure #137,"{""detail"": ""backoff 60.0s; error_type=exhausted"", ""key_name"": ""ours""}",1,0
5084,1787427117.9054515,WARN,key_backoff,ours exhausted failure #138,"{""detail"": ""backoff 60.0s; error_type=exhausted"", ""key_name"": ""ours""}",1,0
5085,1787427117.7662933,WARN,key_backoff,ours exhausted failure #138,"{""detail"": ""backoff 60.0s; error_type=exhausted"", ""key_name"": ""ours""}",1,0
5086,1787427128.2100728,WARN,key_backoff,ours exhausted failure #139,"{""detail"": ""backoff 60.0s; error_type=exhausted"", ""key_name"": ""ours""}",1,0
5087,1787427128.2103276,WARN,key_backoff,ours exhausted failure #142,"{""detail"": ""backoff 60.0s; error_type=exhausted"", ""key_name"": ""ours""}",1,0
5088,1787427128.212647,WARN,key_backoff,ours exhausted failure #141,"{""detail"": ""backoff 60.0s; error_type=exhausted"", ""key_name"": ""ours""}",1,0
5089,1787427128.2193654,WARN,key_backoff,ours exhausted failure #140,"{""detail"": ""backoff 60.0s; error_type=exhausted"", ""key_name"": ""ours""}",1,0
5090,1787427128.2221806,WARN,key_backoff,ours exhausted failure #137,"{""detail"": ""backoff 60.0s; error_type=exhausted"", ""key_name"": ""ours""}",1,0
5091,1787427128.2224338,WARN,key_backoff,ours exhausted failure #136,"{""detail"": ""backoff 60.0s; error_type=exhausted"", ""key_name"": ""ours""}",1,0
5092,1787427128.231805,WARN,key_backoff,ours exhausted failure #141,"{""detail"": ""backoff 60.0s; error_type=exhausted"", ""key_name"": ""ours""}",1,0
5093,1787427128.2320325,WARN,key_backoff,ours exhausted failure #141,"{""detail"": ""backoff 60.0s; error_type=exhausted"", ""key_name"": ""ours""}",1,0
5094,1787427128.233313,WARN,key_backoff,ours exhausted failure #139,"{""detail"": ""backoff 60.0s; error_type=exhausted"", ""key_name"": ""ours""}",1,0
5095,1787427128.2309837,WARN,key_backoff,ours exhausted failure #138,"{""detail"": ""backoff 60.0s; error_type=exhausted"", ""key_name"": ""ours""}",1,0
5096,1787427128.235784,WARN,key_backoff,ours exhausted failure #139,"{""detail"": ""backoff 60.0s; error_type=exhausted"", ""key_name"": ""ours""}",1,0
5097,1787427128.2359672,WARN,key_backoff,ours exhausted failure #140,"{""detail"": ""backoff 60.0s; error_type=exhausted"", ""key_name"": ""ours""}",1,0
5098,1787427128.2514358,WARN,key_backoff,ours exhausted failure #140,"{""detail"": ""backoff 60.0s; error_type=exhausted"", ""key_name"": ""ours""}",1,0
5099,1787427128.4844742,WARN,key_backoff,ours exhausted failure #142,"{""detail"": ""backoff 60.0s; error_type=exhausted"", ""key_name"": ""ours""}",1,0
5100,1787427215.9263015,WARN,key_backoff,ours exhausted failure #143,"{""detail"": ""backoff 60.0s; error_type=exhausted"", ""key_name"": ""ours""}",1,0
5101,1787427280.0469732,WARN,key_backoff,ours exhausted failure #144,"{""detail"": ""backoff 60.0s; error_type=exhausted"", ""key_name"": ""ours""}",1,0
5102,1787427290.2291663,WARN,key_backoff,ours exhausted failure #1,"{""detail"": ""backoff 2.0s; error_type=exhausted"", ""key_name"": ""ours""}",1,0
5103,1787427290.6356976,WARN,key_backoff,ours exhausted failure #2,"{""detail"": ""backoff 4.0s; error_type=exhausted"", ""key_name"": ""ours""}",1,0
5104,1787427290.6481228,WARN,key_backoff,ours exhausted failure #3,"{""detail"": ""backoff 8.0s; error_type=exhausted"", ""key_name"": ""ours""}",1,0
5105,1787427290.7258654,WARN,key_backoff,ours exhausted failure #4,"{""detail"": ""backoff 16.0s; error_type=exhausted"", ""key_name"": ""ours""}",1,0
5106,1787427309.0050583,WARN,key_backoff,ours exhausted failure #5,"{""detail"": ""backoff 32.0s; error_type=exhausted"", ""key_name"": ""ours""}",1,0
5107,1787427309.0102587,WARN,key_backoff,ours exhausted failure #6,"{""detail"": ""backoff 60.0s; error_type=exhausted"", ""key_name"": ""ours""}",1,0
5108,1787427309.2046492,WARN,key_backoff,ours exhausted failure #7,"{""detail"": ""backoff 60.0s; error_type=exhausted"", ""key_name"": ""ours""}",1,0
5109,1787427309.2047777,CRITICAL,KEY_DEAD,ours reached 7 consecutive failures,"{""detail"": ""backoff 60.0s; likely dead"", ""key_name"": ""ours""}",1,0
5110,1787427309.2445574,WARN,key_backoff,ours exhausted failure #8,"{""detail"": ""backoff 60.0s; error_type=exhausted"", ""key_name"": ""ours""}",1,0
5111,1787427309.2571263,WARN,key_backoff,ours exhausted failure #9,"{""detail"": ""backoff 60.0s; error_type=exhausted"", ""key_name"": ""ours""}",1,0
5112,1787427309.2640855,WARN,key_backoff,ours exhausted failure #10,"{""detail"": ""backoff 60.0s; error_type=exhausted"", ""key_name"": ""ours""}",1,0
5113,1787427417.0673463,WARN,key_backoff,ours exhausted failure #11,"{""detail"": ""backoff 60.0s; error_type=exhausted"", ""key_name"": ""ours""}",1,0
5114,1787427417.5735252,WARN,key_backoff,ours exhausted failure #12,"{""detail"": ""backoff 60.0s; error_type=exhausted"", ""key_name"": ""ours""}",1,0
5115,1787427417.6883106,WARN,key_backoff,ours exhausted failure #13,"{""detail"": ""backoff 60.0s; error_type=exhausted"", ""key_name"": ""ours""}",1,0
5116,1787427487.6463985,WARN,key_backoff,ours exhausted failure #14,"{""detail"": ""backoff 60.0s; error_type=exhausted"", ""key_name"": ""ours""}",1,0
5117,1787427598.2913792,WARN,key_backoff,ours exhausted failure #15,"{""detail"": ""backoff 60.0s; error_type=exhausted"", ""key_name"": ""ours""}",1,0
5118,1787427598.3079388,WARN,key_backoff,ours exhausted failure #16,"{""detail"": ""backoff 60.0s; error_type=exhausted"", ""key_name"": ""ours""}",1,0
5119,1787427598.3122368,WARN,key_backoff,ours exhausted failure #17,"{""detail"": ""backoff 60.0s; error_type=exhausted"", ""key_name"": ""ours""}",1,0
5120,1787427598.3123672,WARN,key_backoff,ours exhausted failure #18,"{""detail"": ""backoff 60.0s; error_type=exhausted"", ""key_name"": ""ours""}",1,0
5121,1787427598.3132784,WARN,key_backoff,ours exhausted failure #19,"{""detail"": ""backoff 60.0s; error_type=exhausted"", ""key_name"": ""ours""}",1,0
5122,1787427598.3331618,WARN,key_backoff,ours exhausted failure #20,"{""detail"": ""backoff 60.0s; error_type=exhausted"", ""key_name"": ""ours""}",1,0
5123,1787427598.3332887,WARN,key_backoff,ours exhausted failure #21,"{""detail"": ""backoff 60.0s; error_type=exhausted"", ""key_name"": ""ours""}",1,0
5124,1787427598.3599496,WARN,key_backoff,ours exhausted failure #22,"{""detail"": ""backoff 60.0s; error_type=exhausted"", ""key_name"": ""ours""}",1,0
5125,1787427598.371947,WARN,key_backoff,ours exhausted failure #23,"{""detail"": ""backoff 60.0s; error_type=exhausted"", ""key_name"": ""ours""}",1,0
5126,1787427598.420414,WARN,key_backoff,ours exhausted failure #24,"{""detail"": ""backoff 60.0s; error_type=exhausted"", ""key_name"": ""ours""}",1,0
5127,1787427670.5864644,WARN,key_backoff,ours exhausted failure #25,"{""detail"": ""backoff 60.0s; error_type=exhausted"", ""key_name"": ""ours""}",1,0
5128,1787427670.6225522,WARN,key_backoff,ours exhausted failure #26,"{""detail"": ""backoff 60.0s; error_type=exhausted"", ""key_name"": ""ours""}",1,0
5129,1787427781.610448,WARN,key_backoff,ours exhausted failure #27,"{""detail"": ""backoff 60.0s; error_type=exhausted"", ""key_name"": ""ours""}",1,0
5130,1787427854.2388575,WARN,key_backoff,ours exhausted failure #28,"{""detail"": ""backoff 60.0s; error_type=exhausted"", ""key_name"": ""ours""}",1,0
5131,1787427854.2480137,WARN,key_backoff,ours exhausted failure #29,"{""detail"": ""backoff 60.0s; error_type=exhausted"", ""key_name"": ""ours""}",1,0
5132,1787427854.5587678,WARN,key_backoff,ours exhausted failure #30,"{""detail"": ""backoff 60.0s; error_type=exhausted"", ""key_name"": ""ours""}",1,0
5133,1787427854.6010044,WARN,key_backoff,ours exhausted failure #31,"{""detail"": ""backoff 60.0s; error_type=exhausted"", ""key_name"": ""ours""}",1,0
5134,1787427854.6125383,WARN,key_backoff,ours exhausted failure #32,"{""detail"": ""backoff 60.0s; error_type=exhausted"", ""key_name"": ""ours""}",1,0
5135,1787427920.448377,WARN,key_backoff,ours exhausted failure #33,"{""detail"": ""backoff 60.0s; error_type=exhausted"", ""key_name"": ""ours""}",1,0
5136,1787427984.6606398,WARN,key_backoff,ours exhausted failure #34,"{""detail"": ""backoff 60.0s; error_type=exhausted"", ""key_name"": ""ours""}",1,0
5137,1787427984.7645824,WARN,key_backoff,ours exhausted failure #35,"{""detail"": ""backoff 60.0s; error_type=exhausted"", ""key_name"": ""ours""}",1,0
5138,1787428045.423642,WARN,key_backoff,ours exhausted failure #36,"{""detail"": ""backoff 60.0s; error_type=exhausted"", ""key_name"": ""ours""}",1,0
5139,1787428045.4853673,WARN,key_backoff,ours exhausted failure #38,"{""detail"": ""backoff 60.0s; error_type=exhausted"", ""key_name"": ""ours""}",1,0
5140,1787428045.4860501,WARN,key_backoff,ours exhausted failure #37,"{""detail"": ""backoff 60.0s; error_type=exhausted"", ""key_name"": ""ours""}",1,0
5141,1787428045.4865158,WARN,key_backoff,ours exhausted failure #39,"{""detail"": ""backoff 60.0s; error_type=exhausted"", ""key_name"": ""ours""}",1,0
5142,1787428045.5138366,WARN,key_backoff,ours exhausted failure #40,"{""detail"": ""backoff 60.0s; error_type=exhausted"", ""key_name"": ""ours""}",1,0
5143,1787428045.577796,WARN,key_backoff,ours exhausted failure #41,"{""detail"": ""backoff 60.0s; error_type=exhausted"", ""key_name"": ""ours""}",1,0
5144,1787428045.6436162,WARN,key_backoff,ours exhausted failure #42,"{""detail"": ""backoff 60.0s; error_type=exhausted"", ""key_name"": ""ours""}",1,0
5145,1787428045.9466016,WARN,key_backoff,ours exhausted failure #43,"{""detail"": ""backoff 60.0s; error_type=exhausted"", ""key_name"": ""ours""}",1,0
5146,1787428045.9797003,WARN,key_backoff,ours exhausted failure #44,"{""detail"": ""backoff 60.0s; error_type=exhausted"", ""key_name"": ""ours""}",1,0
5147,1787428045.992769,WARN,key_backoff,ours exhausted failure #45,"{""detail"": ""backoff 60.0s; error_type=exhausted"", ""key_name"": ""ours""}",1,0
5148,1787428129.5369406,WARN,key_backoff,ours exhausted failure #46,"{""detail"": ""backoff 60.0s; error_type=exhausted"", ""key_name"": ""ours""}",1,0
5149,1787428191.1396418,WARN,key_backoff,ours exhausted failure #47,"{""detail"": ""backoff 60.0s; error_type=exhausted"", ""key_name"": ""ours""}",1,0
5150,1787428191.1773639,WARN,key_backoff,ours exhausted failure #48,"{""detail"": ""backoff 60.0s; error_type=exhausted"", ""key_name"": ""ours""}",1,0
5151,1787428191.3669498,WARN,key_backoff,ours exhausted failure #49,"{""detail"": ""backoff 60.0s; error_type=exhausted"", ""key_name"": ""ours""}",1,0
5152,1787428191.6347005,WARN,key_backoff,ours exhausted failure #50,"{""detail"": ""backoff 60.0s; error_type=exhausted"", ""key_name"": ""ours""}",1,0
5153,1787428253.808005,WARN,key_backoff,ours exhausted failure #51,"{""detail"": ""backoff 60.0s; error_type=exhausted"", ""key_name"": ""ours""}",1,0
5154,1787428328.4129167,WARN,key_backoff,ours exhausted failure #52,"{""detail"": ""backoff 60.0s; error_type=exhausted"", ""key_name"": ""ours""}",1,0
5155,1787428328.4684641,WARN,key_backoff,ours exhausted failure #53,"{""detail"": ""backoff 60.0s; error_type=exhausted"", ""key_name"": ""ours""}",1,0
5156,1787428328.6515577,WARN,key_backoff,ours exhausted failure #54,"{""detail"": ""backoff 60.0s; error_type=exhausted"", ""key_name"": ""ours""}",1,0
5157,1787428328.6808887,WARN,key_backoff,ours exhausted failure #55,"{""detail"": ""backoff 60.0s; error_type=exhausted"", ""key_name"": ""ours""}",1,0
5158,1787428328.7469807,WARN,key_backoff,ours exhausted failure #56,"{""detail"": ""backoff 60.0s; error_type=exhausted"", ""key_name"": ""ours""}",1,0
5159,1787428328.7788653,WARN,key_backoff,ours exhausted failure #57,"{""detail"": ""backoff 60.0s; error_type=exhausted"", ""key_name"": ""ours""}",1,0
5160,1787428328.804963,WARN,key_backoff,ours exhausted failure #58,"{""detail"": ""backoff 60.0s; error_type=exhausted"", ""key_name"": ""ours""}",1,0
5161,1787428328.820435,WARN,key_backoff,ours exhausted failure #59,"{""detail"": ""backoff 60.0s; error_type=exhausted"", ""key_name"": ""ours""}",1,0
5162,1787428328.9021606,WARN,key_backoff,ours exhausted failure #60,"{""detail"": ""backoff 60.0s; error_type=exhausted"", ""key_name"": ""ours""}",1,0
5163,1787428390.6890557,WARN,key_backoff,ours exhausted failure #61,"{""detail"": ""backoff 60.0s; error_type=exhausted"", ""key_name"": ""ours""}",1,0
5164,1787428462.4293466,WARN,key_backoff,ours exhausted failure #62,"{""detail"": ""backoff 60.0s; error_type=exhausted"", ""key_name"": ""ours""}",1,0
5165,1787428534.6721377,WARN,key_backoff,ours exhausted failure #63,"{""detail"": ""backoff 60.0s; error_type=exhausted"", ""key_name"": ""ours""}",1,0
5166,1787428534.7920876,WARN,key_backoff,ours exhausted failure #64,"{""detail"": ""backoff 60.0s; error_type=exhausted"", ""key_name"": ""ours""}",1,0
5167,1787428596.0298247,WARN,key_backoff,ours exhausted failure #65,"{""detail"": ""backoff 60.0s; error_type=exhausted"", ""key_name"": ""ours""}",1,0
5168,1787428596.063853,WARN,key_backoff,ours exhausted failure #66,"{""detail"": ""backoff 60.0s; error_type=exhausted"", ""key_name"": ""ours""}",1,0
5169,1787428596.386306,WARN,key_backoff,ours exhausted failure #67,"{""detail"": ""backoff 60.0s; error_type=exhausted"", ""key_name"": ""ours""}",1,0
5170,1787428673.317817,WARN,key_backoff,ours exhausted failure #68,"{""detail"": ""backoff 60.0s; error_type=exhausted"", ""key_name"": ""ours""}",1,0
5171,1787428743.6828487,WARN,key_backoff,ours exhausted failure #69,"{""detail"": ""backoff 60.0s; error_type=exhausted"", ""key_name"": ""ours""}",1,0
5172,1787428744.157649,WARN,key_backoff,ours exhausted failure #70,"{""detail"": ""backoff 60.0s; error_type=exhausted"", ""key_name"": ""ours""}",1,0
5173,1787428808.5517905,WARN,key_backoff,ours exhausted failure #71,"{""detail"": ""backoff 60.0s; error_type=exhausted"", ""key_name"": ""ours""}",1,0
5174,1787428813.1261315,WARN,cost_inefficiency,"Using openrouter for glm-5.2 ($0.97/M), routstrd cheaper ($0.53/M)","1991 calls / 110,429,671 tokens on openrouter at $0.97/M. routstrd available at $0.53/M — potential savings $48.59/24h. Top up routstrd if depleted.",1,0
5175,1787428872.051095,WARN,key_backoff,ours exhausted failure #72,"{""detail"": ""backoff 60.0s; error_type=exhausted"", ""key_name"": ""ours""}",1,0
5176,1787428872.0574934,WARN,key_backoff,ours exhausted failure #73,"{""detail"": ""backoff 60.0s; error_type=exhausted"", ""key_name"": ""ours""}",1,0
5177,1787428872.0937214,WARN,key_backoff,ours exhausted failure #75,"{""detail"": ""backoff 60.0s; error_type=exhausted"", ""key_name"": ""ours""}",1,0
5178,1787428872.1009881,WARN,key_backoff,ours exhausted failure #75,"{""detail"": ""backoff 60.0s; error_type=exhausted"", ""key_name"": ""ours""}",1,0
5179,1787428872.1015413,WARN,key_backoff,ours exhausted failure #74,"{""detail"": ""backoff 60.0s; error_type=exhausted"", ""key_name"": ""ours""}",1,0
5180,1787428872.106698,WARN,key_backoff,ours exhausted failure #76,"{""detail"": ""backoff 60.0s; error_type=exhausted"", ""key_name"": ""ours""}",1,0
5181,1787428872.1509624,WARN,key_backoff,ours exhausted failure #77,"{""detail"": ""backoff 60.0s; error_type=exhausted"", ""key_name"": ""ours""}",1,0
5182,1787428872.1652794,WARN,key_backoff,ours exhausted failure #79,"{""detail"": ""backoff 60.0s; error_type=exhausted"", ""key_name"": ""ours""}",1,0
5183,1787428872.166281,WARN,key_backoff,ours exhausted failure #78,"{""detail"": ""backoff 60.0s; error_type=exhausted"", ""key_name"": ""ours""}",1,0
5184,1787428872.203926,WARN,key_backoff,ours exhausted failure #81,"{""detail"": ""backoff 60.0s; error_type=exhausted"", ""key_name"": ""ours""}",1,0
5185,1787428872.2041674,WARN,key_backoff,ours exhausted failure #80,"{""detail"": ""backoff 60.0s; error_type=exhausted"", ""key_name"": ""ours""}",1,0
5186,1787428882.3070261,WARN,key_backoff,ours exhausted failure #89,"{""detail"": ""backoff 60.0s; error_type=exhausted"", ""key_name"": ""ours""}",1,0
5187,1787428882.3077102,WARN,key_backoff,ours exhausted failure #86,"{""detail"": ""backoff 60.0s; error_type=exhausted"", ""key_name"": ""ours""}",1,0
5188,1787428882.3079329,WARN,key_backoff,ours exhausted failure #84,"{""detail"": ""backoff 60.0s; error_type=exhausted"", ""key_name"": ""ours""}",1,0
5189,1787428882.3081133,WARN,key_backoff,ours exhausted failure #83,"{""detail"": ""backoff 60.0s; error_type=exhausted"", ""key_name"": ""ours""}",1,0
5190,1787428882.3072536,WARN,key_backoff,ours exhausted failure #90,"{""detail"": ""backoff 60.0s; error_type=exhausted"", ""key_name"": ""ours""}",1,0
5191,1787428882.3123236,WARN,key_backoff,ours exhausted failure #87,"{""detail"": ""backoff 60.0s; error_type=exhausted"", ""key_name"": ""ours""}",1,0
5192,1787428882.3125398,WARN,key_backoff,ours exhausted failure #85,"{""detail"": ""backoff 60.0s; error_type=exhausted"", ""key_name"": ""ours""}",1,0
5193,1787428882.312687,WARN,key_backoff,ours exhausted failure #88,"{""detail"": ""backoff 60.0s; error_type=exhausted"", ""key_name"": ""ours""}",1,0
5194,1787428882.3180661,WARN,key_backoff,ours exhausted failure #82,"{""detail"": ""backoff 60.0s; error_type=exhausted"", ""key_name"": ""ours""}",1,0
5195,1787428882.5325377,WARN,key_backoff,ours exhausted failure #91,"{""detail"": ""backoff 60.0s; error_type=exhausted"", ""key_name"": ""ours""}",1,0
5196,1787428882.7029939,WARN,key_backoff,ours exhausted failure #92,"{""detail"": ""backoff 60.0s; error_type=exhausted"", ""key_name"": ""ours""}",1,0
5197,1787428882.7334754,WARN,key_backoff,ours exhausted failure #93,"{""detail"": ""backoff 60.0s; error_type=exhausted"", ""key_name"": ""ours""}",1,0
5198,1787428882.807592,WARN,key_backoff,ours exhausted failure #94,"{""detail"": ""backoff 60.0s; error_type=exhausted"", ""key_name"": ""ours""}",1,0
5199,1787428944.286523,WARN,key_backoff,ours exhausted failure #95,"{""detail"": ""backoff 60.0s; error_type=exhausted"", ""key_name"": ""ours""}",1,0
5200,1787428944.3901534,WARN,key_backoff,ours exhausted failure #96,"{""detail"": ""backoff 60.0s; error_type=exhausted"", ""key_name"": ""ours""}",1,0
5201,1787428944.514615,WARN,key_backoff,ours exhausted failure #97,"{""detail"": ""backoff 60.0s; error_type=exhausted"", ""key_name"": ""ours""}",1,0
5202,1787428944.7259843,WARN,key_backoff,ours exhausted failure #98,"{""detail"": ""backoff 60.0s; error_type=exhausted"", ""key_name"": ""ours""}",1,0
5203,1787429029.9889057,WARN,key_backoff,ours exhausted failure #99,"{""detail"": ""backoff 60.0s; error_type=exhausted"", ""key_name"": ""ours""}",1,0
5204,1787429097.9552343,WARN,key_backoff,ours exhausted failure #100,"{""detail"": ""backoff 60.0s; error_type=exhausted"", ""key_name"": ""ours""}",1,0
5205,1787429158.624163,WARN,key_backoff,ours exhausted failure #101,"{""detail"": ""backoff 60.0s; error_type=exhausted"", ""key_name"": ""ours""}",1,0
5206,1787429158.6496737,WARN,key_backoff,ours exhausted failure #102,"{""detail"": ""backoff 60.0s; error_type=exhausted"", ""key_name"": ""ours""}",1,0
5207,1787429225.0511806,WARN,key_backoff,ours exhausted failure #103,"{""detail"": ""backoff 60.0s; error_type=exhausted"", ""key_name"": ""ours""}",1,0
5208,1787429286.3128538,WARN,key_backoff,ours exhausted failure #104,"{""detail"": ""backoff 60.0s; error_type=exhausted"", ""key_name"": ""ours""}",1,0
5209,1787429286.3946805,WARN,key_backoff,ours exhausted failure #105,"{""detail"": ""backoff 60.0s; error_type=exhausted"", ""key_name"": ""ours""}",1,0
5210,1787429286.4000118,WARN,key_backoff,ours exhausted failure #106,"{""detail"": ""backoff 60.0s; error_type=exhausted"", ""key_name"": ""ours""}",1,0
5211,1787429356.7729635,WARN,key_backoff,ours exhausted failure #107,"{""detail"": ""backoff 60.0s; error_type=exhausted"", ""key_name"": ""ours""}",1,0
5212,1787429434.9406145,WARN,key_backoff,ours exhausted failure #108,"{""detail"": ""backoff 60.0s; error_type=exhausted"", ""key_name"": ""ours""}",1,0
5213,1787429434.9789207,WARN,key_backoff,ours exhausted failure #109,"{""detail"": ""backoff 60.0s; error_type=exhausted"", ""key_name"": ""ours""}",1,0
5214,1787429434.9999044,WARN,key_backoff,ours exhausted failure #110,"{""detail"": ""backoff 60.0s; error_type=exhausted"", ""key_name"": ""ours""}",1,0
5215,1787429435.0092943,WARN,key_backoff,ours exhausted failure #112,"{""detail"": ""backoff 60.0s; error_type=exhausted"", ""key_name"": ""ours""}",1,0
5216,1787429435.010154,WARN,key_backoff,ours exhausted failure #111,"{""detail"": ""backoff 60.0s; error_type=exhausted"", ""key_name"": ""ours""}",1,0
5217,1787429496.1503475,WARN,key_backoff,ours exhausted failure #113,"{""detail"": ""backoff 60.0s; error_type=exhausted"", ""key_name"": ""ours""}",1,0
5218,1787429496.4828446,WARN,key_backoff,ours exhausted failure #114,"{""detail"": ""backoff 60.0s; error_type=exhausted"", ""key_name"": ""ours""}",1,0
5219,1787429496.5243013,WARN,key_backoff,ours exhausted failure #115,"{""detail"": ""backoff 60.0s; error_type=exhausted"", ""key_name"": ""ours""}",1,0
5220,1787429496.5293875,WARN,key_backoff,ours exhausted failure #116,"{""detail"": ""backoff 60.0s; error_type=exhausted"", ""key_name"": ""ours""}",1,0
5221,1787429559.9982927,WARN,key_backoff,ours exhausted failure #117,"{""detail"": ""backoff 60.0s; error_type=exhausted"", ""key_name"": ""ours""}",1,0
5222,1787429623.5324736,WARN,key_backoff,ours exhausted failure #118,"{""detail"": ""backoff 60.0s; error_type=exhausted"", ""key_name"": ""ours""}",1,0
5223,1787429623.8359256,WARN,key_backoff,ours exhausted failure #119,"{""detail"": ""backoff 60.0s; error_type=exhausted"", ""key_name"": ""ours""}",1,0
5224,1787429623.8535008,WARN,key_backoff,ours exhausted failure #120,"{""detail"": ""backoff 60.0s; error_type=exhausted"", ""key_name"": ""ours""}",1,0
5225,1787429623.9427056,WARN,key_backoff,ours exhausted failure #121,"{""detail"": ""backoff 60.0s; error_type=exhausted"", ""key_name"": ""ours""}",1,0
5226,1787429624.0618746,WARN,key_backoff,ours exhausted failure #122,"{""detail"": ""backoff 60.0s; error_type=exhausted"", ""key_name"": ""ours""}",1,0
5227,1787429686.8881772,WARN,key_backoff,ours exhausted failure #123,"{""detail"": ""backoff 60.0s; error_type=exhausted"", ""key_name"": ""ours""}",1,0
5228,1787429687.0988543,WARN,key_backoff,ours exhausted failure #124,"{""detail"": ""backoff 60.0s; error_type=exhausted"", ""key_name"": ""ours""}",1,0
5229,1787429687.280559,WARN,key_backoff,ours exhausted failure #125,"{""detail"": ""backoff 60.0s; error_type=exhausted"", ""key_name"": ""ours""}",1,0
5230,1787429756.0260081,WARN,key_backoff,ours exhausted failure #126,"{""detail"": ""backoff 60.0s; error_type=exhausted"", ""key_name"": ""ours""}",1,0
5231,1787429817.7461739,WARN,key_backoff,ours exhausted failure #127,"{""detail"": ""backoff 60.0s; error_type=exhausted"", ""key_name"": ""ours""}",1,0
5232,1787429818.0003119,WARN,key_backoff,ours exhausted failure #128,"{""detail"": ""backoff 60.0s; error_type=exhausted"", ""key_name"": ""ours""}",1,0
5233,1787429818.0167391,WARN,key_backoff,ours exhausted failure #129,"{""detail"": ""backoff 60.0s; error_type=exhausted"", ""key_name"": ""ours""}",1,0
5234,1787429879.690253,WARN,key_backoff,ours exhausted failure #130,"{""detail"": ""backoff 60.0s; error_type=exhausted"", ""key_name"": ""ours""}",1,0
5235,1787429879.8394551,WARN,key_backoff,ours exhausted failure #131,"{""detail"": ""backoff 60.0s; error_type=exhausted"", ""key_name"": ""ours""}",1,0
5236,1787429879.8589773,WARN,key_backoff,ours exhausted failure #132,"{""detail"": ""backoff 60.0s; error_type=exhausted"", ""key_name"": ""ours""}",1,0
5237,1787429879.9047,WARN,key_backoff,ours exhausted failure #133,"{""detail"": ""backoff 60.0s; error_type=exhausted"", ""key_name"": ""ours""}",1,0
5238,1787429880.2000039,WARN,key_backoff,ours exhausted failure #134,"{""detail"": ""backoff 60.0s; error_type=exhausted"", ""key_name"": ""ours""}",1,0
5239,1787429880.2933362,WARN,key_backoff,ours exhausted failure #135,"{""detail"": ""backoff 60.0s; error_type=exhausted"", ""key_name"": ""ours""}",1,0
5240,1787429880.3051095,WARN,key_backoff,ours exhausted failure #136,"{""detail"": ""backoff 60.0s; error_type=exhausted"", ""key_name"": ""ours""}",1,0
5241,1787429880.3769996,WARN,key_backoff,ours exhausted failure #137,"{""detail"": ""backoff 60.0s; error_type=exhausted"", ""key_name"": ""ours""}",1,0
5242,1787429880.4110286,WARN,key_backoff,ours exhausted failure #138,"{""detail"": ""backoff 60.0s; error_type=exhausted"", ""key_name"": ""ours""}",1,0
5243,1787429956.3859916,WARN,key_backoff,ours exhausted failure #139,"{""detail"": ""backoff 60.0s; error_type=exhausted"", ""key_name"": ""ours""}",1,0
5244,1787429956.7930923,WARN,key_backoff,ours exhausted failure #140,"{""detail"": ""backoff 60.0s; error_type=exhausted"", ""key_name"": ""ours""}",1,0
5245,1787429956.7986968,WARN,key_backoff,ours exhausted failure #141,"{""detail"": ""backoff 60.0s; error_type=exhausted"", ""key_name"": ""ours""}",1,0
5246,1787430018.0180535,WARN,key_backoff,ours exhausted failure #142,"{""detail"": ""backoff 60.0s; error_type=exhausted"", ""key_name"": ""ours""}",1,0
5247,1787430018.232195,WARN,key_backoff,ours exhausted failure #143,"{""detail"": ""backoff 60.0s; error_type=exhausted"", ""key_name"": ""ours""}",1,0
5248,1787430018.3249867,WARN,key_backoff,ours exhausted failure #144,"{""detail"": ""backoff 60.0s; error_type=exhausted"", ""key_name"": ""ours""}",1,0
5249,1787430018.5756035,WARN,key_backoff,ours exhausted failure #145,"{""detail"": ""backoff 60.0s; error_type=exhausted"", ""key_name"": ""ours""}",1,0
5250,1787430018.6049597,WARN,key_backoff,ours exhausted failure #146,"{""detail"": ""backoff 60.0s; error_type=exhausted"", ""key_name"": ""ours""}",1,0
5251,1787430018.6389508,WARN,key_backoff,ours exhausted failure #147,"{""detail"": ""backoff 60.0s; error_type=exhausted"", ""key_name"": ""ours""}",1,0
5252,1787430085.2151504,WARN,key_backoff,ours exhausted failure #148,"{""detail"": ""backoff 60.0s; error_type=exhausted"", ""key_name"": ""ours""}",1,0
5253,1787430085.4639716,WARN,key_backoff,ours exhausted failure #149,"{""detail"": ""backoff 60.0s; error_type=exhausted"", ""key_name"": ""ours""}",1,0
5254,1787430152.302683,WARN,key_backoff,ours exhausted failure #150,"{""detail"": ""backoff 60.0s; error_type=exhausted"", ""key_name"": ""ours""}",1,0
5255,1787430213.3258898,WARN,key_backoff,ours exhausted failure #151,"{""detail"": ""backoff 60.0s; error_type=exhausted"", ""key_name"": ""ours""}",1,0
5256,1787430213.7445524,WARN,key_backoff,ours exhausted failure #152,"{""detail"": ""backoff 60.0s; error_type=exhausted"", ""key_name"": ""ours""}",1,0
5257,1787430284.013826,WARN,key_backoff,ours exhausted failure #153,"{""detail"": ""backoff 60.0s; error_type=exhausted"", ""key_name"": ""ours""}",1,0
5258,1787430345.5599284,WARN,key_backoff,ours exhausted failure #154,"{""detail"": ""backoff 60.0s; error_type=exhausted"", ""key_name"": ""ours""}",1,0
5259,1787430345.6339204,WARN,key_backoff,ours exhausted failure #155,"{""detail"": ""backoff 60.0s; error_type=exhausted"", ""key_name"": ""ours""}",1,0
5260,1787430406.7607803,WARN,key_backoff,ours exhausted failure #156,"{""detail"": ""backoff 60.0s; error_type=exhausted"", ""key_name"": ""ours""}",1,0
5261,1787430476.3748276,WARN,key_backoff,ours exhausted failure #157,"{""detail"": ""backoff 60.0s; error_type=exhausted"", ""key_name"": ""ours""}",1,0
5262,1787430476.3925273,WARN,key_backoff,ours exhausted failure #158,"{""detail"": ""backoff 60.0s; error_type=exhausted"", ""key_name"": ""ours""}",1,0
5263,1787430538.0190108,WARN,key_backoff,ours exhausted failure #159,"{""detail"": ""backoff 60.0s; error_type=exhausted"", ""key_name"": ""ours""}",1,0
5264,1787430538.133277,WARN,key_backoff,ours exhausted failure #160,"{""detail"": ""backoff 60.0s; error_type=exhausted"", ""key_name"": ""ours""}",1,0
5265,1787430598.862626,WARN,key_backoff,ours exhausted failure #161,"{""detail"": ""backoff 60.0s; error_type=exhausted"", ""key_name"": ""ours""}",1,0
5266,1787430613.3450081,WARN,cost_inefficiency,"Using openrouter for glm-5.2 ($0.97/M), routstrd cheaper ($0.53/M)","1991 calls / 110,429,671 tokens on openrouter at $0.97/M. routstrd available at $0.53/M — potential savings $48.59/24h. Top up routstrd if depleted.",1,0
5267,1787430682.2160087,WARN,key_backoff,ours exhausted failure #1,"{""detail"": ""backoff 2.0s; error_type=exhausted"", ""key_name"": ""ours""}",1,0
5268,1787430682.2297752,WARN,key_backoff,ours exhausted failure #2,"{""detail"": ""backoff 4.0s; error_type=exhausted"", ""key_name"": ""ours""}",1,0
5269,1787430686.4363873,WARN,key_backoff,ours exhausted failure #1,"{""detail"": ""backoff 2.0s; error_type=exhausted"", ""key_name"": ""ours""}",1,0
5270,1787430701.4967082,WARN,key_backoff,ours exhausted failure #1,"{""detail"": ""backoff 2.0s; error_type=exhausted"", ""key_name"": ""ours""}",1,0
5271,1787430702.0416517,WARN,key_backoff,ours exhausted failure #2,"{""detail"": ""backoff 4.0s; error_type=exhausted"", ""key_name"": ""ours""}",1,0
5272,1787430707.8079727,WARN,key_backoff,ours exhausted failure #3,"{""detail"": ""backoff 8.0s; error_type=exhausted"", ""key_name"": ""ours""}",1,0
5273,1787430722.3347616,WARN,key_backoff,ours exhausted failure #4,"{""detail"": ""backoff 16.0s; error_type=exhausted"", ""key_name"": ""ours""}",1,0
5274,1787430739.0332816,WARN,key_backoff,ours exhausted failure #5,"{""detail"": ""backoff 32.0s; error_type=exhausted"", ""key_name"": ""ours""}",1,0
5275,1787430739.0915945,WARN,key_backoff,ours exhausted failure #6,"{""detail"": ""backoff 60.0s; error_type=exhausted"", ""key_name"": ""ours""}",1,0
5276,1787430739.1327662,WARN,key_backoff,ours exhausted failure #7,"{""detail"": ""backoff 60.0s; error_type=exhausted"", ""key_name"": ""ours""}",1,0
5277,1787430739.1329732,CRITICAL,KEY_DEAD,ours reached 7 consecutive failures,"{""detail"": ""backoff 60.0s; likely dead"", ""key_name"": ""ours""}",1,0
5278,1787430739.3870237,WARN,key_backoff,ours exhausted failure #8,"{""detail"": ""backoff 60.0s; error_type=exhausted"", ""key_name"": ""ours""}",1,0
5279,1787430739.5337877,WARN,key_backoff,ours exhausted failure #9,"{""detail"": ""backoff 60.0s; error_type=exhausted"", ""key_name"": ""ours""}",1,0
5280,1787430818.9756932,WARN,key_backoff,ours exhausted failure #1,"{""detail"": ""backoff 2.0s; error_type=exhausted"", ""key_name"": ""ours""}",1,0
5281,1787430819.1609414,WARN,key_backoff,ours exhausted failure #2,"{""detail"": ""backoff 4.0s; error_type=exhausted"", ""key_name"": ""ours""}",1,0
5282,1787430819.3344452,WARN,key_backoff,ours exhausted failure #3,"{""detail"": ""backoff 8.0s; error_type=exhausted"", ""key_name"": ""ours""}",1,0
5283,1787430819.3969984,WARN,key_backoff,ours exhausted failure #4,"{""detail"": ""backoff 16.0s; error_type=exhausted"", ""key_name"": ""ours""}",1,0
5284,1787430819.4488623,WARN,key_backoff,ours exhausted failure #5,"{""detail"": ""backoff 32.0s; error_type=exhausted"", ""key_name"": ""ours""}",1,0
5285,1787430819.4901996,WARN,key_backoff,ours exhausted failure #6,"{""detail"": ""backoff 60.0s; error_type=exhausted"", ""key_name"": ""ours""}",1,0
5286,1787430825.2690046,WARN,key_backoff,ours exhausted failure #1,"{""detail"": ""backoff 2.0s; error_type=exhausted"", ""key_name"": ""ours""}",1,0
5287,1787430828.2841427,WARN,key_backoff,ours exhausted failure #2,"{""detail"": ""backoff 4.0s; error_type=exhausted"", ""key_name"": ""ours""}",1,0
5288,1787430883.4954064,WARN,key_backoff,ours exhausted failure #3,"{""detail"": ""backoff 8.0s; error_type=exhausted"", ""key_name"": ""ours""}",1,0
5289,1787430883.5055838,WARN,key_backoff,ours exhausted failure #4,"{""detail"": ""backoff 16.0s; error_type=exhausted"", ""key_name"": ""ours""}",1,0
5290,1787430883.5186467,WARN,key_backoff,ours exhausted failure #5,"{""detail"": ""backoff 32.0s; error_type=exhausted"", ""key_name"": ""ours""}",1,0
5291,1787430883.5273678,WARN,key_backoff,ours exhausted failure #6,"{""detail"": ""backoff 60.0s; error_type=exhausted"", ""key_name"": ""ours""}",1,0
5292,1787430883.5533814,WARN,key_backoff,ours exhausted failure #7,"{""detail"": ""backoff 60.0s; error_type=exhausted"", ""key_name"": ""ours""}",1,0
5293,1787430883.5535116,CRITICAL,KEY_DEAD,ours reached 7 consecutive failures,"{""detail"": ""backoff 60.0s; likely dead"", ""key_name"": ""ours""}",1,0
5294,1787430944.2979677,WARN,key_backoff,ours exhausted failure #8,"{""detail"": ""backoff 60.0s; error_type=exhausted"", ""key_name"": ""ours""}",1,0
5295,1787430944.313426,WARN,key_backoff,ours exhausted failure #9,"{""detail"": ""backoff 60.0s; error_type=exhausted"", ""key_name"": ""ours""}",1,0
5296,1787430944.5021002,WARN,key_backoff,ours exhausted failure #10,"{""detail"": ""backoff 60.0s; error_type=exhausted"", ""key_name"": ""ours""}",1,0
5297,1787430944.766241,WARN,key_backoff,ours exhausted failure #11,"{""detail"": ""backoff 60.0s; error_type=exhausted"", ""key_name"": ""ours""}",1,0
5298,1787431010.3359616,WARN,key_backoff,ours exhausted failure #12,"{""detail"": ""backoff 60.0s; error_type=exhausted"", ""key_name"": ""ours""}",1,0
5299,1787431073.401688,WARN,key_backoff,ours exhausted failure #13,"{""detail"": ""backoff 60.0s; error_type=exhausted"", ""key_name"": ""ours""}",1,0
5300,1787431134.4893904,WARN,key_backoff,ours exhausted failure #14,"{""detail"": ""backoff 60.0s; error_type=exhausted"", ""key_name"": ""ours""}",1,0
5301,1787431134.59005,WARN,key_backoff,ours exhausted failure #15,"{""detail"": ""backoff 60.0s; error_type=exhausted"", ""key_name"": ""ours""}",1,0
5302,1787431195.971614,WARN,key_backoff,ours exhausted failure #16,"{""detail"": ""backoff 60.0s; error_type=exhausted"", ""key_name"": ""ours""}",1,0
5303,1787431257.8355165,WARN,key_backoff,ours exhausted failure #17,"{""detail"": ""backoff 60.0s; error_type=exhausted"", ""key_name"": ""ours""}",1,0
5304,1787431319.1112242,WARN,key_backoff,ours exhausted failure #18,"{""detail"": ""backoff 60.0s; error_type=exhausted"", ""key_name"": ""ours""}",1,0
5305,1787431319.7378314,WARN,key_backoff,ours exhausted failure #19,"{""detail"": ""backoff 60.0s; error_type=exhausted"", ""key_name"": ""ours""}",1,0
5306,1787431319.9309826,WARN,key_backoff,ours exhausted failure #20,"{""detail"": ""backoff 60.0s; error_type=exhausted"", ""key_name"": ""ours""}",1,0
5307,1787431383.48607,WARN,key_backoff,ours exhausted failure #21,"{""detail"": ""backoff 60.0s; error_type=exhausted"", ""key_name"": ""ours""}",1,0
5308,1787431444.8137233,WARN,key_backoff,ours exhausted failure #22,"{""detail"": ""backoff 60.0s; error_type=exhausted"", ""key_name"": ""ours""}",1,0
5309,1787431505.4931824,WARN,key_backoff,ours exhausted failure #23,"{""detail"": ""backoff 60.0s; error_type=exhausted"", ""key_name"": ""ours""}",1,0
5310,1787431574.0029855,WARN,key_backoff,ours exhausted failure #24,"{""detail"": ""backoff 60.0s; error_type=exhausted"", ""key_name"": ""ours""}",1,0
5311,1787431645.2035708,WARN,key_backoff,ours exhausted failure #25,"{""detail"": ""backoff 60.0s; error_type=exhausted"", ""key_name"": ""ours""}",1,0
5312,1787431645.2186537,WARN,key_backoff,ours exhausted failure #26,"{""detail"": ""backoff 60.0s; error_type=exhausted"", ""key_name"": ""ours""}",1,0
5313,1787431645.2320175,WARN,key_backoff,ours exhausted failure #27,"{""detail"": ""backoff 60.0s; error_type=exhausted"", ""key_name"": ""ours""}",1,0
5314,1787431645.2593985,WARN,key_backoff,ours exhausted failure #28,"{""detail"": ""backoff 60.0s; error_type=exhausted"", ""key_name"": ""ours""}",1,0
5315,1787431645.3363416,WARN,key_backoff,ours exhausted failure #29,"{""detail"": ""backoff 60.0s; error_type=exhausted"", ""key_name"": ""ours""}",1,0
5316,1787431645.3496518,WARN,key_backoff,ours exhausted failure #30,"{""detail"": ""backoff 60.0s; error_type=exhausted"", ""key_name"": ""ours""}",1,0
5317,1787431645.3677645,WARN,key_backoff,ours exhausted failure #31,"{""detail"": ""backoff 60.0s; error_type=exhausted"", ""key_name"": ""ours""}",1,0
5318,1787431645.3955503,WARN,key_backoff,ours exhausted failure #32,"{""detail"": ""backoff 60.0s; error_type=exhausted"", ""key_name"": ""ours""}",1,0
5319,1787431645.5950203,WARN,key_backoff,ours exhausted failure #33,"{""detail"": ""backoff 60.0s; error_type=exhausted"", ""key_name"": ""ours""}",1,0
5320,1787431645.6313396,WARN,key_backoff,ours exhausted failure #34,"{""detail"": ""backoff 60.0s; error_type=exhausted"", ""key_name"": ""ours""}",1,0
5321,1787431645.6545606,WARN,key_backoff,ours exhausted failure #35,"{""detail"": ""backoff 60.0s; error_type=exhausted"", ""key_name"": ""ours""}",1,0
5322,1787431711.2016838,WARN,key_backoff,ours exhausted failure #36,"{""detail"": ""backoff 60.0s; error_type=exhausted"", ""key_name"": ""ours""}",1,0
5323,1787431711.7342756,WARN,key_backoff,ours exhausted failure #37,"{""detail"": ""backoff 60.0s; error_type=exhausted"", ""key_name"": ""ours""}",1,0
5324,1787431774.281078,WARN,key_backoff,ours exhausted failure #38,"{""detail"": ""backoff 60.0s; error_type=exhausted"", ""key_name"": ""ours""}",1,0
5325,1787431842.953887,WARN,key_backoff,ours exhausted failure #39,"{""detail"": ""backoff 60.0s; error_type=exhausted"", ""key_name"": ""ours""}",1,0
5326,1787431843.255519,WARN,key_backoff,ours exhausted failure #40,"{""detail"": ""backoff 60.0s; error_type=exhausted"", ""key_name"": ""ours""}",1,0
5327,1787431843.3564534,WARN,key_backoff,ours exhausted failure #41,"{""detail"": ""backoff 60.0s; error_type=exhausted"", ""key_name"": ""ours""}",1,0
5328,1787431843.466307,WARN,key_backoff,ours exhausted failure #42,"{""detail"": ""backoff 60.0s; error_type=exhausted"", ""key_name"": ""ours""}",1,0
5329,1787431843.5003753,WARN,key_backoff,ours exhausted failure #43,"{""detail"": ""backoff 60.0s; error_type=exhausted"", ""key_name"": ""ours""}",1,0
5330,1787431843.5266542,WARN,key_backoff,ours exhausted failure #44,"{""detail"": ""backoff 60.0s; error_type=exhausted"", ""key_name"": ""ours""}",1,0
5331,1787431843.5274494,WARN,key_backoff,ours exhausted failure #45,"{""detail"": ""backoff 60.0s; error_type=exhausted"", ""key_name"": ""ours""}",1,0
5332,1787431843.634058,WARN,key_backoff,ours exhausted failure #46,"{""detail"": ""backoff 60.0s; error_type=exhausted"", ""key_name"": ""ours""}",1,0
5333,1787431843.6386795,WARN,key_backoff,ours exhausted failure #47,"{""detail"": ""backoff 60.0s; error_type=exhausted"", ""key_name"": ""ours""}",1,0
5334,1787431843.6861446,WARN,key_backoff,ours exhausted failure #48,"{""detail"": ""backoff 60.0s; error_type=exhausted"", ""key_name"": ""ours""}",1,0
5335,1787431843.6983647,WARN,key_backoff,ours exhausted failure #49,"{""detail"": ""backoff 60.0s; error_type=exhausted"", ""key_name"": ""ours""}",1,0
5336,1787431843.713096,WARN,key_backoff,ours exhausted failure #50,"{""detail"": ""backoff 60.0s; error_type=exhausted"", ""key_name"": ""ours""}",1,0
5337,1787431843.7717705,WARN,key_backoff,ours exhausted failure #51,"{""detail"": ""backoff 60.0s; error_type=exhausted"", ""key_name"": ""ours""}",1,0
5338,1787431910.598016,WARN,key_backoff,ours exhausted failure #52,"{""detail"": ""backoff 60.0s; error_type=exhausted"", ""key_name"": ""ours""}",1,0
5339,1787431977.968271,WARN,key_backoff,ours exhausted failure #53,"{""detail"": ""backoff 60.0s; error_type=exhausted"", ""key_name"": ""ours""}",1,0
5340,1787431978.026356,WARN,key_backoff,ours exhausted failure #54,"{""detail"": ""backoff 60.0s; error_type=exhausted"", ""key_name"": ""ours""}",1,0
5341,1787431978.0411103,WARN,key_backoff,ours exhausted failure #55,"{""detail"": ""backoff 60.0s; error_type=exhausted"", ""key_name"": ""ours""}",1,0
5342,1787431978.1141658,WARN,key_backoff,ours exhausted failure #56,"{""detail"": ""backoff 60.0s; error_type=exhausted"", ""key_name"": ""ours""}",1,0
5343,1787432046.6594334,WARN,key_backoff,ours exhausted failure #57,"{""detail"": ""backoff 60.0s; error_type=exhausted"", ""key_name"": ""ours""}",1,0
5344,1787432046.6914105,WARN,key_backoff,ours exhausted failure #58,"{""detail"": ""backoff 60.0s; error_type=exhausted"", ""key_name"": ""ours""}",1,0
5345,1787432046.7056153,WARN,key_backoff,ours exhausted failure #59,"{""detail"": ""backoff 60.0s; error_type=exhausted"", ""key_name"": ""ours""}",1,0
5346,1787432108.7178798,WARN,key_backoff,ours exhausted failure #60,"{""detail"": ""backoff 60.0s; error_type=exhausted"", ""key_name"": ""ours""}",1,0
5347,1787432171.5859876,WARN,key_backoff,ours exhausted failure #61,"{""detail"": ""backoff 60.0s; error_type=exhausted"", ""key_name"": ""ours""}",1,0
5348,1787432171.6254807,WARN,key_backoff,ours exhausted failure #62,"{""detail"": ""backoff 60.0s; error_type=exhausted"", ""key_name"": ""ours""}",1,0
5349,1787432171.6326754,WARN,key_backoff,ours exhausted failure #63,"{""detail"": ""backoff 60.0s; error_type=exhausted"", ""key_name"": ""ours""}",1,0
5350,1787432171.711415,WARN,key_backoff,ours exhausted failure #64,"{""detail"": ""backoff 60.0s; error_type=exhausted"", ""key_name"": ""ours""}",1,0
5351,1787432246.1162045,WARN,key_backoff,ours exhausted failure #65,"{""detail"": ""backoff 60.0s; error_type=exhausted"", ""key_name"": ""ours""}",1,0
5352,1787432316.6412838,WARN,key_backoff,ours exhausted failure #66,"{""detail"": ""backoff 60.0s; error_type=exhausted"", ""key_name"": ""ours""}",1,0
5353,1787432381.737026,WARN,key_backoff,ours exhausted failure #67,"{""detail"": ""backoff 60.0s; error_type=exhausted"", ""key_name"": ""ours""}",1,0
5354,1787432412.3741465,WARN,cost_inefficiency,"Using openrouter for glm-5.2 ($0.97/M), routstrd cheaper ($0.53/M)","1991 calls / 110,429,671 tokens on openrouter at $0.97/M. routstrd available at $0.53/M — potential savings $48.59/24h. Top up routstrd if depleted.",1,0
5355,1787432444.9152188,WARN,key_backoff,ours exhausted failure #68,"{""detail"": ""backoff 60.0s; error_type=exhausted"", ""key_name"": ""ours""}",1,0
5356,1787432445.1567557,WARN,key_backoff,ours exhausted failure #69,"{""detail"": ""backoff 60.0s; error_type=exhausted"", ""key_name"": ""ours""}",1,0
5357,1787432445.740914,WARN,key_backoff,ours exhausted failure #70,"{""detail"": ""backoff 60.0s; error_type=exhausted"", ""key_name"": ""ours""}",1,0
5358,1787432445.8369226,WARN,key_backoff,ours exhausted failure #71,"{""detail"": ""backoff 60.0s; error_type=exhausted"", ""key_name"": ""ours""}",1,0
5359,1787432508.6804876,WARN,key_backoff,ours exhausted failure #72,"{""detail"": ""backoff 60.0s; error_type=exhausted"", ""key_name"": ""ours""}",1,0
5360,1787432508.7628195,WARN,key_backoff,ours exhausted failure #73,"{""detail"": ""backoff 60.0s; error_type=exhausted"", ""key_name"": ""ours""}",1,0
5361,1787432508.7942214,WARN,key_backoff,ours exhausted failure #74,"{""detail"": ""backoff 60.0s; error_type=exhausted"", ""key_name"": ""ours""}",1,0
5362,1787432508.8279583,WARN,key_backoff,ours exhausted failure #75,"{""detail"": ""backoff 60.0s; error_type=exhausted"", ""key_name"": ""ours""}",1,0
5363,1787432508.8507593,WARN,key_backoff,ours exhausted failure #76,"{""detail"": ""backoff 60.0s; error_type=exhausted"", ""key_name"": ""ours""}",1,0
5364,1787432569.6739476,WARN,key_backoff,ours exhausted failure #77,"{""detail"": ""backoff 60.0s; error_type=exhausted"", ""key_name"": ""ours""}",1,0
5365,1787432569.6904714,WARN,key_backoff,ours exhausted failure #78,"{""detail"": ""backoff 60.0s; error_type=exhausted"", ""key_name"": ""ours""}",1,0
5366,1787432571.9204075,WARN,key_backoff,ours exhausted failure #79,"{""detail"": ""backoff 60.0s; error_type=exhausted"", ""key_name"": ""ours""}",1,0
5367,1787432632.6111507,WARN,key_backoff,ours exhausted failure #80,"{""detail"": ""backoff 60.0s; error_type=exhausted"", ""key_name"": ""ours""}",1,0
5368,1787432632.6486068,WARN,key_backoff,ours exhausted failure #81,"{""detail"": ""backoff 60.0s; error_type=exhausted"", ""key_name"": ""ours""}",1,0
5369,1787432632.679713,WARN,key_backoff,ours exhausted failure #82,"{""detail"": ""backoff 60.0s; error_type=exhausted"", ""key_name"": ""ours""}",1,0
5370,1787432632.7252765,WARN,key_backoff,ours exhausted failure #83,"{""detail"": ""backoff 60.0s; error_type=exhausted"", ""key_name"": ""ours""}",1,0
5371,1787432632.7574263,WARN,key_backoff,ours exhausted failure #84,"{""detail"": ""backoff 60.0s; error_type=exhausted"", ""key_name"": ""ours""}",1,0
5372,1787432632.7816694,WARN,key_backoff,ours exhausted failure #85,"{""detail"": ""backoff 60.0s; error_type=exhausted"", ""key_name"": ""ours""}",1,0
5373,1787432632.8618317,WARN,key_backoff,ours exhausted failure #86,"{""detail"": ""backoff 60.0s; error_type=exhausted"", ""key_name"": ""ours""}",1,0
5374,1787432632.872171,WARN,key_backoff,ours exhausted failure #87,"{""detail"": ""backoff 60.0s; error_type=exhausted"", ""key_name"": ""ours""}",1,0
5375,1787432632.894136,WARN,key_backoff,ours exhausted failure #88,"{""detail"": ""backoff 60.0s; error_type=exhausted"", ""key_name"": ""ours""}",1,0
5376,1787432632.9190357,WARN,key_backoff,ours exhausted failure #89,"{""detail"": ""backoff 60.0s; error_type=exhausted"", ""key_name"": ""ours""}",1,0
5377,1787432632.9597678,WARN,key_backoff,ours exhausted failure #90,"{""detail"": ""backoff 60.0s; error_type=exhausted"", ""key_name"": ""ours""}",1,0
5378,1787432632.9899054,WARN,key_backoff,ours exhausted failure #91,"{""detail"": ""backoff 60.0s; error_type=exhausted"", ""key_name"": ""ours""}",1,0
5379,1787432632.9980013,WARN,key_backoff,ours exhausted failure #92,"{""detail"": ""backoff 60.0s; error_type=exhausted"", ""key_name"": ""ours""}",1,0
5380,1787432633.01703,WARN,key_backoff,ours exhausted failure #93,"{""detail"": ""backoff 60.0s; error_type=exhausted"", ""key_name"": ""ours""}",1,0
5381,1787432633.1077068,WARN,key_backoff,ours exhausted failure #94,"{""detail"": ""backoff 60.0s; error_type=exhausted"", ""key_name"": ""ours""}",1,0
5382,1787432633.1239555,WARN,key_backoff,ours exhausted failure #95,"{""detail"": ""backoff 60.0s; error_type=exhausted"", ""key_name"": ""ours""}",1,0
5383,1787432633.1495786,WARN,key_backoff,ours exhausted failure #96,"{""detail"": ""backoff 60.0s; error_type=exhausted"", ""key_name"": ""ours""}",1,0
5384,1787432706.2160187,WARN,key_backoff,ours exhausted failure #97,"{""detail"": ""backoff 60.0s; error_type=exhausted"", ""key_name"": ""ours""}",1,0
5385,1787432706.3095737,WARN,key_backoff,ours exhausted failure #98,"{""detail"": ""backoff 60.0s; error_type=exhausted"", ""key_name"": ""ours""}",1,0
5386,1787432706.5700364,WARN,key_backoff,ours exhausted failure #99,"{""detail"": ""backoff 60.0s; error_type=exhausted"", ""key_name"": ""ours""}",1,0
5387,1787432770.8622053,WARN,key_backoff,ours exhausted failure #100,"{""detail"": ""backoff 60.0s; error_type=exhausted"", ""key_name"": ""ours""}",1,0
5388,1787432770.9015193,WARN,key_backoff,ours exhausted failure #102,"{""detail"": ""backoff 60.0s; error_type=exhausted"", ""key_name"": ""ours""}",1,0
5389,1787432770.902265,WARN,key_backoff,ours exhausted failure #101,"{""detail"": ""backoff 60.0s; error_type=exhausted"", ""key_name"": ""ours""}",1,0
5390,1787432770.957671,WARN,key_backoff,ours exhausted failure #103,"{""detail"": ""backoff 60.0s; error_type=exhausted"", ""key_name"": ""ours""}",1,0
5391,1787432771.145027,WARN,key_backoff,ours exhausted failure #104,"{""detail"": ""backoff 60.0s; error_type=exhausted"", ""key_name"": ""ours""}",1,0
5392,1787432833.6493192,WARN,key_backoff,ours exhausted failure #105,"{""detail"": ""backoff 60.0s; error_type=exhausted"", ""key_name"": ""ours""}",1,0
5393,1787432894.7491558,WARN,key_backoff,ours exhausted failure #106,"{""detail"": ""backoff 60.0s; error_type=exhausted"", ""key_name"": ""ours""}",1,0
5394,1787432895.0678415,WARN,key_backoff,ours exhausted failure #107,"{""detail"": ""backoff 60.0s; error_type=exhausted"", ""key_name"": ""ours""}",1,0
5395,1787432895.0749776,WARN,key_backoff,ours exhausted failure #108,"{""detail"": ""backoff 60.0s; error_type=exhausted"", ""key_name"": ""ours""}",1,0
5396,1787432895.1176643,WARN,key_backoff,ours exhausted failure #109,"{""detail"": ""backoff 60.0s; error_type=exhausted"", ""key_name"": ""ours""}",1,0
5397,1787432959.780364,WARN,key_backoff,ours exhausted failure #110,"{""detail"": ""backoff 60.0s; error_type=exhausted"", ""key_name"": ""ours""}",1,0
5398,1787433026.3993127,WARN,key_backoff,ours exhausted failure #111,"{""detail"": ""backoff 60.0s; error_type=exhausted"", ""key_name"": ""ours""}",1,0
5399,1787433089.1622162,WARN,key_backoff,ours exhausted failure #112,"{""detail"": ""backoff 60.0s; error_type=exhausted"", ""key_name"": ""ours""}",1,0
5400,1787433151.6050618,WARN,key_backoff,ours exhausted failure #113,"{""detail"": ""backoff 60.0s; error_type=exhausted"", ""key_name"": ""ours""}",1,0
5401,1787433216.4401982,WARN,key_backoff,ours exhausted failure #114,"{""detail"": ""backoff 60.0s; error_type=exhausted"", ""key_name"": ""ours""}",1,0
5402,1787433277.3035507,WARN,key_backoff,ours exhausted failure #115,"{""detail"": ""backoff 60.0s; error_type=exhausted"", ""key_name"": ""ours""}",1,0
5403,1787433353.4442163,WARN,key_backoff,ours exhausted failure #116,"{""detail"": ""backoff 60.0s; error_type=exhausted"", ""key_name"": ""ours""}",1,0
5404,1787433353.5160072,WARN,key_backoff,ours exhausted failure #117,"{""detail"": ""backoff 60.0s; error_type=exhausted"", ""key_name"": ""ours""}",1,0
5405,1787433353.8102002,WARN,key_backoff,ours exhausted failure #118,"{""detail"": ""backoff 60.0s; error_type=exhausted"", ""key_name"": ""ours""}",1,0
5406,1787433422.3233223,WARN,key_backoff,ours exhausted failure #119,"{""detail"": ""backoff 60.0s; error_type=exhausted"", ""key_name"": ""ours""}",1,0
5407,1787433489.1905024,WARN,key_backoff,ours exhausted failure #120,"{""detail"": ""backoff 60.0s; error_type=exhausted"", ""key_name"": ""ours""}",1,0
5408,1787433551.2368608,WARN,key_backoff,ours exhausted failure #121,"{""detail"": ""backoff 60.0s; error_type=exhausted"", ""key_name"": ""ours""}",1,0
5409,1787433612.0199568,WARN,key_backoff,ours exhausted failure #122,"{""detail"": ""backoff 60.0s; error_type=exhausted"", ""key_name"": ""ours""}",1,0
5410,1787433612.1182396,WARN,key_backoff,ours exhausted failure #123,"{""detail"": ""backoff 60.0s; error_type=exhausted"", ""key_name"": ""ours""}",1,0
5411,1787433612.2456973,WARN,key_backoff,ours exhausted failure #124,"{""detail"": ""backoff 60.0s; error_type=exhausted"", ""key_name"": ""ours""}",1,0
5412,1787433674.6095088,WARN,key_backoff,ours exhausted failure #125,"{""detail"": ""backoff 60.0s; error_type=exhausted"", ""key_name"": ""ours""}",1,0
5413,1787433674.6683533,WARN,key_backoff,ours exhausted failure #128,"{""detail"": ""backoff 60.0s; error_type=exhausted"", ""key_name"": ""ours""}",1,0
5414,1787433674.6698668,WARN,key_backoff,ours exhausted failure #127,"{""detail"": ""backoff 60.0s; error_type=exhausted"", ""key_name"": ""ours""}",1,0
5415,1787433674.6706448,WARN,key_backoff,ours exhausted failure #129,"{""detail"": ""backoff 60.0s; error_type=exhausted"", ""key_name"": ""ours""}",1,0
5416,1787433674.671693,WARN,key_backoff,ours exhausted failure #131,"{""detail"": ""backoff 60.0s; error_type=exhausted"", ""key_name"": ""ours""}",1,0
5417,1787433674.672267,WARN,key_backoff,ours exhausted failure #126,"{""detail"": ""backoff 60.0s; error_type=exhausted"", ""key_name"": ""ours""}",1,0
5418,1787433674.673357,WARN,key_backoff,ours exhausted failure #130,"{""detail"": ""backoff 60.0s; error_type=exhausted"", ""key_name"": ""ours""}",1,0
5419,1787433674.6925762,WARN,key_backoff,ours exhausted failure #132,"{""detail"": ""backoff 60.0s; error_type=exhausted"", ""key_name"": ""ours""}",1,0
5420,1787433674.7307646,WARN,key_backoff,ours exhausted failure #133,"{""detail"": ""backoff 60.0s; error_type=exhausted"", ""key_name"": ""ours""}",1,0
5421,1787433737.3627648,WARN,key_backoff,ours exhausted failure #134,"{""detail"": ""backoff 60.0s; error_type=exhausted"", ""key_name"": ""ours""}",1,0
5422,1787433737.8389769,WARN,key_backoff,ours exhausted failure #135,"{""detail"": ""backoff 60.0s; error_type=exhausted"", ""key_name"": ""ours""}",1,0
5423,1787433799.3423893,WARN,key_backoff,ours exhausted failure #136,"{""detail"": ""backoff 60.0s; error_type=exhausted"", ""key_name"": ""ours""}",1,0
5424,1787433799.9127007,WARN,key_backoff,ours exhausted failure #137,"{""detail"": ""backoff 60.0s; error_type=exhausted"", ""key_name"": ""ours""}",1,0
5425,1787433866.2359908,WARN,key_backoff,ours exhausted failure #138,"{""detail"": ""backoff 60.0s; error_type=exhausted"", ""key_name"": ""ours""}",1,0
5426,1787433936.0400178,WARN,key_backoff,ours exhausted failure #139,"{""detail"": ""backoff 60.0s; error_type=exhausted"", ""key_name"": ""ours""}",1,0
5427,1787433998.2348678,WARN,key_backoff,ours exhausted failure #140,"{""detail"": ""backoff 60.0s; error_type=exhausted"", ""key_name"": ""ours""}",1,0
5428,1787433998.3977172,WARN,key_backoff,ours exhausted failure #141,"{""detail"": ""backoff 60.0s; error_type=exhausted"", ""key_name"": ""ours""}",1,0
5429,1787434060.5856972,WARN,key_backoff,ours exhausted failure #142,"{""detail"": ""backoff 60.0s; error_type=exhausted"", ""key_name"": ""ours""}",1,0
5430,1787434121.5706747,WARN,key_backoff,ours exhausted failure #143,"{""detail"": ""backoff 60.0s; error_type=exhausted"", ""key_name"": ""ours""}",1,0
5431,1787434121.714672,WARN,key_backoff,ours exhausted failure #144,"{""detail"": ""backoff 60.0s; error_type=exhausted"", ""key_name"": ""ours""}",1,0
5432,1787434183.1533713,WARN,key_backoff,ours exhausted failure #145,"{""detail"": ""backoff 60.0s; error_type=exhausted"", ""key_name"": ""ours""}",1,0
5433,1787434213.30376,WARN,cost_inefficiency,"Using openrouter for glm-5.2 ($0.97/M), routstrd cheaper ($0.53/M)","1991 calls / 110,429,671 tokens on openrouter at $0.97/M. routstrd available at $0.53/M — potential savings $48.59/24h. Top up routstrd if depleted.",1,0
5434,1787434246.894597,WARN,key_backoff,ours exhausted failure #146,"{""detail"": ""backoff 60.0s; error_type=exhausted"", ""key_name"": ""ours""}",1,0
5435,1787434247.8353043,WARN,key_backoff,ours exhausted failure #147,"{""detail"": ""backoff 60.0s; error_type=exhausted"", ""key_name"": ""ours""}",1,0
5436,1787434318.232728,WARN,key_backoff,ours exhausted failure #148,"{""detail"": ""backoff 60.0s; error_type=exhausted"", ""key_name"": ""ours""}",1,0
5437,1787434378.8961074,WARN,key_backoff,ours exhausted failure #149,"{""detail"": ""backoff 60.0s; error_type=exhausted"", ""key_name"": ""ours""}",1,0
5438,1787434378.9093072,WARN,key_backoff,ours exhausted failure #150,"{""detail"": ""backoff 60.0s; error_type=exhausted"", ""key_name"": ""ours""}",1,0
5439,1787434379.1118367,WARN,key_backoff,ours exhausted failure #151,"{""detail"": ""backoff 60.0s; error_type=exhausted"", ""key_name"": ""ours""}",1,0
5440,1787434379.2017686,WARN,key_backoff,ours exhausted failure #152,"{""detail"": ""backoff 60.0s; error_type=exhausted"", ""key_name"": ""ours""}",1,0
5441,1787434379.2277408,WARN,key_backoff,ours exhausted failure #153,"{""detail"": ""backoff 60.0s; error_type=exhausted"", ""key_name"": ""ours""}",1,0
5442,1787434379.2374995,WARN,key_backoff,ours exhausted failure #154,"{""detail"": ""backoff 60.0s; error_type=exhausted"", ""key_name"": ""ours""}",1,0
5443,1787434379.2415907,WARN,key_backoff,ours exhausted failure #155,"{""detail"": ""backoff 60.0s; error_type=exhausted"", ""key_name"": ""ours""}",1,0
5444,1787434379.315837,WARN,key_backoff,ours exhausted failure #156,"{""detail"": ""backoff 60.0s; error_type=exhausted"", ""key_name"": ""ours""}",1,0
5445,1787434379.3298862,WARN,key_backoff,ours exhausted failure #157,"{""detail"": ""backoff 60.0s; error_type=exhausted"", ""key_name"": ""ours""}",1,0
5446,1787434379.3508446,WARN,key_backoff,ours exhausted failure #158,"{""detail"": ""backoff 60.0s; error_type=exhausted"", ""key_name"": ""ours""}",1,0
5447,1787434379.4078832,WARN,key_backoff,ours exhausted failure #159,"{""detail"": ""backoff 60.0s; error_type=exhausted"", ""key_name"": ""ours""}",1,0
5448,1787434379.41595,WARN,key_backoff,ours exhausted failure #160,"{""detail"": ""backoff 60.0s; error_type=exhausted"", ""key_name"": ""ours""}",1,0
5449,1787434379.4581616,WARN,key_backoff,ours exhausted failure #161,"{""detail"": ""backoff 60.0s; error_type=exhausted"", ""key_name"": ""ours""}",1,0
5450,1787434440.2037995,WARN,key_backoff,ours exhausted failure #162,"{""detail"": ""backoff 60.0s; error_type=exhausted"", ""key_name"": ""ours""}",1,0
5451,1787434507.0642715,WARN,key_backoff,ours exhausted failure #163,"{""detail"": ""backoff 60.0s; error_type=exhausted"", ""key_name"": ""ours""}",1,0
5452,1787434568.5466337,WARN,key_backoff,ours exhausted failure #164,"{""detail"": ""backoff 60.0s; error_type=exhausted"", ""key_name"": ""ours""}",1,0
5453,1787434568.8313453,WARN,key_backoff,ours exhausted failure #165,"{""detail"": ""backoff 60.0s; error_type=exhausted"", ""key_name"": ""ours""}",1,0
5454,1787434677.1034162,WARN,key_backoff,ours exhausted failure #1,"{""detail"": ""backoff 2.0s; error_type=exhausted"", ""key_name"": ""ours""}",1,0
5455,1787434677.1274815,WARN,key_backoff,ours exhausted failure #2,"{""detail"": ""backoff 4.0s; error_type=exhausted"", ""key_name"": ""ours""}",1,0
5456,1787434703.0435276,WARN,key_backoff,ours exhausted failure #3,"{""detail"": ""backoff 8.0s; error_type=exhausted"", ""key_name"": ""ours""}",1,0
5457,1787434713.816383,WARN,key_backoff,ours exhausted failure #4,"{""detail"": ""backoff 16.0s; error_type=exhausted"", ""key_name"": ""ours""}",1,0
5458,1787434733.7583828,WARN,key_backoff,ours exhausted failure #5,"{""detail"": ""backoff 32.0s; error_type=exhausted"", ""key_name"": ""ours""}",1,0
5459,1787434769.6489644,WARN,key_backoff,ours exhausted failure #6,"{""detail"": ""backoff 60.0s; error_type=exhausted"", ""key_name"": ""ours""}",1,0
5460,1787435112.0619621,WARN,key_backoff,ours exhausted failure #7,"{""detail"": ""backoff 60.0s; error_type=exhausted"", ""key_name"": ""ours""}",1,0
5461,1787435112.0620763,CRITICAL,KEY_DEAD,ours reached 7 consecutive failures,"{""detail"": ""backoff 60.0s; likely dead"", ""key_name"": ""ours""}",1,0
5462,1787435173.0441866,WARN,key_backoff,ours exhausted failure #8,"{""detail"": ""backoff 60.0s; error_type=exhausted"", ""key_name"": ""ours""}",1,0
5463,1787435255.9080925,WARN,key_backoff,ours exhausted failure #9,"{""detail"": ""backoff 60.0s; error_type=exhausted"", ""key_name"": ""ours""}",1,0
5464,1787435317.5156665,WARN,key_backoff,ours exhausted failure #10,"{""detail"": ""backoff 60.0s; error_type=exhausted"", ""key_name"": ""ours""}",1,0
5465,1787435401.356045,WARN,key_backoff,ours exhausted failure #1,"{""detail"": ""backoff 2.0s; error_type=exhausted"", ""key_name"": ""ours""}",1,0
5466,1787435405.5493689,warning,circuit_breaker,Circuit breaker: cost-gate-reform/t_91282411 (3 consecutive crashed runs),"{""last_error"": ""worker exited cleanly (rc=0) without calling kanban_complete or kanban_block \u2014 protocol violation"", ""run_count"": 48, ""crashed_runs"": 17, ""profile"": ""worker-merchant-qa"", ""status_at_trip"": ""running""}",1,0
5467,1787435438.3092377,WARN,key_backoff,ours exhausted failure #1,"{""detail"": ""backoff 2.0s; error_type=exhausted"", ""key_name"": ""ours""}",1,0
5468,1787435483.5900846,WARN,key_backoff,ours exhausted failure #2,"{""detail"": ""backoff 4.0s; error_type=exhausted"", ""key_name"": ""ours""}",1,0
5469,1787435513.366703,WARN,key_backoff,ours exhausted failure #3,"{""detail"": ""backoff 8.0s; error_type=exhausted"", ""key_name"": ""ours""}",1,0
5470,1787435534.3570933,WARN,key_backoff,ours exhausted failure #1,"{""detail"": ""backoff 2.0s; error_type=exhausted"", ""key_name"": ""ours""}",1,0
5471,1787435541.483047,WARN,key_backoff,ours exhausted failure #2,"{""detail"": ""backoff 4.0s; error_type=exhausted"", ""key_name"": ""ours""}",1,0
5472,1787435597.0312715,WARN,key_backoff,ours exhausted failure #3,"{""detail"": ""backoff 8.0s; error_type=exhausted"", ""key_name"": ""ours""}",1,0
5473,1787435619.3913665,WARN,key_backoff,ours exhausted failure #4,"{""detail"": ""backoff 16.0s; error_type=exhausted"", ""key_name"": ""ours""}",1,0
5474,1787435619.8519518,WARN,key_backoff,ours exhausted failure #5,"{""detail"": ""backoff 32.0s; error_type=exhausted"", ""key_name"": ""ours""}",1,0
5475,1787435655.8761976,WARN,key_backoff,ours exhausted failure #6,"{""detail"": ""backoff 60.0s; error_type=exhausted"", ""key_name"": ""ours""}",1,0
5476,1787435809.1404715,WARN,key_backoff,ours exhausted failure #7,"{""detail"": ""backoff 60.0s; error_type=exhausted"", ""key_name"": ""ours""}",1,0
5477,1787435809.1405978,CRITICAL,KEY_DEAD,ours reached 7 consecutive failures,"{""detail"": ""backoff 60.0s; likely dead"", ""key_name"": ""ours""}",1,0
5478,1787435809.2248795,WARN,key_backoff,ours exhausted failure #8,"{""detail"": ""backoff 60.0s; error_type=exhausted"", ""key_name"": ""ours""}",1,0
5479,1787435872.3249502,WARN,key_backoff,ours exhausted failure #9,"{""detail"": ""backoff 60.0s; error_type=exhausted"", ""key_name"": ""ours""}",1,0
5480,1787435936.3296285,WARN,key_backoff,ours exhausted failure #10,"{""detail"": ""backoff 60.0s; error_type=exhausted"", ""key_name"": ""ours""}",1,0
5481,1787435998.090797,WARN,key_backoff,ours exhausted failure #11,"{""detail"": ""backoff 60.0s; error_type=exhausted"", ""key_name"": ""ours""}",1,0
5482,1787436005.4298787,warning,circuit_breaker,Circuit breaker: cost-gate-reform/t_64e4273b (5 consecutive crashed runs),"{""last_error"": ""pid 2112389 not alive"", ""run_count"": 53, ""crashed_runs"": 23, ""profile"": ""worker-admin"", ""status_at_trip"": ""running""}",1,0
5483,1787436012.6502492,WARN,cost_inefficiency,"Using openrouter for glm-5.2 ($0.97/M), routstrd cheaper ($0.53/M)","1991 calls / 110,429,671 tokens on openrouter at $0.97/M. routstrd available at $0.53/M — potential savings $48.59/24h. Top up routstrd if depleted.",1,0
5484,1787436063.5278006,WARN,key_backoff,ours exhausted failure #12,"{""detail"": ""backoff 60.0s; error_type=exhausted"", ""key_name"": ""ours""}",1,0
5485,1787436219.709652,WARN,key_backoff,ours exhausted failure #1,"{""detail"": ""backoff 2.0s; error_type=exhausted"", ""key_name"": ""ours""}",1,0
5486,1787436338.8073683,WARN,key_backoff,ours exhausted failure #1,"{""detail"": ""backoff 2.0s; error_type=exhausted"", ""key_name"": ""ours""}",1,0
5487,1787436400.7861068,WARN,key_backoff,ours exhausted failure #1,"{""detail"": ""backoff 2.0s; error_type=exhausted"", ""key_name"": ""ours""}",1,0
5488,1787436441.0284681,WARN,key_backoff,ours exhausted failure #1,"{""detail"": ""backoff 2.0s; error_type=exhausted"", ""key_name"": ""ours""}",1,0
5489,1787436443.8311975,WARN,key_backoff,opencode_go dead failure #1,"{""detail"": ""backoff 3600s; error_type=dead"", ""key_name"": ""opencode_go""}",1,0
5490,1787436443.8313272,CRITICAL,KEY_DEAD,opencode_go marked dead (auth failure 401/403),"{""detail"": ""backoff 3600s; error_type=dead"", ""key_name"": ""opencode_go""}",1,0
5491,1787436497.620391,WARN,key_backoff,ours exhausted failure #1,"{""detail"": ""backoff 2.0s; error_type=exhausted"", ""key_name"": ""ours""}",1,0
5492,1787436497.6335685,WARN,key_backoff,ours exhausted failure #2,"{""detail"": ""backoff 4.0s; error_type=exhausted"", ""key_name"": ""ours""}",1,0
5493,1787436519.8235595,WARN,key_backoff,ours exhausted failure #1,"{""detail"": ""backoff 2.0s; error_type=exhausted"", ""key_name"": ""ours""}",1,0
5494,1787436519.8528075,WARN,key_backoff,ours exhausted failure #2,"{""detail"": ""backoff 4.0s; error_type=exhausted"", ""key_name"": ""ours""}",1,0
5495,1787436563.5630834,WARN,key_backoff,ours exhausted failure #3,"{""detail"": ""backoff 8.0s; error_type=exhausted"", ""key_name"": ""ours""}",1,0
5496,1787436571.5260262,WARN,key_backoff,opencode_go dead failure #1,"{""detail"": ""backoff 3600s; error_type=dead"", ""key_name"": ""opencode_go""}",1,0
5497,1787436571.5263476,CRITICAL,KEY_DEAD,opencode_go marked dead (auth failure 401/403),"{""detail"": ""backoff 3600s; error_type=dead"", ""key_name"": ""opencode_go""}",1,0
5498,1787436573.6628287,WARN,key_backoff,ours exhausted failure #4,"{""detail"": ""backoff 16.0s; error_type=exhausted"", ""key_name"": ""ours""}",1,0
5499,1787436612.0517538,WARN,key_backoff,ours exhausted failure #5,"{""detail"": ""backoff 32.0s; error_type=exhausted"", ""key_name"": ""ours""}",1,0
5500,1787436633.8916075,WARN,key_backoff,ours exhausted failure #1,"{""detail"": ""backoff 2.0s; error_type=exhausted"", ""key_name"": ""ours""}",1,0
5501,1787436634.0844538,WARN,key_backoff,ours exhausted failure #2,"{""detail"": ""backoff 4.0s; error_type=exhausted"", ""key_name"": ""ours""}",1,0
5502,1787436634.374808,WARN,key_backoff,ours exhausted failure #3,"{""detail"": ""backoff 8.0s; error_type=exhausted"", ""key_name"": ""ours""}",1,0
5503,1787436668.9616644,WARN,key_backoff,ours exhausted failure #4,"{""detail"": ""backoff 16.0s; error_type=exhausted"", ""key_name"": ""ours""}",1,0
5504,1787436695.4385452,WARN,key_backoff,ours exhausted failure #5,"{""detail"": ""backoff 32.0s; error_type=exhausted"", ""key_name"": ""ours""}",1,0
5505,1787436733.7370944,WARN,key_backoff,ours exhausted failure #6,"{""detail"": ""backoff 60.0s; error_type=exhausted"", ""key_name"": ""ours""}",1,0
5506,1787436910.4752963,WARN,key_backoff,ours exhausted failure #7,"{""detail"": ""backoff 60.0s; error_type=exhausted"", ""key_name"": ""ours""}",1,0
5507,1787436910.475887,CRITICAL,KEY_DEAD,ours reached 7 consecutive failures,"{""detail"": ""backoff 60.0s; likely dead"", ""key_name"": ""ours""}",1,0
5508,1787436926.8231752,WARN,key_backoff,opencode_go dead failure #1,"{""detail"": ""backoff 3600s; error_type=dead"", ""key_name"": ""opencode_go""}",1,0
5509,1787436926.8265588,CRITICAL,KEY_DEAD,opencode_go marked dead (auth failure 401/403),"{""detail"": ""backoff 3600s; error_type=dead"", ""key_name"": ""opencode_go""}",1,0
5510,1787436972.5992334,WARN,key_backoff,ours exhausted failure #8,"{""detail"": ""backoff 60.0s; error_type=exhausted"", ""key_name"": ""ours""}",1,0
5511,1787436972.6336508,WARN,key_backoff,ours exhausted failure #9,"{""detail"": ""backoff 60.0s; error_type=exhausted"", ""key_name"": ""ours""}",1,0
5512,1787437034.95608,WARN,key_backoff,ours exhausted failure #10,"{""detail"": ""backoff 60.0s; error_type=exhausted"", ""key_name"": ""ours""}",1,0
5513,1787437035.5829904,WARN,key_backoff,ours exhausted failure #11,"{""detail"": ""backoff 60.0s; error_type=exhausted"", ""key_name"": ""ours""}",1,0
5514,1787437096.3676462,WARN,key_backoff,ours exhausted failure #12,"{""detail"": ""backoff 60.0s; error_type=exhausted"", ""key_name"": ""ours""}",1,0
5515,1787437157.583629,WARN,key_backoff,ours exhausted failure #13,"{""detail"": ""backoff 60.0s; error_type=exhausted"", ""key_name"": ""ours""}",1,0
5516,1787437158.2260723,WARN,key_backoff,ours exhausted failure #14,"{""detail"": ""backoff 60.0s; error_type=exhausted"", ""key_name"": ""ours""}",1,0
5517,1787437221.5857172,WARN,key_backoff,ours exhausted failure #15,"{""detail"": ""backoff 60.0s; error_type=exhausted"", ""key_name"": ""ours""}",1,0
5518,1787437283.758484,WARN,key_backoff,ours exhausted failure #16,"{""detail"": ""backoff 60.0s; error_type=exhausted"", ""key_name"": ""ours""}",1,0
5519,1787437344.3485262,WARN,key_backoff,ours exhausted failure #17,"{""detail"": ""backoff 60.0s; error_type=exhausted"", ""key_name"": ""ours""}",1,0
5520,1787437408.6835027,WARN,key_backoff,ours exhausted failure #18,"{""detail"": ""backoff 60.0s; error_type=exhausted"", ""key_name"": ""ours""}",1,0
5521,1787437446.264191,WARN,key_backoff,ours exhausted failure #1,"{""detail"": ""backoff 2.0s; error_type=exhausted"", ""key_name"": ""ours""}",1,0
5522,1787437477.7341866,WARN,key_backoff,ours exhausted failure #1,"{""detail"": ""backoff 2.0s; error_type=exhausted"", ""key_name"": ""ours""}",1,0
5523,1787437481.9829981,WARN,key_backoff,ours exhausted failure #2,"{""detail"": ""backoff 4.0s; error_type=exhausted"", ""key_name"": ""ours""}",1,0
5524,1787437494.7707407,WARN,key_backoff,ours exhausted failure #1,"{""detail"": ""backoff 2.0s; error_type=exhausted"", ""key_name"": ""ours""}",1,0
5525,1787437495.0789206,WARN,key_backoff,ours exhausted failure #2,"{""detail"": ""backoff 4.0s; error_type=exhausted"", ""key_name"": ""ours""}",1,0
5526,1787437544.0345643,WARN,key_backoff,ours exhausted failure #3,"{""detail"": ""backoff 8.0s; error_type=exhausted"", ""key_name"": ""ours""}",1,0
5527,1787437587.4500566,WARN,key_backoff,ours exhausted failure #4,"{""detail"": ""backoff 16.0s; error_type=exhausted"", ""key_name"": ""ours""}",1,0
5528,1787437615.7465727,WARN,key_backoff,ours exhausted failure #1,"{""detail"": ""backoff 2.0s; error_type=exhausted"", ""key_name"": ""ours""}",1,0
5529,1787437659.6645484,WARN,key_backoff,ours exhausted failure #2,"{""detail"": ""backoff 4.0s; error_type=exhausted"", ""key_name"": ""ours""}",1,0
5530,1787437706.3095741,WARN,key_backoff,ours exhausted failure #3,"{""detail"": ""backoff 8.0s; error_type=exhausted"", ""key_name"": ""ours""}",1,0
5531,1787437771.723888,WARN,key_backoff,ours exhausted failure #4,"{""detail"": ""backoff 16.0s; error_type=exhausted"", ""key_name"": ""ours""}",1,0
5532,1787437771.761076,WARN,key_backoff,ours exhausted failure #5,"{""detail"": ""backoff 32.0s; error_type=exhausted"", ""key_name"": ""ours""}",1,0
5533,1787437813.3954854,WARN,cost_inefficiency,"Using openrouter for glm-5.2 ($0.97/M), routstrd cheaper ($0.53/M)","1991 calls / 110,429,671 tokens on openrouter at $0.97/M. routstrd available at $0.53/M — potential savings $48.59/24h. Top up routstrd if depleted.",1,0
5534,1787437813.8137748,WARN,key_backoff,ours exhausted failure #6,"{""detail"": ""backoff 60.0s; error_type=exhausted"", ""key_name"": ""ours""}",1,0
5535,1787437821.0530243,WARN,key_backoff,opencode_go dead failure #1,"{""detail"": ""backoff 3600s; error_type=dead"", ""key_name"": ""opencode_go""}",1,0
5536,1787437821.0531197,CRITICAL,KEY_DEAD,opencode_go marked dead (auth failure 401/403),"{""detail"": ""backoff 3600s; error_type=dead"", ""key_name"": ""opencode_go""}",1,0
5537,1787437875.4328063,WARN,key_backoff,ours exhausted failure #7,"{""detail"": ""backoff 60.0s; error_type=exhausted"", ""key_name"": ""ours""}",1,0
5538,1787437875.4330308,WARN,QUOTA_EXHAUSTED,ours reached 7 consecutive quota-exhaustion failures,"{""detail"": ""backoff 60.0s; transient \u2014 will recover on window reset"", ""key_name"": ""ours""}",1,0
5539,1787437884.70541,WARN,key_backoff,ours exhausted failure #1,"{""detail"": ""backoff 2.0s; error_type=exhausted"", ""key_name"": ""ours""}",1,0
5540,1787437924.2789898,WARN,key_backoff,ours exhausted failure #1,"{""detail"": ""backoff 2.0s; error_type=exhausted"", ""key_name"": ""ours""}",1,0
5541,1787437932.877988,WARN,key_backoff,ours exhausted failure #2,"{""detail"": ""backoff 4.0s; error_type=exhausted"", ""key_name"": ""ours""}",1,0
5542,1787437948.7395067,WARN,key_backoff,ours exhausted failure #1,"{""detail"": ""backoff 2.0s; error_type=exhausted"", ""key_name"": ""ours""}",1,0
5543,1787437966.353451,WARN,key_backoff,ours exhausted failure #2,"{""detail"": ""backoff 4.0s; error_type=exhausted"", ""key_name"": ""ours""}",1,0
5544,1787437972.886087,WARN,key_backoff,ours exhausted failure #3,"{""detail"": ""backoff 8.0s; error_type=exhausted"", ""key_name"": ""ours""}",1,0
5545,1787438008.8512833,WARN,key_backoff,ours exhausted failure #1,"{""detail"": ""backoff 2.0s; error_type=exhausted"", ""key_name"": ""ours""}",1,0
5546,1787438014.2530463,WARN,key_backoff,ours exhausted failure #1,"{""detail"": ""backoff 2.0s; error_type=exhausted"", ""key_name"": ""ours""}",1,0
5547,1787438041.944125,WARN,key_backoff,ours exhausted failure #2,"{""detail"": ""backoff 4.0s; error_type=exhausted"", ""key_name"": ""ours""}",1,0
5548,1787438046.8164873,WARN,key_backoff,ours exhausted failure #3,"{""detail"": ""backoff 8.0s; error_type=exhausted"", ""key_name"": ""ours""}",1,0
5549,1787438070.943232,WARN,key_backoff,ours exhausted failure #4,"{""detail"": ""backoff 16.0s; error_type=exhausted"", ""key_name"": ""ours""}",1,0
5550,1787438071.3917878,WARN,key_backoff,ours exhausted failure #5,"{""detail"": ""backoff 32.0s; error_type=exhausted"", ""key_name"": ""ours""}",1,0
5551,1787438107.5386066,WARN,key_backoff,ours exhausted failure #6,"{""detail"": ""backoff 60.0s; error_type=exhausted"", ""key_name"": ""ours""}",1,0
5552,1787438180.3450665,WARN,key_backoff,ours exhausted failure #7,"{""detail"": ""backoff 60.0s; error_type=exhausted"", ""key_name"": ""ours""}",1,0
5553,1787438180.345156,WARN,QUOTA_EXHAUSTED,ours reached 7 consecutive quota-exhaustion failures,"{""detail"": ""backoff 60.0s; transient \u2014 will recover on window reset"", ""key_name"": ""ours""}",1,0
5554,1787438441.1625729,WARN,key_backoff,ours exhausted failure #9,"{""detail"": ""backoff 60.0s; error_type=exhausted"", ""key_name"": ""ours""}",1,0
5555,1787438441.1629474,WARN,key_backoff,ours exhausted failure #8,"{""detail"": ""backoff 60.0s; error_type=exhausted"", ""key_name"": ""ours""}",1,0
5556,1787438503.9403822,WARN,key_backoff,ours exhausted failure #10,"{""detail"": ""backoff 60.0s; error_type=exhausted"", ""key_name"": ""ours""}",0,0
5557,1787438566.7589054,WARN,key_backoff,ours exhausted failure #11,"{""detail"": ""backoff 60.0s; error_type=exhausted"", ""key_name"": ""ours""}",0,0
5558,1787438599.78475,WARN,key_backoff,ours exhausted failure #1,"{""detail"": ""backoff 2.0s; error_type=exhausted"", ""key_name"": ""ours""}",0,0
5559,1787438599.7928166,WARN,key_backoff,ours exhausted failure #2,"{""detail"": ""backoff 4.0s; error_type=exhausted"", ""key_name"": ""ours""}",0,0
5560,1787438629.5342813,WARN,key_backoff,ours exhausted failure #3,"{""detail"": ""backoff 8.0s; error_type=exhausted"", ""key_name"": ""ours""}",0,0
5561,1787438653.720865,WARN,key_backoff,ours exhausted failure #4,"{""detail"": ""backoff 16.0s; error_type=exhausted"", ""key_name"": ""ours""}",0,0
5562,1787438672.327261,WARN,key_backoff,ours exhausted failure #5,"{""detail"": ""backoff 32.0s; error_type=exhausted"", ""key_name"": ""ours""}",0,0
5563,1787438705.66215,WARN,key_backoff,ours exhausted failure #6,"{""detail"": ""backoff 60.0s; error_type=exhausted"", ""key_name"": ""ours""}",0,0
5564,1787438747.606885,WARN,key_backoff,opencode_go dead failure #1,"{""detail"": ""backoff 3600s; error_type=dead"", ""key_name"": ""opencode_go""}",0,0
5565,1787438747.6069682,CRITICAL,KEY_DEAD,opencode_go marked dead (auth failure 401/403),"{""detail"": ""backoff 3600s; error_type=dead"", ""key_name"": ""opencode_go""}",0,0
5566,1787438767.2366917,WARN,key_backoff,ours exhausted failure #7,"{""detail"": ""backoff 60.0s; error_type=exhausted"", ""key_name"": ""ours""}",0,0
5567,1787438767.2367938,WARN,QUOTA_EXHAUSTED,ours reached 7 consecutive quota-exhaustion failures,"{""detail"": ""backoff 60.0s; transient \u2014 will recover on window reset"", ""key_name"": ""ours""}",0,0
5568,1787438820.2311769,WARN,key_backoff,ours exhausted failure #1,"{""detail"": ""backoff 2.0s; error_type=exhausted"", ""key_name"": ""ours""}",0,0
5569,1787438820.8125172,WARN,key_backoff,ours exhausted failure #2,"{""detail"": ""backoff 4.0s; error_type=exhausted"", ""key_name"": ""ours""}",0,0
5570,1787438831.795123,WARN,key_backoff,ours exhausted failure #3,"{""detail"": ""backoff 8.0s; error_type=exhausted"", ""key_name"": ""ours""}",0,0
5571,1787438862.2102084,WARN,key_backoff,ours exhausted failure #4,"{""detail"": ""backoff 16.0s; error_type=exhausted"", ""key_name"": ""ours""}",0,0
5572,1787438866.1505148,WARN,key_backoff,opencode_go dead failure #1,"{""detail"": ""backoff 3600s; error_type=dead"", ""key_name"": ""opencode_go""}",0,0
5573,1787438866.150631,CRITICAL,KEY_DEAD,opencode_go marked dead (auth failure 401/403),"{""detail"": ""backoff 3600s; error_type=dead"", ""key_name"": ""opencode_go""}",0,0
5574,1787438889.962186,WARN,key_backoff,ours exhausted failure #5,"{""detail"": ""backoff 32.0s; error_type=exhausted"", ""key_name"": ""ours""}",0,0
5575,1787438923.161901,WARN,key_backoff,ours exhausted failure #6,"{""detail"": ""backoff 60.0s; error_type=exhausted"", ""key_name"": ""ours""}",0,0
5576,1787438984.5640957,WARN,key_backoff,ours exhausted failure #7,"{""detail"": ""backoff 60.0s; error_type=exhausted"", ""key_name"": ""ours""}",0,0
5577,1787438984.5642204,WARN,QUOTA_EXHAUSTED,ours reached 7 consecutive quota-exhaustion failures,"{""detail"": ""backoff 60.0s; transient \u2014 will recover on window reset"", ""key_name"": ""ours""}",0,0
