id,ts,provider,model,rate_per_m,source,is_measured,confidence,sample_tokens,sample_cost_usd,velocity,note
1,1786542325.0615444,ollama_cloud,,0.0155,cold_start_fallback,0,0.0,0,0.0,0.0,
2,1786542326.0568397,ppq,,0.14,cold_start_fallback,0,0.0,0,0.0,0.0,
3,1786542326.090313,openrouter,deepseek-v4-flash,0.135,published_list,0,0.3,0,0.0,0.0,
4,1786542325.0604713,ours,,0.001,cold_start_fallback,0,0.0,0,0.0,0.0,
5,1786542325.0604713,friend,,0.001,cold_start_fallback,0,0.0,0,0.0,0.0,
6,1786542325.0604713,deepinfra,,1.3,cold_start_fallback,0,0.0,0,0.0,0.0,
7,1786625835.3673465,ollama_cloud,glm-5.2,0.5374153354265768,ollama_billing_api,1,1.0,60009899,32.25024,0.0,
8,1786625835.3673465,ollama_cloud,kimi-k3,0.5850062516631555,ollama_billing_api,1,1.0,38308206,22.41054,0.0,
9,1786625835.3673465,ollama_cloud,kimi-k2.7-code,0.3039215720156389,ollama_billing_api,1,1.0,17361354,5.27649,0.0,
10,1786625835.3673465,ollama_cloud,deepseek-v4-flash,0.025570328798638853,ollama_billing_api,1,0.47172638,2453234,0.06273,0.0,
11,1786625835.3673465,ollama_cloud,,0.3756764971041822,ollama_billing_api,1,1.0,159711881,60.0,0.0,
12,1786625835.9748929,ppq,,0.14,cold_start_fallback,0,0.0,0,0.0,0.0,
13,1786625835.9777648,openrouter,deepseek-v4-flash,0.135,published_list,0,0.3,0,0.0,0.0,
14,1786625835.3625758,ours,,0.001,cold_start_fallback,0,0.0,0,0.0,0.0,
15,1786625835.3625758,friend,,0.001,cold_start_fallback,0,0.0,0,0.0,0.0,
16,1786625835.3625758,deepinfra,,1.3,cold_start_fallback,0,0.0,0,0.0,0.0,
17,1786625850.6068366,ollama_cloud,glm-5.2,0.5395620695874296,ollama_billing_api,1,1.0,59771140,32.25024,0.0,
18,1786625850.6068366,ollama_cloud,kimi-k3,0.5873430850902815,ollama_billing_api,1,1.0,38155791,22.41054,0.0,
19,1786625850.6068366,ollama_cloud,kimi-k2.7-code,0.3051356041618343,ollama_billing_api,1,1.0,17292279,5.27649,0.0,
20,1786625850.6068366,ollama_cloud,deepseek-v4-flash,0.025672464695756937,ollama_billing_api,1,0.47104318,2443474,0.06273,0.0,
21,1786625850.6068366,ollama_cloud,,0.37291775544407874,ollama_billing_api,1,1.0,160893385,60.0,0.0,
22,1786625851.279189,ppq,,0.14,cold_start_fallback,0,0.0,0,0.0,0.0,
23,1786625851.2875147,openrouter,deepseek-v4-flash,0.135,published_list,0,0.3,0,0.0,0.0,
24,1786625850.6036096,ours,,0.001,cold_start_fallback,0,0.0,0,0.0,0.0,
25,1786625850.6036096,friend,,0.001,cold_start_fallback,0,0.0,0,0.0,0.0,
26,1786625850.6036096,deepinfra,,1.3,cold_start_fallback,0,0.0,0,0.0,0.0,
27,1786625871.7102284,ollama_cloud,glm-5.2,0.5412816224860508,ollama_billing_api,1,1.0,59581258,32.25024,0.0,
28,1786625871.7102284,ollama_cloud,kimi-k3,0.5892149135771906,ollama_billing_api,1,1.0,38034577,22.41054,0.0,
29,1786625871.7102284,ollama_cloud,kimi-k2.7-code,0.3061080462217354,ollama_billing_api,1,1.0,17237345,5.27649,0.0,
30,1786625871.7102284,ollama_cloud,deepseek-v4-flash,0.02575428694126684,ollama_billing_api,1,0.47049977,2435711,0.06273,0.0,
31,1786625871.7102284,ollama_cloud,,0.3699286778125725,ollama_billing_api,1,1.0,162193427,60.0,0.0,
32,1786625872.319193,ppq,,0.14,cold_start_fallback,0,0.0,0,0.0,0.0,
33,1786625872.329031,openrouter,deepseek-v4-flash,0.135,published_list,0,0.3,0,0.0,0.0,
34,1786625871.7045634,ours,,0.001,cold_start_fallback,0,0.0,0,0.0,0.0,
35,1786625871.7045634,friend,,0.001,cold_start_fallback,0,0.0,0,0.0,0.0,
36,1786625871.7045634,deepinfra,,1.3,cold_start_fallback,0,0.0,0,0.0,0.0,
37,1786628785.9571042,ollama_cloud,glm-5.2,0.5361881495985393,ollama_billing_api,1,1.0,60147245,32.25024,0.0,
38,1786628785.9571042,ollama_cloud,kimi-k3,0.5836704050710438,ollama_billing_api,1,1.0,38395882,22.41054,0.0,
39,1786628785.9571042,ollama_cloud,kimi-k2.7-code,0.30322757386046356,ollama_billing_api,1,1.0,17401089,5.27649,0.0,
40,1786628785.9571042,ollama_cloud,deepseek-v4-flash,0.02551193668256977,ollama_billing_api,1,0.47211943,2458849,0.06273,0.0,
41,1786628785.9571042,ollama_cloud,,0.22871053423910478,ollama_billing_api,1,1.0,262340343,60.0,0.0,
42,1786628786.2605145,ppq,,0.14,cold_start_fallback,0,0.0,0,0.0,0.0,
43,1786628786.2617333,openrouter,deepseek-v4-flash,0.135,published_list,0,0.3,0,0.0,0.0,
44,1786628785.956712,ours,,0.001,cold_start_fallback,0,0.0,0,0.0,0.0,
45,1786628785.956712,friend,,0.001,cold_start_fallback,0,0.0,0,0.0,0.0,
46,1786628785.956712,deepinfra,,1.3,cold_start_fallback,0,0.0,0,0.0,0.0,
47,1786628994.558615,ollama_cloud,glm-5.2,0.5325658365372916,ollama_billing_api,1,1.0,60556344,32.25024,0.0,
48,1786628994.558615,ollama_cloud,kimi-k3,0.5797273081224513,ollama_billing_api,1,1.0,38657037,22.41054,0.0,
49,1786628994.558615,ollama_cloud,kimi-k2.7-code,0.3011790613230042,ollama_billing_api,1,1.0,17519445,5.27649,0.0,
50,1786628994.558615,ollama_cloud,deepseek-v4-flash,0.025339588046888538,ollama_billing_api,1,0.47329011,2475573,0.06273,0.0,
51,1786628994.558615,ollama_cloud,,0.22553934463950037,ollama_billing_api,1,1.0,266028972,60.0,0.0,
52,1786628994.8809135,ppq,,0.14,cold_start_fallback,0,0.0,0,0.0,0.0,
53,1786628994.8865118,openrouter,deepseek-v4-flash,0.135,published_list,0,0.3,0,0.0,0.0,
54,1786628994.5582364,ours,,0.001,cold_start_fallback,0,0.0,0,0.0,0.0,
55,1786628994.5582364,friend,,0.001,cold_start_fallback,0,0.0,0,0.0,0.0,
56,1786628994.5582364,deepinfra,,1.3,cold_start_fallback,0,0.0,0,0.0,0.0,
57,1786629025.1874695,ollama_cloud,glm-5.2,0.5315737280516076,ollama_billing_api,1,1.0,60669364,32.25024,0.0,
58,1786629025.1874695,ollama_cloud,kimi-k3,0.5786473430824842,ollama_billing_api,1,1.0,38729185,22.41054,0.0,
59,1786629025.1874695,ollama_cloud,kimi-k2.7-code,0.30061799291402763,ollama_billing_api,1,1.0,17552143,5.27649,0.0,
60,1786629025.1874695,ollama_cloud,deepseek-v4-flash,0.025292376322174796,ollama_billing_api,1,0.47361358,2480194,0.06273,0.0,
61,1786629025.1874695,ollama_cloud,,0.224743814525822,ollama_billing_api,1,1.0,266970640,60.0,0.0,
62,1786629025.487671,ppq,,0.14,cold_start_fallback,0,0.0,0,0.0,0.0,
63,1786629025.4927588,openrouter,deepseek-v4-flash,0.135,published_list,0,0.3,0,0.0,0.0,
64,1786629025.1869738,ours,,0.001,cold_start_fallback,0,0.0,0,0.0,0.0,
65,1786629025.1869738,friend,,0.001,cold_start_fallback,0,0.0,0,0.0,0.0,
66,1786629025.1869738,deepinfra,,1.3,cold_start_fallback,0,0.0,0,0.0,0.0,
67,1786719302.7415185,friend,,0.001,zai_amortized,0,0.7,105055793,0.0,0.0,
68,1786719302.7524755,ollama_cloud,,0.3403472792684442,zai_amortized,0,0.7,293817539,100.0,0.0,
69,1786719303.0573285,ppq,,0.14,cold_start_fallback,0,0.0,0,0.0,0.0,
70,1786719303.0588706,openrouter,,0.6097773202505943,openrouter_actual,1,0.41644961999999996,1663566,1.0144048175400002,0.0,
71,1786719302.7415147,ours,,0.001,cold_start_fallback,0,0.0,0,0.0,0.0,
72,1786719302.7415147,deepinfra,,1.3,cold_start_fallback,0,0.0,0,0.0,0.0,
73,1786719602.5326521,friend,,0.001,zai_amortized,0,0.7,107035105,0.0,0.0,
74,1786719602.5422697,ollama_cloud,,0.3403472792684442,zai_amortized,0,0.7,293817539,100.0,0.0,
75,1786719603.0046945,ppq,,0.14,cold_start_fallback,0,0.0,0,0.0,0.0,
76,1786719603.030342,openrouter,,0.6097773202505943,openrouter_actual,1,0.41644961999999996,1663566,1.0144048175400002,0.0,
77,1786719602.5326486,ours,,0.001,cold_start_fallback,0,0.0,0,0.0,0.0,
78,1786719602.5326486,deepinfra,,1.3,cold_start_fallback,0,0.0,0,0.0,0.0,
79,1786719902.6208944,friend,,0.001,zai_amortized,0,0.7,107244326,0.0,0.0,
80,1786719902.6241896,ollama_cloud,,0.3403472792684442,zai_amortized,0,0.7,293817539,100.0,0.0,
81,1786719902.9948215,ppq,,0.14,cold_start_fallback,0,0.0,0,0.0,0.0,
82,1786719902.9961987,openrouter,,0.6097773202505943,openrouter_actual,1,0.41644961999999996,1663566,1.0144048175400002,0.0,
83,1786719902.6208916,ours,,0.001,cold_start_fallback,0,0.0,0,0.0,0.0,
84,1786719902.6208916,deepinfra,,1.3,cold_start_fallback,0,0.0,0,0.0,0.0,
85,1786720202.309698,friend,,0.001,zai_amortized,0,0.7,107275122,0.0,0.0,
86,1786720202.3255508,ollama_cloud,,0.3403472792684442,zai_amortized,0,0.7,293817539,100.0,0.0,
87,1786720202.6199427,ppq,,0.14,cold_start_fallback,0,0.0,0,0.0,0.0,
88,1786720202.6211982,openrouter,,0.6097773202505943,openrouter_actual,1,0.41644961999999996,1663566,1.0144048175400002,0.0,
89,1786720202.309695,ours,,0.001,cold_start_fallback,0,0.0,0,0.0,0.0,
90,1786720202.309695,deepinfra,,1.3,cold_start_fallback,0,0.0,0,0.0,0.0,
91,1786720502.5768528,friend,,0.001,zai_amortized,0,0.7,107855403,0.0,0.0,
92,1786720502.6113288,ollama_cloud,,0.3403472792684442,zai_amortized,0,0.7,293817539,100.0,0.0,
93,1786720502.9444716,ppq,,0.14,cold_start_fallback,0,0.0,0,0.0,0.0,
94,1786720502.9458218,openrouter,,0.6097773202505943,openrouter_actual,1,0.41644961999999996,1663566,1.0144048175400002,0.0,
95,1786720502.576849,ours,,0.001,cold_start_fallback,0,0.0,0,0.0,0.0,
96,1786720502.576849,deepinfra,,1.3,cold_start_fallback,0,0.0,0,0.0,0.0,
97,1786720802.6501632,friend,,0.001,zai_amortized,0,0.7,109353600,0.0,0.0,
98,1786720802.6601322,ollama_cloud,,0.3403472792684442,zai_amortized,0,0.7,293817539,100.0,0.0,
99,1786720802.9236562,ppq,,0.14,cold_start_fallback,0,0.0,0,0.0,0.0,
100,1786720802.9332495,openrouter,,0.6097773202505943,openrouter_actual,1,0.41644961999999996,1663566,1.0144048175400002,0.0,
101,1786720802.6501598,ours,,0.001,cold_start_fallback,0,0.0,0,0.0,0.0,
102,1786720802.6501598,deepinfra,,1.3,cold_start_fallback,0,0.0,0,0.0,0.0,
103,1786721101.8526223,friend,,0.001,zai_amortized,0,0.7,111159573,0.0,0.0,
104,1786721101.8554215,ollama_cloud,,0.3403472792684442,zai_amortized,0,0.7,293817539,100.0,0.0,
105,1786721102.0941732,ppq,,0.14,cold_start_fallback,0,0.0,0,0.0,0.0,
106,1786721102.095468,openrouter,,0.6097773202505943,openrouter_actual,1,0.41644961999999996,1663566,1.0144048175400002,0.0,
107,1786721101.85262,ours,,0.001,cold_start_fallback,0,0.0,0,0.0,0.0,
108,1786721101.85262,deepinfra,,1.3,cold_start_fallback,0,0.0,0,0.0,0.0,
109,1786721403.2730403,friend,,0.001,zai_amortized,0,0.7,114100904,0.0,0.0,
110,1786721403.2974975,ollama_cloud,,0.3403472792684442,zai_amortized,0,0.7,293817539,100.0,0.0,
111,1786721403.5646734,ppq,,0.14,cold_start_fallback,0,0.0,0,0.0,0.0,
112,1786721403.5659168,openrouter,,0.6097773202505943,openrouter_actual,1,0.41644961999999996,1663566,1.0144048175400002,0.0,
113,1786721403.2730372,ours,,0.001,cold_start_fallback,0,0.0,0,0.0,0.0,
114,1786721403.2730372,deepinfra,,1.3,cold_start_fallback,0,0.0,0,0.0,0.0,
115,1786721702.6431255,friend,,0.001,zai_amortized,0,0.7,119382058,0.0,0.0,
116,1786721702.6467457,ollama_cloud,,0.3403472792684442,zai_amortized,0,0.7,293817539,100.0,0.0,
117,1786721702.8789697,ppq,,0.14,cold_start_fallback,0,0.0,0,0.0,0.0,
118,1786721702.8804967,openrouter,,0.6097773202505943,openrouter_actual,1,0.41644961999999996,1663566,1.0144048175400002,0.0,
119,1786721702.6431224,ours,,0.001,cold_start_fallback,0,0.0,0,0.0,0.0,
120,1786721702.6431224,deepinfra,,1.3,cold_start_fallback,0,0.0,0,0.0,0.0,
121,1786722002.7068582,friend,,0.001,zai_amortized,0,0.7,121375759,0.0,0.0,
122,1786722002.7115238,ollama_cloud,,0.3403472792684442,zai_amortized,0,0.7,293817539,100.0,0.0,
123,1786722002.9566586,ppq,,0.14,cold_start_fallback,0,0.0,0,0.0,0.0,
124,1786722002.95833,openrouter,,0.6097773202505943,openrouter_actual,1,0.41644961999999996,1663566,1.0144048175400002,0.0,
125,1786722002.7068548,ours,,0.001,cold_start_fallback,0,0.0,0,0.0,0.0,
126,1786722002.7068548,deepinfra,,1.3,cold_start_fallback,0,0.0,0,0.0,0.0,
127,1786722302.4370043,friend,,0.001,zai_amortized,0,0.7,123990967,0.0,0.0,
128,1786722302.4406018,ollama_cloud,,0.3403472792684442,zai_amortized,0,0.7,293817539,100.0,0.0,
129,1786722302.6779218,ppq,,0.14,cold_start_fallback,0,0.0,0,0.0,0.0,
130,1786722302.6792176,openrouter,,0.6097773202505943,openrouter_actual,1,0.41644961999999996,1663566,1.0144048175400002,0.0,
131,1786722302.437002,ours,,0.001,cold_start_fallback,0,0.0,0,0.0,0.0,
132,1786722302.437002,deepinfra,,1.3,cold_start_fallback,0,0.0,0,0.0,0.0,
133,1786722602.3581398,friend,,0.001,zai_amortized,0,0.7,127948256,0.0,0.0,
134,1786722602.361793,ollama_cloud,,0.3403472792684442,zai_amortized,0,0.7,293817539,100.0,0.0,
135,1786722602.5867214,ppq,,0.14,cold_start_fallback,0,0.0,0,0.0,0.0,
136,1786722602.5879745,openrouter,,0.6097773202505943,openrouter_actual,1,0.41644961999999996,1663566,1.0144048175400002,0.0,
137,1786722602.3581347,ours,,0.001,cold_start_fallback,0,0.0,0,0.0,0.0,
138,1786722602.3581347,deepinfra,,1.3,cold_start_fallback,0,0.0,0,0.0,0.0,
139,1786722901.9251554,friend,,0.001,zai_amortized,0,0.7,131314246,0.0,0.0,
140,1786722901.9273107,ollama_cloud,,0.3403472792684442,zai_amortized,0,0.7,293817539,100.0,0.0,
141,1786722902.1311433,ppq,,0.14,cold_start_fallback,0,0.0,0,0.0,0.0,
142,1786722902.132417,openrouter,,0.6097773202505943,openrouter_actual,1,0.41644961999999996,1663566,1.0144048175400002,0.0,
143,1786722901.9251525,ours,,0.001,cold_start_fallback,0,0.0,0,0.0,0.0,
144,1786722901.9251525,deepinfra,,1.3,cold_start_fallback,0,0.0,0,0.0,0.0,
145,1786723203.2021732,friend,,0.001,zai_amortized,0,0.7,135981342,0.0,0.0,
146,1786723203.2277198,ollama_cloud,,0.3403472792684442,zai_amortized,0,0.7,293817539,100.0,0.0,
147,1786723203.850151,ppq,,0.14,cold_start_fallback,0,0.0,0,0.0,0.0,
148,1786723203.8538847,openrouter,,0.6097773202505943,openrouter_actual,1,0.41644961999999996,1663566,1.0144048175400002,0.0,
149,1786723203.202169,ours,,0.001,cold_start_fallback,0,0.0,0,0.0,0.0,
150,1786723203.202169,deepinfra,,1.3,cold_start_fallback,0,0.0,0,0.0,0.0,
151,1786723501.9556308,friend,,0.001,zai_amortized,0,0.7,139008612,0.0,0.0,
152,1786723501.9594886,ollama_cloud,,0.3403472792684442,zai_amortized,0,0.7,293817539,100.0,0.0,
153,1786723502.1950517,ppq,,0.14,cold_start_fallback,0,0.0,0,0.0,0.0,
154,1786723502.1962755,openrouter,,0.6374860628869697,openrouter_actual,1,0.43051416,1864488,1.1885851144200004,0.0,
155,1786723501.9556272,ours,,0.001,cold_start_fallback,0,0.0,0,0.0,0.0,
156,1786723501.9556272,deepinfra,,1.3,cold_start_fallback,0,0.0,0,0.0,0.0,
157,1786723802.0776546,friend,,0.001,zai_amortized,0,0.7,142571797,0.0,0.0,
158,1786723802.0841384,ollama_cloud,,0.3403472792684442,zai_amortized,0,0.7,293817539,100.0,0.0,
159,1786723802.451542,ppq,,0.14,cold_start_fallback,0,0.0,0,0.0,0.0,
160,1786723802.4559686,openrouter,,0.6374860628869697,openrouter_actual,1,0.43051416,1864488,1.1885851144200004,0.0,
161,1786723802.077652,ours,,0.001,cold_start_fallback,0,0.0,0,0.0,0.0,
162,1786723802.077652,deepinfra,,1.3,cold_start_fallback,0,0.0,0,0.0,0.0,
163,1786724102.719104,friend,,0.001,zai_amortized,0,0.7,145579345,0.0,0.0,
164,1786724102.7346048,ollama_cloud,,0.3403472792684442,zai_amortized,0,0.7,293817539,100.0,0.0,
165,1786724103.0265646,ppq,,0.14,cold_start_fallback,0,0.0,0,0.0,0.0,
166,1786724103.0278792,openrouter,,0.6374860628869697,openrouter_actual,1,0.43051416,1864488,1.1885851144200004,0.0,
167,1786724102.7191005,ours,,0.001,cold_start_fallback,0,0.0,0,0.0,0.0,
168,1786724102.7191005,deepinfra,,1.3,cold_start_fallback,0,0.0,0,0.0,0.0,
169,1786724402.416267,friend,,0.001,zai_amortized,0,0.7,148552149,0.0,0.0,
170,1786724402.4216244,ollama_cloud,,0.3403472792684442,zai_amortized,0,0.7,293817539,100.0,0.0,
171,1786724402.6897285,ppq,,0.14,cold_start_fallback,0,0.0,0,0.0,0.0,
172,1786724402.6916728,openrouter,,0.6374860628869697,openrouter_actual,1,0.43051416,1864488,1.1885851144200004,0.0,
173,1786724402.4162638,ours,,0.001,cold_start_fallback,0,0.0,0,0.0,0.0,
174,1786724402.4162638,deepinfra,,1.3,cold_start_fallback,0,0.0,0,0.0,0.0,
175,1786724702.0526667,friend,,0.001,zai_amortized,0,0.7,151818165,0.0,0.0,
176,1786724702.0682158,ollama_cloud,,0.3403472792684442,zai_amortized,0,0.7,293817539,100.0,0.0,
177,1786724702.4116333,ppq,,0.14,cold_start_fallback,0,0.0,0,0.0,0.0,
178,1786724702.4132717,openrouter,,0.6374860628869697,openrouter_actual,1,0.43051416,1864488,1.1885851144200004,0.0,
179,1786724702.052664,ours,,0.001,cold_start_fallback,0,0.0,0,0.0,0.0,
180,1786724702.052664,deepinfra,,1.3,cold_start_fallback,0,0.0,0,0.0,0.0,
181,1786725002.591644,friend,,0.001,zai_amortized,0,0.7,156434339,0.0,0.0,
182,1786725002.6048012,ollama_cloud,,0.3403472792684442,zai_amortized,0,0.7,293817539,100.0,0.0,
183,1786725002.8795614,ppq,,0.14,cold_start_fallback,0,0.0,0,0.0,0.0,
184,1786725002.8819091,openrouter,,0.6374860628869697,openrouter_actual,1,0.43051416,1864488,1.1885851144200004,0.0,
185,1786725002.591641,ours,,0.001,cold_start_fallback,0,0.0,0,0.0,0.0,
186,1786725002.591641,deepinfra,,1.3,cold_start_fallback,0,0.0,0,0.0,0.0,
187,1786725302.2909284,friend,,0.001,zai_amortized,0,0.7,158528750,0.0,0.0,
188,1786725302.2960014,ollama_cloud,,0.3403472792684442,zai_amortized,0,0.7,293817539,100.0,0.0,
189,1786725302.5635219,ppq,,0.14,cold_start_fallback,0,0.0,0,0.0,0.0,
190,1786725302.5649843,openrouter,,0.6374860628869697,openrouter_actual,1,0.43051416,1864488,1.1885851144200004,0.0,
191,1786725302.2909257,ours,,0.001,cold_start_fallback,0,0.0,0,0.0,0.0,
192,1786725302.2909257,deepinfra,,1.3,cold_start_fallback,0,0.0,0,0.0,0.0,
193,1786725602.8773942,friend,,0.001,zai_amortized,0,0.7,160311006,0.0,0.0,
194,1786725602.8888812,ollama_cloud,,0.3403472792684442,zai_amortized,0,0.7,293817539,100.0,0.0,
195,1786725603.44335,ppq,,0.14,cold_start_fallback,0,0.0,0,0.0,0.0,
196,1786725603.4548063,openrouter,,0.6374860628869697,openrouter_actual,1,0.43051416,1864488,1.1885851144200004,0.0,
197,1786725602.8773904,ours,,0.001,cold_start_fallback,0,0.0,0,0.0,0.0,
198,1786725602.8773904,deepinfra,,1.3,cold_start_fallback,0,0.0,0,0.0,0.0,
199,1786725902.8269985,friend,,0.001,zai_amortized,0,0.7,161370674,0.0,0.0,
200,1786725902.83322,ollama_cloud,,0.3403472792684442,zai_amortized,0,0.7,293817539,100.0,0.0,
201,1786725903.0648398,ppq,,0.14,cold_start_fallback,0,0.0,0,0.0,0.0,
202,1786725903.0673418,openrouter,,0.6374860628869697,openrouter_actual,1,0.43051416,1864488,1.1885851144200004,0.0,
203,1786725902.8269954,ours,,0.001,cold_start_fallback,0,0.0,0,0.0,0.0,
204,1786725902.8269954,deepinfra,,1.3,cold_start_fallback,0,0.0,0,0.0,0.0,
205,1786726202.2745292,friend,,0.001,zai_amortized,0,0.7,161812797,0.0,0.0,
206,1786726202.2796733,ollama_cloud,,0.3403472792684442,zai_amortized,0,0.7,293817539,100.0,0.0,
207,1786726202.5202353,ppq,,0.14,cold_start_fallback,0,0.0,0,0.0,0.0,
208,1786726202.5216577,openrouter,,0.6374860628869697,openrouter_actual,1,0.43051416,1864488,1.1885851144200004,0.0,
209,1786726202.2745261,ours,,0.001,cold_start_fallback,0,0.0,0,0.0,0.0,
210,1786726202.2745261,deepinfra,,1.3,cold_start_fallback,0,0.0,0,0.0,0.0,
211,1786726502.3195543,friend,,0.001,zai_amortized,0,0.7,161812797,0.0,0.0,
212,1786726502.3288891,ollama_cloud,,0.3403472792684442,zai_amortized,0,0.7,293817539,100.0,0.0,
213,1786726502.5588276,ppq,,0.14,cold_start_fallback,0,0.0,0,0.0,0.0,
214,1786726502.5601027,openrouter,,0.6374860628869697,openrouter_actual,1,0.43051416,1864488,1.1885851144200004,0.0,
215,1786726502.3195515,ours,,0.001,cold_start_fallback,0,0.0,0,0.0,0.0,
216,1786726502.3195515,deepinfra,,1.3,cold_start_fallback,0,0.0,0,0.0,0.0,
217,1786726803.6511881,friend,,0.001,zai_amortized,0,0.7,161812797,0.0,0.0,
218,1786726803.6855638,ollama_cloud,,0.3403472792684442,zai_amortized,0,0.7,293817539,100.0,0.0,
219,1786726804.1282575,ppq,,0.14,cold_start_fallback,0,0.0,0,0.0,0.0,
220,1786726804.129605,openrouter,,0.6374860628869697,openrouter_actual,1,0.43051416,1864488,1.1885851144200004,0.0,
221,1786726803.6511843,ours,,0.001,cold_start_fallback,0,0.0,0,0.0,0.0,
222,1786726803.6511843,deepinfra,,1.3,cold_start_fallback,0,0.0,0,0.0,0.0,
223,1786727102.733854,friend,,0.001,zai_amortized,0,0.7,162310698,0.0,0.0,
224,1786727102.7507832,ollama_cloud,,0.3403472792684442,zai_amortized,0,0.7,293817539,100.0,0.0,
225,1786727103.0643482,ppq,,0.14,cold_start_fallback,0,0.0,0,0.0,0.0,
226,1786727103.0655699,openrouter,,0.6374860628869697,openrouter_actual,1,0.43051416,1864488,1.1885851144200004,0.0,
227,1786727102.7338512,ours,,0.001,cold_start_fallback,0,0.0,0,0.0,0.0,
228,1786727102.7338512,deepinfra,,1.3,cold_start_fallback,0,0.0,0,0.0,0.0,
229,1786727402.7203171,friend,,0.001,zai_amortized,0,0.7,162310698,0.0,0.0,
230,1786727402.725139,ollama_cloud,,0.3403472792684442,zai_amortized,0,0.7,293817539,100.0,0.0,
231,1786727403.0014727,ppq,,0.14,cold_start_fallback,0,0.0,0,0.0,0.0,
232,1786727403.0058622,openrouter,,0.6374860628869697,openrouter_actual,1,0.43051416,1864488,1.1885851144200004,0.0,
233,1786727402.720314,ours,,0.001,cold_start_fallback,0,0.0,0,0.0,0.0,
234,1786727402.720314,deepinfra,,1.3,cold_start_fallback,0,0.0,0,0.0,0.0,
235,1786727702.4889688,friend,,0.001,zai_amortized,0,0.7,162310698,0.0,0.0,
236,1786727702.493837,ollama_cloud,,0.3403472792684442,zai_amortized,0,0.7,293817539,100.0,0.0,
237,1786727702.7707715,ppq,,0.14,cold_start_fallback,0,0.0,0,0.0,0.0,
238,1786727702.7719548,openrouter,,0.6374860628869697,openrouter_actual,1,0.43051416,1864488,1.1885851144200004,0.0,
239,1786727702.488966,ours,,0.001,cold_start_fallback,0,0.0,0,0.0,0.0,
240,1786727702.488966,deepinfra,,1.3,cold_start_fallback,0,0.0,0,0.0,0.0,
241,1786728003.005962,friend,,0.001,zai_amortized,0,0.7,162310698,0.0,0.0,
242,1786728003.0108824,ollama_cloud,,0.3403472792684442,zai_amortized,0,0.7,293817539,100.0,0.0,
243,1786728003.297197,ppq,,0.14,cold_start_fallback,0,0.0,0,0.0,0.0,
244,1786728003.304192,openrouter,,0.6374860628869697,openrouter_actual,1,0.43051416,1864488,1.1885851144200004,0.0,
245,1786728003.0059595,ours,,0.001,cold_start_fallback,0,0.0,0,0.0,0.0,
246,1786728003.0059595,deepinfra,,1.3,cold_start_fallback,0,0.0,0,0.0,0.0,
247,1786728301.6188226,friend,,0.001,zai_amortized,0,0.7,162310698,0.0,0.0,
248,1786728301.6230383,ollama_cloud,,0.3403472792684442,zai_amortized,0,0.7,293817539,100.0,0.0,
249,1786728301.8560557,ppq,,0.14,cold_start_fallback,0,0.0,0,0.0,0.0,
250,1786728301.856758,openrouter,,0.6374860628869697,openrouter_actual,1,0.43051416,1864488,1.1885851144200004,0.0,
251,1786728301.6188207,ours,,0.001,cold_start_fallback,0,0.0,0,0.0,0.0,
252,1786728301.6188207,deepinfra,,1.3,cold_start_fallback,0,0.0,0,0.0,0.0,
253,1786728602.8448427,friend,,0.001,zai_amortized,0,0.7,162310698,0.0,0.0,
254,1786728602.8563554,ollama_cloud,,0.3403472792684442,zai_amortized,0,0.7,293817539,100.0,0.0,
255,1786728603.141769,ppq,,0.14,cold_start_fallback,0,0.0,0,0.0,0.0,
256,1786728603.1430354,openrouter,,0.6374860628869697,openrouter_actual,1,0.43051416,1864488,1.1885851144200004,0.0,
257,1786728602.84484,ours,,0.001,cold_start_fallback,0,0.0,0,0.0,0.0,
258,1786728602.84484,deepinfra,,1.3,cold_start_fallback,0,0.0,0,0.0,0.0,
259,1786728902.041528,friend,,0.001,zai_amortized,0,0.7,163126167,0.0,0.0,
260,1786728902.0463724,ollama_cloud,,0.3403472792684442,zai_amortized,0,0.7,293817539,100.0,0.0,
261,1786728902.2902937,ppq,,0.14,cold_start_fallback,0,0.0,0,0.0,0.0,
262,1786728902.2916574,openrouter,,0.6374860628869697,openrouter_actual,1,0.43051416,1864488,1.1885851144200004,0.0,
263,1786728902.0415258,ours,,0.001,cold_start_fallback,0,0.0,0,0.0,0.0,
264,1786728902.0415258,deepinfra,,1.3,cold_start_fallback,0,0.0,0,0.0,0.0,
265,1786729202.1920094,friend,,0.001,zai_amortized,0,0.7,163126167,0.0,0.0,
266,1786729202.2027862,ollama_cloud,,0.3403472792684442,zai_amortized,0,0.7,293817539,100.0,0.0,
267,1786729202.4504604,ppq,,0.14,cold_start_fallback,0,0.0,0,0.0,0.0,
268,1786729202.4519954,openrouter,,0.6374860628869697,openrouter_actual,1,0.43051416,1864488,1.1885851144200004,0.0,
269,1786729202.1920054,ours,,0.001,cold_start_fallback,0,0.0,0,0.0,0.0,
270,1786729202.1920054,deepinfra,,1.3,cold_start_fallback,0,0.0,0,0.0,0.0,
271,1786729502.2761507,friend,,0.001,zai_amortized,0,0.7,163126167,0.0,0.0,
272,1786729502.2805233,ollama_cloud,,0.3403472792684442,zai_amortized,0,0.7,293817539,100.0,0.0,
273,1786729502.5146496,ppq,,0.14,cold_start_fallback,0,0.0,0,0.0,0.0,
274,1786729502.5159037,openrouter,,0.6374860628869697,openrouter_actual,1,0.43051416,1864488,1.1885851144200004,0.0,
275,1786729502.2761486,ours,,0.001,cold_start_fallback,0,0.0,0,0.0,0.0,
276,1786729502.2761486,deepinfra,,1.3,cold_start_fallback,0,0.0,0,0.0,0.0,
277,1786729802.227606,friend,,0.001,zai_amortized,0,0.7,163126167,0.0,0.0,
278,1786729802.2323027,ollama_cloud,,0.3403472792684442,zai_amortized,0,0.7,293817539,100.0,0.0,
279,1786729802.5155954,ppq,,0.14,cold_start_fallback,0,0.0,0,0.0,0.0,
280,1786729802.5167596,openrouter,,0.6374860628869697,openrouter_actual,1,0.43051416,1864488,1.1885851144200004,0.0,
281,1786729802.2276027,ours,,0.001,cold_start_fallback,0,0.0,0,0.0,0.0,
282,1786729802.2276027,deepinfra,,1.3,cold_start_fallback,0,0.0,0,0.0,0.0,
283,1786730101.8343005,friend,,0.001,zai_amortized,0,0.7,163126167,0.0,0.0,
284,1786730101.8389819,ollama_cloud,,0.3403472792684442,zai_amortized,0,0.7,293817539,100.0,0.0,
285,1786730102.0875752,ppq,,0.14,cold_start_fallback,0,0.0,0,0.0,0.0,
286,1786730102.0887496,openrouter,,0.6374860628869697,openrouter_actual,1,0.43051416,1864488,1.1885851144200004,0.0,
287,1786730101.8342981,ours,,0.001,cold_start_fallback,0,0.0,0,0.0,0.0,
288,1786730101.8342981,deepinfra,,1.3,cold_start_fallback,0,0.0,0,0.0,0.0,
289,1786730402.6527076,friend,,0.001,zai_amortized,0,0.7,163126167,0.0,0.0,
290,1786730402.657109,ollama_cloud,,0.3403472792684442,zai_amortized,0,0.7,293817539,100.0,0.0,
291,1786730402.9276326,ppq,,0.14,cold_start_fallback,0,0.0,0,0.0,0.0,
292,1786730402.9320402,openrouter,,0.6374860628869697,openrouter_actual,1,0.43051416,1864488,1.1885851144200004,0.0,
293,1786730402.6527038,ours,,0.001,cold_start_fallback,0,0.0,0,0.0,0.0,
294,1786730402.6527038,deepinfra,,1.3,cold_start_fallback,0,0.0,0,0.0,0.0,
295,1786730701.9637814,friend,,0.001,zai_amortized,0,0.7,163126167,0.0,0.0,
296,1786730701.9687192,ollama_cloud,,0.3403472792684442,zai_amortized,0,0.7,293817539,100.0,0.0,
297,1786730702.221477,ppq,,0.14,cold_start_fallback,0,0.0,0,0.0,0.0,
298,1786730702.2227252,openrouter,,0.6374860628869697,openrouter_actual,1,0.43051416,1864488,1.1885851144200004,0.0,
299,1786730701.9637775,ours,,0.001,cold_start_fallback,0,0.0,0,0.0,0.0,
300,1786730701.9637775,deepinfra,,1.3,cold_start_fallback,0,0.0,0,0.0,0.0,
301,1786731001.5767455,friend,,0.001,zai_amortized,0,0.7,163126167,0.0,0.0,
302,1786731001.581474,ollama_cloud,,0.3403472792684442,zai_amortized,0,0.7,293817539,100.0,0.0,
303,1786731001.8568406,ppq,,0.14,cold_start_fallback,0,0.0,0,0.0,0.0,
304,1786731001.858052,openrouter,,0.6374860628869697,openrouter_actual,1,0.43051416,1864488,1.1885851144200004,0.0,
305,1786731001.5767422,ours,,0.001,cold_start_fallback,0,0.0,0,0.0,0.0,
306,1786731001.5767422,deepinfra,,1.3,cold_start_fallback,0,0.0,0,0.0,0.0,
307,1786731302.4944496,friend,,0.001,zai_amortized,0,0.7,163126167,0.0,0.0,
308,1786731302.4999974,ollama_cloud,,0.3403472792684442,zai_amortized,0,0.7,293817539,100.0,0.0,
309,1786731303.102014,ppq,,0.14,cold_start_fallback,0,0.0,0,0.0,0.0,
310,1786731303.1032739,openrouter,,0.6374860628869697,openrouter_actual,1,0.43051416,1864488,1.1885851144200004,0.0,
311,1786731302.4944465,ours,,0.001,cold_start_fallback,0,0.0,0,0.0,0.0,
312,1786731302.4944465,deepinfra,,1.3,cold_start_fallback,0,0.0,0,0.0,0.0,
313,1786731602.54363,friend,,0.001,zai_amortized,0,0.7,163126167,0.0,0.0,
314,1786731602.557353,ollama_cloud,,0.3403472792684442,zai_amortized,0,0.7,293817539,100.0,0.0,
315,1786731602.8193014,ppq,,0.14,cold_start_fallback,0,0.0,0,0.0,0.0,
316,1786731602.8228958,openrouter,,0.6374860628869697,openrouter_actual,1,0.43051416,1864488,1.1885851144200004,0.0,
317,1786731602.5436265,ours,,0.001,cold_start_fallback,0,0.0,0,0.0,0.0,
318,1786731602.5436265,deepinfra,,1.3,cold_start_fallback,0,0.0,0,0.0,0.0,
319,1786731902.064491,friend,,0.001,zai_amortized,0,0.7,163126167,0.0,0.0,
320,1786731902.067675,ollama_cloud,,0.3403472792684442,zai_amortized,0,0.7,293817539,100.0,0.0,
321,1786731902.2996972,ppq,,0.14,cold_start_fallback,0,0.0,0,0.0,0.0,
322,1786731902.300594,openrouter,,0.6374860628869697,openrouter_actual,1,0.43051416,1864488,1.1885851144200004,0.0,
323,1786731902.0644891,ours,,0.001,cold_start_fallback,0,0.0,0,0.0,0.0,
324,1786731902.0644891,deepinfra,,1.3,cold_start_fallback,0,0.0,0,0.0,0.0,
325,1786732203.1556325,friend,,0.001,zai_amortized,0,0.7,163126167,0.0,0.0,
326,1786732203.1727092,ollama_cloud,,0.3403472792684442,zai_amortized,0,0.7,293817539,100.0,0.0,
327,1786732203.4916384,ppq,,0.14,cold_start_fallback,0,0.0,0,0.0,0.0,
328,1786732203.503432,openrouter,,0.6374860628869697,openrouter_actual,1,0.43051416,1864488,1.1885851144200004,0.0,
329,1786732203.1556296,ours,,0.001,cold_start_fallback,0,0.0,0,0.0,0.0,
330,1786732203.1556296,deepinfra,,1.3,cold_start_fallback,0,0.0,0,0.0,0.0,
331,1786732502.398383,friend,,0.001,zai_amortized,0,0.7,163504174,0.0,0.0,
332,1786732502.403354,ollama_cloud,,0.3403472792684442,zai_amortized,0,0.7,293817539,100.0,0.0,
333,1786732502.6332633,ppq,,0.14,cold_start_fallback,0,0.0,0,0.0,0.0,
334,1786732502.6345034,openrouter,,0.6374860628869697,openrouter_actual,1,0.43051416,1864488,1.1885851144200004,0.0,
335,1786732502.3983796,ours,,0.001,cold_start_fallback,0,0.0,0,0.0,0.0,
336,1786732502.3983796,deepinfra,,1.3,cold_start_fallback,0,0.0,0,0.0,0.0,
337,1786732802.726725,friend,,0.001,zai_amortized,0,0.7,163504174,0.0,0.0,
338,1786732802.731723,ollama_cloud,,0.3403472792684442,zai_amortized,0,0.7,293817539,100.0,0.0,
339,1786732802.9825735,ppq,,0.14,cold_start_fallback,0,0.0,0,0.0,0.0,
340,1786732802.9838643,openrouter,,0.6374860628869697,openrouter_actual,1,0.43051416,1864488,1.1885851144200004,0.0,
341,1786732802.7267222,ours,,0.001,cold_start_fallback,0,0.0,0,0.0,0.0,
342,1786732802.7267222,deepinfra,,1.3,cold_start_fallback,0,0.0,0,0.0,0.0,
343,1786733101.770706,friend,,0.001,zai_amortized,0,0.7,163504174,0.0,0.0,
344,1786733101.775114,ollama_cloud,,0.3403472792684442,zai_amortized,0,0.7,293817539,100.0,0.0,
345,1786733102.3023012,ppq,,0.14,cold_start_fallback,0,0.0,0,0.0,0.0,
346,1786733102.3035254,openrouter,,0.6374860628869697,openrouter_actual,1,0.43051416,1864488,1.1885851144200004,0.0,
347,1786733101.7707026,ours,,0.001,cold_start_fallback,0,0.0,0,0.0,0.0,
348,1786733101.7707026,deepinfra,,1.3,cold_start_fallback,0,0.0,0,0.0,0.0,
349,1786733401.837446,friend,,0.001,zai_amortized,0,0.7,163504174,0.0,0.0,
350,1786733401.8416588,ollama_cloud,,0.3403472792684442,zai_amortized,0,0.7,293817539,100.0,0.0,
351,1786733402.1055796,ppq,,0.14,cold_start_fallback,0,0.0,0,0.0,0.0,
352,1786733402.1067972,openrouter,,0.6374860628869697,openrouter_actual,1,0.43051416,1864488,1.1885851144200004,0.0,
353,1786733401.8374429,ours,,0.001,cold_start_fallback,0,0.0,0,0.0,0.0,
354,1786733401.8374429,deepinfra,,1.3,cold_start_fallback,0,0.0,0,0.0,0.0,
355,1786733701.66481,friend,,0.001,zai_amortized,0,0.7,163504174,0.0,0.0,
356,1786733701.6674109,ollama_cloud,,0.3403472792684442,zai_amortized,0,0.7,293817539,100.0,0.0,
357,1786733701.8923142,ppq,,0.14,cold_start_fallback,0,0.0,0,0.0,0.0,
358,1786733701.8935673,openrouter,,0.6374860628869697,openrouter_actual,1,0.43051416,1864488,1.1885851144200004,0.0,
359,1786733701.6648083,ours,,0.001,cold_start_fallback,0,0.0,0,0.0,0.0,
360,1786733701.6648083,deepinfra,,1.3,cold_start_fallback,0,0.0,0,0.0,0.0,
361,1786734002.070157,friend,,0.001,zai_amortized,0,0.7,163504174,0.0,0.0,
362,1786734002.0936542,ollama_cloud,,0.3403472792684442,zai_amortized,0,0.7,293817539,100.0,0.0,
363,1786734002.4036384,ppq,,0.14,cold_start_fallback,0,0.0,0,0.0,0.0,
364,1786734002.4050517,openrouter,,0.6374860628869697,openrouter_actual,1,0.43051416,1864488,1.1885851144200004,0.0,
365,1786734002.0701542,ours,,0.001,cold_start_fallback,0,0.0,0,0.0,0.0,
366,1786734002.0701542,deepinfra,,1.3,cold_start_fallback,0,0.0,0,0.0,0.0,
367,1786734302.6876948,friend,,0.001,zai_amortized,0,0.7,163504174,0.0,0.0,
368,1786734302.6924665,ollama_cloud,,0.3403472792684442,zai_amortized,0,0.7,293817539,100.0,0.0,
369,1786734302.937445,ppq,,0.14,cold_start_fallback,0,0.0,0,0.0,0.0,
370,1786734302.9386253,openrouter,,0.6374860628869697,openrouter_actual,1,0.43051416,1864488,1.1885851144200004,0.0,
371,1786734302.6876929,ours,,0.001,cold_start_fallback,0,0.0,0,0.0,0.0,
372,1786734302.6876929,deepinfra,,1.3,cold_start_fallback,0,0.0,0,0.0,0.0,
373,1786734602.3860888,friend,,0.001,zai_amortized,0,0.7,163504174,0.0,0.0,
374,1786734602.3941913,ollama_cloud,,0.3403472792684442,zai_amortized,0,0.7,293817539,100.0,0.0,
375,1786734602.6868663,ppq,,0.14,cold_start_fallback,0,0.0,0,0.0,0.0,
376,1786734602.689523,openrouter,,0.6374860628869697,openrouter_actual,1,0.43051416,1864488,1.1885851144200004,0.0,
377,1786734602.386085,ours,,0.001,cold_start_fallback,0,0.0,0,0.0,0.0,
378,1786734602.386085,deepinfra,,1.3,cold_start_fallback,0,0.0,0,0.0,0.0,
379,1786734902.1597736,friend,,0.001,zai_amortized,0,0.7,163504174,0.0,0.0,
380,1786734902.1645415,ollama_cloud,,0.3403472792684442,zai_amortized,0,0.7,293817539,100.0,0.0,
381,1786734902.4121475,ppq,,0.14,cold_start_fallback,0,0.0,0,0.0,0.0,
382,1786734902.4133482,openrouter,,0.6374860628869697,openrouter_actual,1,0.43051416,1864488,1.1885851144200004,0.0,
383,1786734902.1597712,ours,,0.001,cold_start_fallback,0,0.0,0,0.0,0.0,
384,1786734902.1597712,deepinfra,,1.3,cold_start_fallback,0,0.0,0,0.0,0.0,
385,1786735202.0152075,friend,,0.001,zai_amortized,0,0.7,163504174,0.0,0.0,
386,1786735202.0198078,ollama_cloud,,0.3403472792684442,zai_amortized,0,0.7,293817539,100.0,0.0,
387,1786735202.2638297,ppq,,0.14,cold_start_fallback,0,0.0,0,0.0,0.0,
388,1786735202.2650745,openrouter,,0.6374860628869697,openrouter_actual,1,0.43051416,1864488,1.1885851144200004,0.0,
389,1786735202.0152047,ours,,0.001,cold_start_fallback,0,0.0,0,0.0,0.0,
390,1786735202.0152047,deepinfra,,1.3,cold_start_fallback,0,0.0,0,0.0,0.0,
391,1786735502.317686,friend,,0.001,zai_amortized,0,0.7,163504174,0.0,0.0,
392,1786735502.3224878,ollama_cloud,,0.3403472792684442,zai_amortized,0,0.7,293817539,100.0,0.0,
393,1786735502.5762753,ppq,,0.14,cold_start_fallback,0,0.0,0,0.0,0.0,
394,1786735502.5774713,openrouter,,0.6374860628869697,openrouter_actual,1,0.43051416,1864488,1.1885851144200004,0.0,
395,1786735502.3176827,ours,,0.001,cold_start_fallback,0,0.0,0,0.0,0.0,
396,1786735502.3176827,deepinfra,,1.3,cold_start_fallback,0,0.0,0,0.0,0.0,
397,1786735803.0317152,friend,,0.001,zai_amortized,0,0.7,163504174,0.0,0.0,
398,1786735803.0376863,ollama_cloud,,0.3403472792684442,zai_amortized,0,0.7,293817539,100.0,0.0,
399,1786735803.3150208,ppq,,0.14,cold_start_fallback,0,0.0,0,0.0,0.0,
400,1786735803.3175223,openrouter,,0.6374860628869697,openrouter_actual,1,0.43051416,1864488,1.1885851144200004,0.0,
401,1786735803.0317123,ours,,0.001,cold_start_fallback,0,0.0,0,0.0,0.0,
402,1786735803.0317123,deepinfra,,1.3,cold_start_fallback,0,0.0,0,0.0,0.0,
403,1786736102.3254328,friend,,0.001,zai_amortized,0,0.7,164013548,0.0,0.0,
404,1786736102.3299778,ollama_cloud,,0.3403472792684442,zai_amortized,0,0.7,293817539,100.0,0.0,
405,1786736102.5743942,ppq,,0.14,cold_start_fallback,0,0.0,0,0.0,0.0,
406,1786736102.5754693,openrouter,,0.6374860628869697,openrouter_actual,1,0.43051416,1864488,1.1885851144200004,0.0,
407,1786736102.3254302,ours,,0.001,cold_start_fallback,0,0.0,0,0.0,0.0,
408,1786736102.3254302,deepinfra,,1.3,cold_start_fallback,0,0.0,0,0.0,0.0,
409,1786736402.024253,friend,,0.001,zai_amortized,0,0.7,164013548,0.0,0.0,
410,1786736402.0288978,ollama_cloud,,0.3403472792684442,zai_amortized,0,0.7,293817539,100.0,0.0,
411,1786736402.2960143,ppq,,0.14,cold_start_fallback,0,0.0,0,0.0,0.0,
412,1786736402.2971547,openrouter,,0.6374860628869697,openrouter_actual,1,0.43051416,1864488,1.1885851144200004,0.0,
413,1786736402.0242505,ours,,0.001,cold_start_fallback,0,0.0,0,0.0,0.0,
414,1786736402.0242505,deepinfra,,1.3,cold_start_fallback,0,0.0,0,0.0,0.0,
415,1786736702.2074492,friend,,0.001,zai_amortized,0,0.7,164013548,0.0,0.0,
416,1786736702.2124531,ollama_cloud,,0.3403472792684442,zai_amortized,0,0.7,293817539,100.0,0.0,
417,1786736702.4461787,ppq,,0.14,cold_start_fallback,0,0.0,0,0.0,0.0,
418,1786736702.4472818,openrouter,,0.6374860628869697,openrouter_actual,1,0.43051416,1864488,1.1885851144200004,0.0,
419,1786736702.2074456,ours,,0.001,cold_start_fallback,0,0.0,0,0.0,0.0,
420,1786736702.2074456,deepinfra,,1.3,cold_start_fallback,0,0.0,0,0.0,0.0,
421,1786737002.0162818,friend,,0.001,zai_amortized,0,0.7,164013548,0.0,0.0,
422,1786737002.0501988,ollama_cloud,,0.3403472792684442,zai_amortized,0,0.7,293817539,100.0,0.0,
423,1786737002.3031735,ppq,,0.14,cold_start_fallback,0,0.0,0,0.0,0.0,
424,1786737002.3065534,openrouter,,0.6374860628869697,openrouter_actual,1,0.43051416,1864488,1.1885851144200004,0.0,
425,1786737002.0162792,ours,,0.001,cold_start_fallback,0,0.0,0,0.0,0.0,
426,1786737002.0162792,deepinfra,,1.3,cold_start_fallback,0,0.0,0,0.0,0.0,
427,1786737302.117666,friend,,0.001,zai_amortized,0,0.7,164013548,0.0,0.0,
428,1786737302.1222954,ollama_cloud,,0.3403472792684442,zai_amortized,0,0.7,293817539,100.0,0.0,
429,1786737302.375144,ppq,,0.14,cold_start_fallback,0,0.0,0,0.0,0.0,
430,1786737302.3761506,openrouter,,0.6374860628869697,openrouter_actual,1,0.43051416,1864488,1.1885851144200004,0.0,
431,1786737302.1176624,ours,,0.001,cold_start_fallback,0,0.0,0,0.0,0.0,
432,1786737302.1176624,deepinfra,,1.3,cold_start_fallback,0,0.0,0,0.0,0.0,
433,1786737603.0217402,friend,,0.001,zai_amortized,0,0.7,164013548,0.0,0.0,
434,1786737603.041745,ollama_cloud,,0.3403472792684442,zai_amortized,0,0.7,293817539,100.0,0.0,
435,1786737603.4521263,ppq,,0.14,cold_start_fallback,0,0.0,0,0.0,0.0,
436,1786737603.4586444,openrouter,,0.6374860628869697,openrouter_actual,1,0.43051416,1864488,1.1885851144200004,0.0,
437,1786737603.0217366,ours,,0.001,cold_start_fallback,0,0.0,0,0.0,0.0,
438,1786737603.0217366,deepinfra,,1.3,cold_start_fallback,0,0.0,0,0.0,0.0,
439,1786737902.1612904,friend,,0.001,zai_amortized,0,0.7,164013548,0.0,0.0,
440,1786737902.1662695,ollama_cloud,,0.3403472792684442,zai_amortized,0,0.7,293817539,100.0,0.0,
441,1786737902.4127479,ppq,,0.14,cold_start_fallback,0,0.0,0,0.0,0.0,
442,1786737902.4148898,openrouter,,0.6374860628869697,openrouter_actual,1,0.43051416,1864488,1.1885851144200004,0.0,
443,1786737902.1612866,ours,,0.001,cold_start_fallback,0,0.0,0,0.0,0.0,
444,1786737902.1612866,deepinfra,,1.3,cold_start_fallback,0,0.0,0,0.0,0.0,
445,1786738201.899852,friend,,0.001,zai_amortized,0,0.7,164013548,0.0,0.0,
446,1786738201.9042203,ollama_cloud,,0.3403472792684442,zai_amortized,0,0.7,293817539,100.0,0.0,
447,1786738202.1482775,ppq,,0.14,cold_start_fallback,0,0.0,0,0.0,0.0,
448,1786738202.149572,openrouter,,0.6374860628869697,openrouter_actual,1,0.43051416,1864488,1.1885851144200004,0.0,
449,1786738201.899849,ours,,0.001,cold_start_fallback,0,0.0,0,0.0,0.0,
450,1786738201.899849,deepinfra,,1.3,cold_start_fallback,0,0.0,0,0.0,0.0,
451,1786738502.506375,friend,,0.001,zai_amortized,0,0.7,164013548,0.0,0.0,
452,1786738502.5111804,ollama_cloud,,0.3403472792684442,zai_amortized,0,0.7,293817539,100.0,0.0,
453,1786738502.7629294,ppq,,0.14,cold_start_fallback,0,0.0,0,0.0,0.0,
454,1786738502.763649,openrouter,,0.6374860628869697,openrouter_actual,1,0.43051416,1864488,1.1885851144200004,0.0,
455,1786738502.5063722,ours,,0.001,cold_start_fallback,0,0.0,0,0.0,0.0,
456,1786738502.5063722,deepinfra,,1.3,cold_start_fallback,0,0.0,0,0.0,0.0,
457,1786738802.2916594,friend,,0.001,zai_amortized,0,0.7,164061745,0.0,0.0,
458,1786738802.2966866,ollama_cloud,,0.3403472792684442,zai_amortized,0,0.7,293817539,100.0,0.0,
459,1786738802.5380416,ppq,,0.14,cold_start_fallback,0,0.0,0,0.0,0.0,
460,1786738802.5392873,openrouter,,0.6374860628869697,openrouter_actual,1,0.43051416,1864488,1.1885851144200004,0.0,
461,1786738802.2916567,ours,,0.001,cold_start_fallback,0,0.0,0,0.0,0.0,
462,1786738802.2916567,deepinfra,,1.3,cold_start_fallback,0,0.0,0,0.0,0.0,
463,1786739101.9598851,friend,,0.001,zai_amortized,0,0.7,164204603,0.0,0.0,
464,1786739101.963855,ollama_cloud,,0.3403472792684442,zai_amortized,0,0.7,293817539,100.0,0.0,
465,1786739102.1934483,ppq,,0.14,cold_start_fallback,0,0.0,0,0.0,0.0,
466,1786739102.194519,openrouter,,0.6374860628869697,openrouter_actual,1,0.43051416,1864488,1.1885851144200004,0.0,
467,1786739101.9598825,ours,,0.001,cold_start_fallback,0,0.0,0,0.0,0.0,
468,1786739101.9598825,deepinfra,,1.3,cold_start_fallback,0,0.0,0,0.0,0.0,
469,1786739402.944438,friend,,0.001,zai_amortized,0,0.7,164204603,0.0,0.0,
470,1786739402.9549577,ollama_cloud,,0.3403472792684442,zai_amortized,0,0.7,293817539,100.0,0.0,
471,1786739403.2423286,ppq,,0.14,cold_start_fallback,0,0.0,0,0.0,0.0,
472,1786739403.2436495,openrouter,,0.6374860628869697,openrouter_actual,1,0.43051416,1864488,1.1885851144200004,0.0,
473,1786739402.9444346,ours,,0.001,cold_start_fallback,0,0.0,0,0.0,0.0,
474,1786739402.9444346,deepinfra,,1.3,cold_start_fallback,0,0.0,0,0.0,0.0,
475,1786739705.9781427,friend,,0.001,zai_amortized,0,0.7,164463319,0.0,0.0,
476,1786739705.982421,ollama_cloud,,0.3403472792684442,zai_amortized,0,0.7,293817539,100.0,0.0,
477,1786739706.2229812,ppq,,0.14,cold_start_fallback,0,0.0,0,0.0,0.0,
478,1786739706.224069,openrouter,,0.6374860628869697,openrouter_actual,1,0.43051416,1864488,1.1885851144200004,0.0,
479,1786739705.9781406,ours,,0.001,cold_start_fallback,0,0.0,0,0.0,0.0,
480,1786739705.9781406,deepinfra,,1.3,cold_start_fallback,0,0.0,0,0.0,0.0,
481,1786740002.2150745,friend,,0.001,zai_amortized,0,0.7,164463319,0.0,0.0,
482,1786740002.2204416,ollama_cloud,,0.3403472792684442,zai_amortized,0,0.7,293817539,100.0,0.0,
483,1786740002.4766285,ppq,,0.14,cold_start_fallback,0,0.0,0,0.0,0.0,
484,1786740002.4779484,openrouter,,0.6374860628869697,openrouter_actual,1,0.43051416,1864488,1.1885851144200004,0.0,
485,1786740002.2150717,ours,,0.001,cold_start_fallback,0,0.0,0,0.0,0.0,
486,1786740002.2150717,deepinfra,,1.3,cold_start_fallback,0,0.0,0,0.0,0.0,
487,1786740302.4867556,friend,,0.001,zai_amortized,0,0.7,164463319,0.0,0.0,
488,1786740302.49202,ollama_cloud,,0.3403472792684442,zai_amortized,0,0.7,293817539,100.0,0.0,
489,1786740302.7473404,ppq,,0.14,cold_start_fallback,0,0.0,0,0.0,0.0,
490,1786740302.7522225,openrouter,,0.6374860628869697,openrouter_actual,1,0.43051416,1864488,1.1885851144200004,0.0,
491,1786740302.4867523,ours,,0.001,cold_start_fallback,0,0.0,0,0.0,0.0,
492,1786740302.4867523,deepinfra,,1.3,cold_start_fallback,0,0.0,0,0.0,0.0,
493,1786740602.0510643,friend,,0.001,zai_amortized,0,0.7,164463319,0.0,0.0,
494,1786740602.0624864,ollama_cloud,,0.3403472792684442,zai_amortized,0,0.7,293817539,100.0,0.0,
495,1786740602.3655615,ppq,,0.14,cold_start_fallback,0,0.0,0,0.0,0.0,
496,1786740602.3667755,openrouter,,0.6374860628869697,openrouter_actual,1,0.43051416,1864488,1.1885851144200004,0.0,
497,1786740602.0510612,ours,,0.001,cold_start_fallback,0,0.0,0,0.0,0.0,
498,1786740602.0510612,deepinfra,,1.3,cold_start_fallback,0,0.0,0,0.0,0.0,
499,1786740901.9779449,friend,,0.001,zai_amortized,0,0.7,164463319,0.0,0.0,
500,1786740901.982688,ollama_cloud,,0.3403472792684442,zai_amortized,0,0.7,293817539,100.0,0.0,
501,1786740902.2350256,ppq,,0.14,cold_start_fallback,0,0.0,0,0.0,0.0,
502,1786740902.2362106,openrouter,,0.6374860628869697,openrouter_actual,1,0.43051416,1864488,1.1885851144200004,0.0,
503,1786740901.9779422,ours,,0.001,cold_start_fallback,0,0.0,0,0.0,0.0,
504,1786740901.9779422,deepinfra,,1.3,cold_start_fallback,0,0.0,0,0.0,0.0,
505,1786741202.6835222,friend,,0.001,zai_amortized,0,0.7,164463319,0.0,0.0,
506,1786741202.6917255,ollama_cloud,,0.3403472792684442,zai_amortized,0,0.7,293817539,100.0,0.0,
507,1786741202.9946883,ppq,,0.14,cold_start_fallback,0,0.0,0,0.0,0.0,
508,1786741203.006761,openrouter,,0.6374860628869697,openrouter_actual,1,0.43051416,1864488,1.1885851144200004,0.0,
509,1786741202.6835186,ours,,0.001,cold_start_fallback,0,0.0,0,0.0,0.0,
510,1786741202.6835186,deepinfra,,1.3,cold_start_fallback,0,0.0,0,0.0,0.0,
511,1786741502.5313997,friend,,0.001,zai_amortized,0,0.7,164463319,0.0,0.0,
512,1786741502.5364962,ollama_cloud,,0.3403472792684442,zai_amortized,0,0.7,293817539,100.0,0.0,
513,1786741502.7638144,ppq,,0.14,cold_start_fallback,0,0.0,0,0.0,0.0,
514,1786741502.7649503,openrouter,,0.6374860628869697,openrouter_actual,1,0.43051416,1864488,1.1885851144200004,0.0,
515,1786741502.5313966,ours,,0.001,cold_start_fallback,0,0.0,0,0.0,0.0,
516,1786741502.5313966,deepinfra,,1.3,cold_start_fallback,0,0.0,0,0.0,0.0,
517,1786741802.676911,friend,,0.001,zai_amortized,0,0.7,164463319,0.0,0.0,
518,1786741802.682621,ollama_cloud,,0.3403472792684442,zai_amortized,0,0.7,293817539,100.0,0.0,
519,1786741802.9387176,ppq,,0.14,cold_start_fallback,0,0.0,0,0.0,0.0,
520,1786741802.939969,openrouter,,0.6374860628869697,openrouter_actual,1,0.43051416,1864488,1.1885851144200004,0.0,
521,1786741802.676908,ours,,0.001,cold_start_fallback,0,0.0,0,0.0,0.0,
522,1786741802.676908,deepinfra,,1.3,cold_start_fallback,0,0.0,0,0.0,0.0,
523,1786742102.3165665,friend,,0.001,zai_amortized,0,0.7,164463319,0.0,0.0,
524,1786742102.321471,ollama_cloud,,0.3403472792684442,zai_amortized,0,0.7,293817539,100.0,0.0,
525,1786742102.5663989,ppq,,0.14,cold_start_fallback,0,0.0,0,0.0,0.0,
526,1786742102.567291,openrouter,,0.6374860628869697,openrouter_actual,1,0.43051416,1864488,1.1885851144200004,0.0,
527,1786742102.3165517,ours,,0.001,cold_start_fallback,0,0.0,0,0.0,0.0,
528,1786742102.3165517,deepinfra,,1.3,cold_start_fallback,0,0.0,0,0.0,0.0,
529,1786742402.216484,friend,,0.001,zai_amortized,0,0.7,164463319,0.0,0.0,
530,1786742402.2231874,ollama_cloud,,0.3403472792684442,zai_amortized,0,0.7,293817539,100.0,0.0,
531,1786742402.4875035,ppq,,0.14,cold_start_fallback,0,0.0,0,0.0,0.0,
532,1786742402.488916,openrouter,,0.6374860628869697,openrouter_actual,1,0.43051416,1864488,1.1885851144200004,0.0,
533,1786742402.2164814,ours,,0.001,cold_start_fallback,0,0.0,0,0.0,0.0,
534,1786742402.2164814,deepinfra,,1.3,cold_start_fallback,0,0.0,0,0.0,0.0,
535,1786742701.7331076,friend,,0.001,zai_amortized,0,0.7,164463319,0.0,0.0,
536,1786742701.737303,ollama_cloud,,0.3403472792684442,zai_amortized,0,0.7,293817539,100.0,0.0,
537,1786742701.966811,ppq,,0.14,cold_start_fallback,0,0.0,0,0.0,0.0,
538,1786742701.967567,openrouter,,0.6374860628869697,openrouter_actual,1,0.43051416,1864488,1.1885851144200004,0.0,
539,1786742701.733104,ours,,0.001,cold_start_fallback,0,0.0,0,0.0,0.0,
540,1786742701.733104,deepinfra,,1.3,cold_start_fallback,0,0.0,0,0.0,0.0,
541,1786743002.7091334,friend,,0.001,zai_amortized,0,0.7,164463319,0.0,0.0,
542,1786743002.714343,ollama_cloud,,0.3403472792684442,zai_amortized,0,0.7,293817539,100.0,0.0,
543,1786743003.0333867,ppq,,0.14,cold_start_fallback,0,0.0,0,0.0,0.0,
544,1786743003.0368578,openrouter,,0.6374860628869697,openrouter_actual,1,0.43051416,1864488,1.1885851144200004,0.0,
545,1786743002.7091298,ours,,0.001,cold_start_fallback,0,0.0,0,0.0,0.0,
546,1786743002.7091298,deepinfra,,1.3,cold_start_fallback,0,0.0,0,0.0,0.0,
547,1786743302.5513768,friend,,0.001,zai_amortized,0,0.7,164657076,0.0,0.0,
548,1786743302.556254,ollama_cloud,,0.3403472792684442,zai_amortized,0,0.7,293817539,100.0,0.0,
549,1786743302.8311474,ppq,,0.14,cold_start_fallback,0,0.0,0,0.0,0.0,
550,1786743302.8323603,openrouter,,0.6374860628869697,openrouter_actual,1,0.43051416,1864488,1.1885851144200004,0.0,
551,1786743302.5513737,ours,,0.001,cold_start_fallback,0,0.0,0,0.0,0.0,
552,1786743302.5513737,deepinfra,,1.3,cold_start_fallback,0,0.0,0,0.0,0.0,
553,1786743602.1691177,friend,,0.001,zai_amortized,0,0.7,164657076,0.0,0.0,
554,1786743602.173505,ollama_cloud,,0.3403472792684442,zai_amortized,0,0.7,293817539,100.0,0.0,
555,1786743602.4123983,ppq,,0.14,cold_start_fallback,0,0.0,0,0.0,0.0,
556,1786743602.4136143,openrouter,,0.6374860628869697,openrouter_actual,1,0.43051416,1864488,1.1885851144200004,0.0,
557,1786743602.1691144,ours,,0.001,cold_start_fallback,0,0.0,0,0.0,0.0,
558,1786743602.1691144,deepinfra,,1.3,cold_start_fallback,0,0.0,0,0.0,0.0,
559,1786743902.3492668,friend,,0.001,zai_amortized,0,0.7,164657076,0.0,0.0,
560,1786743902.3543944,ollama_cloud,,0.3403472792684442,zai_amortized,0,0.7,293817539,100.0,0.0,
561,1786743902.6013372,ppq,,0.14,cold_start_fallback,0,0.0,0,0.0,0.0,
562,1786743902.6022482,openrouter,,0.6374860628869697,openrouter_actual,1,0.43051416,1864488,1.1885851144200004,0.0,
563,1786743902.3492641,ours,,0.001,cold_start_fallback,0,0.0,0,0.0,0.0,
564,1786743902.3492641,deepinfra,,1.3,cold_start_fallback,0,0.0,0,0.0,0.0,
565,1786744202.24408,friend,,0.001,zai_amortized,0,0.7,164657076,0.0,0.0,
566,1786744202.256291,ollama_cloud,,0.3403472792684442,zai_amortized,0,0.7,293817539,100.0,0.0,
567,1786744202.536978,ppq,,0.14,cold_start_fallback,0,0.0,0,0.0,0.0,
568,1786744202.5379663,openrouter,,0.6374860628869697,openrouter_actual,1,0.43051416,1864488,1.1885851144200004,0.0,
569,1786744202.2440765,ours,,0.001,cold_start_fallback,0,0.0,0,0.0,0.0,
570,1786744202.2440765,deepinfra,,1.3,cold_start_fallback,0,0.0,0,0.0,0.0,
571,1786744501.9195569,friend,,0.001,zai_amortized,0,0.7,164657076,0.0,0.0,
572,1786744501.9222548,ollama_cloud,,0.3403472792684442,zai_amortized,0,0.7,293817539,100.0,0.0,
573,1786744502.1471708,ppq,,0.14,cold_start_fallback,0,0.0,0,0.0,0.0,
574,1786744502.1479568,openrouter,,0.6374860628869697,openrouter_actual,1,0.43051416,1864488,1.1885851144200004,0.0,
575,1786744501.9195552,ours,,0.001,cold_start_fallback,0,0.0,0,0.0,0.0,
576,1786744501.9195552,deepinfra,,1.3,cold_start_fallback,0,0.0,0,0.0,0.0,
577,1786744802.4867027,friend,,0.001,zai_amortized,0,0.7,164657076,0.0,0.0,
578,1786744802.513415,ollama_cloud,,0.3403472792684442,zai_amortized,0,0.7,293817539,100.0,0.0,
579,1786744802.8370032,ppq,,0.14,cold_start_fallback,0,0.0,0,0.0,0.0,
580,1786744802.8423724,openrouter,,0.6374860628869697,openrouter_actual,1,0.43051416,1864488,1.1885851144200004,0.0,
581,1786744802.4866993,ours,,0.001,cold_start_fallback,0,0.0,0,0.0,0.0,
582,1786744802.4866993,deepinfra,,1.3,cold_start_fallback,0,0.0,0,0.0,0.0,
583,1786745101.720531,friend,,0.001,zai_amortized,0,0.7,165024077,0.0,0.0,
584,1786745101.7257998,ollama_cloud,,0.3403472792684442,zai_amortized,0,0.7,293817539,100.0,0.0,
585,1786745101.9695344,ppq,,0.14,cold_start_fallback,0,0.0,0,0.0,0.0,
586,1786745101.970737,openrouter,,0.6374860628869697,openrouter_actual,1,0.43051416,1864488,1.1885851144200004,0.0,
587,1786745101.7205281,ours,,0.001,cold_start_fallback,0,0.0,0,0.0,0.0,
588,1786745101.7205281,deepinfra,,1.3,cold_start_fallback,0,0.0,0,0.0,0.0,
589,1786745402.2138407,friend,,0.001,zai_amortized,0,0.7,165112220,0.0,0.0,
590,1786745402.2184932,ollama_cloud,,0.3403472792684442,zai_amortized,0,0.7,293817539,100.0,0.0,
591,1786745402.4654505,ppq,,0.14,cold_start_fallback,0,0.0,0,0.0,0.0,
592,1786745402.4667032,openrouter,,0.6374860628869697,openrouter_actual,1,0.43051416,1864488,1.1885851144200004,0.0,
593,1786745402.2138371,ours,,0.001,cold_start_fallback,0,0.0,0,0.0,0.0,
594,1786745402.2138371,deepinfra,,1.3,cold_start_fallback,0,0.0,0,0.0,0.0,
595,1786745702.6035824,friend,,0.001,zai_amortized,0,0.7,165154476,0.0,0.0,
596,1786745702.6084065,ollama_cloud,,0.3403472792684442,zai_amortized,0,0.7,293817539,100.0,0.0,
597,1786745702.822178,ppq,,0.14,cold_start_fallback,0,0.0,0,0.0,0.0,
598,1786745702.8235462,openrouter,,0.6374860628869697,openrouter_actual,1,0.43051416,1864488,1.1885851144200004,0.0,
599,1786745702.60358,ours,,0.001,cold_start_fallback,0,0.0,0,0.0,0.0,
600,1786745702.60358,deepinfra,,1.3,cold_start_fallback,0,0.0,0,0.0,0.0,
601,1786746002.471926,friend,,0.001,zai_amortized,0,0.7,165154476,0.0,0.0,
602,1786746002.4766479,ollama_cloud,,0.3403472792684442,zai_amortized,0,0.7,293817539,100.0,0.0,
603,1786746002.7295823,ppq,,0.14,cold_start_fallback,0,0.0,0,0.0,0.0,
604,1786746002.730768,openrouter,,0.6374860628869697,openrouter_actual,1,0.43051416,1864488,1.1885851144200004,0.0,
605,1786746002.471923,ours,,0.001,cold_start_fallback,0,0.0,0,0.0,0.0,
606,1786746002.471923,deepinfra,,1.3,cold_start_fallback,0,0.0,0,0.0,0.0,
607,1786746302.0612712,friend,,0.001,zai_amortized,0,0.7,165154476,0.0,0.0,
608,1786746302.0797553,ollama_cloud,,0.3403472792684442,zai_amortized,0,0.7,293817539,100.0,0.0,
609,1786746302.3661218,ppq,,0.14,cold_start_fallback,0,0.0,0,0.0,0.0,
610,1786746302.3760238,openrouter,,0.6374860628869697,openrouter_actual,1,0.43051416,1864488,1.1885851144200004,0.0,
611,1786746302.0612686,ours,,0.001,cold_start_fallback,0,0.0,0,0.0,0.0,
612,1786746302.0612686,deepinfra,,1.3,cold_start_fallback,0,0.0,0,0.0,0.0,
613,1786746603.2623892,friend,,0.001,zai_amortized,0,0.7,165330468,0.0,0.0,
614,1786746603.276303,ollama_cloud,,0.3403472792684442,zai_amortized,0,0.7,293817539,100.0,0.0,
615,1786746603.5762405,ppq,,0.14,cold_start_fallback,0,0.0,0,0.0,0.0,
616,1786746603.5776346,openrouter,,0.6374860628869697,openrouter_actual,1,0.43051416,1864488,1.1885851144200004,0.0,
617,1786746603.2623868,ours,,0.001,cold_start_fallback,0,0.0,0,0.0,0.0,
618,1786746603.2623868,deepinfra,,1.3,cold_start_fallback,0,0.0,0,0.0,0.0,
619,1786746902.3662965,friend,,0.001,zai_amortized,0,0.7,166482486,0.0,0.0,
620,1786746902.3715072,ollama_cloud,,0.3403472792684442,zai_amortized,0,0.7,293817539,100.0,0.0,
621,1786746902.5956988,ppq,,0.14,cold_start_fallback,0,0.0,0,0.0,0.0,
622,1786746902.5969455,openrouter,,0.6374860628869697,openrouter_actual,1,0.43051416,1864488,1.1885851144200004,0.0,
623,1786746902.3662934,ours,,0.001,cold_start_fallback,0,0.0,0,0.0,0.0,
624,1786746902.3662934,deepinfra,,1.3,cold_start_fallback,0,0.0,0,0.0,0.0,
625,1786747203.0503445,friend,,0.001,zai_amortized,0,0.7,167467344,0.0,0.0,
626,1786747203.058156,ollama_cloud,,0.3403472792684442,zai_amortized,0,0.7,293817539,100.0,0.0,
627,1786747203.306015,ppq,,0.14,cold_start_fallback,0,0.0,0,0.0,0.0,
628,1786747203.3073208,openrouter,,0.6374860628869697,openrouter_actual,1,0.43051416,1864488,1.1885851144200004,0.0,
629,1786747203.0503407,ours,,0.001,cold_start_fallback,0,0.0,0,0.0,0.0,
630,1786747203.0503407,deepinfra,,1.3,cold_start_fallback,0,0.0,0,0.0,0.0,
631,1786747502.254732,friend,,0.001,zai_amortized,0,0.7,169243118,0.0,0.0,
632,1786747502.2607608,ollama_cloud,,0.3403472792684442,zai_amortized,0,0.7,293817539,100.0,0.0,
633,1786747502.5003233,ppq,,0.14,cold_start_fallback,0,0.0,0,0.0,0.0,
634,1786747502.5018046,openrouter,,0.6374860628869697,openrouter_actual,1,0.43051416,1864488,1.1885851144200004,0.0,
635,1786747502.254729,ours,,0.001,cold_start_fallback,0,0.0,0,0.0,0.0,
636,1786747502.254729,deepinfra,,1.3,cold_start_fallback,0,0.0,0,0.0,0.0,
637,1786747801.9805346,friend,,0.001,zai_amortized,0,0.7,169539282,0.0,0.0,
638,1786747801.9886746,ollama_cloud,,0.3403472792684442,zai_amortized,0,0.7,293817539,100.0,0.0,
639,1786747802.2315304,ppq,,0.14,cold_start_fallback,0,0.0,0,0.0,0.0,
640,1786747802.2328315,openrouter,,0.6374860628869697,openrouter_actual,1,0.43051416,1864488,1.1885851144200004,0.0,
641,1786747801.9805322,ours,,0.001,cold_start_fallback,0,0.0,0,0.0,0.0,
642,1786747801.9805322,deepinfra,,1.3,cold_start_fallback,0,0.0,0,0.0,0.0,
643,1786748102.275903,friend,,0.001,zai_amortized,0,0.7,169539282,0.0,0.0,
644,1786748102.2893763,ollama_cloud,,0.3403472792684442,zai_amortized,0,0.7,293817539,100.0,0.0,
645,1786748102.5936735,ppq,,0.14,cold_start_fallback,0,0.0,0,0.0,0.0,
646,1786748102.5946798,openrouter,,0.6374860628869697,openrouter_actual,1,0.43051416,1864488,1.1885851144200004,0.0,
647,1786748102.2759004,ours,,0.001,cold_start_fallback,0,0.0,0,0.0,0.0,
648,1786748102.2759004,deepinfra,,1.3,cold_start_fallback,0,0.0,0,0.0,0.0,
649,1786748402.805401,friend,,0.001,zai_amortized,0,0.7,169596236,0.0,0.0,
650,1786748402.817731,ollama_cloud,,0.3403472792684442,zai_amortized,0,0.7,293817539,100.0,0.0,
651,1786748403.1279078,ppq,,0.14,cold_start_fallback,0,0.0,0,0.0,0.0,
652,1786748403.1292098,openrouter,,0.6374860628869697,openrouter_actual,1,0.43051416,1864488,1.1885851144200004,0.0,
653,1786748402.8053973,ours,,0.001,cold_start_fallback,0,0.0,0,0.0,0.0,
654,1786748402.8053973,deepinfra,,1.3,cold_start_fallback,0,0.0,0,0.0,0.0,
655,1786748701.880431,friend,,0.001,zai_amortized,0,0.7,170143336,0.0,0.0,
656,1786748701.8961499,ollama_cloud,,0.3403472792684442,zai_amortized,0,0.7,293817539,100.0,0.0,
657,1786748702.1759481,ppq,,0.14,cold_start_fallback,0,0.0,0,0.0,0.0,
658,1786748702.177171,openrouter,,0.6374860628869697,openrouter_actual,1,0.43051416,1864488,1.1885851144200004,0.0,
659,1786748701.8804276,ours,,0.001,cold_start_fallback,0,0.0,0,0.0,0.0,
660,1786748701.8804276,deepinfra,,1.3,cold_start_fallback,0,0.0,0,0.0,0.0,
661,1786749002.3046627,friend,,0.001,zai_amortized,0,0.7,172431007,0.0,0.0,
662,1786749002.3109488,ollama_cloud,,0.3403472792684442,zai_amortized,0,0.7,293817539,100.0,0.0,
663,1786749002.5418816,ppq,,0.14,cold_start_fallback,0,0.0,0,0.0,0.0,
664,1786749002.5430825,openrouter,,0.6374860628869697,openrouter_actual,1,0.43051416,1864488,1.1885851144200004,0.0,
665,1786749002.30466,ours,,0.001,cold_start_fallback,0,0.0,0,0.0,0.0,
666,1786749002.30466,deepinfra,,1.3,cold_start_fallback,0,0.0,0,0.0,0.0,
667,1786749302.4160712,friend,,0.001,zai_amortized,0,0.7,172468111,0.0,0.0,
668,1786749302.4268353,ollama_cloud,,0.3403472792684442,zai_amortized,0,0.7,293817539,100.0,0.0,
669,1786749302.7158947,ppq,,0.14,cold_start_fallback,0,0.0,0,0.0,0.0,
670,1786749302.7172048,openrouter,,0.6374860628869697,openrouter_actual,1,0.43051416,1864488,1.1885851144200004,0.0,
671,1786749302.416068,ours,,0.001,cold_start_fallback,0,0.0,0,0.0,0.0,
672,1786749302.416068,deepinfra,,1.3,cold_start_fallback,0,0.0,0,0.0,0.0,
673,1786749602.6207392,friend,,0.001,zai_amortized,0,0.7,172468111,0.0,0.0,
674,1786749602.6264012,ollama_cloud,,0.3403472792684442,zai_amortized,0,0.7,293817539,100.0,0.0,
675,1786749602.8946197,ppq,,0.14,cold_start_fallback,0,0.0,0,0.0,0.0,
676,1786749602.898392,openrouter,,0.6374860628869697,openrouter_actual,1,0.43051416,1864488,1.1885851144200004,0.0,
677,1786749602.620736,ours,,0.001,cold_start_fallback,0,0.0,0,0.0,0.0,
678,1786749602.620736,deepinfra,,1.3,cold_start_fallback,0,0.0,0,0.0,0.0,
679,1786749901.776934,friend,,0.001,zai_amortized,0,0.7,172791909,0.0,0.0,
680,1786749901.7823539,ollama_cloud,,0.3403472792684442,zai_amortized,0,0.7,293817539,100.0,0.0,
681,1786749902.0047762,ppq,,0.14,cold_start_fallback,0,0.0,0,0.0,0.0,
682,1786749902.0059369,openrouter,,0.6374860628869697,openrouter_actual,1,0.43051416,1864488,1.1885851144200004,0.0,
683,1786749901.7769306,ours,,0.001,cold_start_fallback,0,0.0,0,0.0,0.0,
684,1786749901.7769306,deepinfra,,1.3,cold_start_fallback,0,0.0,0,0.0,0.0,
685,1786750203.5084672,friend,,0.001,zai_amortized,0,0.7,174006212,0.0,0.0,
686,1786750203.5202894,ollama_cloud,,0.3403472792684442,zai_amortized,0,0.7,293817539,100.0,0.0,
687,1786750203.8599994,ppq,,0.14,cold_start_fallback,0,0.0,0,0.0,0.0,
688,1786750203.8648162,openrouter,,0.6374860628869697,openrouter_actual,1,0.43051416,1864488,1.1885851144200004,0.0,
689,1786750203.5084643,ours,,0.001,cold_start_fallback,0,0.0,0,0.0,0.0,
690,1786750203.5084643,deepinfra,,1.3,cold_start_fallback,0,0.0,0,0.0,0.0,
691,1786750502.4409714,friend,,0.001,zai_amortized,0,0.7,174138253,0.0,0.0,
692,1786750502.4471762,ollama_cloud,,0.3403472792684442,zai_amortized,0,0.7,293817539,100.0,0.0,
693,1786750502.666221,ppq,,0.14,cold_start_fallback,0,0.0,0,0.0,0.0,
694,1786750502.6695302,openrouter,,0.6374860628869697,openrouter_actual,1,0.43051416,1864488,1.1885851144200004,0.0,
695,1786750502.440969,ours,,0.001,cold_start_fallback,0,0.0,0,0.0,0.0,
696,1786750502.440969,deepinfra,,1.3,cold_start_fallback,0,0.0,0,0.0,0.0,
697,1786750802.439006,friend,,0.001,zai_amortized,0,0.7,174138253,0.0,0.0,
698,1786750802.4561298,ollama_cloud,,0.3403472792684442,zai_amortized,0,0.7,293817539,100.0,0.0,
699,1786750802.7736862,ppq,,0.14,cold_start_fallback,0,0.0,0,0.0,0.0,
700,1786750802.7832208,openrouter,,0.6374860628869697,openrouter_actual,1,0.43051416,1864488,1.1885851144200004,0.0,
701,1786750802.4390032,ours,,0.001,cold_start_fallback,0,0.0,0,0.0,0.0,
702,1786750802.4390032,deepinfra,,1.3,cold_start_fallback,0,0.0,0,0.0,0.0,
703,1786751102.6325092,friend,,0.001,zai_amortized,0,0.7,174138253,0.0,0.0,
704,1786751102.637363,ollama_cloud,,0.3403472792684442,zai_amortized,0,0.7,293817539,100.0,0.0,
705,1786751102.947582,ppq,,0.14,cold_start_fallback,0,0.0,0,0.0,0.0,
706,1786751102.9487627,openrouter,,0.6374860628869697,openrouter_actual,1,0.43051416,1864488,1.1885851144200004,0.0,
707,1786751102.6325068,ours,,0.001,cold_start_fallback,0,0.0,0,0.0,0.0,
708,1786751102.6325068,deepinfra,,1.3,cold_start_fallback,0,0.0,0,0.0,0.0,
709,1786751401.8716567,friend,,0.001,zai_amortized,0,0.7,174138253,0.0,0.0,
710,1786751401.880273,ollama_cloud,,0.3403472792684442,zai_amortized,0,0.7,293817539,100.0,0.0,
711,1786751402.1524968,ppq,,0.14,cold_start_fallback,0,0.0,0,0.0,0.0,
712,1786751402.1538253,openrouter,,0.6374860628869697,openrouter_actual,1,0.43051416,1864488,1.1885851144200004,0.0,
713,1786751401.8716538,ours,,0.001,cold_start_fallback,0,0.0,0,0.0,0.0,
714,1786751401.8716538,deepinfra,,1.3,cold_start_fallback,0,0.0,0,0.0,0.0,
715,1786751702.0261302,friend,,0.001,zai_amortized,0,0.7,174138253,0.0,0.0,
716,1786751702.035655,ollama_cloud,,0.3403472792684442,zai_amortized,0,0.7,293817539,100.0,0.0,
717,1786751702.2852619,ppq,,0.14,cold_start_fallback,0,0.0,0,0.0,0.0,
718,1786751702.286605,openrouter,,0.6374860628869697,openrouter_actual,1,0.43051416,1864488,1.1885851144200004,0.0,
719,1786751702.0261264,ours,,0.001,cold_start_fallback,0,0.0,0,0.0,0.0,
720,1786751702.0261264,deepinfra,,1.3,cold_start_fallback,0,0.0,0,0.0,0.0,
721,1786752002.525324,friend,,0.001,zai_amortized,0,0.7,174138253,0.0,0.0,
722,1786752002.5373657,ollama_cloud,,0.3403472792684442,zai_amortized,0,0.7,293817539,100.0,0.0,
723,1786752002.902801,ppq,,0.14,cold_start_fallback,0,0.0,0,0.0,0.0,
724,1786752002.9082901,openrouter,,0.6374860628869697,openrouter_actual,1,0.43051416,1864488,1.1885851144200004,0.0,
725,1786752002.52532,ours,,0.001,cold_start_fallback,0,0.0,0,0.0,0.0,
726,1786752002.52532,deepinfra,,1.3,cold_start_fallback,0,0.0,0,0.0,0.0,
727,1786752301.5706868,friend,,0.001,zai_amortized,0,0.7,174138253,0.0,0.0,
728,1786752301.5758436,ollama_cloud,,0.3403472792684442,zai_amortized,0,0.7,293817539,100.0,0.0,
729,1786752301.8174448,ppq,,0.14,cold_start_fallback,0,0.0,0,0.0,0.0,
730,1786752301.8182235,openrouter,,0.6374860628869697,openrouter_actual,1,0.43051416,1864488,1.1885851144200004,0.0,
731,1786752301.5706837,ours,,0.001,cold_start_fallback,0,0.0,0,0.0,0.0,
732,1786752301.5706837,deepinfra,,1.3,cold_start_fallback,0,0.0,0,0.0,0.0,
733,1786752602.3176801,friend,,0.001,zai_amortized,0,0.7,174138253,0.0,0.0,
734,1786752602.3252287,ollama_cloud,,0.3403472792684442,zai_amortized,0,0.7,293817539,100.0,0.0,
735,1786752602.63891,ppq,,0.14,cold_start_fallback,0,0.0,0,0.0,0.0,
736,1786752602.6401622,openrouter,,0.6374860628869697,openrouter_actual,1,0.43051416,1864488,1.1885851144200004,0.0,
737,1786752602.317677,ours,,0.001,cold_start_fallback,0,0.0,0,0.0,0.0,
738,1786752602.317677,deepinfra,,1.3,cold_start_fallback,0,0.0,0,0.0,0.0,
739,1786752902.4791,friend,,0.001,zai_amortized,0,0.7,174138253,0.0,0.0,
740,1786752902.4849792,ollama_cloud,,0.3403472792684442,zai_amortized,0,0.7,293817539,100.0,0.0,
741,1786752902.7309482,ppq,,0.14,cold_start_fallback,0,0.0,0,0.0,0.0,
742,1786752902.7322164,openrouter,,0.6374860628869697,openrouter_actual,1,0.43051416,1864488,1.1885851144200004,0.0,
743,1786752902.4790976,ours,,0.001,cold_start_fallback,0,0.0,0,0.0,0.0,
744,1786752902.4790976,deepinfra,,1.3,cold_start_fallback,0,0.0,0,0.0,0.0,
745,1786753202.3341103,friend,,0.001,zai_amortized,0,0.7,174138253,0.0,0.0,
746,1786753202.3517382,ollama_cloud,,0.3403472792684442,zai_amortized,0,0.7,293817539,100.0,0.0,
747,1786753202.6452293,ppq,,0.14,cold_start_fallback,0,0.0,0,0.0,0.0,
748,1786753202.646567,openrouter,,0.6374860628869697,openrouter_actual,1,0.43051416,1864488,1.1885851144200004,0.0,
749,1786753202.3341074,ours,,0.001,cold_start_fallback,0,0.0,0,0.0,0.0,
750,1786753202.3341074,deepinfra,,1.3,cold_start_fallback,0,0.0,0,0.0,0.0,
751,1786753501.675453,friend,,0.001,zai_amortized,0,0.7,174138253,0.0,0.0,
752,1786753501.692836,ollama_cloud,,0.3403472792684442,zai_amortized,0,0.7,293817539,100.0,0.0,
753,1786753502.2167108,ppq,,0.14,cold_start_fallback,0,0.0,0,0.0,0.0,
754,1786753502.217879,openrouter,,0.6374860628869697,openrouter_actual,1,0.43051416,1864488,1.1885851144200004,0.0,
755,1786753501.67545,ours,,0.001,cold_start_fallback,0,0.0,0,0.0,0.0,
756,1786753501.67545,deepinfra,,1.3,cold_start_fallback,0,0.0,0,0.0,0.0,
757,1786753803.0056481,friend,,0.001,zai_amortized,0,0.7,174138253,0.0,0.0,
758,1786753803.0262375,ollama_cloud,,0.3403472792684442,zai_amortized,0,0.7,293817539,100.0,0.0,
759,1786753803.3700473,ppq,,0.14,cold_start_fallback,0,0.0,0,0.0,0.0,
760,1786753803.3777616,openrouter,,0.6374860628869697,openrouter_actual,1,0.43051416,1864488,1.1885851144200004,0.0,
761,1786753803.005645,ours,,0.001,cold_start_fallback,0,0.0,0,0.0,0.0,
762,1786753803.005645,deepinfra,,1.3,cold_start_fallback,0,0.0,0,0.0,0.0,
763,1786754102.259572,friend,,0.001,zai_amortized,0,0.7,174786624,0.0,0.0,
764,1786754102.2647104,ollama_cloud,,0.3403472792684442,zai_amortized,0,0.7,293817539,100.0,0.0,
765,1786754102.4743788,ppq,,0.14,cold_start_fallback,0,0.0,0,0.0,0.0,
766,1786754102.4754927,openrouter,,0.6374860628869697,openrouter_actual,1,0.43051416,1864488,1.1885851144200004,0.0,
767,1786754102.2595696,ours,,0.001,cold_start_fallback,0,0.0,0,0.0,0.0,
768,1786754102.2595696,deepinfra,,1.3,cold_start_fallback,0,0.0,0,0.0,0.0,
769,1786754402.4428923,friend,,0.001,zai_amortized,0,0.7,174786624,0.0,0.0,
770,1786754402.4484172,ollama_cloud,,0.3403472792684442,zai_amortized,0,0.7,293817539,100.0,0.0,
771,1786754402.6947765,ppq,,0.14,cold_start_fallback,0,0.0,0,0.0,0.0,
772,1786754402.695951,openrouter,,0.6374860628869697,openrouter_actual,1,0.43051416,1864488,1.1885851144200004,0.0,
773,1786754402.442889,ours,,0.001,cold_start_fallback,0,0.0,0,0.0,0.0,
774,1786754402.442889,deepinfra,,1.3,cold_start_fallback,0,0.0,0,0.0,0.0,
775,1786754701.924778,friend,,0.001,zai_amortized,0,0.7,174786624,0.0,0.0,
776,1786754701.9302547,ollama_cloud,,0.3403472792684442,zai_amortized,0,0.7,293817539,100.0,0.0,
777,1786754702.1981595,ppq,,0.14,cold_start_fallback,0,0.0,0,0.0,0.0,
778,1786754702.2032177,openrouter,,0.6374860628869697,openrouter_actual,1,0.43051416,1864488,1.1885851144200004,0.0,
779,1786754701.9247754,ours,,0.001,cold_start_fallback,0,0.0,0,0.0,0.0,
780,1786754701.9247754,deepinfra,,1.3,cold_start_fallback,0,0.0,0,0.0,0.0,
781,1786755002.8519251,friend,,0.001,zai_amortized,0,0.7,174786624,0.0,0.0,
782,1786755002.857845,ollama_cloud,,0.3403472792684442,zai_amortized,0,0.7,293817539,100.0,0.0,
783,1786755003.1096425,ppq,,0.14,cold_start_fallback,0,0.0,0,0.0,0.0,
784,1786755003.1109104,openrouter,,0.6374860628869697,openrouter_actual,1,0.43051416,1864488,1.1885851144200004,0.0,
785,1786755002.8519225,ours,,0.001,cold_start_fallback,0,0.0,0,0.0,0.0,
786,1786755002.8519225,deepinfra,,1.3,cold_start_fallback,0,0.0,0,0.0,0.0,
787,1786755302.216407,friend,,0.001,zai_amortized,0,0.7,174786624,0.0,0.0,
788,1786755302.2219398,ollama_cloud,,0.3403472792684442,zai_amortized,0,0.7,293817539,100.0,0.0,
789,1786755302.4748957,ppq,,0.14,cold_start_fallback,0,0.0,0,0.0,0.0,
790,1786755302.476115,openrouter,,0.6374860628869697,openrouter_actual,1,0.43051416,1864488,1.1885851144200004,0.0,
791,1786755302.2164042,ours,,0.001,cold_start_fallback,0,0.0,0,0.0,0.0,
792,1786755302.2164042,deepinfra,,1.3,cold_start_fallback,0,0.0,0,0.0,0.0,
793,1786755602.4514773,friend,,0.001,zai_amortized,0,0.7,174786624,0.0,0.0,
794,1786755602.4716609,ollama_cloud,,0.3403472792684442,zai_amortized,0,0.7,293817539,100.0,0.0,
795,1786755602.8410008,ppq,,0.14,cold_start_fallback,0,0.0,0,0.0,0.0,
796,1786755602.8423204,openrouter,,0.6374860628869697,openrouter_actual,1,0.43051416,1864488,1.1885851144200004,0.0,
797,1786755602.4514744,ours,,0.001,cold_start_fallback,0,0.0,0,0.0,0.0,
798,1786755602.4514744,deepinfra,,1.3,cold_start_fallback,0,0.0,0,0.0,0.0,
799,1786755901.6409729,friend,,0.001,zai_amortized,0,0.7,174786624,0.0,0.0,
800,1786755901.6460714,ollama_cloud,,0.3403472792684442,zai_amortized,0,0.7,293817539,100.0,0.0,
801,1786755901.8835032,ppq,,0.14,cold_start_fallback,0,0.0,0,0.0,0.0,
802,1786755901.8846583,openrouter,,0.6374860628869697,openrouter_actual,1,0.43051416,1864488,1.1885851144200004,0.0,
803,1786755901.6409707,ours,,0.001,cold_start_fallback,0,0.0,0,0.0,0.0,
804,1786755901.6409707,deepinfra,,1.3,cold_start_fallback,0,0.0,0,0.0,0.0,
805,1786756201.8469071,friend,,0.001,zai_amortized,0,0.7,174786624,0.0,0.0,
806,1786756201.853158,ollama_cloud,,0.3403472792684442,zai_amortized,0,0.7,293817539,100.0,0.0,
807,1786756202.1055706,ppq,,0.14,cold_start_fallback,0,0.0,0,0.0,0.0,
808,1786756202.1072228,openrouter,,0.6374860628869697,openrouter_actual,1,0.43051416,1864488,1.1885851144200004,0.0,
809,1786756201.8469038,ours,,0.001,cold_start_fallback,0,0.0,0,0.0,0.0,
810,1786756201.8469038,deepinfra,,1.3,cold_start_fallback,0,0.0,0,0.0,0.0,
811,1786756501.8133729,friend,,0.001,zai_amortized,0,0.7,174786624,0.0,0.0,
812,1786756501.818974,ollama_cloud,,0.3403472792684442,zai_amortized,0,0.7,293817539,100.0,0.0,
813,1786756502.066512,ppq,,0.14,cold_start_fallback,0,0.0,0,0.0,0.0,
814,1786756502.067955,openrouter,,0.6374860628869697,openrouter_actual,1,0.43051416,1864488,1.1885851144200004,0.0,
815,1786756501.8133705,ours,,0.001,cold_start_fallback,0,0.0,0,0.0,0.0,
816,1786756501.8133705,deepinfra,,1.3,cold_start_fallback,0,0.0,0,0.0,0.0,
817,1786756802.1330974,friend,,0.001,zai_amortized,0,0.7,174786624,0.0,0.0,
818,1786756802.1393018,ollama_cloud,,0.3403472792684442,zai_amortized,0,0.7,293817539,100.0,0.0,
819,1786756802.3860974,ppq,,0.14,cold_start_fallback,0,0.0,0,0.0,0.0,
820,1786756802.387358,openrouter,,0.6374860628869697,openrouter_actual,1,0.43051416,1864488,1.1885851144200004,0.0,
821,1786756802.1330943,ours,,0.001,cold_start_fallback,0,0.0,0,0.0,0.0,
822,1786756802.1330943,deepinfra,,1.3,cold_start_fallback,0,0.0,0,0.0,0.0,
823,1786757102.1441724,friend,,0.001,zai_amortized,0,0.7,174786624,0.0,0.0,
824,1786757102.1496592,ollama_cloud,,0.3403472792684442,zai_amortized,0,0.7,293817539,100.0,0.0,
825,1786757102.3962386,ppq,,0.14,cold_start_fallback,0,0.0,0,0.0,0.0,
826,1786757102.3974714,openrouter,,0.6374860628869697,openrouter_actual,1,0.43051416,1864488,1.1885851144200004,0.0,
827,1786757102.1441696,ours,,0.001,cold_start_fallback,0,0.0,0,0.0,0.0,
828,1786757102.1441696,deepinfra,,1.3,cold_start_fallback,0,0.0,0,0.0,0.0,
829,1786757402.7788265,friend,,0.001,zai_amortized,0,0.7,174786624,0.0,0.0,
830,1786757402.7922137,ollama_cloud,,0.3403472792684442,zai_amortized,0,0.7,293817539,100.0,0.0,
831,1786757403.088277,ppq,,0.14,cold_start_fallback,0,0.0,0,0.0,0.0,
832,1786757403.0896778,openrouter,,0.6374860628869697,openrouter_actual,1,0.43051416,1864488,1.1885851144200004,0.0,
833,1786757402.7788227,ours,,0.001,cold_start_fallback,0,0.0,0,0.0,0.0,
834,1786757402.7788227,deepinfra,,1.3,cold_start_fallback,0,0.0,0,0.0,0.0,
835,1786757702.1888041,friend,,0.001,zai_amortized,0,0.7,175195799,0.0,0.0,
836,1786757702.193061,ollama_cloud,,0.3403472792684442,zai_amortized,0,0.7,293817539,100.0,0.0,
837,1786757702.4024537,ppq,,0.14,cold_start_fallback,0,0.0,0,0.0,0.0,
838,1786757702.4032717,openrouter,,0.6374860628869697,openrouter_actual,1,0.43051416,1864488,1.1885851144200004,0.0,
839,1786757702.1888025,ours,,0.001,cold_start_fallback,0,0.0,0,0.0,0.0,
840,1786757702.1888025,deepinfra,,1.3,cold_start_fallback,0,0.0,0,0.0,0.0,
841,1786758002.2722387,friend,,0.001,zai_amortized,0,0.7,175195799,0.0,0.0,
842,1786758002.2778401,ollama_cloud,,0.3403472792684442,zai_amortized,0,0.7,293817539,100.0,0.0,
843,1786758002.5226712,ppq,,0.14,cold_start_fallback,0,0.0,0,0.0,0.0,
844,1786758002.523506,openrouter,,0.6374860628869697,openrouter_actual,1,0.43051416,1864488,1.1885851144200004,0.0,
845,1786758002.272236,ours,,0.001,cold_start_fallback,0,0.0,0,0.0,0.0,
846,1786758002.272236,deepinfra,,1.3,cold_start_fallback,0,0.0,0,0.0,0.0,
847,1786758302.052536,friend,,0.001,zai_amortized,0,0.7,175195799,0.0,0.0,
848,1786758302.0706382,ollama_cloud,,0.3403472792684442,zai_amortized,0,0.7,293817539,100.0,0.0,
849,1786758302.462045,ppq,,0.14,cold_start_fallback,0,0.0,0,0.0,0.0,
850,1786758302.4632578,openrouter,,0.6374860628869697,openrouter_actual,1,0.43051416,1864488,1.1885851144200004,0.0,
851,1786758302.052532,ours,,0.001,cold_start_fallback,0,0.0,0,0.0,0.0,
852,1786758302.052532,deepinfra,,1.3,cold_start_fallback,0,0.0,0,0.0,0.0,
853,1786758602.6373737,friend,,0.001,zai_amortized,0,0.7,175195799,0.0,0.0,
854,1786758602.6404624,ollama_cloud,,0.3403472792684442,zai_amortized,0,0.7,293817539,100.0,0.0,
855,1786758602.8715935,ppq,,0.14,cold_start_fallback,0,0.0,0,0.0,0.0,
856,1786758602.8724365,openrouter,,0.6374860628869697,openrouter_actual,1,0.43051416,1864488,1.1885851144200004,0.0,
857,1786758602.6373713,ours,,0.001,cold_start_fallback,0,0.0,0,0.0,0.0,
858,1786758602.6373713,deepinfra,,1.3,cold_start_fallback,0,0.0,0,0.0,0.0,
859,1786758901.8926556,friend,,0.001,zai_amortized,0,0.7,175195799,0.0,0.0,
860,1786758901.8977282,ollama_cloud,,0.3403472792684442,zai_amortized,0,0.7,293817539,100.0,0.0,
861,1786758902.1401114,ppq,,0.14,cold_start_fallback,0,0.0,0,0.0,0.0,
862,1786758902.141353,openrouter,,0.6374860628869697,openrouter_actual,1,0.43051416,1864488,1.1885851144200004,0.0,
863,1786758901.8926528,ours,,0.001,cold_start_fallback,0,0.0,0,0.0,0.0,
864,1786758901.8926528,deepinfra,,1.3,cold_start_fallback,0,0.0,0,0.0,0.0,
865,1786759202.4049942,friend,,0.001,zai_amortized,0,0.7,175195799,0.0,0.0,
866,1786759202.4104307,ollama_cloud,,0.3403472792684442,zai_amortized,0,0.7,293817539,100.0,0.0,
867,1786759202.6639805,ppq,,0.14,cold_start_fallback,0,0.0,0,0.0,0.0,
868,1786759202.6652677,openrouter,,0.6374860628869697,openrouter_actual,1,0.43051416,1864488,1.1885851144200004,0.0,
869,1786759202.404992,ours,,0.001,cold_start_fallback,0,0.0,0,0.0,0.0,
870,1786759202.404992,deepinfra,,1.3,cold_start_fallback,0,0.0,0,0.0,0.0,
871,1786759502.0850086,friend,,0.001,zai_amortized,0,0.7,175195799,0.0,0.0,
872,1786759502.0898054,ollama_cloud,,0.3403472792684442,zai_amortized,0,0.7,293817539,100.0,0.0,
873,1786759502.3113675,ppq,,0.14,cold_start_fallback,0,0.0,0,0.0,0.0,
874,1786759502.3124278,openrouter,,0.6374860628869697,openrouter_actual,1,0.43051416,1864488,1.1885851144200004,0.0,
875,1786759502.085006,ours,,0.001,cold_start_fallback,0,0.0,0,0.0,0.0,
876,1786759502.085006,deepinfra,,1.3,cold_start_fallback,0,0.0,0,0.0,0.0,
877,1786759801.6544938,friend,,0.001,zai_amortized,0,0.7,175195799,0.0,0.0,
878,1786759801.6643243,ollama_cloud,,0.3403472792684442,zai_amortized,0,0.7,293817539,100.0,0.0,
879,1786759801.8936403,ppq,,0.14,cold_start_fallback,0,0.0,0,0.0,0.0,
880,1786759801.8944075,openrouter,,0.6374860628869697,openrouter_actual,1,0.43051416,1864488,1.1885851144200004,0.0,
881,1786759801.654491,ours,,0.001,cold_start_fallback,0,0.0,0,0.0,0.0,
882,1786759801.654491,deepinfra,,1.3,cold_start_fallback,0,0.0,0,0.0,0.0,
883,1786760102.2831092,friend,,0.001,zai_amortized,0,0.7,175195799,0.0,0.0,
884,1786760102.2880428,ollama_cloud,,0.3403472792684442,zai_amortized,0,0.7,293817539,100.0,0.0,
885,1786760102.533514,ppq,,0.14,cold_start_fallback,0,0.0,0,0.0,0.0,
886,1786760102.5346718,openrouter,,0.6374860628869697,openrouter_actual,1,0.43051416,1864488,1.1885851144200004,0.0,
887,1786760102.2831068,ours,,0.001,cold_start_fallback,0,0.0,0,0.0,0.0,
888,1786760102.2831068,deepinfra,,1.3,cold_start_fallback,0,0.0,0,0.0,0.0,
889,1786760402.3896108,friend,,0.001,zai_amortized,0,0.7,175218596,0.0,0.0,
890,1786760402.3954437,ollama_cloud,,0.3403472792684442,zai_amortized,0,0.7,293817539,100.0,0.0,
891,1786760402.6216264,ppq,,0.14,cold_start_fallback,0,0.0,0,0.0,0.0,
892,1786760402.6229415,openrouter,,0.6374860628869697,openrouter_actual,1,0.43051416,1864488,1.1885851144200004,0.0,
893,1786760402.389606,ours,,0.001,cold_start_fallback,0,0.0,0,0.0,0.0,
894,1786760402.389606,deepinfra,,1.3,cold_start_fallback,0,0.0,0,0.0,0.0,
895,1786760701.9242167,friend,,0.001,zai_amortized,0,0.7,175443586,0.0,0.0,
896,1786760701.930427,ollama_cloud,,0.3403472792684442,zai_amortized,0,0.7,293817539,100.0,0.0,
897,1786760702.1599567,ppq,,0.14,cold_start_fallback,0,0.0,0,0.0,0.0,
898,1786760702.1612127,openrouter,,0.6374860628869697,openrouter_actual,1,0.43051416,1864488,1.1885851144200004,0.0,
899,1786760701.9242144,ours,,0.001,cold_start_fallback,0,0.0,0,0.0,0.0,
900,1786760701.9242144,deepinfra,,1.3,cold_start_fallback,0,0.0,0,0.0,0.0,
901,1786761002.6213188,friend,,0.001,zai_amortized,0,0.7,175443586,0.0,0.0,
902,1786761002.6404588,ollama_cloud,,0.3403472792684442,zai_amortized,0,0.7,293817539,100.0,0.0,
903,1786761002.9459198,ppq,,0.14,cold_start_fallback,0,0.0,0,0.0,0.0,
904,1786761002.947363,openrouter,,0.6374860628869697,openrouter_actual,1,0.43051416,1864488,1.1885851144200004,0.0,
905,1786761002.6213162,ours,,0.001,cold_start_fallback,0,0.0,0,0.0,0.0,
906,1786761002.6213162,deepinfra,,1.3,cold_start_fallback,0,0.0,0,0.0,0.0,
907,1786761302.4832008,friend,,0.001,zai_amortized,0,0.7,175737537,0.0,0.0,
908,1786761302.4885442,ollama_cloud,,0.3403472792684442,zai_amortized,0,0.7,293817539,100.0,0.0,
909,1786761302.733697,ppq,,0.14,cold_start_fallback,0,0.0,0,0.0,0.0,
910,1786761302.7349408,openrouter,,0.6374860628869697,openrouter_actual,1,0.43051416,1864488,1.1885851144200004,0.0,
911,1786761302.4831984,ours,,0.001,cold_start_fallback,0,0.0,0,0.0,0.0,
912,1786761302.4831984,deepinfra,,1.3,cold_start_fallback,0,0.0,0,0.0,0.0,
913,1786761602.2879424,friend,,0.001,zai_amortized,0,0.7,175737537,0.0,0.0,
914,1786761602.2938344,ollama_cloud,,0.3403472792684442,zai_amortized,0,0.7,293817539,100.0,0.0,
915,1786761602.6049275,ppq,,0.14,cold_start_fallback,0,0.0,0,0.0,0.0,
916,1786761602.6115265,openrouter,,0.6374860628869697,openrouter_actual,1,0.43051416,1864488,1.1885851144200004,0.0,
917,1786761602.287939,ours,,0.001,cold_start_fallback,0,0.0,0,0.0,0.0,
918,1786761602.287939,deepinfra,,1.3,cold_start_fallback,0,0.0,0,0.0,0.0,
919,1786761902.176849,friend,,0.001,zai_amortized,0,0.7,175737537,0.0,0.0,
920,1786761902.1826138,ollama_cloud,,0.3403472792684442,zai_amortized,0,0.7,293817539,100.0,0.0,
921,1786761902.698436,ppq,,0.14,cold_start_fallback,0,0.0,0,0.0,0.0,
922,1786761902.699194,openrouter,,0.6374860628869697,openrouter_actual,1,0.43051416,1864488,1.1885851144200004,0.0,
923,1786761902.1768463,ours,,0.001,cold_start_fallback,0,0.0,0,0.0,0.0,
924,1786761902.1768463,deepinfra,,1.3,cold_start_fallback,0,0.0,0,0.0,0.0,
925,1786762201.5957506,friend,,0.001,zai_amortized,0,0.7,175737537,0.0,0.0,
926,1786762201.6015363,ollama_cloud,,0.3403472792684442,zai_amortized,0,0.7,293817539,100.0,0.0,
927,1786762201.859434,ppq,,0.14,cold_start_fallback,0,0.0,0,0.0,0.0,
928,1786762201.8603156,openrouter,,0.6374860628869697,openrouter_actual,1,0.43051416,1864488,1.1885851144200004,0.0,
929,1786762201.5957472,ours,,0.001,cold_start_fallback,0,0.0,0,0.0,0.0,
930,1786762201.5957472,deepinfra,,1.3,cold_start_fallback,0,0.0,0,0.0,0.0,
931,1786762502.3785615,friend,,0.001,zai_amortized,0,0.7,175737537,0.0,0.0,
932,1786762502.3841896,ollama_cloud,,0.3403472792684442,zai_amortized,0,0.7,293817539,100.0,0.0,
933,1786762502.6341908,ppq,,0.14,cold_start_fallback,0,0.0,0,0.0,0.0,
934,1786762502.635319,openrouter,,0.6374860628869697,openrouter_actual,1,0.43051416,1864488,1.1885851144200004,0.0,
935,1786762502.3785589,ours,,0.001,cold_start_fallback,0,0.0,0,0.0,0.0,
936,1786762502.3785589,deepinfra,,1.3,cold_start_fallback,0,0.0,0,0.0,0.0,
937,1786762802.6405258,friend,,0.001,zai_amortized,0,0.7,175737537,0.0,0.0,
938,1786762802.6616142,ollama_cloud,,0.3403472792684442,zai_amortized,0,0.7,293817539,100.0,0.0,
939,1786762802.9625027,ppq,,0.14,cold_start_fallback,0,0.0,0,0.0,0.0,
940,1786762802.9638104,openrouter,,0.6374860628869697,openrouter_actual,1,0.43051416,1864488,1.1885851144200004,0.0,
941,1786762802.6405227,ours,,0.001,cold_start_fallback,0,0.0,0,0.0,0.0,
942,1786762802.6405227,deepinfra,,1.3,cold_start_fallback,0,0.0,0,0.0,0.0,
943,1786763101.9603891,friend,,0.001,zai_amortized,0,0.7,175737537,0.0,0.0,
944,1786763101.9754615,ollama_cloud,,0.3403472792684442,zai_amortized,0,0.7,293817539,100.0,0.0,
945,1786763102.260775,ppq,,0.14,cold_start_fallback,0,0.0,0,0.0,0.0,
946,1786763102.2619827,openrouter,,0.6374860628869697,openrouter_actual,1,0.43051416,1864488,1.1885851144200004,0.0,
947,1786763101.9603853,ours,,0.001,cold_start_fallback,0,0.0,0,0.0,0.0,
948,1786763101.9603853,deepinfra,,1.3,cold_start_fallback,0,0.0,0,0.0,0.0,
949,1786763402.4360816,friend,,0.001,zai_amortized,0,0.7,175737537,0.0,0.0,
950,1786763402.441961,ollama_cloud,,0.3403472792684442,zai_amortized,0,0.7,293817539,100.0,0.0,
951,1786763402.6873672,ppq,,0.14,cold_start_fallback,0,0.0,0,0.0,0.0,
952,1786763402.688669,openrouter,,0.6374860628869697,openrouter_actual,1,0.43051416,1864488,1.1885851144200004,0.0,
953,1786763402.4360778,ours,,0.001,cold_start_fallback,0,0.0,0,0.0,0.0,
954,1786763402.4360778,deepinfra,,1.3,cold_start_fallback,0,0.0,0,0.0,0.0,
955,1786763702.5004888,friend,,0.001,zai_amortized,0,0.7,175737537,0.0,0.0,
956,1786763702.505881,ollama_cloud,,0.3403472792684442,zai_amortized,0,0.7,293817539,100.0,0.0,
957,1786763702.7553022,ppq,,0.14,cold_start_fallback,0,0.0,0,0.0,0.0,
958,1786763702.7564995,openrouter,,0.6374860628869697,openrouter_actual,1,0.43051416,1864488,1.1885851144200004,0.0,
959,1786763702.5004852,ours,,0.001,cold_start_fallback,0,0.0,0,0.0,0.0,
960,1786763702.5004852,deepinfra,,1.3,cold_start_fallback,0,0.0,0,0.0,0.0,
961,1786764002.2857726,friend,,0.001,zai_amortized,0,0.7,175737537,0.0,0.0,
962,1786764002.2915957,ollama_cloud,,0.3403472792684442,zai_amortized,0,0.7,293817539,100.0,0.0,
963,1786764002.529391,ppq,,0.14,cold_start_fallback,0,0.0,0,0.0,0.0,
964,1786764002.5302958,openrouter,,0.6374860628869697,openrouter_actual,1,0.43051416,1864488,1.1885851144200004,0.0,
965,1786764002.2857695,ours,,0.001,cold_start_fallback,0,0.0,0,0.0,0.0,
966,1786764002.2857695,deepinfra,,1.3,cold_start_fallback,0,0.0,0,0.0,0.0,
967,1786764301.5171177,friend,,0.001,zai_amortized,0,0.7,175737537,0.0,0.0,
968,1786764301.5229754,ollama_cloud,,0.3403472792684442,zai_amortized,0,0.7,293817539,100.0,0.0,
969,1786764302.0560791,ppq,,0.14,cold_start_fallback,0,0.0,0,0.0,0.0,
970,1786764302.058722,openrouter,,0.6374860628869697,openrouter_actual,1,0.43051416,1864488,1.1885851144200004,0.0,
971,1786764301.517115,ours,,0.001,cold_start_fallback,0,0.0,0,0.0,0.0,
972,1786764301.517115,deepinfra,,1.3,cold_start_fallback,0,0.0,0,0.0,0.0,
973,1786764602.359565,friend,,0.001,zai_amortized,0,0.7,175737537,0.0,0.0,
974,1786764602.3739727,ollama_cloud,,0.3403472792684442,zai_amortized,0,0.7,293817539,100.0,0.0,
975,1786764602.6423383,ppq,,0.14,cold_start_fallback,0,0.0,0,0.0,0.0,
976,1786764602.6458309,openrouter,,0.6374860628869697,openrouter_actual,1,0.43051416,1864488,1.1885851144200004,0.0,
977,1786764602.3595607,ours,,0.001,cold_start_fallback,0,0.0,0,0.0,0.0,
978,1786764602.3595607,deepinfra,,1.3,cold_start_fallback,0,0.0,0,0.0,0.0,
979,1786764901.9237618,friend,,0.001,zai_amortized,0,0.7,175853013,0.0,0.0,
980,1786764901.9289439,ollama_cloud,,0.3403472792684442,zai_amortized,0,0.7,293817539,100.0,0.0,
981,1786764902.1539023,ppq,,0.14,cold_start_fallback,0,0.0,0,0.0,0.0,
982,1786764902.1552386,openrouter,,0.6374860628869697,openrouter_actual,1,0.43051416,1864488,1.1885851144200004,0.0,
983,1786764901.9237585,ours,,0.001,cold_start_fallback,0,0.0,0,0.0,0.0,
984,1786764901.9237585,deepinfra,,1.3,cold_start_fallback,0,0.0,0,0.0,0.0,
985,1786765202.0370507,friend,,0.001,zai_amortized,0,0.7,175853013,0.0,0.0,
986,1786765202.050007,ollama_cloud,,0.3403472792684442,zai_amortized,0,0.7,293817539,100.0,0.0,
987,1786765202.34315,ppq,,0.14,cold_start_fallback,0,0.0,0,0.0,0.0,
988,1786765202.3444517,openrouter,,0.6374860628869697,openrouter_actual,1,0.43051416,1864488,1.1885851144200004,0.0,
989,1786765202.0370474,ours,,0.001,cold_start_fallback,0,0.0,0,0.0,0.0,
990,1786765202.0370474,deepinfra,,1.3,cold_start_fallback,0,0.0,0,0.0,0.0,
991,1786765502.5169437,friend,,0.001,zai_amortized,0,0.7,175853013,0.0,0.0,
992,1786765502.523134,ollama_cloud,,0.3403472792684442,zai_amortized,0,0.7,293817539,100.0,0.0,
993,1786765502.763579,ppq,,0.14,cold_start_fallback,0,0.0,0,0.0,0.0,
994,1786765502.7645674,openrouter,,0.6374860628869697,openrouter_actual,1,0.43051416,1864488,1.1885851144200004,0.0,
995,1786765502.51694,ours,,0.001,cold_start_fallback,0,0.0,0,0.0,0.0,
996,1786765502.51694,deepinfra,,1.3,cold_start_fallback,0,0.0,0,0.0,0.0,
997,1786765802.2084503,friend,,0.001,zai_amortized,0,0.7,175853013,0.0,0.0,
998,1786765802.2179623,ollama_cloud,,0.3403472792684442,zai_amortized,0,0.7,293817539,100.0,0.0,
999,1786765802.508347,ppq,,0.14,cold_start_fallback,0,0.0,0,0.0,0.0,
1000,1786765802.5095925,openrouter,,0.6374860628869697,openrouter_actual,1,0.43051416,1864488,1.1885851144200004,0.0,
1001,1786765802.208447,ours,,0.001,cold_start_fallback,0,0.0,0,0.0,0.0,
1002,1786765802.208447,deepinfra,,1.3,cold_start_fallback,0,0.0,0,0.0,0.0,
1003,1786766102.4128776,friend,,0.001,zai_amortized,0,0.7,175853013,0.0,0.0,
1004,1786766102.4178915,ollama_cloud,,0.3403472792684442,zai_amortized,0,0.7,293817539,100.0,0.0,
1005,1786766102.9175932,ppq,,0.14,cold_start_fallback,0,0.0,0,0.0,0.0,
1006,1786766102.9187572,openrouter,,0.6374860628869697,openrouter_actual,1,0.43051416,1864488,1.1885851144200004,0.0,
1007,1786766102.4128747,ours,,0.001,cold_start_fallback,0,0.0,0,0.0,0.0,
1008,1786766102.4128747,deepinfra,,1.3,cold_start_fallback,0,0.0,0,0.0,0.0,
1009,1786766402.830391,friend,,0.001,zai_amortized,0,0.7,175853013,0.0,0.0,
1010,1786766402.8361588,ollama_cloud,,0.3403472792684442,zai_amortized,0,0.7,293817539,100.0,0.0,
1011,1786766403.08051,ppq,,0.14,cold_start_fallback,0,0.0,0,0.0,0.0,
1012,1786766403.0847688,openrouter,,0.6374860628869697,openrouter_actual,1,0.43051416,1864488,1.1885851144200004,0.0,
1013,1786766402.8303878,ours,,0.001,cold_start_fallback,0,0.0,0,0.0,0.0,
1014,1786766402.8303878,deepinfra,,1.3,cold_start_fallback,0,0.0,0,0.0,0.0,
1015,1786766702.036512,friend,,0.001,zai_amortized,0,0.7,175853013,0.0,0.0,
1016,1786766702.041425,ollama_cloud,,0.3403472792684442,zai_amortized,0,0.7,293817539,100.0,0.0,
1017,1786766702.273917,ppq,,0.14,cold_start_fallback,0,0.0,0,0.0,0.0,
1018,1786766702.2750506,openrouter,,0.6374860628869697,openrouter_actual,1,0.43051416,1864488,1.1885851144200004,0.0,
1019,1786766702.036509,ours,,0.001,cold_start_fallback,0,0.0,0,0.0,0.0,
1020,1786766702.036509,deepinfra,,1.3,cold_start_fallback,0,0.0,0,0.0,0.0,
1021,1786767002.313847,friend,,0.001,zai_amortized,0,0.7,175853013,0.0,0.0,
1022,1786767002.3207362,ollama_cloud,,0.3403472792684442,zai_amortized,0,0.7,293817539,100.0,0.0,
1023,1786767002.5585766,ppq,,0.14,cold_start_fallback,0,0.0,0,0.0,0.0,
1024,1786767002.5595305,openrouter,,0.6374860628869697,openrouter_actual,1,0.43051416,1864488,1.1885851144200004,0.0,
1025,1786767002.3138442,ours,,0.001,cold_start_fallback,0,0.0,0,0.0,0.0,
1026,1786767002.3138442,deepinfra,,1.3,cold_start_fallback,0,0.0,0,0.0,0.0,
1027,1786767302.120118,friend,,0.001,zai_amortized,0,0.7,176013281,0.0,0.0,
1028,1786767302.1258533,ollama_cloud,,0.3403472792684442,zai_amortized,0,0.7,293817539,100.0,0.0,
1029,1786767302.3721597,ppq,,0.14,cold_start_fallback,0,0.0,0,0.0,0.0,
1030,1786767302.373443,openrouter,,0.6374860628869697,openrouter_actual,1,0.43051416,1864488,1.1885851144200004,0.0,
1031,1786767302.1201153,ours,,0.001,cold_start_fallback,0,0.0,0,0.0,0.0,
1032,1786767302.1201153,deepinfra,,1.3,cold_start_fallback,0,0.0,0,0.0,0.0,
1033,1786767601.9844851,friend,,0.001,zai_amortized,0,0.7,176100406,0.0,0.0,
1034,1786767601.9905772,ollama_cloud,,0.3403472792684442,zai_amortized,0,0.7,293817539,100.0,0.0,
1035,1786767602.2356176,ppq,,0.14,cold_start_fallback,0,0.0,0,0.0,0.0,
1036,1786767602.236782,openrouter,,0.6374860628869697,openrouter_actual,1,0.43051416,1864488,1.1885851144200004,0.0,
1037,1786767601.9844818,ours,,0.001,cold_start_fallback,0,0.0,0,0.0,0.0,
1038,1786767601.9844818,deepinfra,,1.3,cold_start_fallback,0,0.0,0,0.0,0.0,
1039,1786767901.712075,friend,,0.001,zai_amortized,0,0.7,176100406,0.0,0.0,
1040,1786767901.7176688,ollama_cloud,,0.3403472792684442,zai_amortized,0,0.7,293817539,100.0,0.0,
1041,1786767901.9613466,ppq,,0.14,cold_start_fallback,0,0.0,0,0.0,0.0,
1042,1786767901.9625788,openrouter,,0.6374860628869697,openrouter_actual,1,0.43051416,1864488,1.1885851144200004,0.0,
1043,1786767901.712072,ours,,0.001,cold_start_fallback,0,0.0,0,0.0,0.0,
1044,1786767901.712072,deepinfra,,1.3,cold_start_fallback,0,0.0,0,0.0,0.0,
1045,1786768202.3001912,friend,,0.001,zai_amortized,0,0.7,176100406,0.0,0.0,
1046,1786768202.3214228,ollama_cloud,,0.3403472792684442,zai_amortized,0,0.7,293817539,100.0,0.0,
1047,1786768202.6300604,ppq,,0.14,cold_start_fallback,0,0.0,0,0.0,0.0,
1048,1786768202.6339023,openrouter,,0.6374860628869697,openrouter_actual,1,0.43051416,1864488,1.1885851144200004,0.0,
1049,1786768202.2879837,ours,,0.001,cold_start_fallback,0,0.0,0,0.0,0.0,
1050,1786768202.2879837,deepinfra,,1.3,cold_start_fallback,0,0.0,0,0.0,0.0,
1051,1786768502.0315633,friend,,0.001,zai_amortized,0,0.7,176518686,0.0,0.0,
1052,1786768502.0364053,ollama_cloud,,0.3403472792684442,zai_amortized,0,0.7,293817539,100.0,0.0,
1053,1786768502.292407,ppq,,0.14,cold_start_fallback,0,0.0,0,0.0,0.0,
1054,1786768502.2931976,openrouter,,0.6374860628869697,openrouter_actual,1,0.43051416,1864488,1.1885851144200004,0.0,
1055,1786768502.03156,ours,,0.001,cold_start_fallback,0,0.0,0,0.0,0.0,
1056,1786768502.03156,deepinfra,,1.3,cold_start_fallback,0,0.0,0,0.0,0.0,
1057,1786768802.9816504,friend,,0.001,zai_amortized,0,0.7,176518686,0.0,0.0,
1058,1786768803.00192,ollama_cloud,,0.3403472792684442,zai_amortized,0,0.7,293817539,100.0,0.0,
1059,1786768803.2710679,ppq,,0.14,cold_start_fallback,0,0.0,0,0.0,0.0,
1060,1786768803.2723355,openrouter,,0.6374860628869697,openrouter_actual,1,0.43051416,1864488,1.1885851144200004,0.0,
1061,1786768802.9816468,ours,,0.001,cold_start_fallback,0,0.0,0,0.0,0.0,
1062,1786768802.9816468,deepinfra,,1.3,cold_start_fallback,0,0.0,0,0.0,0.0,
1063,1786769102.4178073,friend,,0.001,zai_amortized,0,0.7,176518686,0.0,0.0,
1064,1786769102.4236908,ollama_cloud,,0.3403472792684442,zai_amortized,0,0.7,293817539,100.0,0.0,
1065,1786769102.6603048,ppq,,0.14,cold_start_fallback,0,0.0,0,0.0,0.0,
1066,1786769102.6615803,openrouter,,0.6374860628869697,openrouter_actual,1,0.43051416,1864488,1.1885851144200004,0.0,
1067,1786769102.4178042,ours,,0.001,cold_start_fallback,0,0.0,0,0.0,0.0,
1068,1786769102.4178042,deepinfra,,1.3,cold_start_fallback,0,0.0,0,0.0,0.0,
1069,1786769401.6717136,friend,,0.001,zai_amortized,0,0.7,176518686,0.0,0.0,
1070,1786769401.6819768,ollama_cloud,,0.3403472792684442,zai_amortized,0,0.7,293817539,100.0,0.0,
1071,1786769401.9670784,ppq,,0.14,cold_start_fallback,0,0.0,0,0.0,0.0,
1072,1786769401.9683256,openrouter,,0.6374860628869697,openrouter_actual,1,0.43051416,1864488,1.1885851144200004,0.0,
1073,1786769401.6717112,ours,,0.001,cold_start_fallback,0,0.0,0,0.0,0.0,
1074,1786769401.6717112,deepinfra,,1.3,cold_start_fallback,0,0.0,0,0.0,0.0,
1075,1786769702.5563893,friend,,0.001,zai_amortized,0,0.7,176518686,0.0,0.0,
1076,1786769702.562588,ollama_cloud,,0.3403472792684442,zai_amortized,0,0.7,293817539,100.0,0.0,
1077,1786769703.0671275,ppq,,0.14,cold_start_fallback,0,0.0,0,0.0,0.0,
1078,1786769703.0683725,openrouter,,0.6374860628869697,openrouter_actual,1,0.43051416,1864488,1.1885851144200004,0.0,
1079,1786769702.5563858,ours,,0.001,cold_start_fallback,0,0.0,0,0.0,0.0,
1080,1786769702.5563858,deepinfra,,1.3,cold_start_fallback,0,0.0,0,0.0,0.0,
1081,1786770002.2690673,friend,,0.001,zai_amortized,0,0.7,176518686,0.0,0.0,
1082,1786770002.293696,ollama_cloud,,0.3403472792684442,zai_amortized,0,0.7,293817539,100.0,0.0,
1083,1786770002.6806998,ppq,,0.14,cold_start_fallback,0,0.0,0,0.0,0.0,
1084,1786770002.6823082,openrouter,,0.6374860628869697,openrouter_actual,1,0.43051416,1864488,1.1885851144200004,0.0,
1085,1786770002.2690635,ours,,0.001,cold_start_fallback,0,0.0,0,0.0,0.0,
1086,1786770002.2690635,deepinfra,,1.3,cold_start_fallback,0,0.0,0,0.0,0.0,
1087,1786770302.6382847,friend,,0.001,zai_amortized,0,0.7,176518686,0.0,0.0,
1088,1786770302.64364,ollama_cloud,,0.3403472792684442,zai_amortized,0,0.7,293817539,100.0,0.0,
1089,1786770302.8858438,ppq,,0.14,cold_start_fallback,0,0.0,0,0.0,0.0,
1090,1786770302.8890164,openrouter,,0.6374860628869697,openrouter_actual,1,0.43051416,1864488,1.1885851144200004,0.0,
1091,1786770302.6382823,ours,,0.001,cold_start_fallback,0,0.0,0,0.0,0.0,
1092,1786770302.6382823,deepinfra,,1.3,cold_start_fallback,0,0.0,0,0.0,0.0,
1093,1786770602.2225993,friend,,0.001,zai_amortized,0,0.7,176518686,0.0,0.0,
1094,1786770602.228582,ollama_cloud,,0.3403472792684442,zai_amortized,0,0.7,293817539,100.0,0.0,
1095,1786770602.7499833,ppq,,0.14,cold_start_fallback,0,0.0,0,0.0,0.0,
1096,1786770602.7511864,openrouter,,0.6374860628869697,openrouter_actual,1,0.43051416,1864488,1.1885851144200004,0.0,
1097,1786770602.2225964,ours,,0.001,cold_start_fallback,0,0.0,0,0.0,0.0,
1098,1786770602.2225964,deepinfra,,1.3,cold_start_fallback,0,0.0,0,0.0,0.0,
1099,1786770901.681955,friend,,0.001,zai_amortized,0,0.7,176518686,0.0,0.0,
1100,1786770901.6979845,ollama_cloud,,0.3403472792684442,zai_amortized,0,0.7,293817539,100.0,0.0,
1101,1786770902.0688288,ppq,,0.14,cold_start_fallback,0,0.0,0,0.0,0.0,
1102,1786770902.0699694,openrouter,,0.6374860628869697,openrouter_actual,1,0.43051416,1864488,1.1885851144200004,0.0,
1103,1786770901.6819525,ours,,0.001,cold_start_fallback,0,0.0,0,0.0,0.0,
1104,1786770901.6819525,deepinfra,,1.3,cold_start_fallback,0,0.0,0,0.0,0.0,
1105,1786771202.518271,friend,,0.001,zai_amortized,0,0.7,176518686,0.0,0.0,
1106,1786771202.5243518,ollama_cloud,,0.3403472792684442,zai_amortized,0,0.7,293817539,100.0,0.0,
1107,1786771203.048151,ppq,,0.14,cold_start_fallback,0,0.0,0,0.0,0.0,
1108,1786771203.0493946,openrouter,,0.6374860628869697,openrouter_actual,1,0.43051416,1864488,1.1885851144200004,0.0,
1109,1786771202.518268,ours,,0.001,cold_start_fallback,0,0.0,0,0.0,0.0,
1110,1786771202.518268,deepinfra,,1.3,cold_start_fallback,0,0.0,0,0.0,0.0,
1111,1786771502.464785,friend,,0.001,zai_amortized,0,0.7,176518686,0.0,0.0,
1112,1786771502.470348,ollama_cloud,,0.3403472792684442,zai_amortized,0,0.7,293817539,100.0,0.0,
1113,1786771502.9799113,ppq,,0.14,cold_start_fallback,0,0.0,0,0.0,0.0,
1114,1786771502.981485,openrouter,,0.6374860628869697,openrouter_actual,1,0.43051416,1864488,1.1885851144200004,0.0,
1115,1786771502.464783,ours,,0.001,cold_start_fallback,0,0.0,0,0.0,0.0,
1116,1786771502.464783,deepinfra,,1.3,cold_start_fallback,0,0.0,0,0.0,0.0,
1117,1786771802.6024892,friend,,0.001,zai_amortized,0,0.7,176518686,0.0,0.0,
1118,1786771802.6097922,ollama_cloud,,0.3403472792684442,zai_amortized,0,0.7,293817539,100.0,0.0,
1119,1786771802.9413745,ppq,,0.14,cold_start_fallback,0,0.0,0,0.0,0.0,
1120,1786771802.942784,openrouter,,0.6374860628869697,openrouter_actual,1,0.43051416,1864488,1.1885851144200004,0.0,
1121,1786771802.6024857,ours,,0.001,cold_start_fallback,0,0.0,0,0.0,0.0,
1122,1786771802.6024857,deepinfra,,1.3,cold_start_fallback,0,0.0,0,0.0,0.0,
1123,1786772102.2060027,friend,,0.001,zai_amortized,0,0.7,176632348,0.0,0.0,
1124,1786772102.2121751,ollama_cloud,,0.3403472792684442,zai_amortized,0,0.7,293817539,100.0,0.0,
1125,1786772102.4700644,ppq,,0.14,cold_start_fallback,0,0.0,0,0.0,0.0,
1126,1786772102.4712365,openrouter,,0.6374860628869697,openrouter_actual,1,0.43051416,1864488,1.1885851144200004,0.0,
1127,1786772102.2059832,ours,,0.001,cold_start_fallback,0,0.0,0,0.0,0.0,
1128,1786772102.2059832,deepinfra,,1.3,cold_start_fallback,0,0.0,0,0.0,0.0,
1129,1786772401.8785334,friend,,0.001,zai_amortized,0,0.7,176632348,0.0,0.0,
1130,1786772401.8938136,ollama_cloud,,0.3403472792684442,zai_amortized,0,0.7,293817539,100.0,0.0,
1131,1786772402.1826975,ppq,,0.14,cold_start_fallback,0,0.0,0,0.0,0.0,
1132,1786772402.1839728,openrouter,,0.6374860628869697,openrouter_actual,1,0.43051416,1864488,1.1885851144200004,0.0,
1133,1786772401.8785312,ours,,0.001,cold_start_fallback,0,0.0,0,0.0,0.0,
1134,1786772401.8785312,deepinfra,,1.3,cold_start_fallback,0,0.0,0,0.0,0.0,
1135,1786772702.4487047,friend,,0.001,zai_amortized,0,0.7,176632348,0.0,0.0,
1136,1786772702.4674876,ollama_cloud,,0.3403472792684442,zai_amortized,0,0.7,293817539,100.0,0.0,
1137,1786772702.725512,ppq,,0.14,cold_start_fallback,0,0.0,0,0.0,0.0,
1138,1786772702.7267375,openrouter,,0.6374860628869697,openrouter_actual,1,0.43051416,1864488,1.1885851144200004,0.0,
1139,1786772702.4487019,ours,,0.001,cold_start_fallback,0,0.0,0,0.0,0.0,
1140,1786772702.4487019,deepinfra,,1.3,cold_start_fallback,0,0.0,0,0.0,0.0,
1141,1786773002.1835797,friend,,0.001,zai_amortized,0,0.7,176632348,0.0,0.0,
1142,1786773002.1954465,ollama_cloud,,0.3403472792684442,zai_amortized,0,0.7,293817539,100.0,0.0,
1143,1786773002.4889405,ppq,,0.14,cold_start_fallback,0,0.0,0,0.0,0.0,
1144,1786773002.4901853,openrouter,,0.6374860628869697,openrouter_actual,1,0.43051416,1864488,1.1885851144200004,0.0,
1145,1786773002.183576,ours,,0.001,cold_start_fallback,0,0.0,0,0.0,0.0,
1146,1786773002.183576,deepinfra,,1.3,cold_start_fallback,0,0.0,0,0.0,0.0,
1147,1786773302.0909657,friend,,0.001,zai_amortized,0,0.7,176632348,0.0,0.0,
1148,1786773302.0967224,ollama_cloud,,0.3403472792684442,zai_amortized,0,0.7,293817539,100.0,0.0,
1149,1786773302.633376,ppq,,0.14,cold_start_fallback,0,0.0,0,0.0,0.0,
1150,1786773302.6345613,openrouter,,0.6374860628869697,openrouter_actual,1,0.43051416,1864488,1.1885851144200004,0.0,
1151,1786773302.0909622,ours,,0.001,cold_start_fallback,0,0.0,0,0.0,0.0,
1152,1786773302.0909622,deepinfra,,1.3,cold_start_fallback,0,0.0,0,0.0,0.0,
1153,1786773602.3562813,friend,,0.001,zai_amortized,0,0.7,176632348,0.0,0.0,
1154,1786773602.3684504,ollama_cloud,,0.3403472792684442,zai_amortized,0,0.7,293817539,100.0,0.0,
1155,1786773602.671941,ppq,,0.14,cold_start_fallback,0,0.0,0,0.0,0.0,
1156,1786773602.6766615,openrouter,,0.6374860628869697,openrouter_actual,1,0.43051416,1864488,1.1885851144200004,0.0,
1157,1786773602.3562775,ours,,0.001,cold_start_fallback,0,0.0,0,0.0,0.0,
1158,1786773602.3562775,deepinfra,,1.3,cold_start_fallback,0,0.0,0,0.0,0.0,
1159,1786773902.4139154,friend,,0.001,zai_amortized,0,0.7,176632348,0.0,0.0,
1160,1786773902.420316,ollama_cloud,,0.3403472792684442,zai_amortized,0,0.7,293817539,100.0,0.0,
1161,1786773902.6669278,ppq,,0.14,cold_start_fallback,0,0.0,0,0.0,0.0,
1162,1786773902.6682577,openrouter,,0.6374860628869697,openrouter_actual,1,0.43051416,1864488,1.1885851144200004,0.0,
1163,1786773902.4139123,ours,,0.001,cold_start_fallback,0,0.0,0,0.0,0.0,
1164,1786773902.4139123,deepinfra,,1.3,cold_start_fallback,0,0.0,0,0.0,0.0,
1165,1786774201.99109,friend,,0.001,zai_amortized,0,0.7,176632348,0.0,0.0,
1166,1786774202.0251372,ollama_cloud,,0.3403472792684442,zai_amortized,0,0.7,293817539,100.0,0.0,
1167,1786774202.2707229,ppq,,0.14,cold_start_fallback,0,0.0,0,0.0,0.0,
1168,1786774202.2719436,openrouter,,0.6374860628869697,openrouter_actual,1,0.43051416,1864488,1.1885851144200004,0.0,
1169,1786774201.9910874,ours,,0.001,cold_start_fallback,0,0.0,0,0.0,0.0,
1170,1786774201.9910874,deepinfra,,1.3,cold_start_fallback,0,0.0,0,0.0,0.0,
1171,1786774502.0613356,friend,,0.001,zai_amortized,0,0.7,176632348,0.0,0.0,
1172,1786774502.0671415,ollama_cloud,,0.3403472792684442,zai_amortized,0,0.7,293817539,100.0,0.0,
1173,1786774502.3311121,ppq,,0.14,cold_start_fallback,0,0.0,0,0.0,0.0,
1174,1786774502.3319213,openrouter,,0.6374860628869697,openrouter_actual,1,0.43051416,1864488,1.1885851144200004,0.0,
1175,1786774502.061333,ours,,0.001,cold_start_fallback,0,0.0,0,0.0,0.0,
1176,1786774502.061333,deepinfra,,1.3,cold_start_fallback,0,0.0,0,0.0,0.0,
1177,1786774802.3915832,friend,,0.001,zai_amortized,0,0.7,176632348,0.0,0.0,
1178,1786774802.3981187,ollama_cloud,,0.3403472792684442,zai_amortized,0,0.7,293817539,100.0,0.0,
1179,1786774802.6547236,ppq,,0.14,cold_start_fallback,0,0.0,0,0.0,0.0,
1180,1786774802.6559677,openrouter,,0.6374860628869697,openrouter_actual,1,0.43051416,1864488,1.1885851144200004,0.0,
1181,1786774802.3915803,ours,,0.001,cold_start_fallback,0,0.0,0,0.0,0.0,
1182,1786774802.3915803,deepinfra,,1.3,cold_start_fallback,0,0.0,0,0.0,0.0,
1183,1786775102.2861931,friend,,0.001,zai_amortized,0,0.7,176632348,0.0,0.0,
1184,1786775102.2922275,ollama_cloud,,0.3403472792684442,zai_amortized,0,0.7,293817539,100.0,0.0,
1185,1786775102.5427792,ppq,,0.14,cold_start_fallback,0,0.0,0,0.0,0.0,
1186,1786775102.5440252,openrouter,,0.6374860628869697,openrouter_actual,1,0.43051416,1864488,1.1885851144200004,0.0,
1187,1786775102.286191,ours,,0.001,cold_start_fallback,0,0.0,0,0.0,0.0,
1188,1786775102.286191,deepinfra,,1.3,cold_start_fallback,0,0.0,0,0.0,0.0,
1189,1786775402.3651433,friend,,0.001,zai_amortized,0,0.7,176632348,0.0,0.0,
1190,1786775402.3749352,ollama_cloud,,0.3403472792684442,zai_amortized,0,0.7,293817539,100.0,0.0,
1191,1786775402.7007804,ppq,,0.14,cold_start_fallback,0,0.0,0,0.0,0.0,
1192,1786775402.7021797,openrouter,,0.6374860628869697,openrouter_actual,1,0.43051416,1864488,1.1885851144200004,0.0,
1193,1786775402.3651404,ours,,0.001,cold_start_fallback,0,0.0,0,0.0,0.0,
1194,1786775402.3651404,deepinfra,,1.3,cold_start_fallback,0,0.0,0,0.0,0.0,
1195,1786775701.7498367,friend,,0.001,zai_amortized,0,0.7,176839592,0.0,0.0,
1196,1786775701.7582023,ollama_cloud,,0.3403472792684442,zai_amortized,0,0.7,293817539,100.0,0.0,
1197,1786775701.9957778,ppq,,0.14,cold_start_fallback,0,0.0,0,0.0,0.0,
1198,1786775701.9976733,openrouter,,0.6374860628869697,openrouter_actual,1,0.43051416,1864488,1.1885851144200004,0.0,
1199,1786775701.7498336,ours,,0.001,cold_start_fallback,0,0.0,0,0.0,0.0,
1200,1786775701.7498336,deepinfra,,1.3,cold_start_fallback,0,0.0,0,0.0,0.0,
1201,1786776002.0816727,friend,,0.001,zai_amortized,0,0.7,176839592,0.0,0.0,
1202,1786776002.0880327,ollama_cloud,,0.3403472792684442,zai_amortized,0,0.7,293817539,100.0,0.0,
1203,1786776002.352209,ppq,,0.14,cold_start_fallback,0,0.0,0,0.0,0.0,
1204,1786776002.3534825,openrouter,,0.6374860628869697,openrouter_actual,1,0.43051416,1864488,1.1885851144200004,0.0,
1205,1786776002.0816698,ours,,0.001,cold_start_fallback,0,0.0,0,0.0,0.0,
1206,1786776002.0816698,deepinfra,,1.3,cold_start_fallback,0,0.0,0,0.0,0.0,
1207,1786776301.8132336,friend,,0.001,zai_amortized,0,0.7,176839592,0.0,0.0,
1208,1786776301.826251,ollama_cloud,,0.3403472792684442,zai_amortized,0,0.7,293817539,100.0,0.0,
1209,1786776302.115537,ppq,,0.14,cold_start_fallback,0,0.0,0,0.0,0.0,
1210,1786776302.116717,openrouter,,0.6374860628869697,openrouter_actual,1,0.43051416,1864488,1.1885851144200004,0.0,
1211,1786776301.813231,ours,,0.001,cold_start_fallback,0,0.0,0,0.0,0.0,
1212,1786776301.813231,deepinfra,,1.3,cold_start_fallback,0,0.0,0,0.0,0.0,
1213,1786776602.517015,friend,,0.001,zai_amortized,0,0.7,176839592,0.0,0.0,
1214,1786776602.5242631,ollama_cloud,,0.3403472792684442,zai_amortized,0,0.7,293817539,100.0,0.0,
1215,1786776602.7768495,ppq,,0.14,cold_start_fallback,0,0.0,0,0.0,0.0,
1216,1786776602.7781923,openrouter,,0.6374860628869697,openrouter_actual,1,0.43051416,1864488,1.1885851144200004,0.0,
1217,1786776602.5170107,ours,,0.001,cold_start_fallback,0,0.0,0,0.0,0.0,
1218,1786776602.5170107,deepinfra,,1.3,cold_start_fallback,0,0.0,0,0.0,0.0,
1219,1786776901.7158573,friend,,0.001,zai_amortized,0,0.7,176839592,0.0,0.0,
1220,1786776901.7216463,ollama_cloud,,0.3403472792684442,zai_amortized,0,0.7,293817539,100.0,0.0,
1221,1786776901.9696329,ppq,,0.14,cold_start_fallback,0,0.0,0,0.0,0.0,
1222,1786776901.9708552,openrouter,,0.6374860628869697,openrouter_actual,1,0.43051416,1864488,1.1885851144200004,0.0,
1223,1786776901.7158546,ours,,0.001,cold_start_fallback,0,0.0,0,0.0,0.0,
1224,1786776901.7158546,deepinfra,,1.3,cold_start_fallback,0,0.0,0,0.0,0.0,
1225,1786777202.0282648,friend,,0.001,zai_amortized,0,0.7,176839592,0.0,0.0,
1226,1786777202.0342865,ollama_cloud,,0.3403472792684442,zai_amortized,0,0.7,293817539,100.0,0.0,
1227,1786777202.2985702,ppq,,0.14,cold_start_fallback,0,0.0,0,0.0,0.0,
1228,1786777202.299826,openrouter,,0.6374860628869697,openrouter_actual,1,0.43051416,1864488,1.1885851144200004,0.0,
1229,1786777202.0282624,ours,,0.001,cold_start_fallback,0,0.0,0,0.0,0.0,
1230,1786777202.0282624,deepinfra,,1.3,cold_start_fallback,0,0.0,0,0.0,0.0,
1231,1786777502.2662792,friend,,0.001,zai_amortized,0,0.7,176839592,0.0,0.0,
1232,1786777502.2721918,ollama_cloud,,0.3403472792684442,zai_amortized,0,0.7,293817539,100.0,0.0,
1233,1786777502.5255537,ppq,,0.14,cold_start_fallback,0,0.0,0,0.0,0.0,
1234,1786777502.528544,openrouter,,0.6374860628869697,openrouter_actual,1,0.43051416,1864488,1.1885851144200004,0.0,
1235,1786777502.2662754,ours,,0.001,cold_start_fallback,0,0.0,0,0.0,0.0,
1236,1786777502.2662754,deepinfra,,1.3,cold_start_fallback,0,0.0,0,0.0,0.0,
1237,1786777802.0525289,friend,,0.001,zai_amortized,0,0.7,176839592,0.0,0.0,
1238,1786777802.0590963,ollama_cloud,,0.3403472792684442,zai_amortized,0,0.7,293817539,100.0,0.0,
1239,1786777802.309727,ppq,,0.14,cold_start_fallback,0,0.0,0,0.0,0.0,
1240,1786777802.3120434,openrouter,,0.6374860628869697,openrouter_actual,1,0.43051416,1864488,1.1885851144200004,0.0,
1241,1786777802.0525258,ours,,0.001,cold_start_fallback,0,0.0,0,0.0,0.0,
1242,1786777802.0525258,deepinfra,,1.3,cold_start_fallback,0,0.0,0,0.0,0.0,
1243,1786778102.2838497,friend,,0.001,zai_amortized,0,0.7,176839592,0.0,0.0,
1244,1786778102.2898977,ollama_cloud,,0.3403472792684442,zai_amortized,0,0.7,293817539,100.0,0.0,
1245,1786778102.6141474,ppq,,0.14,cold_start_fallback,0,0.0,0,0.0,0.0,
1246,1786778102.6153405,openrouter,,0.6374860628869697,openrouter_actual,1,0.43051416,1864488,1.1885851144200004,0.0,
1247,1786778102.2838466,ours,,0.001,cold_start_fallback,0,0.0,0,0.0,0.0,
1248,1786778102.2838466,deepinfra,,1.3,cold_start_fallback,0,0.0,0,0.0,0.0,
1249,1786778402.3136382,friend,,0.001,zai_amortized,0,0.7,176839592,0.0,0.0,
1250,1786778402.3209677,ollama_cloud,,0.3403472792684442,zai_amortized,0,0.7,293817539,100.0,0.0,
1251,1786778402.5746458,ppq,,0.14,cold_start_fallback,0,0.0,0,0.0,0.0,
1252,1786778402.5758772,openrouter,,0.6374860628869697,openrouter_actual,1,0.43051416,1864488,1.1885851144200004,0.0,
1253,1786778402.313635,ours,,0.001,cold_start_fallback,0,0.0,0,0.0,0.0,
1254,1786778402.313635,deepinfra,,1.3,cold_start_fallback,0,0.0,0,0.0,0.0,
1255,1786778702.2497506,friend,,0.001,zai_amortized,0,0.7,176839592,0.0,0.0,
1256,1786778702.2553182,ollama_cloud,,0.3403472792684442,zai_amortized,0,0.7,293817539,100.0,0.0,
1257,1786778702.515111,ppq,,0.14,cold_start_fallback,0,0.0,0,0.0,0.0,
1258,1786778702.5162926,openrouter,,0.6374860628869697,openrouter_actual,1,0.43051416,1864488,1.1885851144200004,0.0,
1259,1786778702.2497478,ours,,0.001,cold_start_fallback,0,0.0,0,0.0,0.0,
1260,1786778702.2497478,deepinfra,,1.3,cold_start_fallback,0,0.0,0,0.0,0.0,
1261,1786779002.6033604,friend,,0.001,zai_amortized,0,0.7,176839592,0.0,0.0,
1262,1786779002.6093717,ollama_cloud,,0.3403472792684442,zai_amortized,0,0.7,293817539,100.0,0.0,
1263,1786779002.8673027,ppq,,0.14,cold_start_fallback,0,0.0,0,0.0,0.0,
1264,1786779002.8685682,openrouter,,0.6374860628869697,openrouter_actual,1,0.43051416,1864488,1.1885851144200004,0.0,
1265,1786779002.603357,ours,,0.001,cold_start_fallback,0,0.0,0,0.0,0.0,
1266,1786779002.603357,deepinfra,,1.3,cold_start_fallback,0,0.0,0,0.0,0.0,
1267,1786779301.9080584,friend,,0.001,zai_amortized,0,0.7,176954046,0.0,0.0,
1268,1786779301.9136665,ollama_cloud,,0.3403472792684442,zai_amortized,0,0.7,293817539,100.0,0.0,
1269,1786779302.4162514,ppq,,0.14,cold_start_fallback,0,0.0,0,0.0,0.0,
1270,1786779302.4173915,openrouter,,0.6374860628869697,openrouter_actual,1,0.43051416,1864488,1.1885851144200004,0.0,
1271,1786779301.9080553,ours,,0.001,cold_start_fallback,0,0.0,0,0.0,0.0,
1272,1786779301.9080553,deepinfra,,1.3,cold_start_fallback,0,0.0,0,0.0,0.0,
1273,1786779602.029865,friend,,0.001,zai_amortized,0,0.7,176954046,0.0,0.0,
1274,1786779602.0355563,ollama_cloud,,0.3403472792684442,zai_amortized,0,0.7,293817539,100.0,0.0,
1275,1786779602.3362122,ppq,,0.14,cold_start_fallback,0,0.0,0,0.0,0.0,
1276,1786779602.3370514,openrouter,,0.6374860628869697,openrouter_actual,1,0.43051416,1864488,1.1885851144200004,0.0,
1277,1786779602.029862,ours,,0.001,cold_start_fallback,0,0.0,0,0.0,0.0,
1278,1786779602.029862,deepinfra,,1.3,cold_start_fallback,0,0.0,0,0.0,0.0,
1279,1786779902.5650299,friend,,0.001,zai_amortized,0,0.7,176954046,0.0,0.0,
1280,1786779902.59004,ollama_cloud,,0.3403472792684442,zai_amortized,0,0.7,293817539,100.0,0.0,
1281,1786779902.939438,ppq,,0.14,cold_start_fallback,0,0.0,0,0.0,0.0,
1282,1786779902.9402618,openrouter,,0.6374860628869697,openrouter_actual,1,0.43051416,1864488,1.1885851144200004,0.0,
1283,1786779902.5650272,ours,,0.001,cold_start_fallback,0,0.0,0,0.0,0.0,
1284,1786779902.5650272,deepinfra,,1.3,cold_start_fallback,0,0.0,0,0.0,0.0,
1285,1786780202.1371675,friend,,0.001,zai_amortized,0,0.7,176954046,0.0,0.0,
1286,1786780202.143455,ollama_cloud,,0.3403472792684442,zai_amortized,0,0.7,293817539,100.0,0.0,
1287,1786780202.3804495,ppq,,0.14,cold_start_fallback,0,0.0,0,0.0,0.0,
1288,1786780202.3817487,openrouter,,0.6374860628869697,openrouter_actual,1,0.43051416,1864488,1.1885851144200004,0.0,
1289,1786780202.1371644,ours,,0.001,cold_start_fallback,0,0.0,0,0.0,0.0,
1290,1786780202.1371644,deepinfra,,1.3,cold_start_fallback,0,0.0,0,0.0,0.0,
1291,1786780501.9998825,friend,,0.001,zai_amortized,0,0.7,176954046,0.0,0.0,
1292,1786780502.0053365,ollama_cloud,,0.3403472792684442,zai_amortized,0,0.7,293817539,100.0,0.0,
1293,1786780502.2420957,ppq,,0.14,cold_start_fallback,0,0.0,0,0.0,0.0,
1294,1786780502.2434287,openrouter,,0.6374860628869697,openrouter_actual,1,0.43051416,1864488,1.1885851144200004,0.0,
1295,1786780501.99988,ours,,0.001,cold_start_fallback,0,0.0,0,0.0,0.0,
1296,1786780501.99988,deepinfra,,1.3,cold_start_fallback,0,0.0,0,0.0,0.0,
1297,1786780802.0324697,friend,,0.001,zai_amortized,0,0.7,176954046,0.0,0.0,
1298,1786780802.055541,ollama_cloud,,0.3403472792684442,zai_amortized,0,0.7,293817539,100.0,0.0,
1299,1786780802.4211733,ppq,,0.14,cold_start_fallback,0,0.0,0,0.0,0.0,
1300,1786780802.4292953,openrouter,,0.6374860628869697,openrouter_actual,1,0.43051416,1864488,1.1885851144200004,0.0,
1301,1786780802.0324662,ours,,0.001,cold_start_fallback,0,0.0,0,0.0,0.0,
1302,1786780802.0324662,deepinfra,,1.3,cold_start_fallback,0,0.0,0,0.0,0.0,
1303,1786781102.1419632,friend,,0.001,zai_amortized,0,0.7,176954046,0.0,0.0,
1304,1786781102.1473174,ollama_cloud,,0.3403472792684442,zai_amortized,0,0.7,293817539,100.0,0.0,
1305,1786781102.3924973,ppq,,0.14,cold_start_fallback,0,0.0,0,0.0,0.0,
1306,1786781102.3932843,openrouter,,0.6374860628869697,openrouter_actual,1,0.43051416,1864488,1.1885851144200004,0.0,
1307,1786781102.1419609,ours,,0.001,cold_start_fallback,0,0.0,0,0.0,0.0,
1308,1786781102.1419609,deepinfra,,1.3,cold_start_fallback,0,0.0,0,0.0,0.0,
1309,1786781402.3754227,friend,,0.001,zai_amortized,0,0.7,176954046,0.0,0.0,
1310,1786781402.3807583,ollama_cloud,,0.3403472792684442,zai_amortized,0,0.7,293817539,100.0,0.0,
1311,1786781402.6244276,ppq,,0.14,cold_start_fallback,0,0.0,0,0.0,0.0,
1312,1786781402.6258337,openrouter,,0.6374860628869697,openrouter_actual,1,0.43051416,1864488,1.1885851144200004,0.0,
1313,1786781402.3754196,ours,,0.001,cold_start_fallback,0,0.0,0,0.0,0.0,
1314,1786781402.3754196,deepinfra,,1.3,cold_start_fallback,0,0.0,0,0.0,0.0,
1315,1786781703.181734,friend,,0.001,zai_amortized,0,0.7,176954046,0.0,0.0,
1316,1786781703.1988423,ollama_cloud,,0.3403472792684442,zai_amortized,0,0.7,293817539,100.0,0.0,
1317,1786781703.512282,ppq,,0.14,cold_start_fallback,0,0.0,0,0.0,0.0,
1318,1786781703.5136063,openrouter,,0.6374860628869697,openrouter_actual,1,0.43051416,1864488,1.1885851144200004,0.0,
1319,1786781703.181731,ours,,0.001,cold_start_fallback,0,0.0,0,0.0,0.0,
1320,1786781703.181731,deepinfra,,1.3,cold_start_fallback,0,0.0,0,0.0,0.0,
1321,1786782001.7831929,friend,,0.001,zai_amortized,0,0.7,176954046,0.0,0.0,
1322,1786782001.7885244,ollama_cloud,,0.3403472792684442,zai_amortized,0,0.7,293817539,100.0,0.0,
1323,1786782002.0410285,ppq,,0.14,cold_start_fallback,0,0.0,0,0.0,0.0,
1324,1786782002.0421453,openrouter,,0.6374860628869697,openrouter_actual,1,0.43051416,1864488,1.1885851144200004,0.0,
1325,1786782001.78319,ours,,0.001,cold_start_fallback,0,0.0,0,0.0,0.0,
1326,1786782001.78319,deepinfra,,1.3,cold_start_fallback,0,0.0,0,0.0,0.0,
1327,1786782302.3420498,friend,,0.001,zai_amortized,0,0.7,177002399,0.0,0.0,
1328,1786782302.3480499,ollama_cloud,,0.3403472792684442,zai_amortized,0,0.7,293817539,100.0,0.0,
1329,1786782302.5797708,ppq,,0.14,cold_start_fallback,0,0.0,0,0.0,0.0,
1330,1786782302.580957,openrouter,,0.6374860628869697,openrouter_actual,1,0.43051416,1864488,1.1885851144200004,0.0,
1331,1786782302.3420475,ours,,0.001,cold_start_fallback,0,0.0,0,0.0,0.0,
1332,1786782302.3420475,deepinfra,,1.3,cold_start_fallback,0,0.0,0,0.0,0.0,
1333,1786782603.4517598,friend,,0.001,zai_amortized,0,0.7,177125488,0.0,0.0,
1334,1786782603.4699094,ollama_cloud,,0.3403472792684442,zai_amortized,0,0.7,293817539,100.0,0.0,
1335,1786782603.7862735,ppq,,0.14,cold_start_fallback,0,0.0,0,0.0,0.0,
1336,1786782603.7965293,openrouter,,0.6374860628869697,openrouter_actual,1,0.43051416,1864488,1.1885851144200004,0.0,
1337,1786782603.4517565,ours,,0.001,cold_start_fallback,0,0.0,0,0.0,0.0,
1338,1786782603.4517565,deepinfra,,1.3,cold_start_fallback,0,0.0,0,0.0,0.0,
1339,1786782902.6213877,friend,,0.001,zai_amortized,0,0.7,177391484,0.0,0.0,
1340,1786782902.6272254,ollama_cloud,,0.3403472792684442,zai_amortized,0,0.7,293817539,100.0,0.0,
1341,1786782902.848653,ppq,,0.14,cold_start_fallback,0,0.0,0,0.0,0.0,
1342,1786782902.8499827,openrouter,,0.6374860628869697,openrouter_actual,1,0.43051416,1864488,1.1885851144200004,0.0,
1343,1786782902.6213849,ours,,0.001,cold_start_fallback,0,0.0,0,0.0,0.0,
1344,1786782902.6213849,deepinfra,,1.3,cold_start_fallback,0,0.0,0,0.0,0.0,
1345,1786783201.9542334,friend,,0.001,zai_amortized,0,0.7,177391484,0.0,0.0,
1346,1786783201.9652774,ollama_cloud,,0.3403472792684442,zai_amortized,0,0.7,293817539,100.0,0.0,
1347,1786783202.2587771,ppq,,0.14,cold_start_fallback,0,0.0,0,0.0,0.0,
1348,1786783202.2640858,openrouter,,0.6374860628869697,openrouter_actual,1,0.43051416,1864488,1.1885851144200004,0.0,
1349,1786783201.9542303,ours,,0.001,cold_start_fallback,0,0.0,0,0.0,0.0,
1350,1786783201.9542303,deepinfra,,1.3,cold_start_fallback,0,0.0,0,0.0,0.0,
1351,1786783501.7503095,friend,,0.001,zai_amortized,0,0.7,177391484,0.0,0.0,
1352,1786783501.7582765,ollama_cloud,,0.3403472792684442,zai_amortized,0,0.7,293817539,100.0,0.0,
1353,1786783502.006882,ppq,,0.14,cold_start_fallback,0,0.0,0,0.0,0.0,
1354,1786783502.0079212,openrouter,,0.6374860628869697,openrouter_actual,1,0.43051416,1864488,1.1885851144200004,0.0,
1355,1786783501.7503066,ours,,0.001,cold_start_fallback,0,0.0,0,0.0,0.0,
1356,1786783501.7503066,deepinfra,,1.3,cold_start_fallback,0,0.0,0,0.0,0.0,
1357,1786783802.6338158,friend,,0.001,zai_amortized,0,0.7,177391484,0.0,0.0,
1358,1786783802.6402934,ollama_cloud,,0.3403472792684442,zai_amortized,0,0.7,293817539,100.0,0.0,
1359,1786783802.9854198,ppq,,0.14,cold_start_fallback,0,0.0,0,0.0,0.0,
1360,1786783802.9867282,openrouter,,0.6374860628869697,openrouter_actual,1,0.43051416,1864488,1.1885851144200004,0.0,
1361,1786783802.6338136,ours,,0.001,cold_start_fallback,0,0.0,0,0.0,0.0,
1362,1786783802.6338136,deepinfra,,1.3,cold_start_fallback,0,0.0,0,0.0,0.0,
1363,1786784102.5735126,friend,,0.001,zai_amortized,0,0.7,177391484,0.0,0.0,
1364,1786784102.5791914,ollama_cloud,,0.3403472792684442,zai_amortized,0,0.7,293817539,100.0,0.0,
1365,1786784102.8097184,ppq,,0.14,cold_start_fallback,0,0.0,0,0.0,0.0,
1366,1786784102.810953,openrouter,,0.6374860628869697,openrouter_actual,1,0.43051416,1864488,1.1885851144200004,0.0,
1367,1786784102.57351,ours,,0.001,cold_start_fallback,0,0.0,0,0.0,0.0,
1368,1786784102.57351,deepinfra,,1.3,cold_start_fallback,0,0.0,0,0.0,0.0,
1369,1786784402.713716,friend,,0.001,zai_amortized,0,0.7,177391484,0.0,0.0,
1370,1786784402.7263427,ollama_cloud,,0.3403472792684442,zai_amortized,0,0.7,293817539,100.0,0.0,
1371,1786784402.9966748,ppq,,0.14,cold_start_fallback,0,0.0,0,0.0,0.0,
1372,1786784402.998107,openrouter,,0.6374860628869697,openrouter_actual,1,0.43051416,1864488,1.1885851144200004,0.0,
1373,1786784402.7137113,ours,,0.001,cold_start_fallback,0,0.0,0,0.0,0.0,
1374,1786784402.7137113,deepinfra,,1.3,cold_start_fallback,0,0.0,0,0.0,0.0,
1375,1786784701.843103,friend,,0.001,zai_amortized,0,0.7,177391484,0.0,0.0,
1376,1786784701.8484704,ollama_cloud,,0.3403472792684442,zai_amortized,0,0.7,293817539,100.0,0.0,
1377,1786784702.0743167,ppq,,0.14,cold_start_fallback,0,0.0,0,0.0,0.0,
1378,1786784702.075174,openrouter,,0.6374860628869697,openrouter_actual,1,0.43051416,1864488,1.1885851144200004,0.0,
1379,1786784701.8431008,ours,,0.001,cold_start_fallback,0,0.0,0,0.0,0.0,
1380,1786784701.8431008,deepinfra,,1.3,cold_start_fallback,0,0.0,0,0.0,0.0,
1381,1786785002.4486084,friend,,0.001,zai_amortized,0,0.7,177391484,0.0,0.0,
1382,1786785002.4744737,ollama_cloud,,0.3403472792684442,zai_amortized,0,0.7,293817539,100.0,0.0,
1383,1786785002.7920864,ppq,,0.14,cold_start_fallback,0,0.0,0,0.0,0.0,
1384,1786785002.7953763,openrouter,,0.6374860628869697,openrouter_actual,1,0.43051416,1864488,1.1885851144200004,0.0,
1385,1786785002.4486058,ours,,0.001,cold_start_fallback,0,0.0,0,0.0,0.0,
1386,1786785002.4486058,deepinfra,,1.3,cold_start_fallback,0,0.0,0,0.0,0.0,
1387,1786785302.3520546,friend,,0.001,zai_amortized,0,0.7,177391484,0.0,0.0,
1388,1786785302.3581088,ollama_cloud,,0.3403472792684442,zai_amortized,0,0.7,293817539,100.0,0.0,
1389,1786785302.6134465,ppq,,0.14,cold_start_fallback,0,0.0,0,0.0,0.0,
1390,1786785302.6147132,openrouter,,0.6374860628869697,openrouter_actual,1,0.43051416,1864488,1.1885851144200004,0.0,
1391,1786785302.352051,ours,,0.001,cold_start_fallback,0,0.0,0,0.0,0.0,
1392,1786785302.352051,deepinfra,,1.3,cold_start_fallback,0,0.0,0,0.0,0.0,
1393,1786785601.904252,friend,,0.001,zai_amortized,0,0.7,177391484,0.0,0.0,
1394,1786785601.9094474,ollama_cloud,,0.3403472792684442,zai_amortized,0,0.7,293817539,100.0,0.0,
1395,1786785602.1465132,ppq,,0.14,cold_start_fallback,0,0.0,0,0.0,0.0,
1396,1786785602.150873,openrouter,,0.6374860628869697,openrouter_actual,1,0.43051416,1864488,1.1885851144200004,0.0,
1397,1786785601.9042494,ours,,0.001,cold_start_fallback,0,0.0,0,0.0,0.0,
1398,1786785601.9042494,deepinfra,,1.3,cold_start_fallback,0,0.0,0,0.0,0.0,
1399,1786785901.9024494,friend,,0.001,zai_amortized,0,0.7,177391484,0.0,0.0,
1400,1786785901.9085226,ollama_cloud,,0.3403472792684442,zai_amortized,0,0.7,293817539,100.0,0.0,
1401,1786785902.147417,ppq,,0.14,cold_start_fallback,0,0.0,0,0.0,0.0,
1402,1786785902.1486514,openrouter,,0.6374860628869697,openrouter_actual,1,0.43051416,1864488,1.1885851144200004,0.0,
1403,1786785901.9024465,ours,,0.001,cold_start_fallback,0,0.0,0,0.0,0.0,
1404,1786785901.9024465,deepinfra,,1.3,cold_start_fallback,0,0.0,0,0.0,0.0,
1405,1786786202.5890758,friend,,0.001,zai_amortized,0,0.7,177391484,0.0,0.0,
1406,1786786202.6151345,ollama_cloud,,0.3403472792684442,zai_amortized,0,0.7,293817539,100.0,0.0,
1407,1786786202.9822319,ppq,,0.14,cold_start_fallback,0,0.0,0,0.0,0.0,
1408,1786786202.983584,openrouter,,0.6374860628869697,openrouter_actual,1,0.43051416,1864488,1.1885851144200004,0.0,
1409,1786786202.589073,ours,,0.001,cold_start_fallback,0,0.0,0,0.0,0.0,
1410,1786786202.589073,deepinfra,,1.3,cold_start_fallback,0,0.0,0,0.0,0.0,
1411,1786786502.547076,friend,,0.001,zai_amortized,0,0.7,177559877,0.0,0.0,
1412,1786786502.5548043,ollama_cloud,,0.3403472792684442,zai_amortized,0,0.7,293817539,100.0,0.0,
1413,1786786502.7954261,ppq,,0.14,cold_start_fallback,0,0.0,0,0.0,0.0,
1414,1786786502.7966387,openrouter,,0.6374860628869697,openrouter_actual,1,0.43051416,1864488,1.1885851144200004,0.0,
1415,1786786502.5470734,ours,,0.001,cold_start_fallback,0,0.0,0,0.0,0.0,
1416,1786786502.5470734,deepinfra,,1.3,cold_start_fallback,0,0.0,0,0.0,0.0,
1417,1786786802.2510967,friend,,0.001,zai_amortized,0,0.7,177559877,0.0,0.0,
1418,1786786802.2638388,ollama_cloud,,0.3403472792684442,zai_amortized,0,0.7,293817539,100.0,0.0,
1419,1786786802.5502467,ppq,,0.14,cold_start_fallback,0,0.0,0,0.0,0.0,
1420,1786786802.5512965,openrouter,,0.6374860628869697,openrouter_actual,1,0.43051416,1864488,1.1885851144200004,0.0,
1421,1786786802.2510943,ours,,0.001,cold_start_fallback,0,0.0,0,0.0,0.0,
1422,1786786802.2510943,deepinfra,,1.3,cold_start_fallback,0,0.0,0,0.0,0.0,
1423,1786787102.3355067,friend,,0.001,zai_amortized,0,0.7,177559877,0.0,0.0,
1424,1786787102.3415291,ollama_cloud,,0.3403472792684442,zai_amortized,0,0.7,293817539,100.0,0.0,
1425,1786787102.5933824,ppq,,0.14,cold_start_fallback,0,0.0,0,0.0,0.0,
1426,1786787102.5946405,openrouter,,0.6374860628869697,openrouter_actual,1,0.43051416,1864488,1.1885851144200004,0.0,
1427,1786787102.3355038,ours,,0.001,cold_start_fallback,0,0.0,0,0.0,0.0,
1428,1786787102.3355038,deepinfra,,1.3,cold_start_fallback,0,0.0,0,0.0,0.0,
1429,1786787402.8204298,friend,,0.001,zai_amortized,0,0.7,177559877,0.0,0.0,
1430,1786787402.8335214,ollama_cloud,,0.3403472792684442,zai_amortized,0,0.7,293817539,100.0,0.0,
1431,1786787403.0900347,ppq,,0.14,cold_start_fallback,0,0.0,0,0.0,0.0,
1432,1786787403.0912712,openrouter,,0.6374860628869697,openrouter_actual,1,0.43051416,1864488,1.1885851144200004,0.0,
1433,1786787402.8204267,ours,,0.001,cold_start_fallback,0,0.0,0,0.0,0.0,
1434,1786787402.8204267,deepinfra,,1.3,cold_start_fallback,0,0.0,0,0.0,0.0,
1435,1786787702.0591998,friend,,0.001,zai_amortized,0,0.7,177559877,0.0,0.0,
1436,1786787702.064735,ollama_cloud,,0.3403472792684442,zai_amortized,0,0.7,293817539,100.0,0.0,
1437,1786787702.2835782,ppq,,0.14,cold_start_fallback,0,0.0,0,0.0,0.0,
1438,1786787702.2843366,openrouter,,0.6374860628869697,openrouter_actual,1,0.43051416,1864488,1.1885851144200004,0.0,
1439,1786787702.0591972,ours,,0.001,cold_start_fallback,0,0.0,0,0.0,0.0,
1440,1786787702.0591972,deepinfra,,1.3,cold_start_fallback,0,0.0,0,0.0,0.0,
1441,1786788002.318762,friend,,0.001,zai_amortized,0,0.7,178020901,0.0,0.0,
1442,1786788002.332913,ollama_cloud,,0.3403472792684442,zai_amortized,0,0.7,293817539,100.0,0.0,
1443,1786788002.6048908,ppq,,0.14,cold_start_fallback,0,0.0,0,0.0,0.0,
1444,1786788002.607759,openrouter,,0.6374860628869697,openrouter_actual,1,0.43051416,1864488,1.1885851144200004,0.0,
1445,1786788002.3187594,ours,,0.001,cold_start_fallback,0,0.0,0,0.0,0.0,
1446,1786788002.3187594,deepinfra,,1.3,cold_start_fallback,0,0.0,0,0.0,0.0,
1447,1786788302.4992528,friend,,0.001,zai_amortized,0,0.7,178341151,0.0,0.0,
1448,1786788302.5055501,ollama_cloud,,0.3403472792684442,zai_amortized,0,0.7,293817539,100.0,0.0,
1449,1786788302.7532487,ppq,,0.14,cold_start_fallback,0,0.0,0,0.0,0.0,
1450,1786788302.7545943,openrouter,,0.6374860628869697,openrouter_actual,1,0.43051416,1864488,1.1885851144200004,0.0,
1451,1786788302.49925,ours,,0.001,cold_start_fallback,0,0.0,0,0.0,0.0,
1452,1786788302.49925,deepinfra,,1.3,cold_start_fallback,0,0.0,0,0.0,0.0,
1453,1786788601.7902231,friend,,0.001,zai_amortized,0,0.7,178341151,0.0,0.0,
1454,1786788601.7960696,ollama_cloud,,0.3403472792684442,zai_amortized,0,0.7,293817539,100.0,0.0,
1455,1786788602.051974,ppq,,0.14,cold_start_fallback,0,0.0,0,0.0,0.0,
1456,1786788602.053219,openrouter,,0.6374860628869697,openrouter_actual,1,0.43051416,1864488,1.1885851144200004,0.0,
1457,1786788601.7902198,ours,,0.001,cold_start_fallback,0,0.0,0,0.0,0.0,
1458,1786788601.7902198,deepinfra,,1.3,cold_start_fallback,0,0.0,0,0.0,0.0,
1459,1786788902.975687,friend,,0.001,zai_amortized,0,0.7,179159307,0.0,0.0,
1460,1786788902.9882314,ollama_cloud,,0.3403472792684442,zai_amortized,0,0.7,293817539,100.0,0.0,
1461,1786788903.3029544,ppq,,0.14,cold_start_fallback,0,0.0,0,0.0,0.0,
1462,1786788903.3057058,openrouter,,0.6374860628869697,openrouter_actual,1,0.43051416,1864488,1.1885851144200004,0.0,
1463,1786788902.9756837,ours,,0.001,cold_start_fallback,0,0.0,0,0.0,0.0,
1464,1786788902.9756837,deepinfra,,1.3,cold_start_fallback,0,0.0,0,0.0,0.0,
1465,1786789201.693104,friend,,0.001,zai_amortized,0,0.7,180955931,0.0,0.0,
1466,1786789201.7093775,ollama_cloud,,0.3403472792684442,zai_amortized,0,0.7,293817539,100.0,0.0,
1467,1786789201.9771492,ppq,,0.14,cold_start_fallback,0,0.0,0,0.0,0.0,
1468,1786789201.9797027,openrouter,,0.6374860628869697,openrouter_actual,1,0.43051416,1864488,1.1885851144200004,0.0,
1469,1786789201.6931005,ours,,0.001,cold_start_fallback,0,0.0,0,0.0,0.0,
1470,1786789201.6931005,deepinfra,,1.3,cold_start_fallback,0,0.0,0,0.0,0.0,
1471,1786789501.7684999,friend,,0.001,zai_amortized,0,0.7,182841028,0.0,0.0,
1472,1786789501.7751274,ollama_cloud,,0.3403472792684442,zai_amortized,0,0.7,293817539,100.0,0.0,
1473,1786789502.0045638,ppq,,0.14,cold_start_fallback,0,0.0,0,0.0,0.0,
1474,1786789502.005717,openrouter,,0.6374860628869697,openrouter_actual,1,0.43051416,1864488,1.1885851144200004,0.0,
1475,1786789501.7684963,ours,,0.001,cold_start_fallback,0,0.0,0,0.0,0.0,
1476,1786789501.7684963,deepinfra,,1.3,cold_start_fallback,0,0.0,0,0.0,0.0,
1477,1786789802.428202,friend,,0.001,zai_amortized,0,0.7,183387811,0.0,0.0,
1478,1786789802.4585736,ollama_cloud,,0.3403472792684442,zai_amortized,0,0.7,293817539,100.0,0.0,
1479,1786789802.8025947,ppq,,0.14,cold_start_fallback,0,0.0,0,0.0,0.0,
1480,1786789802.8083339,openrouter,,0.6374860628869697,openrouter_actual,1,0.43051416,1864488,1.1885851144200004,0.0,
1481,1786789802.428198,ours,,0.001,cold_start_fallback,0,0.0,0,0.0,0.0,
1482,1786789802.428198,deepinfra,,1.3,cold_start_fallback,0,0.0,0,0.0,0.0,
1483,1786790102.3587217,friend,,0.001,zai_amortized,0,0.7,186344309,0.0,0.0,
1484,1786790102.365585,ollama_cloud,,0.3403472792684442,zai_amortized,0,0.7,293817539,100.0,0.0,
1485,1786790102.6076808,ppq,,0.14,cold_start_fallback,0,0.0,0,0.0,0.0,
1486,1786790102.6085315,openrouter,,0.6374860628869697,openrouter_actual,1,0.43051416,1864488,1.1885851144200004,0.0,
1487,1786790102.3587189,ours,,0.001,cold_start_fallback,0,0.0,0,0.0,0.0,
1488,1786790102.3587189,deepinfra,,1.3,cold_start_fallback,0,0.0,0,0.0,0.0,
1489,1786790402.6276925,friend,,0.001,zai_amortized,0,0.7,191316698,0.0,0.0,
1490,1786790402.6354547,ollama_cloud,,0.3403472792684442,zai_amortized,0,0.7,293817539,100.0,0.0,
1491,1786790402.8625107,ppq,,0.14,cold_start_fallback,0,0.0,0,0.0,0.0,
1492,1786790402.863679,openrouter,,0.6374860628869697,openrouter_actual,1,0.43051416,1864488,1.1885851144200004,0.0,
1493,1786790402.6276884,ours,,0.001,cold_start_fallback,0,0.0,0,0.0,0.0,
1494,1786790402.6276884,deepinfra,,1.3,cold_start_fallback,0,0.0,0,0.0,0.0,
1495,1786790702.0837016,friend,,0.001,zai_amortized,0,0.7,196087758,0.0,0.0,
1496,1786790702.0960615,ollama_cloud,,0.3403472792684442,zai_amortized,0,0.7,293817539,100.0,0.0,
1497,1786790702.3332567,ppq,,0.14,cold_start_fallback,0,0.0,0,0.0,0.0,
1498,1786790702.3340006,openrouter,,0.6374860628869697,openrouter_actual,1,0.43051416,1864488,1.1885851144200004,0.0,
1499,1786790702.0836987,ours,,0.001,cold_start_fallback,0,0.0,0,0.0,0.0,
1500,1786790702.0836987,deepinfra,,1.3,cold_start_fallback,0,0.0,0,0.0,0.0,
1501,1786791001.9258356,friend,,0.001,zai_amortized,0,0.7,200650295,0.0,0.0,
1502,1786791001.9343922,ollama_cloud,,0.3403472792684442,zai_amortized,0,0.7,293817539,100.0,0.0,
1503,1786791002.172626,ppq,,0.14,cold_start_fallback,0,0.0,0,0.0,0.0,
1504,1786791002.1739075,openrouter,,0.6374860628869697,openrouter_actual,1,0.43051416,1864488,1.1885851144200004,0.0,
1505,1786791001.9258327,ours,,0.001,cold_start_fallback,0,0.0,0,0.0,0.0,
1506,1786791001.9258327,deepinfra,,1.3,cold_start_fallback,0,0.0,0,0.0,0.0,
1507,1786791302.5185232,friend,,0.001,zai_amortized,0,0.7,208807000,0.0,0.0,
1508,1786791302.523537,ollama_cloud,,0.3403472792684442,zai_amortized,0,0.7,293817539,100.0,0.0,
1509,1786791302.737578,ppq,,0.14,cold_start_fallback,0,0.0,0,0.0,0.0,
1510,1786791302.7384307,openrouter,,0.6374860628869697,openrouter_actual,1,0.43051416,1864488,1.1885851144200004,0.0,
1511,1786791302.5185208,ours,,0.001,cold_start_fallback,0,0.0,0,0.0,0.0,
1512,1786791302.5185208,deepinfra,,1.3,cold_start_fallback,0,0.0,0,0.0,0.0,
1513,1786791602.9729118,friend,,0.001,zai_amortized,0,0.7,215134765,0.0,0.0,
1514,1786791602.9974473,ollama_cloud,,0.3403472792684442,zai_amortized,0,0.7,293817539,100.0,0.0,
1515,1786791603.3976662,ppq,,0.14,cold_start_fallback,0,0.0,0,0.0,0.0,
1516,1786791603.4030805,openrouter,,0.6374860628869697,openrouter_actual,1,0.43051416,1864488,1.1885851144200004,0.0,
1517,1786791602.9729085,ours,,0.001,cold_start_fallback,0,0.0,0,0.0,0.0,
1518,1786791602.9729085,deepinfra,,1.3,cold_start_fallback,0,0.0,0,0.0,0.0,
1519,1786791902.0767438,friend,,0.001,zai_amortized,0,0.7,220750536,0.0,0.0,
1520,1786791902.081185,ollama_cloud,,0.3403472792684442,zai_amortized,0,0.7,293817539,100.0,0.0,
1521,1786791902.3368227,ppq,,0.14,cold_start_fallback,0,0.0,0,0.0,0.0,
1522,1786791902.3382502,openrouter,,0.6374860628869697,openrouter_actual,1,0.43051416,1864488,1.1885851144200004,0.0,
1523,1786791902.0767417,ours,,0.001,cold_start_fallback,0,0.0,0,0.0,0.0,
1524,1786791902.0767417,deepinfra,,1.3,cold_start_fallback,0,0.0,0,0.0,0.0,
1525,1786792201.8712106,friend,,0.001,zai_amortized,0,0.7,224535437,0.0,0.0,
1526,1786792201.8864963,ollama_cloud,,0.3403472792684442,zai_amortized,0,0.7,293817539,100.0,0.0,
1527,1786792202.1745825,ppq,,0.14,cold_start_fallback,0,0.0,0,0.0,0.0,
1528,1786792202.1758828,openrouter,,0.6374860628869697,openrouter_actual,1,0.43051416,1864488,1.1885851144200004,0.0,
1529,1786792201.8712082,ours,,0.001,cold_start_fallback,0,0.0,0,0.0,0.0,
1530,1786792201.8712082,deepinfra,,1.3,cold_start_fallback,0,0.0,0,0.0,0.0,
1531,1786792502.0201623,friend,,0.001,zai_amortized,0,0.7,228803581,0.0,0.0,
1532,1786792502.0262237,ollama_cloud,,0.3403472792684442,zai_amortized,0,0.7,293817539,100.0,0.0,
1533,1786792502.2721646,ppq,,0.14,cold_start_fallback,0,0.0,0,0.0,0.0,
1534,1786792502.2728844,openrouter,,0.6374860628869697,openrouter_actual,1,0.43051416,1864488,1.1885851144200004,0.0,
1535,1786792502.0201592,ours,,0.001,cold_start_fallback,0,0.0,0,0.0,0.0,
1536,1786792502.0201592,deepinfra,,1.3,cold_start_fallback,0,0.0,0,0.0,0.0,
1537,1786792802.3268998,friend,,0.001,zai_amortized,0,0.7,232161164,0.0,0.0,
1538,1786792802.3333526,ollama_cloud,,0.3403472792684442,zai_amortized,0,0.7,293817539,100.0,0.0,
1539,1786792802.5769296,ppq,,0.14,cold_start_fallback,0,0.0,0,0.0,0.0,
1540,1786792802.5779305,openrouter,,0.6374860628869697,openrouter_actual,1,0.43051416,1864488,1.1885851144200004,0.0,
1541,1786792802.3268967,ours,,0.001,cold_start_fallback,0,0.0,0,0.0,0.0,
1542,1786792802.3268967,deepinfra,,1.3,cold_start_fallback,0,0.0,0,0.0,0.0,
1543,1786793102.8352354,friend,,0.001,zai_amortized,0,0.7,235442370,0.0,0.0,
1544,1786793102.8925972,ollama_cloud,,0.3403472792684442,zai_amortized,0,0.7,293817539,100.0,0.0,
1545,1786793103.1734629,ppq,,0.14,cold_start_fallback,0,0.0,0,0.0,0.0,
1546,1786793103.179455,openrouter,,0.6374860628869697,openrouter_actual,1,0.43051416,1864488,1.1885851144200004,0.0,
1547,1786793102.8352325,ours,,0.001,cold_start_fallback,0,0.0,0,0.0,0.0,
1548,1786793102.8352325,deepinfra,,1.3,cold_start_fallback,0,0.0,0,0.0,0.0,
1549,1786793402.6443627,friend,,0.001,zai_amortized,0,0.7,241266567,0.0,0.0,
1550,1786793402.6532943,ollama_cloud,,0.3403472792684442,zai_amortized,0,0.7,293817539,100.0,0.0,
1551,1786793402.8942888,ppq,,0.14,cold_start_fallback,0,0.0,0,0.0,0.0,
1552,1786793402.8975832,openrouter,,0.6374860628869697,openrouter_actual,1,0.43051416,1864488,1.1885851144200004,0.0,
1553,1786793402.644359,ours,,0.001,cold_start_fallback,0,0.0,0,0.0,0.0,
1554,1786793402.644359,deepinfra,,1.3,cold_start_fallback,0,0.0,0,0.0,0.0,
1555,1786793702.7086842,friend,,0.001,zai_amortized,0,0.7,246359700,0.0,0.0,
1556,1786793702.7155533,ollama_cloud,,0.3403472792684442,zai_amortized,0,0.7,293817539,100.0,0.0,
1557,1786793703.0060177,ppq,,0.14,cold_start_fallback,0,0.0,0,0.0,0.0,
1558,1786793703.0145297,openrouter,,0.6410985804447368,openrouter_actual,1,0.43479123,1925589,1.2344923744200003,0.0,
1559,1786793702.7086794,ours,,0.001,cold_start_fallback,0,0.0,0,0.0,0.0,
1560,1786793702.7086794,deepinfra,,1.3,cold_start_fallback,0,0.0,0,0.0,0.0,
1561,1786794002.378033,friend,,0.001,zai_amortized,0,0.7,251504680,0.0,0.0,
1562,1786794002.39839,ollama_cloud,,0.3403472792684442,zai_amortized,0,0.7,293817539,100.0,0.0,
1563,1786794002.6973126,ppq,,0.14,cold_start_fallback,0,0.0,0,0.0,0.0,
1564,1786794002.698525,openrouter,,0.6410985804447368,openrouter_actual,1,0.43479123,1925589,1.2344923744200003,0.0,
1565,1786794002.3780293,ours,,0.001,cold_start_fallback,0,0.0,0,0.0,0.0,
1566,1786794002.3780293,deepinfra,,1.3,cold_start_fallback,0,0.0,0,0.0,0.0,
1567,1786794301.962563,friend,,0.001,zai_amortized,0,0.7,255651809,0.0,0.0,
1568,1786794301.9697626,ollama_cloud,,0.3403472792684442,zai_amortized,0,0.7,293817539,100.0,0.0,
1569,1786794302.2012534,ppq,,0.14,cold_start_fallback,0,0.0,0,0.0,0.0,
1570,1786794302.2025378,openrouter,,0.6410985804447368,openrouter_actual,1,0.43479123,1925589,1.2344923744200003,0.0,
1571,1786794301.9625607,ours,,0.001,cold_start_fallback,0,0.0,0,0.0,0.0,
1572,1786794301.9625607,deepinfra,,1.3,cold_start_fallback,0,0.0,0,0.0,0.0,
1573,1786794603.5642593,friend,,0.001,zai_amortized,0,0.7,258688433,0.0,0.0,
1574,1786794603.5762877,ollama_cloud,,0.3403472792684442,zai_amortized,0,0.7,293817539,100.0,0.0,
1575,1786794603.8505738,ppq,,0.14,cold_start_fallback,0,0.0,0,0.0,0.0,
1576,1786794603.8543165,openrouter,,0.6410985804447368,openrouter_actual,1,0.43479123,1925589,1.2344923744200003,0.0,
1577,1786794603.564256,ours,,0.001,cold_start_fallback,0,0.0,0,0.0,0.0,
1578,1786794603.564256,deepinfra,,1.3,cold_start_fallback,0,0.0,0,0.0,0.0,
1579,1786794902.0230615,friend,,0.001,zai_amortized,0,0.7,262324305,0.0,0.0,
1580,1786794902.0302167,ollama_cloud,,0.3403472792684442,zai_amortized,0,0.7,293817539,100.0,0.0,
1581,1786794902.259314,ppq,,0.14,cold_start_fallback,0,0.0,0,0.0,0.0,
1582,1786794902.260526,openrouter,,0.6410985804447368,openrouter_actual,1,0.43479123,1925589,1.2344923744200003,0.0,
1583,1786794902.023059,ours,,0.001,cold_start_fallback,0,0.0,0,0.0,0.0,
1584,1786794902.023059,deepinfra,,1.3,cold_start_fallback,0,0.0,0,0.0,0.0,
1585,1786795202.7828455,friend,,0.001,zai_amortized,0,0.7,266962043,0.0,0.0,
1586,1786795202.7866504,ollama_cloud,,0.3403472792684442,zai_amortized,0,0.7,293817539,100.0,0.0,
1587,1786795203.0136764,ppq,,0.14,cold_start_fallback,0,0.0,0,0.0,0.0,
1588,1786795203.0149806,openrouter,,0.6410985804447368,openrouter_actual,1,0.43479123,1925589,1.2344923744200003,0.0,
1589,1786795202.7828436,ours,,0.001,cold_start_fallback,0,0.0,0,0.0,0.0,
1590,1786795202.7828436,deepinfra,,1.3,cold_start_fallback,0,0.0,0,0.0,0.0,
1591,1786795502.8895497,friend,,0.001,zai_amortized,0,0.7,268622118,0.0,0.0,
1592,1786795502.9026482,ollama_cloud,,0.3403472792684442,zai_amortized,0,0.7,293817539,100.0,0.0,
1593,1786795503.2275062,ppq,,0.14,cold_start_fallback,0,0.0,0,0.0,0.0,
1594,1786795503.2288666,openrouter,,0.7020487196985993,openrouter_actual,1,0.45783635,2254805,1.5829829634200003,0.0,
1595,1786795502.8895473,ours,,0.001,cold_start_fallback,0,0.0,0,0.0,0.0,
1596,1786795502.8895473,deepinfra,,1.3,cold_start_fallback,0,0.0,0,0.0,0.0,
1597,1786795801.8870828,friend,,0.001,zai_amortized,0,0.7,274472275,0.0,0.0,
1598,1786795801.8938882,ollama_cloud,,0.3403472792684442,zai_amortized,0,0.7,293817539,100.0,0.0,
1599,1786795802.1208136,ppq,,0.14,cold_start_fallback,0,0.0,0,0.0,0.0,
1600,1786795802.1216927,openrouter,,0.6884384769575161,openrouter_actual,1,0.46251221,2321603,1.5982808334200005,0.0,
1601,1786795801.8870795,ours,,0.001,cold_start_fallback,0,0.0,0,0.0,0.0,
1602,1786795801.8870795,deepinfra,,1.3,cold_start_fallback,0,0.0,0,0.0,0.0,
1603,1786796101.9695566,friend,,0.001,zai_amortized,0,0.7,278097541,0.0,0.0,
1604,1786796101.977966,ollama_cloud,,0.3403472792684442,zai_amortized,0,0.7,293817539,100.0,0.0,
1605,1786796102.2057908,ppq,,0.14,cold_start_fallback,0,0.0,0,0.0,0.0,
1606,1786796102.2073226,openrouter,,0.6884384769575161,openrouter_actual,1,0.46251221,2321603,1.5982808334200005,0.0,
1607,1786796101.9695537,ours,,0.001,cold_start_fallback,0,0.0,0,0.0,0.0,
1608,1786796101.9695537,deepinfra,,1.3,cold_start_fallback,0,0.0,0,0.0,0.0,
1609,1786796402.2987645,friend,,0.001,zai_amortized,0,0.7,281082710,0.0,0.0,
1610,1786796402.3164496,ollama_cloud,,0.3403472792684442,zai_amortized,0,0.7,293817539,100.0,0.0,
1611,1786796402.5813584,ppq,,0.14,cold_start_fallback,0,0.0,0,0.0,0.0,
1612,1786796402.5849557,openrouter,,0.6884384769575161,openrouter_actual,1,0.46251221,2321603,1.5982808334200005,0.0,
1613,1786796402.298761,ours,,0.001,cold_start_fallback,0,0.0,0,0.0,0.0,
1614,1786796402.298761,deepinfra,,1.3,cold_start_fallback,0,0.0,0,0.0,0.0,
1615,1786796701.5784607,friend,,0.001,zai_amortized,0,0.7,283560032,0.0,0.0,
1616,1786796701.593659,ollama_cloud,,0.3403472792684442,zai_amortized,0,0.7,293817539,100.0,0.0,
1617,1786796701.8131392,ppq,,0.14,cold_start_fallback,0,0.0,0,0.0,0.0,
1618,1786796701.8139584,openrouter,,0.6884384769575161,openrouter_actual,1,0.46251221,2321603,1.5982808334200005,0.0,
1619,1786796701.5784574,ours,,0.001,cold_start_fallback,0,0.0,0,0.0,0.0,
1620,1786796701.5784574,deepinfra,,1.3,cold_start_fallback,0,0.0,0,0.0,0.0,
1621,1786797003.2413456,friend,,0.001,zai_amortized,0,0.7,286207387,0.0,0.0,
1622,1786797003.262563,ollama_cloud,,0.3403472792684442,zai_amortized,0,0.7,293817539,100.0,0.0,
1623,1786797003.4918728,ppq,,0.14,cold_start_fallback,0,0.0,0,0.0,0.0,
1624,1786797003.5163016,openrouter,,0.6884384769575161,openrouter_actual,1,0.46251221,2321603,1.5982808334200005,0.0,
1625,1786797003.2413423,ours,,0.001,cold_start_fallback,0,0.0,0,0.0,0.0,
1626,1786797003.2413423,deepinfra,,1.3,cold_start_fallback,0,0.0,0,0.0,0.0,
1627,1786797301.5862627,friend,,0.001,zai_amortized,0,0.7,290126037,0.0,0.0,
1628,1786797301.5900862,ollama_cloud,,0.3403472792684442,zai_amortized,0,0.7,293817539,100.0,0.0,
1629,1786797301.8010895,ppq,,0.14,cold_start_fallback,0,0.0,0,0.0,0.0,
1630,1786797301.8016853,openrouter,,0.6884384769575161,openrouter_actual,1,0.46251221,2321603,1.5982808334200005,0.0,
1631,1786797301.586261,ours,,0.001,cold_start_fallback,0,0.0,0,0.0,0.0,
1632,1786797301.586261,deepinfra,,1.3,cold_start_fallback,0,0.0,0,0.0,0.0,
1633,1786797602.029567,friend,,0.001,zai_amortized,0,0.7,293960914,0.0,0.0,
1634,1786797602.0377016,ollama_cloud,,0.3403472792684442,zai_amortized,0,0.7,293817539,100.0,0.0,
1635,1786797602.285139,ppq,,0.14,cold_start_fallback,0,0.0,0,0.0,0.0,
1636,1786797602.286503,openrouter,,0.6884384769575161,openrouter_actual,1,0.46251221,2321603,1.5982808334200005,0.0,
1637,1786797602.029564,ours,,0.001,cold_start_fallback,0,0.0,0,0.0,0.0,
1638,1786797602.029564,deepinfra,,1.3,cold_start_fallback,0,0.0,0,0.0,0.0,
1639,1786797901.7766178,friend,,0.001,zai_amortized,0,0.7,296087103,0.0,0.0,
1640,1786797901.7835786,ollama_cloud,,0.3403472792684442,zai_amortized,0,0.7,293817539,100.0,0.0,
1641,1786797902.0168564,ppq,,0.14,cold_start_fallback,0,0.0,0,0.0,0.0,
1642,1786797902.0181592,openrouter,,0.6884384769575161,openrouter_actual,1,0.46251221,2321603,1.5982808334200005,0.0,
1643,1786797901.7766154,ours,,0.001,cold_start_fallback,0,0.0,0,0.0,0.0,
1644,1786797901.7766154,deepinfra,,1.3,cold_start_fallback,0,0.0,0,0.0,0.0,
1645,1786798201.9862914,friend,,0.001,zai_amortized,0,0.7,298512482,0.0,0.0,
1646,1786798201.992722,ollama_cloud,,0.3403472792684442,zai_amortized,0,0.7,293817539,100.0,0.0,
1647,1786798202.2262933,ppq,,0.14,cold_start_fallback,0,0.0,0,0.0,0.0,
1648,1786798202.227425,openrouter,,0.6884384769575161,openrouter_actual,1,0.46251221,2321603,1.5982808334200005,0.0,
1649,1786798201.9862893,ours,,0.001,cold_start_fallback,0,0.0,0,0.0,0.0,
1650,1786798201.9862893,deepinfra,,1.3,cold_start_fallback,0,0.0,0,0.0,0.0,
1651,1786798502.1835942,friend,,0.001,zai_amortized,0,0.7,301918912,0.0,0.0,
1652,1786798502.1910138,ollama_cloud,,0.3403472792684442,zai_amortized,0,0.7,293817539,100.0,0.0,
1653,1786798502.409127,ppq,,0.14,cold_start_fallback,0,0.0,0,0.0,0.0,
1654,1786798502.409922,openrouter,,0.6884384769575161,openrouter_actual,1,0.46251221,2321603,1.5982808334200005,0.0,
1655,1786798502.1835918,ours,,0.001,cold_start_fallback,0,0.0,0,0.0,0.0,
1656,1786798502.1835918,deepinfra,,1.3,cold_start_fallback,0,0.0,0,0.0,0.0,
1657,1786798803.1235464,friend,,0.001,zai_amortized,0,0.7,304567874,0.0,0.0,
1658,1786798803.1352556,ollama_cloud,,0.3403472792684442,zai_amortized,0,0.7,293817539,100.0,0.0,
1659,1786798803.4856298,ppq,,0.14,cold_start_fallback,0,0.0,0,0.0,0.0,
1660,1786798803.4894018,openrouter,,0.6884384769575161,openrouter_actual,1,0.46251221,2321603,1.5982808334200005,0.0,
1661,1786798803.123542,ours,,0.001,cold_start_fallback,0,0.0,0,0.0,0.0,
1662,1786798803.123542,deepinfra,,1.3,cold_start_fallback,0,0.0,0,0.0,0.0,
1663,1786799102.004171,friend,,0.001,zai_amortized,0,0.7,306099897,0.0,0.0,
1664,1786799102.0115705,ollama_cloud,,0.3403472792684442,zai_amortized,0,0.7,293817539,100.0,0.0,
1665,1786799102.2457469,ppq,,0.14,cold_start_fallback,0,0.0,0,0.0,0.0,
1666,1786799102.2471652,openrouter,,0.6427950997511944,openrouter_actual,1,0.47735927999999994,2533704,1.6286525154200004,0.0,
1667,1786799102.004168,ours,,0.001,cold_start_fallback,0,0.0,0,0.0,0.0,
1668,1786799102.004168,deepinfra,,1.3,cold_start_fallback,0,0.0,0,0.0,0.0,
1669,1786799401.6972766,friend,,0.001,zai_amortized,0,0.7,308384645,0.0,0.0,
1670,1786799401.7047913,ollama_cloud,,0.3403472792684442,zai_amortized,0,0.7,293817539,100.0,0.0,
1671,1786799401.9209106,ppq,,0.14,cold_start_fallback,0,0.0,0,0.0,0.0,
1672,1786799401.921706,openrouter,,0.6427950997511944,openrouter_actual,1,0.47735927999999994,2533704,1.6286525154200004,0.0,
1673,1786799401.6972733,ours,,0.001,cold_start_fallback,0,0.0,0,0.0,0.0,
1674,1786799401.6972733,deepinfra,,1.3,cold_start_fallback,0,0.0,0,0.0,0.0,
1675,1786799702.7703803,friend,,0.001,zai_amortized,0,0.7,311642466,0.0,0.0,
1676,1786799702.7822454,ollama_cloud,,0.3403472792684442,zai_amortized,0,0.7,293817539,100.0,0.0,
1677,1786799703.0148363,ppq,,0.14,cold_start_fallback,0,0.0,0,0.0,0.0,
1678,1786799703.0159454,openrouter,,0.6427950997511944,openrouter_actual,1,0.47735927999999994,2533704,1.6286525154200004,0.0,
1679,1786799702.7703772,ours,,0.001,cold_start_fallback,0,0.0,0,0.0,0.0,
1680,1786799702.7703772,deepinfra,,1.3,cold_start_fallback,0,0.0,0,0.0,0.0,
1681,1786800002.4134614,friend,,0.001,zai_amortized,0,0.7,317125674,0.0,0.0,
1682,1786800002.4284475,ollama_cloud,,0.3403472792684442,zai_amortized,0,0.7,293817539,100.0,0.0,
1683,1786800002.6947675,ppq,,0.14,cold_start_fallback,0,0.0,0,0.0,0.0,
1684,1786800002.699296,openrouter,,0.6427950997511944,openrouter_actual,1,0.47735927999999994,2533704,1.6286525154200004,0.0,
1685,1786800002.4134579,ours,,0.001,cold_start_fallback,0,0.0,0,0.0,0.0,
1686,1786800002.4134579,deepinfra,,1.3,cold_start_fallback,0,0.0,0,0.0,0.0,
1687,1786800302.0437171,friend,,0.001,zai_amortized,0,0.7,319319710,0.0,0.0,
1688,1786800302.0510566,ollama_cloud,,0.3403472792684442,zai_amortized,0,0.7,293817539,100.0,0.0,
1689,1786800302.267794,ppq,,0.14,cold_start_fallback,0,0.0,0,0.0,0.0,
1690,1786800302.268624,openrouter,,0.6427950997511944,openrouter_actual,1,0.47735927999999994,2533704,1.6286525154200004,0.0,
1691,1786800302.043715,ours,,0.001,cold_start_fallback,0,0.0,0,0.0,0.0,
1692,1786800302.043715,deepinfra,,1.3,cold_start_fallback,0,0.0,0,0.0,0.0,
1693,1786800602.2403963,friend,,0.001,zai_amortized,0,0.7,323484922,0.0,0.0,
1694,1786800602.2720525,ollama_cloud,,0.3403472792684442,zai_amortized,0,0.7,293817539,100.0,0.0,
1695,1786800602.5404332,ppq,,0.14,cold_start_fallback,0,0.0,0,0.0,0.0,
1696,1786800602.54187,openrouter,,0.6427950997511944,openrouter_actual,1,0.47735927999999994,2533704,1.6286525154200004,0.0,
1697,1786800602.2403924,ours,,0.001,cold_start_fallback,0,0.0,0,0.0,0.0,
1698,1786800602.2403924,deepinfra,,1.3,cold_start_fallback,0,0.0,0,0.0,0.0,
1699,1786800902.4682834,friend,,0.001,zai_amortized,0,0.7,325712536,0.0,0.0,
1700,1786800902.4734914,ollama_cloud,,0.3403472792684442,zai_amortized,0,0.7,293817539,100.0,0.0,
1701,1786800902.6995618,ppq,,0.14,cold_start_fallback,0,0.0,0,0.0,0.0,
1702,1786800902.7004972,openrouter,,0.6427950997511944,openrouter_actual,1,0.47735927999999994,2533704,1.6286525154200004,0.0,
1703,1786800902.4682813,ours,,0.001,cold_start_fallback,0,0.0,0,0.0,0.0,
1704,1786800902.4682813,deepinfra,,1.3,cold_start_fallback,0,0.0,0,0.0,0.0,
1705,1786801202.2383387,friend,,0.001,zai_amortized,0,0.7,327002821,0.0,0.0,
1706,1786801202.247669,ollama_cloud,,0.3403472792684442,zai_amortized,0,0.7,293817539,100.0,0.0,
1707,1786801202.4873002,ppq,,0.14,cold_start_fallback,0,0.0,0,0.0,0.0,
1708,1786801202.4881365,openrouter,,0.6427950997511944,openrouter_actual,1,0.47735927999999994,2533704,1.6286525154200004,0.0,
1709,1786801202.2383358,ours,,0.001,cold_start_fallback,0,0.0,0,0.0,0.0,
1710,1786801202.2383358,deepinfra,,1.3,cold_start_fallback,0,0.0,0,0.0,0.0,
1711,1786801502.3455706,friend,,0.001,zai_amortized,0,0.7,329393230,0.0,0.0,
1712,1786801502.3637402,ollama_cloud,,0.3403472792684442,zai_amortized,0,0.7,293817539,100.0,0.0,
1713,1786801502.658226,ppq,,0.14,cold_start_fallback,0,0.0,0,0.0,0.0,
1714,1786801502.6594863,openrouter,,0.6427950997511944,openrouter_actual,1,0.47735927999999994,2533704,1.6286525154200004,0.0,
1715,1786801502.3455665,ours,,0.001,cold_start_fallback,0,0.0,0,0.0,0.0,
1716,1786801502.3455665,deepinfra,,1.3,cold_start_fallback,0,0.0,0,0.0,0.0,
1717,1786801802.127923,friend,,0.001,zai_amortized,0,0.7,332806695,0.0,0.0,
1718,1786801802.1470635,ollama_cloud,,0.3403472792684442,zai_amortized,0,0.7,293817539,100.0,0.0,
1719,1786801802.4280682,ppq,,0.14,cold_start_fallback,0,0.0,0,0.0,0.0,
1720,1786801802.4294512,openrouter,,0.6427950997511944,openrouter_actual,1,0.47735927999999994,2533704,1.6286525154200004,0.0,
1721,1786801802.1279202,ours,,0.001,cold_start_fallback,0,0.0,0,0.0,0.0,
1722,1786801802.1279202,deepinfra,,1.3,cold_start_fallback,0,0.0,0,0.0,0.0,
1723,1786802102.5989063,friend,,0.001,zai_amortized,0,0.7,336880856,0.0,0.0,
1724,1786802102.6106167,ollama_cloud,,0.3403472792684442,zai_amortized,0,0.7,293817539,100.0,0.0,
1725,1786802102.885887,ppq,,0.14,cold_start_fallback,0,0.0,0,0.0,0.0,
1726,1786802102.887444,openrouter,,0.6334123273620047,openrouter_actual,1,0.48073643,2581949,1.6354383252200004,0.0,
1727,1786802102.5989015,ours,,0.001,cold_start_fallback,0,0.0,0,0.0,0.0,
1728,1786802102.5989015,deepinfra,,1.3,cold_start_fallback,0,0.0,0,0.0,0.0,
1729,1786802402.8425226,friend,,0.001,zai_amortized,0,0.7,340549881,0.0,0.0,
1730,1786802402.8865955,ollama_cloud,,0.3403472792684442,zai_amortized,0,0.7,293817539,100.0,0.0,
1731,1786802403.2734637,ppq,,0.14,cold_start_fallback,0,0.0,0,0.0,0.0,
1732,1786802403.2815375,openrouter,,0.6017588008416465,openrouter_actual,1,0.4939532,2770760,1.6673292150200005,0.0,
1733,1786802402.8425198,ours,,0.001,cold_start_fallback,0,0.0,0,0.0,0.0,
1734,1786802402.8425198,deepinfra,,1.3,cold_start_fallback,0,0.0,0,0.0,0.0,
1735,1786802702.0620537,friend,,0.001,zai_amortized,0,0.7,342525593,0.0,0.0,
1736,1786802702.0724857,ollama_cloud,,0.3403472792684442,zai_amortized,0,0.7,293817539,100.0,0.0,
1737,1786802702.5718515,ppq,,0.14,cold_start_fallback,0,0.0,0,0.0,0.0,
1738,1786802702.5730386,openrouter,,0.5639565941607798,openrouter_actual,1,0.53231355,3318765,1.8716394062200004,0.0,
1739,1786802702.0620494,ours,,0.001,cold_start_fallback,0,0.0,0,0.0,0.0,
1740,1786802702.0620494,deepinfra,,1.3,cold_start_fallback,0,0.0,0,0.0,0.0,
1741,1786803002.3662655,friend,,0.001,zai_amortized,0,0.7,347089626,0.0,0.0,
1742,1786803002.3753092,ollama_cloud,,0.3403472792684442,zai_amortized,0,0.7,293817539,100.0,0.0,
1743,1786803002.615429,ppq,,0.14,cold_start_fallback,0,0.0,0,0.0,0.0,
1744,1786803002.6167417,openrouter,,0.5241578548699893,openrouter_actual,1,0.55753805,3679115,1.9284370262200006,0.0,
1745,1786803002.3662627,ours,,0.001,cold_start_fallback,0,0.0,0,0.0,0.0,
1746,1786803002.3662627,deepinfra,,1.3,cold_start_fallback,0,0.0,0,0.0,0.0,
1747,1786803302.3373468,friend,,0.001,zai_amortized,0,0.7,348851387,0.0,0.0,
1748,1786803302.3654716,ollama_cloud,,0.3403472792684442,zai_amortized,0,0.7,293817539,100.0,0.0,
1749,1786803302.7131221,ppq,,0.14,cold_start_fallback,0,0.0,0,0.0,0.0,
1750,1786803302.7138464,openrouter,,0.5241578548699893,openrouter_actual,1,0.55753805,3679115,1.9284370262200006,0.0,
1751,1786803302.3373437,ours,,0.001,cold_start_fallback,0,0.0,0,0.0,0.0,
1752,1786803302.3373437,deepinfra,,1.3,cold_start_fallback,0,0.0,0,0.0,0.0,
1753,1786803601.8956347,friend,,0.001,zai_amortized,0,0.7,351390413,0.0,0.0,
1754,1786803601.905063,ollama_cloud,,0.3403472792684442,zai_amortized,0,0.7,293817539,100.0,0.0,
1755,1786803602.138426,ppq,,0.14,cold_start_fallback,0,0.0,0,0.0,0.0,
1756,1786803602.1394053,openrouter,,0.5058122788454834,openrouter_actual,1,0.5710225,3871750,1.9583786906200005,0.0,
1757,1786803601.8956313,ours,,0.001,cold_start_fallback,0,0.0,0,0.0,0.0,
1758,1786803601.8956313,deepinfra,,1.3,cold_start_fallback,0,0.0,0,0.0,0.0,
1759,1786803902.2190902,friend,,0.001,zai_amortized,0,0.7,355074175,0.0,0.0,
1760,1786803902.230905,ollama_cloud,,0.3403472792684442,zai_amortized,0,0.7,293817539,100.0,0.0,
1761,1786803902.5208127,ppq,,0.14,cold_start_fallback,0,0.0,0,0.0,0.0,
1762,1786803902.521626,openrouter,,0.499790328156719,openrouter_actual,1,0.57537818,3933974,1.9661621564200005,0.0,
1763,1786803902.2190871,ours,,0.001,cold_start_fallback,0,0.0,0,0.0,0.0,
1764,1786803902.2190871,deepinfra,,1.3,cold_start_fallback,0,0.0,0,0.0,0.0,
1765,1786804203.4915054,friend,,0.001,zai_amortized,0,0.7,357557067,0.0,0.0,
1766,1786804203.540836,ollama_cloud,,0.3403472792684442,zai_amortized,0,0.7,293817539,100.0,0.0,
1767,1786804203.8773804,ppq,,0.14,cold_start_fallback,0,0.0,0,0.0,0.0,
1768,1786804203.8788342,openrouter,,0.48490102637885724,openrouter_actual,1,0.58714777,4102111,1.9891178342200004,0.0,
1769,1786804203.491502,ours,,0.001,cold_start_fallback,0,0.0,0,0.0,0.0,
1770,1786804203.491502,deepinfra,,1.3,cold_start_fallback,0,0.0,0,0.0,0.0,
1771,1786804501.7566137,friend,,0.001,zai_amortized,0,0.7,359401032,0.0,0.0,
1772,1786804501.7653358,ollama_cloud,,0.3403472792684442,zai_amortized,0,0.7,293817539,100.0,0.0,
1773,1786804501.986278,ppq,,0.14,cold_start_fallback,0,0.0,0,0.0,0.0,
1774,1786804501.9871318,openrouter,,0.47365982073669227,openrouter_actual,1,0.59698102,4242586,2.0095425242200005,0.0,
1775,1786804501.7566104,ours,,0.001,cold_start_fallback,0,0.0,0,0.0,0.0,
1776,1786804501.7566104,deepinfra,,1.3,cold_start_fallback,0,0.0,0,0.0,0.0,
1777,1786804802.1965923,friend,,0.001,zai_amortized,0,0.7,360861005,0.0,0.0,
1778,1786804802.2141879,ollama_cloud,,0.3403472792684442,zai_amortized,0,0.7,293817539,100.0,0.0,
1779,1786804802.480063,ppq,deepseek/deepseek-v4-flash,0.21720588235294117,ppq_ledger,1,0.30000119,17,3.6925e-06,0.0,
1780,1786804802.480063,ppq,moonshotai/kimi-k3,2.497018421052631,ppq_ledger,1,0.3000133,190,0.00047443349999999997,0.0,
1781,1786804802.480063,ppq,z-ai/glm-5.2,0.17694855433193743,ppq_ledger,1,0.76005547,6572221,1.1629450047,0.0,
1782,1786804802.480063,ppq,,0.17701572854050285,ppq_ledger,1,0.76006996,6572428,1.1634231307,0.0,
1783,1786804802.4815722,openrouter,,0.4647350557391819,openrouter_actual,1,0.6052215599999999,4360308,2.0263879814200005,0.0,
1784,1786804802.196589,ours,,0.001,cold_start_fallback,0,0.0,0,0.0,0.0,
1785,1786804802.196589,deepinfra,,1.3,cold_start_fallback,0,0.0,0,0.0,0.0,
1786,1786805101.994524,friend,,0.001,zai_amortized,0,0.7,363444800,0.0,0.0,
1787,1786805102.003335,ollama_cloud,,0.3403472792684442,zai_amortized,0,0.7,293817539,100.0,0.0,
1788,1786805102.228278,ppq,deepseek/deepseek-v4-flash,0.21720588235294117,ppq_ledger,1,0.30000119,17,3.6925e-06,0.0,
1789,1786805102.228278,ppq,moonshotai/kimi-k3,2.497018421052631,ppq_ledger,1,0.3000133,190,0.00047443349999999997,0.0,
1790,1786805102.228278,ppq,z-ai/glm-5.2,0.17694855433193743,ppq_ledger,1,0.76005547,6572221,1.1629450047,0.0,
1791,1786805102.228278,ppq,,0.17701572854050285,ppq_ledger,1,0.76006996,6572428,1.1634231307,0.0,
1792,1786805102.2296464,openrouter,,0.4628702249262445,openrouter_actual,1,0.60690905,4384415,2.0294151572200003,0.0,
1793,1786805101.9945211,ours,,0.001,cold_start_fallback,0,0.0,0,0.0,0.0,
1794,1786805101.9945211,deepinfra,,1.3,cold_start_fallback,0,0.0,0,0.0,0.0,
1795,1786805402.1942618,friend,,0.001,zai_amortized,0,0.7,366775005,0.0,0.0,
1796,1786805402.2115138,ollama_cloud,,0.3403472792684442,zai_amortized,0,0.7,293817539,100.0,0.0,
1797,1786805402.4643433,ppq,deepseek/deepseek-v4-flash,0.21720588235294117,ppq_ledger,1,0.30000119,17,3.6925e-06,0.0,
1798,1786805402.4643433,ppq,moonshotai/kimi-k3,2.497018421052631,ppq_ledger,1,0.3000133,190,0.00047443349999999997,0.0,
1799,1786805402.4643433,ppq,z-ai/glm-5.2,0.17694855433193743,ppq_ledger,1,0.76005547,6572221,1.1629450047,0.0,
1800,1786805402.4643433,ppq,,0.17701572854050285,ppq_ledger,1,0.76006996,6572428,1.1634231307,0.0,
1801,1786805402.4721344,openrouter,,0.4597445324446613,openrouter_actual,1,0.61039267,4434181,2.0385904706200004,0.0,
1802,1786805402.1942587,ours,,0.001,cold_start_fallback,0,0.0,0,0.0,0.0,
1803,1786805402.1942587,deepinfra,,1.3,cold_start_fallback,0,0.0,0,0.0,0.0,
1804,1786805702.1746721,friend,,0.001,zai_amortized,0,0.7,371936256,0.0,0.0,
1805,1786805702.1885962,ollama_cloud,,0.3403472792684442,zai_amortized,0,0.7,293817539,100.0,0.0,
1806,1786805702.4300573,ppq,deepseek/deepseek-v4-flash,0.21720588235294117,ppq_ledger,1,0.30000119,17,3.6925e-06,0.0,
1807,1786805702.4300573,ppq,moonshotai/kimi-k3,2.497018421052631,ppq_ledger,1,0.3000133,190,0.00047443349999999997,0.0,
1808,1786805702.4300573,ppq,z-ai/glm-5.2,0.17694855433193743,ppq_ledger,1,0.76005547,6572221,1.1629450047,0.0,
1809,1786805702.4300573,ppq,,0.17701572854050285,ppq_ledger,1,0.76006996,6572428,1.1634231307,0.0,
1810,1786805702.4544969,openrouter,,0.4597445324446613,openrouter_actual,1,0.61039267,4434181,2.0385904706200004,0.0,
1811,1786805702.1746686,ours,,0.001,cold_start_fallback,0,0.0,0,0.0,0.0,
1812,1786805702.1746686,deepinfra,,1.3,cold_start_fallback,0,0.0,0,0.0,0.0,
1813,1786806002.8576407,friend,,0.001,zai_amortized,0,0.7,374246479,0.0,0.0,
1814,1786806002.8754969,ollama_cloud,,0.3403472792684442,zai_amortized,0,0.7,293817539,100.0,0.0,
1815,1786806003.1602533,ppq,deepseek/deepseek-v4-flash,0.21720588235294117,ppq_ledger,1,0.30000119,17,3.6925e-06,0.0,
1816,1786806003.1602533,ppq,moonshotai/kimi-k3,2.497018421052631,ppq_ledger,1,0.3000133,190,0.00047443349999999997,0.0,
1817,1786806003.1602533,ppq,z-ai/glm-5.2,0.17694855433193743,ppq_ledger,1,0.76005547,6572221,1.1629450047,0.0,
1818,1786806003.1602533,ppq,,0.17701572854050285,ppq_ledger,1,0.76006996,6572428,1.1634231307,0.0,
1819,1786806003.1620357,openrouter,,0.4597445324446613,openrouter_actual,1,0.61039267,4434181,2.0385904706200004,0.0,
1820,1786806002.8576376,ours,,0.001,cold_start_fallback,0,0.0,0,0.0,0.0,
1821,1786806002.8576376,deepinfra,,1.3,cold_start_fallback,0,0.0,0,0.0,0.0,
1822,1786806301.894351,friend,,0.001,zai_amortized,0,0.7,375688107,0.0,0.0,
1823,1786806301.9034007,ollama_cloud,,0.3403472792684442,zai_amortized,0,0.7,293817539,100.0,0.0,
1824,1786806302.1312768,ppq,deepseek/deepseek-v4-flash,0.21720588235294117,ppq_ledger,1,0.30000119,17,3.6925e-06,0.0,
1825,1786806302.1312768,ppq,moonshotai/kimi-k3,2.497018421052631,ppq_ledger,1,0.3000133,190,0.00047443349999999997,0.0,
1826,1786806302.1312768,ppq,z-ai/glm-5.2,0.17694855433193743,ppq_ledger,1,0.76005547,6572221,1.1629450047,0.0,
1827,1786806302.1312768,ppq,,0.17701572854050285,ppq_ledger,1,0.76006996,6572428,1.1634231307,0.0,
1828,1786806302.1331983,openrouter,,0.45154725779195237,openrouter_actual,1,0.62848186,4692598,2.1189297588200002,0.0,
1829,1786806301.8943493,ours,,0.001,cold_start_fallback,0,0.0,0,0.0,0.0,
1830,1786806301.8943493,deepinfra,,1.3,cold_start_fallback,0,0.0,0,0.0,0.0,
1831,1786806601.7896395,friend,,0.001,zai_amortized,0,0.7,379279365,0.0,0.0,
1832,1786806601.7995524,ollama_cloud,,0.3403472792684442,zai_amortized,0,0.7,293817539,100.0,0.0,
1833,1786806602.0477707,ppq,deepseek/deepseek-v4-flash,0.21720588235294117,ppq_ledger,1,0.30000119,17,3.6925e-06,0.0,
1834,1786806602.0477707,ppq,moonshotai/kimi-k3,2.497018421052631,ppq_ledger,1,0.3000133,190,0.00047443349999999997,0.0,
1835,1786806602.0477707,ppq,z-ai/glm-5.2,0.17694855433193743,ppq_ledger,1,0.76005547,6572221,1.1629450047,0.0,
1836,1786806602.0477707,ppq,,0.17701572854050285,ppq_ledger,1,0.76006996,6572428,1.1634231307,0.0,
1837,1786806602.0491962,openrouter,,0.4447441404504458,openrouter_actual,1,0.64036688,4862384,2.1625167926200004,0.0,
1838,1786806601.7896364,ours,,0.001,cold_start_fallback,0,0.0,0,0.0,0.0,
1839,1786806601.7896364,deepinfra,,1.3,cold_start_fallback,0,0.0,0,0.0,0.0,
1840,1786806902.7126734,friend,,0.001,zai_amortized,0,0.7,380718763,0.0,0.0,
1841,1786806902.7243989,ollama_cloud,,0.3403472792684442,zai_amortized,0,0.7,293817539,100.0,0.0,
1842,1786806902.971886,ppq,deepseek/deepseek-v4-flash,0.21720588235294117,ppq_ledger,1,0.30000119,17,3.6925e-06,0.0,
1843,1786806902.971886,ppq,moonshotai/kimi-k3,2.497018421052631,ppq_ledger,1,0.3000133,190,0.00047443349999999997,0.0,
1844,1786806902.971886,ppq,z-ai/glm-5.2,0.17694855433193743,ppq_ledger,1,0.76005547,6572221,1.1629450047,0.0,
1845,1786806902.971886,ppq,,0.17701572854050285,ppq_ledger,1,0.76006996,6572428,1.1634231307,0.0,
1846,1786806902.973686,openrouter,,0.4447441404504458,openrouter_actual,1,0.64036688,4862384,2.1625167926200004,0.0,
1847,1786806902.7126703,ours,,0.001,cold_start_fallback,0,0.0,0,0.0,0.0,
1848,1786806902.7126703,deepinfra,,1.3,cold_start_fallback,0,0.0,0,0.0,0.0,
1849,1786807202.4682894,friend,,0.001,zai_amortized,0,0.7,382172535,0.0,0.0,
1850,1786807202.4782293,ollama_cloud,,0.3403472792684442,zai_amortized,0,0.7,293817539,100.0,0.0,
1851,1786807202.7197702,ppq,deepseek/deepseek-v4-flash,0.21720588235294117,ppq_ledger,1,0.30000119,17,3.6925e-06,0.0,
1852,1786807202.7197702,ppq,moonshotai/kimi-k3,2.497018421052631,ppq_ledger,1,0.3000133,190,0.00047443349999999997,0.0,
1853,1786807202.7197702,ppq,z-ai/glm-5.2,0.17694855433193743,ppq_ledger,1,0.76005547,6572221,1.1629450047,0.0,
1854,1786807202.7197702,ppq,,0.17701572854050285,ppq_ledger,1,0.76006996,6572428,1.1634231307,0.0,
1855,1786807202.7216794,openrouter,,0.4447441404504458,openrouter_actual,1,0.64036688,4862384,2.1625167926200004,0.0,
1856,1786807202.4682865,ours,,0.001,cold_start_fallback,0,0.0,0,0.0,0.0,
1857,1786807202.4682865,deepinfra,,1.3,cold_start_fallback,0,0.0,0,0.0,0.0,
1858,1786807502.412751,friend,,0.001,zai_amortized,0,0.7,382998062,0.0,0.0,
1859,1786807502.423313,ollama_cloud,,0.3403472792684442,zai_amortized,0,0.7,293817539,100.0,0.0,
1860,1786807502.667875,ppq,deepseek/deepseek-v4-flash,0.21720588235294117,ppq_ledger,1,0.30000119,17,3.6925e-06,0.0,
1861,1786807502.667875,ppq,moonshotai/kimi-k3,2.497018421052631,ppq_ledger,1,0.3000133,190,0.00047443349999999997,0.0,
1862,1786807502.667875,ppq,z-ai/glm-5.2,0.17694855433193743,ppq_ledger,1,0.76005547,6572221,1.1629450047,0.0,
1863,1786807502.667875,ppq,,0.17701572854050285,ppq_ledger,1,0.76006996,6572428,1.1634231307,0.0,
1864,1786807502.6700814,openrouter,,0.4447441404504458,openrouter_actual,1,0.64036688,4862384,2.1625167926200004,0.0,
1865,1786807502.412746,ours,,0.001,cold_start_fallback,0,0.0,0,0.0,0.0,
1866,1786807502.412746,deepinfra,,1.3,cold_start_fallback,0,0.0,0,0.0,0.0,
1867,1786807802.3809152,friend,,0.001,zai_amortized,0,0.7,384816588,0.0,0.0,
1868,1786807802.3920166,ollama_cloud,,0.3403472792684442,zai_amortized,0,0.7,293817539,100.0,0.0,
1869,1786807802.6344712,ppq,deepseek/deepseek-v4-flash,0.06542517205402267,ppq_ledger,1,0.40922674,1560382,0.10208826082,0.0,
1870,1786807802.6344712,ppq,moonshotai/kimi-k3,2.497018421052631,ppq_ledger,1,0.3000133,190,0.00047443349999999997,0.0,
1871,1786807802.6344712,ppq,z-ai/glm-5,1.0743845322771748,ppq_ledger,1,0.5714743499999999,3878205,4.166683465,0.0,
1872,1786807802.6344712,ppq,z-ai/glm-5.2,0.2576523643245763,ppq_ledger,1,1.0,20029486,5.160644424106,0.0,
1873,1786807802.6344712,ppq,,0.37026045252579654,ppq_ledger,1,1.0,25468263,9.429890583426001,0.0,
1874,1786807802.6386056,openrouter,,0.4447441404504458,openrouter_actual,1,0.64036688,4862384,2.1625167926200004,0.0,
1875,1786807802.380912,ours,,0.001,cold_start_fallback,0,0.0,0,0.0,0.0,
1876,1786807802.380912,deepinfra,,1.3,cold_start_fallback,0,0.0,0,0.0,0.0,
1877,1786808102.5121324,friend,,0.001,zai_amortized,0,0.7,385905329,0.0,0.0,
1878,1786808102.6876216,ollama_cloud,,0.3403472792684442,zai_amortized,0,0.7,293817539,100.0,0.0,
1879,1786808103.1916316,ppq,deepseek/deepseek-v4-flash,0.06542517205402267,ppq_ledger,1,0.40922674,1560382,0.10208826082,0.0,
1880,1786808103.1916316,ppq,moonshotai/kimi-k3,2.497018421052631,ppq_ledger,1,0.3000133,190,0.00047443349999999997,0.0,
1881,1786808103.1916316,ppq,z-ai/glm-5,1.0743845322771748,ppq_ledger,1,0.5714743499999999,3878205,4.166683465,0.0,
1882,1786808103.1916316,ppq,z-ai/glm-5.2,0.2576523643245763,ppq_ledger,1,1.0,20029486,5.160644424106,0.0,
1883,1786808103.1916316,ppq,,0.37026045252579654,ppq_ledger,1,1.0,25468263,9.429890583426001,0.0,
1884,1786808103.202317,openrouter,,0.4453685213946761,openrouter_actual,1,0.64815998,4973714,2.21513565002,0.0,
1885,1786808102.5121295,ours,,0.001,cold_start_fallback,0,0.0,0,0.0,0.0,
1886,1786808102.5121295,deepinfra,,1.3,cold_start_fallback,0,0.0,0,0.0,0.0,
1887,1786808403.1210265,friend,,0.001,zai_amortized,0,0.7,387494420,0.0,0.0,
1888,1786808403.1500192,ollama_cloud,,0.3403472792684442,zai_amortized,0,0.7,293817539,100.0,0.0,
1889,1786808403.4463758,ppq,deepseek/deepseek-v4-flash,0.06542517205402267,ppq_ledger,1,0.40922674,1560382,0.10208826082,0.0,
1890,1786808403.4463758,ppq,moonshotai/kimi-k3,2.497018421052631,ppq_ledger,1,0.3000133,190,0.00047443349999999997,0.0,
1891,1786808403.4463758,ppq,z-ai/glm-5,1.0743845322771748,ppq_ledger,1,0.5714743499999999,3878205,4.166683465,0.0,
1892,1786808403.4463758,ppq,z-ai/glm-5.2,0.2576523643245763,ppq_ledger,1,1.0,20029486,5.160644424106,0.0,
1893,1786808403.4463758,ppq,,0.37026045252579654,ppq_ledger,1,1.0,25468263,9.429890583426001,0.0,
1894,1786808403.4555001,openrouter,,0.4453685213946761,openrouter_actual,1,0.64815998,4973714,2.21513565002,0.0,
1895,1786808403.1210222,ours,,0.001,cold_start_fallback,0,0.0,0,0.0,0.0,
1896,1786808403.1210222,deepinfra,,1.3,cold_start_fallback,0,0.0,0,0.0,0.0,
1897,1786808701.9811952,friend,,0.001,zai_amortized,0,0.7,388705704,0.0,0.0,
1898,1786808701.9922733,ollama_cloud,,0.3403472792684442,zai_amortized,0,0.7,293817539,100.0,0.0,
1899,1786808702.2375438,ppq,deepseek/deepseek-v4-flash,0.06542517205402267,ppq_ledger,1,0.40922674,1560382,0.10208826082,0.0,
1900,1786808702.2375438,ppq,moonshotai/kimi-k3,2.497018421052631,ppq_ledger,1,0.3000133,190,0.00047443349999999997,0.0,
1901,1786808702.2375438,ppq,z-ai/glm-5,1.0743845322771748,ppq_ledger,1,0.5714743499999999,3878205,4.166683465,0.0,
1902,1786808702.2375438,ppq,z-ai/glm-5.2,0.2576523643245763,ppq_ledger,1,1.0,20029486,5.160644424106,0.0,
1903,1786808702.2375438,ppq,,0.37026045252579654,ppq_ledger,1,1.0,25468263,9.429890583426001,0.0,
1904,1786808702.244418,openrouter,,0.4453685213946761,openrouter_actual,1,0.64815998,4973714,2.21513565002,0.0,
1905,1786808701.9811924,ours,,0.001,cold_start_fallback,0,0.0,0,0.0,0.0,
1906,1786808701.9811924,deepinfra,,1.3,cold_start_fallback,0,0.0,0,0.0,0.0,
1907,1786809003.1292298,friend,,0.001,zai_amortized,0,0.7,390166529,0.0,0.0,
1908,1786809003.166678,ollama_cloud,,0.3403472792684442,zai_amortized,0,0.7,293817539,100.0,0.0,
1909,1786809003.4395714,ppq,deepseek/deepseek-v4-flash,0.06542517205402267,ppq_ledger,1,0.40922674,1560382,0.10208826082,0.0,
1910,1786809003.4395714,ppq,moonshotai/kimi-k3,2.497018421052631,ppq_ledger,1,0.3000133,190,0.00047443349999999997,0.0,
1911,1786809003.4395714,ppq,z-ai/glm-5,1.0743845322771748,ppq_ledger,1,0.5714743499999999,3878205,4.166683465,0.0,
1912,1786809003.4395714,ppq,z-ai/glm-5.2,0.2576523643245763,ppq_ledger,1,1.0,20029486,5.160644424106,0.0,
1913,1786809003.4395714,ppq,,0.37026045252579654,ppq_ledger,1,1.0,25468263,9.429890583426001,0.0,
1914,1786809003.4419632,openrouter,,0.4453685213946761,openrouter_actual,1,0.64815998,4973714,2.21513565002,0.0,
1915,1786809003.1292264,ours,,0.001,cold_start_fallback,0,0.0,0,0.0,0.0,
1916,1786809003.1292264,deepinfra,,1.3,cold_start_fallback,0,0.0,0,0.0,0.0,
1917,1786809302.165558,friend,,0.001,zai_amortized,0,0.7,391183674,0.0,0.0,
1918,1786809302.171788,ollama_cloud,,0.3403472792684442,zai_amortized,0,0.7,293817539,100.0,0.0,
1919,1786809302.3770335,ppq,deepseek/deepseek-v4-flash,0.06542517205402267,ppq_ledger,1,0.40922674,1560382,0.10208826082,0.0,
1920,1786809302.3770335,ppq,moonshotai/kimi-k3,2.497018421052631,ppq_ledger,1,0.3000133,190,0.00047443349999999997,0.0,
1921,1786809302.3770335,ppq,z-ai/glm-5,1.0743845322771748,ppq_ledger,1,0.5714743499999999,3878205,4.166683465,0.0,
1922,1786809302.3770335,ppq,z-ai/glm-5.2,0.2576523643245763,ppq_ledger,1,1.0,20029486,5.160644424106,0.0,
1923,1786809302.3770335,ppq,,0.37026045252579654,ppq_ledger,1,1.0,25468263,9.429890583426001,0.0,
1924,1786809302.3804793,openrouter,,0.4453685213946761,openrouter_actual,1,0.64815998,4973714,2.21513565002,0.0,
1925,1786809302.165556,ours,,0.001,cold_start_fallback,0,0.0,0,0.0,0.0,
1926,1786809302.165556,deepinfra,,1.3,cold_start_fallback,0,0.0,0,0.0,0.0,
1927,1786809601.9673042,friend,,0.001,zai_amortized,0,0.7,392185722,0.0,0.0,
1928,1786809601.9996147,ollama_cloud,,0.3403472792684442,zai_amortized,0,0.7,293817539,100.0,0.0,
1929,1786809602.3258243,ppq,deepseek/deepseek-v4-flash,0.06542517205402267,ppq_ledger,1,0.40922674,1560382,0.10208826082,0.0,
1930,1786809602.3258243,ppq,moonshotai/kimi-k3,2.497018421052631,ppq_ledger,1,0.3000133,190,0.00047443349999999997,0.0,
1931,1786809602.3258243,ppq,z-ai/glm-5,1.0743845322771748,ppq_ledger,1,0.5714743499999999,3878205,4.166683465,0.0,
1932,1786809602.3258243,ppq,z-ai/glm-5.2,0.2576523643245763,ppq_ledger,1,1.0,20029486,5.160644424106,0.0,
1933,1786809602.3258243,ppq,,0.37026045252579654,ppq_ledger,1,1.0,25468263,9.429890583426001,0.0,
1934,1786809602.3401883,openrouter,,0.4453685213946761,openrouter_actual,1,0.64815998,4973714,2.21513565002,0.0,
1935,1786809601.9673002,ours,,0.001,cold_start_fallback,0,0.0,0,0.0,0.0,
1936,1786809601.9673002,deepinfra,,1.3,cold_start_fallback,0,0.0,0,0.0,0.0,
1937,1786809902.2607062,friend,,0.001,zai_amortized,0,0.7,393709173,0.0,0.0,
1938,1786809902.2835226,ollama_cloud,,0.3403472792684442,zai_amortized,0,0.7,293817539,100.0,0.0,
1939,1786809902.5241601,ppq,deepseek/deepseek-v4-flash,0.06542517205402267,ppq_ledger,1,0.40922674,1560382,0.10208826082,0.0,
1940,1786809902.5241601,ppq,moonshotai/kimi-k3,2.497018421052631,ppq_ledger,1,0.3000133,190,0.00047443349999999997,0.0,
1941,1786809902.5241601,ppq,z-ai/glm-5,1.0743845322771748,ppq_ledger,1,0.5714743499999999,3878205,4.166683465,0.0,
1942,1786809902.5241601,ppq,z-ai/glm-5.2,0.2576523643245763,ppq_ledger,1,1.0,20029486,5.160644424106,0.0,
1943,1786809902.5241601,ppq,,0.37026045252579654,ppq_ledger,1,1.0,25468263,9.429890583426001,0.0,
1944,1786809902.5278835,openrouter,,0.4453685213946761,openrouter_actual,1,0.64815998,4973714,2.21513565002,0.0,
1945,1786809902.2607036,ours,,0.001,cold_start_fallback,0,0.0,0,0.0,0.0,
1946,1786809902.2607036,deepinfra,,1.3,cold_start_fallback,0,0.0,0,0.0,0.0,
1947,1786810204.1102772,friend,,0.001,zai_amortized,0,0.7,395851478,0.0,0.0,
1948,1786810204.1399484,ollama_cloud,,0.3403472792684442,zai_amortized,0,0.7,293817539,100.0,0.0,
1949,1786810204.5470116,ppq,deepseek/deepseek-v4-flash,0.06542517205402267,ppq_ledger,1,0.40922674,1560382,0.10208826082,0.0,
1950,1786810204.5470116,ppq,moonshotai/kimi-k3,2.497018421052631,ppq_ledger,1,0.3000133,190,0.00047443349999999997,0.0,
1951,1786810204.5470116,ppq,z-ai/glm-5,1.0743845322771748,ppq_ledger,1,0.5714743499999999,3878205,4.166683465,0.0,
1952,1786810204.5470116,ppq,z-ai/glm-5.2,0.2576523643245763,ppq_ledger,1,1.0,20029486,5.160644424106,0.0,
1953,1786810204.5470116,ppq,,0.37026045252579654,ppq_ledger,1,1.0,25468263,9.429890583426001,0.0,
1954,1786810204.5503094,openrouter,,0.4453685213946761,openrouter_actual,1,0.64815998,4973714,2.21513565002,0.0,
1955,1786810204.1102743,ours,,0.001,cold_start_fallback,0,0.0,0,0.0,0.0,
1956,1786810204.1102743,deepinfra,,1.3,cold_start_fallback,0,0.0,0,0.0,0.0,
1957,1786810502.4264371,friend,,0.001,zai_amortized,0,0.7,398970004,0.0,0.0,
1958,1786810502.441085,ollama_cloud,,0.3403472792684442,zai_amortized,0,0.7,293817539,100.0,0.0,
1959,1786810502.6928205,ppq,deepseek/deepseek-v4-flash,0.06542517205402267,ppq_ledger,1,0.40922674,1560382,0.10208826082,0.0,
1960,1786810502.6928205,ppq,moonshotai/kimi-k3,2.497018421052631,ppq_ledger,1,0.3000133,190,0.00047443349999999997,0.0,
1961,1786810502.6928205,ppq,z-ai/glm-5,1.0743845322771748,ppq_ledger,1,0.5714743499999999,3878205,4.166683465,0.0,
1962,1786810502.6928205,ppq,z-ai/glm-5.2,0.2576523643245763,ppq_ledger,1,1.0,20029486,5.160644424106,0.0,
1963,1786810502.6928205,ppq,,0.37026045252579654,ppq_ledger,1,1.0,25468263,9.429890583426001,0.0,
1964,1786810502.696579,openrouter,,0.4453685213946761,openrouter_actual,1,0.64815998,4973714,2.21513565002,0.0,
1965,1786810502.4264333,ours,,0.001,cold_start_fallback,0,0.0,0,0.0,0.0,
1966,1786810502.4264333,deepinfra,,1.3,cold_start_fallback,0,0.0,0,0.0,0.0,
1967,1786810802.4670875,friend,,0.001,zai_amortized,0,0.7,401001592,0.0,0.0,
1968,1786810802.480602,ollama_cloud,,0.3403472792684442,zai_amortized,0,0.7,293817539,100.0,0.0,
1969,1786810802.73313,ppq,deepseek/deepseek-v4-flash,0.06542517205402267,ppq_ledger,1,0.40922674,1560382,0.10208826082,0.0,
1970,1786810802.73313,ppq,moonshotai/kimi-k3,2.497018421052631,ppq_ledger,1,0.3000133,190,0.00047443349999999997,0.0,
1971,1786810802.73313,ppq,z-ai/glm-5,1.0743845322771748,ppq_ledger,1,0.5714743499999999,3878205,4.166683465,0.0,
1972,1786810802.73313,ppq,z-ai/glm-5.2,0.2576523643245763,ppq_ledger,1,1.0,20029486,5.160644424106,0.0,
1973,1786810802.73313,ppq,,0.37026045252579654,ppq_ledger,1,1.0,25468263,9.429890583426001,0.0,
1974,1786810802.7356827,openrouter,,0.4453685213946761,openrouter_actual,1,0.64815998,4973714,2.21513565002,0.0,
1975,1786810802.4670846,ours,,0.001,cold_start_fallback,0,0.0,0,0.0,0.0,
1976,1786810802.4670846,deepinfra,,1.3,cold_start_fallback,0,0.0,0,0.0,0.0,
1977,1786811102.0837462,friend,,0.001,zai_amortized,0,0.7,403675975,0.0,0.0,
1978,1786811102.0951097,ollama_cloud,,0.3403472792684442,zai_amortized,0,0.7,293817539,100.0,0.0,
1979,1786811102.3125885,ppq,deepseek/deepseek-v4-flash,0.06542517205402267,ppq_ledger,1,0.40922674,1560382,0.10208826082,0.0,
1980,1786811102.3125885,ppq,moonshotai/kimi-k3,2.497018421052631,ppq_ledger,1,0.3000133,190,0.00047443349999999997,0.0,
1981,1786811102.3125885,ppq,z-ai/glm-5,1.0743845322771748,ppq_ledger,1,0.5714743499999999,3878205,4.166683465,0.0,
1982,1786811102.3125885,ppq,z-ai/glm-5.2,0.2576523643245763,ppq_ledger,1,1.0,20029486,5.160644424106,0.0,
1983,1786811102.3125885,ppq,,0.37026045252579654,ppq_ledger,1,1.0,25468263,9.429890583426001,0.0,
1984,1786811102.3166637,openrouter,,0.4453685213946761,openrouter_actual,1,0.64815998,4973714,2.21513565002,0.0,
1985,1786811102.0837421,ours,,0.001,cold_start_fallback,0,0.0,0,0.0,0.0,
1986,1786811102.0837421,deepinfra,,1.3,cold_start_fallback,0,0.0,0,0.0,0.0,
1987,1786811702.8896286,friend,,0.001,zai_amortized,0,0.7,408574245,0.0,0.0,
1988,1786811702.9071455,ollama_cloud,,0.3403472792684442,zai_amortized,0,0.7,293817539,100.0,0.0,
1989,1786811703.1487374,ppq,deepseek/deepseek-v4-flash,0.06542517205402267,ppq_ledger,1,0.40922674,1560382,0.10208826082,0.0,
1990,1786811703.1487374,ppq,moonshotai/kimi-k3,2.497018421052631,ppq_ledger,1,0.3000133,190,0.00047443349999999997,0.0,
1991,1786811703.1487374,ppq,z-ai/glm-5,1.0743845322771748,ppq_ledger,1,0.5714743499999999,3878205,4.166683465,0.0,
1992,1786811703.1487374,ppq,z-ai/glm-5.2,0.2576523643245763,ppq_ledger,1,1.0,20029486,5.160644424106,0.0,
1993,1786811703.1487374,ppq,,0.37026045252579654,ppq_ledger,1,1.0,25468263,9.429890583426001,0.0,
1994,1786811703.1528416,openrouter,,0.45776755095958366,openrouter_actual,1,0.66287041,5183863,2.37300427002,0.0,
1995,1786811702.8896253,ours,,0.001,cold_start_fallback,0,0.0,0,0.0,0.0,
1996,1786811702.8896253,deepinfra,,1.3,cold_start_fallback,0,0.0,0,0.0,0.0,
1997,1786812003.3546164,friend,,0.001,zai_amortized,0,0.7,412380583,0.0,0.0,
1998,1786812003.4191191,ollama_cloud,,0.3403472792684442,zai_amortized,0,0.7,293817539,100.0,0.0,
1999,1786812003.7721004,ppq,deepseek/deepseek-v4-flash,0.06542517205402267,ppq_ledger,1,0.40922674,1560382,0.10208826082,0.0,
2000,1786812003.7721004,ppq,moonshotai/kimi-k3,2.497018421052631,ppq_ledger,1,0.3000133,190,0.00047443349999999997,0.0,
2001,1786812003.7721004,ppq,z-ai/glm-5,1.0743845322771748,ppq_ledger,1,0.5714743499999999,3878205,4.166683465,0.0,
2002,1786812003.7721004,ppq,z-ai/glm-5.2,0.2576523643245763,ppq_ledger,1,1.0,20029486,5.160644424106,0.0,
2003,1786812003.7721004,ppq,,0.37026045252579654,ppq_ledger,1,1.0,25468263,9.429890583426001,0.0,
2004,1786812003.7740533,openrouter,,0.4572143682285203,openrouter_actual,1,0.67406152,5343736,2.44323287922,0.0,
2005,1786812003.354613,ours,,0.001,cold_start_fallback,0,0.0,0,0.0,0.0,
2006,1786812003.354613,deepinfra,,1.3,cold_start_fallback,0,0.0,0,0.0,0.0,
2007,1786812303.928105,friend,,0.001,zai_amortized,0,0.7,416172210,0.0,0.0,
2008,1786812303.9436934,ollama_cloud,,0.3403472792684442,zai_amortized,0,0.7,293817539,100.0,0.0,
2009,1786812304.277046,ppq,deepseek/deepseek-v4-flash,0.06542517205402267,ppq_ledger,1,0.40922674,1560382,0.10208826082,0.0,
2010,1786812304.277046,ppq,moonshotai/kimi-k3,2.497018421052631,ppq_ledger,1,0.3000133,190,0.00047443349999999997,0.0,
2011,1786812304.277046,ppq,z-ai/glm-5,1.0743845322771748,ppq_ledger,1,0.5714743499999999,3878205,4.166683465,0.0,
2012,1786812304.277046,ppq,z-ai/glm-5.2,0.2576523643245763,ppq_ledger,1,1.0,20029486,5.160644424106,0.0,
2013,1786812304.277046,ppq,,0.37026045252579654,ppq_ledger,1,1.0,25468263,9.429890583426001,0.0,
2014,1786812304.549324,openrouter,,0.4572143682285203,openrouter_actual,1,0.67406152,5343736,2.44323287922,0.0,
2015,1786812303.9281013,ours,,0.001,cold_start_fallback,0,0.0,0,0.0,0.0,
2016,1786812303.9281013,deepinfra,,1.3,cold_start_fallback,0,0.0,0,0.0,0.0,
2017,1786812602.8732004,friend,,0.001,zai_amortized,0,0.7,420360398,0.0,0.0,
2018,1786812602.9046807,ollama_cloud,,0.3403472792684442,zai_amortized,0,0.7,293817539,100.0,0.0,
2019,1786812603.1847432,ppq,deepseek/deepseek-v4-flash,0.06542517205402267,ppq_ledger,1,0.40922674,1560382,0.10208826082,0.0,
2020,1786812603.1847432,ppq,moonshotai/kimi-k3,2.497018421052631,ppq_ledger,1,0.3000133,190,0.00047443349999999997,0.0,
2021,1786812603.1847432,ppq,z-ai/glm-5,1.0743845322771748,ppq_ledger,1,0.5714743499999999,3878205,4.166683465,0.0,
2022,1786812603.1847432,ppq,z-ai/glm-5.2,0.2576523643245763,ppq_ledger,1,1.0,20029486,5.160644424106,0.0,
2023,1786812603.1847432,ppq,,0.37026045252579654,ppq_ledger,1,1.0,25468263,9.429890583426001,0.0,
2024,1786812603.1873052,openrouter,,0.4609146018959905,openrouter_actual,1,0.67862216,5408888,2.49303545922,0.0,
2025,1786812602.8731973,ours,,0.001,cold_start_fallback,0,0.0,0,0.0,0.0,
2026,1786812602.8731973,deepinfra,,1.3,cold_start_fallback,0,0.0,0,0.0,0.0,
2027,1786812902.233037,friend,,0.001,zai_amortized,0,0.7,421753552,0.0,0.0,
2028,1786812902.2463536,ollama_cloud,,0.3403472792684442,zai_amortized,0,0.7,293817539,100.0,0.0,
2029,1786812902.5178125,ppq,deepseek/deepseek-v4-flash,0.06542517205402267,ppq_ledger,1,0.40922674,1560382,0.10208826082,0.0,
2030,1786812902.5178125,ppq,moonshotai/kimi-k3,2.497018421052631,ppq_ledger,1,0.3000133,190,0.00047443349999999997,0.0,
2031,1786812902.5178125,ppq,z-ai/glm-5,1.0743845322771748,ppq_ledger,1,0.5714743499999999,3878205,4.166683465,0.0,
2032,1786812902.5178125,ppq,z-ai/glm-5.2,0.2576523643245763,ppq_ledger,1,1.0,20029486,5.160644424106,0.0,
2033,1786812902.5178125,ppq,,0.37026045252579654,ppq_ledger,1,1.0,25468263,9.429890583426001,0.0,
2034,1786812902.5203564,openrouter,,0.4609146018959905,openrouter_actual,1,0.67862216,5408888,2.49303545922,0.0,
2035,1786812902.2330337,ours,,0.001,cold_start_fallback,0,0.0,0,0.0,0.0,
2036,1786812902.2330337,deepinfra,,1.3,cold_start_fallback,0,0.0,0,0.0,0.0,
2037,1786813202.9231749,friend,,0.001,zai_amortized,0,0.7,423434482,0.0,0.0,
2038,1786813202.9480066,ollama_cloud,,0.3403472792684442,zai_amortized,0,0.7,293817539,100.0,0.0,
2039,1786813203.2245524,ppq,deepseek/deepseek-v4-flash,0.06542517205402267,ppq_ledger,1,0.40922674,1560382,0.10208826082,0.0,
2040,1786813203.2245524,ppq,moonshotai/kimi-k3,2.497018421052631,ppq_ledger,1,0.3000133,190,0.00047443349999999997,0.0,
2041,1786813203.2245524,ppq,z-ai/glm-5,1.0743845322771748,ppq_ledger,1,0.5714743499999999,3878205,4.166683465,0.0,
2042,1786813203.2245524,ppq,z-ai/glm-5.2,0.2576523643245763,ppq_ledger,1,1.0,20029486,5.160644424106,0.0,
2043,1786813203.2245524,ppq,,0.37026045252579654,ppq_ledger,1,1.0,25468263,9.429890583426001,0.0,
2044,1786813203.2332764,openrouter,,0.46019824708223744,openrouter_actual,1,0.6849653499999999,5499505,2.53086256082,0.0,
2045,1786813202.923171,ours,,0.001,cold_start_fallback,0,0.0,0,0.0,0.0,
2046,1786813202.923171,deepinfra,,1.3,cold_start_fallback,0,0.0,0,0.0,0.0,
2047,1786813501.6525507,friend,,0.001,zai_amortized,0,0.7,425530956,0.0,0.0,
2048,1786813501.6636848,ollama_cloud,,0.3403472792684442,zai_amortized,0,0.7,293817539,100.0,0.0,
2049,1786813501.9159286,ppq,deepseek/deepseek-v4-flash,0.06542517205402267,ppq_ledger,1,0.40922674,1560382,0.10208826082,0.0,
2050,1786813501.9159286,ppq,moonshotai/kimi-k3,2.497018421052631,ppq_ledger,1,0.3000133,190,0.00047443349999999997,0.0,
2051,1786813501.9159286,ppq,z-ai/glm-5,1.0743845322771748,ppq_ledger,1,0.5714743499999999,3878205,4.166683465,0.0,
2052,1786813501.9159286,ppq,z-ai/glm-5.2,0.2576523643245763,ppq_ledger,1,1.0,20029486,5.160644424106,0.0,
2053,1786813501.9159286,ppq,,0.37026045252579654,ppq_ledger,1,1.0,25468263,9.429890583426001,0.0,
2054,1786813501.9181101,openrouter,,0.49540732086800704,openrouter_actual,1,0.71036765,5862395,2.90427340082,0.0,
2055,1786813501.6525476,ours,,0.001,cold_start_fallback,0,0.0,0,0.0,0.0,
2056,1786813501.6525476,deepinfra,,1.3,cold_start_fallback,0,0.0,0,0.0,0.0,
2057,1786813802.6784997,friend,,0.001,zai_amortized,0,0.7,429344900,0.0,0.0,
2058,1786813802.6946452,ollama_cloud,,0.3403472792684442,zai_amortized,0,0.7,293817539,100.0,0.0,
2059,1786813802.9286518,ppq,deepseek/deepseek-v4-flash,0.06542517205402267,ppq_ledger,1,0.40922674,1560382,0.10208826082,0.0,
2060,1786813802.9286518,ppq,moonshotai/kimi-k3,2.497018421052631,ppq_ledger,1,0.3000133,190,0.00047443349999999997,0.0,
2061,1786813802.9286518,ppq,z-ai/glm-5,1.0743845322771748,ppq_ledger,1,0.5714743499999999,3878205,4.166683465,0.0,
2062,1786813802.9286518,ppq,z-ai/glm-5.2,0.2576523643245763,ppq_ledger,1,1.0,20029486,5.160644424106,0.0,
2063,1786813802.9286518,ppq,,0.37026045252579654,ppq_ledger,1,1.0,25468263,9.429890583426001,0.0,
2064,1786813802.9328701,openrouter,,0.49540732086800704,openrouter_actual,1,0.71036765,5862395,2.90427340082,0.0,
2065,1786813802.6784964,ours,,0.001,cold_start_fallback,0,0.0,0,0.0,0.0,
2066,1786813802.6784964,deepinfra,,1.3,cold_start_fallback,0,0.0,0,0.0,0.0,
2067,1786814103.3292112,friend,,0.001,zai_amortized,0,0.7,431861297,0.0,0.0,
2068,1786814103.3967829,ollama_cloud,,0.3403472792684442,zai_amortized,0,0.7,293817539,100.0,0.0,
2069,1786814103.9521258,ppq,deepseek/deepseek-v4-flash,0.06542517205402267,ppq_ledger,1,0.40922674,1560382,0.10208826082,0.0,
2070,1786814103.9521258,ppq,moonshotai/kimi-k3,2.497018421052631,ppq_ledger,1,0.3000133,190,0.00047443349999999997,0.0,
2071,1786814103.9521258,ppq,z-ai/glm-5,1.0743845322771748,ppq_ledger,1,0.5714743499999999,3878205,4.166683465,0.0,
2072,1786814103.9521258,ppq,z-ai/glm-5.2,0.2576523643245763,ppq_ledger,1,1.0,20029486,5.160644424106,0.0,
2073,1786814103.9521258,ppq,,0.37026045252579654,ppq_ledger,1,1.0,25468263,9.429890583426001,0.0,
2074,1786814103.9565299,openrouter,,0.49540732086800704,openrouter_actual,1,0.71036765,5862395,2.90427340082,0.0,
2075,1786814103.329206,ours,,0.001,cold_start_fallback,0,0.0,0,0.0,0.0,
2076,1786814103.329206,deepinfra,,1.3,cold_start_fallback,0,0.0,0,0.0,0.0,
2077,1786814402.0709062,friend,,0.001,zai_amortized,0,0.7,433388095,0.0,0.0,
2078,1786814402.0828297,ollama_cloud,,0.3403472792684442,zai_amortized,0,0.7,293817539,100.0,0.0,
2079,1786814402.5118146,ppq,deepseek/deepseek-v4-flash,0.06542517205402267,ppq_ledger,1,0.40922674,1560382,0.10208826082,0.0,
2080,1786814402.5118146,ppq,moonshotai/kimi-k3,2.497018421052631,ppq_ledger,1,0.3000133,190,0.00047443349999999997,0.0,
2081,1786814402.5118146,ppq,z-ai/glm-5,1.0743845322771748,ppq_ledger,1,0.5714743499999999,3878205,4.166683465,0.0,
2082,1786814402.5118146,ppq,z-ai/glm-5.2,0.2576523643245763,ppq_ledger,1,1.0,20029486,5.160644424106,0.0,
2083,1786814402.5118146,ppq,,0.37026045252579654,ppq_ledger,1,1.0,25468263,9.429890583426001,0.0,
2084,1786814402.517113,openrouter,,0.49540732086800704,openrouter_actual,1,0.71036765,5862395,2.90427340082,0.0,
2085,1786814402.0709026,ours,,0.001,cold_start_fallback,0,0.0,0,0.0,0.0,
2086,1786814402.0709026,deepinfra,,1.3,cold_start_fallback,0,0.0,0,0.0,0.0,
2087,1786814702.591505,friend,,0.001,zai_amortized,0,0.7,434296233,0.0,0.0,
2088,1786814702.6149094,ollama_cloud,,0.3403472792684442,zai_amortized,0,0.7,293817539,100.0,0.0,
2089,1786814702.8666003,ppq,deepseek/deepseek-v4-flash,0.06542517205402267,ppq_ledger,1,0.40922674,1560382,0.10208826082,0.0,
2090,1786814702.8666003,ppq,moonshotai/kimi-k3,2.497018421052631,ppq_ledger,1,0.3000133,190,0.00047443349999999997,0.0,
2091,1786814702.8666003,ppq,z-ai/glm-5,1.0743845322771748,ppq_ledger,1,0.5714743499999999,3878205,4.166683465,0.0,
2092,1786814702.8666003,ppq,z-ai/glm-5.2,0.2576523643245763,ppq_ledger,1,1.0,20029486,5.160644424106,0.0,
2093,1786814702.8666003,ppq,,0.37026045252579654,ppq_ledger,1,1.0,25468263,9.429890583426001,0.0,
2094,1786814702.918232,openrouter,,0.49540732086800704,openrouter_actual,1,0.71036765,5862395,2.90427340082,0.0,
2095,1786814702.5915017,ours,,0.001,cold_start_fallback,0,0.0,0,0.0,0.0,
2096,1786814702.5915017,deepinfra,,1.3,cold_start_fallback,0,0.0,0,0.0,0.0,
2097,1786815002.8938143,friend,,0.001,zai_amortized,0,0.7,435667375,0.0,0.0,
2098,1786815002.9245791,ollama_cloud,,0.3403472792684442,zai_amortized,0,0.7,293817539,100.0,0.0,
2099,1786815003.229715,ppq,deepseek/deepseek-v4-flash,0.06542517205402267,ppq_ledger,1,0.40922674,1560382,0.10208826082,0.0,
2100,1786815003.229715,ppq,moonshotai/kimi-k3,2.497018421052631,ppq_ledger,1,0.3000133,190,0.00047443349999999997,0.0,
2101,1786815003.229715,ppq,z-ai/glm-5,1.0743845322771748,ppq_ledger,1,0.5714743499999999,3878205,4.166683465,0.0,
2102,1786815003.229715,ppq,z-ai/glm-5.2,0.2576523643245763,ppq_ledger,1,1.0,20029486,5.160644424106,0.0,
2103,1786815003.229715,ppq,,0.37026045252579654,ppq_ledger,1,1.0,25468263,9.429890583426001,0.0,
2104,1786815003.2705386,openrouter,,0.49540732086800704,openrouter_actual,1,0.71036765,5862395,2.90427340082,0.0,
2105,1786815002.8938117,ours,,0.001,cold_start_fallback,0,0.0,0,0.0,0.0,
2106,1786815002.8938117,deepinfra,,1.3,cold_start_fallback,0,0.0,0,0.0,0.0,
2107,1786815301.782939,friend,,0.001,zai_amortized,0,0.7,436321195,0.0,0.0,
2108,1786815301.7937388,ollama_cloud,,0.3403472792684442,zai_amortized,0,0.7,293817539,100.0,0.0,
2109,1786815302.0212212,ppq,deepseek/deepseek-v4-flash,0.06542517205402267,ppq_ledger,1,0.40922674,1560382,0.10208826082,0.0,
2110,1786815302.0212212,ppq,moonshotai/kimi-k3,2.497018421052631,ppq_ledger,1,0.3000133,190,0.00047443349999999997,0.0,
2111,1786815302.0212212,ppq,z-ai/glm-5,1.0743845322771748,ppq_ledger,1,0.5714743499999999,3878205,4.166683465,0.0,
2112,1786815302.0212212,ppq,z-ai/glm-5.2,0.2576523643245763,ppq_ledger,1,1.0,20029486,5.160644424106,0.0,
2113,1786815302.0212212,ppq,,0.37026045252579654,ppq_ledger,1,1.0,25468263,9.429890583426001,0.0,
2114,1786815302.023051,openrouter,,0.49540732086800704,openrouter_actual,1,0.71036765,5862395,2.90427340082,0.0,
2115,1786815301.7829354,ours,,0.001,cold_start_fallback,0,0.0,0,0.0,0.0,
2116,1786815301.7829354,deepinfra,,1.3,cold_start_fallback,0,0.0,0,0.0,0.0,
2117,1786815602.1748238,friend,,0.001,zai_amortized,0,0.7,437137287,0.0,0.0,
2118,1786815602.1976955,ollama_cloud,,0.3403472792684442,zai_amortized,0,0.7,293817539,100.0,0.0,
2119,1786815602.4618287,ppq,deepseek/deepseek-v4-flash,0.06542517205402267,ppq_ledger,1,0.40922674,1560382,0.10208826082,0.0,
2120,1786815602.4618287,ppq,moonshotai/kimi-k3,2.497018421052631,ppq_ledger,1,0.3000133,190,0.00047443349999999997,0.0,
2121,1786815602.4618287,ppq,z-ai/glm-5,1.0743845322771748,ppq_ledger,1,0.5714743499999999,3878205,4.166683465,0.0,
2122,1786815602.4618287,ppq,z-ai/glm-5.2,0.2576523643245763,ppq_ledger,1,1.0,20029486,5.160644424106,0.0,
2123,1786815602.4618287,ppq,,0.37026045252579654,ppq_ledger,1,1.0,25468263,9.429890583426001,0.0,
2124,1786815602.4631152,openrouter,,0.49540732086800704,openrouter_actual,1,0.71036765,5862395,2.90427340082,0.0,
2125,1786815602.1748195,ours,,0.001,cold_start_fallback,0,0.0,0,0.0,0.0,
2126,1786815602.1748195,deepinfra,,1.3,cold_start_fallback,0,0.0,0,0.0,0.0,
2127,1786815902.1329124,friend,,0.001,zai_amortized,0,0.7,437817746,0.0,0.0,
2128,1786815902.1462479,ollama_cloud,,0.3403472792684442,zai_amortized,0,0.7,293817539,100.0,0.0,
2129,1786815902.392145,ppq,deepseek/deepseek-v4-flash,0.06542517205402267,ppq_ledger,1,0.40922674,1560382,0.10208826082,0.0,
2130,1786815902.392145,ppq,moonshotai/kimi-k3,2.497018421052631,ppq_ledger,1,0.3000133,190,0.00047443349999999997,0.0,
2131,1786815902.392145,ppq,z-ai/glm-5,1.0743845322771748,ppq_ledger,1,0.5714743499999999,3878205,4.166683465,0.0,
2132,1786815902.392145,ppq,z-ai/glm-5.2,0.2576523643245763,ppq_ledger,1,1.0,20029486,5.160644424106,0.0,
2133,1786815902.392145,ppq,,0.37026045252579654,ppq_ledger,1,1.0,25468263,9.429890583426001,0.0,
2134,1786815902.3996694,openrouter,,0.49540732086800704,openrouter_actual,1,0.71036765,5862395,2.90427340082,0.0,
2135,1786815902.1329098,ours,,0.001,cold_start_fallback,0,0.0,0,0.0,0.0,
2136,1786815902.1329098,deepinfra,,1.3,cold_start_fallback,0,0.0,0,0.0,0.0,
2137,1786816201.625383,friend,,0.001,zai_amortized,0,0.7,438383251,0.0,0.0,
2138,1786816201.6370523,ollama_cloud,,0.3403472792684442,zai_amortized,0,0.7,293817539,100.0,0.0,
2139,1786816201.9019375,ppq,deepseek/deepseek-v4-flash,0.06542517205402267,ppq_ledger,1,0.40922674,1560382,0.10208826082,0.0,
2140,1786816201.9019375,ppq,moonshotai/kimi-k3,2.497018421052631,ppq_ledger,1,0.3000133,190,0.00047443349999999997,0.0,
2141,1786816201.9019375,ppq,z-ai/glm-5,1.0743845322771748,ppq_ledger,1,0.5714743499999999,3878205,4.166683465,0.0,
2142,1786816201.9019375,ppq,z-ai/glm-5.2,0.2576523643245763,ppq_ledger,1,1.0,20029486,5.160644424106,0.0,
2143,1786816201.9019375,ppq,,0.37026045252579654,ppq_ledger,1,1.0,25468263,9.429890583426001,0.0,
2144,1786816201.9049523,openrouter,,0.49540732086800704,openrouter_actual,1,0.71036765,5862395,2.90427340082,0.0,
2145,1786816201.6253803,ours,,0.001,cold_start_fallback,0,0.0,0,0.0,0.0,
2146,1786816201.6253803,deepinfra,,1.3,cold_start_fallback,0,0.0,0,0.0,0.0,
2147,1786816502.5270379,friend,,0.001,zai_amortized,0,0.7,439221897,0.0,0.0,
2148,1786816502.552327,ollama_cloud,,0.3403472792684442,zai_amortized,0,0.7,293817539,100.0,0.0,
2149,1786816502.8465023,ppq,deepseek/deepseek-v4-flash,0.06542517205402267,ppq_ledger,1,0.40922674,1560382,0.10208826082,0.0,
2150,1786816502.8465023,ppq,moonshotai/kimi-k3,2.497018421052631,ppq_ledger,1,0.3000133,190,0.00047443349999999997,0.0,
2151,1786816502.8465023,ppq,z-ai/glm-5,1.0743845322771748,ppq_ledger,1,0.5714743499999999,3878205,4.166683465,0.0,
2152,1786816502.8465023,ppq,z-ai/glm-5.2,0.2576523643245763,ppq_ledger,1,1.0,20029486,5.160644424106,0.0,
2153,1786816502.8465023,ppq,,0.37026045252579654,ppq_ledger,1,1.0,25468263,9.429890583426001,0.0,
2154,1786816502.8497326,openrouter,,0.49540732086800704,openrouter_actual,1,0.71036765,5862395,2.90427340082,0.0,
2155,1786816502.527035,ours,,0.001,cold_start_fallback,0,0.0,0,0.0,0.0,
2156,1786816502.527035,deepinfra,,1.3,cold_start_fallback,0,0.0,0,0.0,0.0,
2157,1786816803.2077398,friend,,0.001,zai_amortized,0,0.7,440571714,0.0,0.0,
2158,1786816803.2676568,ollama_cloud,,0.3403472792684442,zai_amortized,0,0.7,293817539,100.0,0.0,
2159,1786816803.660466,ppq,deepseek/deepseek-v4-flash,0.06542517205402267,ppq_ledger,1,0.40922674,1560382,0.10208826082,0.0,
2160,1786816803.660466,ppq,moonshotai/kimi-k3,2.497018421052631,ppq_ledger,1,0.3000133,190,0.00047443349999999997,0.0,
2161,1786816803.660466,ppq,z-ai/glm-5,1.0743845322771748,ppq_ledger,1,0.5714743499999999,3878205,4.166683465,0.0,
2162,1786816803.660466,ppq,z-ai/glm-5.2,0.2576523643245763,ppq_ledger,1,1.0,20029486,5.160644424106,0.0,
2163,1786816803.660466,ppq,,0.37026045252579654,ppq_ledger,1,1.0,25468263,9.429890583426001,0.0,
2164,1786816804.2097802,openrouter,,0.49540732086800704,openrouter_actual,1,0.71036765,5862395,2.90427340082,0.0,
2165,1786816803.2077367,ours,,0.001,cold_start_fallback,0,0.0,0,0.0,0.0,
2166,1786816803.2077367,deepinfra,,1.3,cold_start_fallback,0,0.0,0,0.0,0.0,
2167,1786817101.8121665,friend,,0.001,zai_amortized,0,0.7,442367689,0.0,0.0,
2168,1786817101.827818,ollama_cloud,,0.3403472792684442,zai_amortized,0,0.7,293817539,100.0,0.0,
2169,1786817102.069821,ppq,deepseek/deepseek-v4-flash,0.06542517205402267,ppq_ledger,1,0.40922674,1560382,0.10208826082,0.0,
2170,1786817102.069821,ppq,moonshotai/kimi-k3,2.497018421052631,ppq_ledger,1,0.3000133,190,0.00047443349999999997,0.0,
2171,1786817102.069821,ppq,z-ai/glm-5,1.0743845322771748,ppq_ledger,1,0.5714743499999999,3878205,4.166683465,0.0,
2172,1786817102.069821,ppq,z-ai/glm-5.2,0.2576523643245763,ppq_ledger,1,1.0,20029486,5.160644424106,0.0,
2173,1786817102.069821,ppq,,0.37026045252579654,ppq_ledger,1,1.0,25468263,9.429890583426001,0.0,
2174,1786817102.073715,openrouter,,0.49540732086800704,openrouter_actual,1,0.71036765,5862395,2.90427340082,0.0,
2175,1786817101.812163,ours,,0.001,cold_start_fallback,0,0.0,0,0.0,0.0,
2176,1786817101.812163,deepinfra,,1.3,cold_start_fallback,0,0.0,0,0.0,0.0,
2177,1786817402.7605157,friend,,0.001,zai_amortized,0,0.7,444049454,0.0,0.0,
2178,1786817402.7874658,ollama_cloud,,0.3403472792684442,zai_amortized,0,0.7,293817539,100.0,0.0,
2179,1786817403.051435,ppq,deepseek/deepseek-v4-flash,0.06542517205402267,ppq_ledger,1,0.40922674,1560382,0.10208826082,0.0,
2180,1786817403.051435,ppq,moonshotai/kimi-k3,2.497018421052631,ppq_ledger,1,0.3000133,190,0.00047443349999999997,0.0,
2181,1786817403.051435,ppq,z-ai/glm-5,1.0743845322771748,ppq_ledger,1,0.5714743499999999,3878205,4.166683465,0.0,
2182,1786817403.051435,ppq,z-ai/glm-5.2,0.2576523643245763,ppq_ledger,1,1.0,20029486,5.160644424106,0.0,
2183,1786817403.051435,ppq,,0.37026045252579654,ppq_ledger,1,1.0,25468263,9.429890583426001,0.0,
2184,1786817403.0569427,openrouter,,0.49540732086800704,openrouter_actual,1,0.71036765,5862395,2.90427340082,0.0,
2185,1786817402.760512,ours,,0.001,cold_start_fallback,0,0.0,0,0.0,0.0,
2186,1786817402.760512,deepinfra,,1.3,cold_start_fallback,0,0.0,0,0.0,0.0,
2187,1786817701.9244552,friend,,0.001,zai_amortized,0,0.7,444270389,0.0,0.0,
2188,1786817701.938211,ollama_cloud,,0.3403472792684442,zai_amortized,0,0.7,293817539,100.0,0.0,
2189,1786817702.2156546,ppq,deepseek/deepseek-v4-flash,0.06542517205402267,ppq_ledger,1,0.40922674,1560382,0.10208826082,0.0,
2190,1786817702.2156546,ppq,moonshotai/kimi-k3,2.497018421052631,ppq_ledger,1,0.3000133,190,0.00047443349999999997,0.0,
2191,1786817702.2156546,ppq,z-ai/glm-5,1.0743845322771748,ppq_ledger,1,0.5714743499999999,3878205,4.166683465,0.0,
2192,1786817702.2156546,ppq,z-ai/glm-5.2,0.2576523643245763,ppq_ledger,1,1.0,20029486,5.160644424106,0.0,
2193,1786817702.2156546,ppq,,0.37026045252579654,ppq_ledger,1,1.0,25468263,9.429890583426001,0.0,
2194,1786817702.21749,openrouter,,0.49540732086800704,openrouter_actual,1,0.71036765,5862395,2.90427340082,0.0,
2195,1786817701.9244516,ours,,0.001,cold_start_fallback,0,0.0,0,0.0,0.0,
2196,1786817701.9244516,deepinfra,,1.3,cold_start_fallback,0,0.0,0,0.0,0.0,
2197,1786818002.5306253,friend,,0.001,zai_amortized,0,0.7,445107547,0.0,0.0,
2198,1786818002.5551977,ollama_cloud,,0.3403472792684442,zai_amortized,0,0.7,293817539,100.0,0.0,
2199,1786818002.7839546,ppq,deepseek/deepseek-v4-flash,0.06542517205402267,ppq_ledger,1,0.40922674,1560382,0.10208826082,0.0,
2200,1786818002.7839546,ppq,moonshotai/kimi-k3,2.497018421052631,ppq_ledger,1,0.3000133,190,0.00047443349999999997,0.0,
2201,1786818002.7839546,ppq,z-ai/glm-5,1.0743845322771748,ppq_ledger,1,0.5714743499999999,3878205,4.166683465,0.0,
2202,1786818002.7839546,ppq,z-ai/glm-5.2,0.2576523643245763,ppq_ledger,1,1.0,20029486,5.160644424106,0.0,
2203,1786818002.7839546,ppq,,0.37026045252579654,ppq_ledger,1,1.0,25468263,9.429890583426001,0.0,
2204,1786818002.7906141,openrouter,,0.49540732086800704,openrouter_actual,1,0.71036765,5862395,2.90427340082,0.0,
2205,1786818002.5306208,ours,,0.001,cold_start_fallback,0,0.0,0,0.0,0.0,
2206,1786818002.5306208,deepinfra,,1.3,cold_start_fallback,0,0.0,0,0.0,0.0,
2207,1786818301.8238199,friend,,0.001,zai_amortized,0,0.7,445853251,0.0,0.0,
2208,1786818301.8342743,ollama_cloud,,0.3403472792684442,zai_amortized,0,0.7,293817539,100.0,0.0,
2209,1786818302.0463483,ppq,deepseek/deepseek-v4-flash,0.06542517205402267,ppq_ledger,1,0.40922674,1560382,0.10208826082,0.0,
2210,1786818302.0463483,ppq,moonshotai/kimi-k3,2.497018421052631,ppq_ledger,1,0.3000133,190,0.00047443349999999997,0.0,
2211,1786818302.0463483,ppq,z-ai/glm-5,1.0743845322771748,ppq_ledger,1,0.5714743499999999,3878205,4.166683465,0.0,
2212,1786818302.0463483,ppq,z-ai/glm-5.2,0.2576523643245763,ppq_ledger,1,1.0,20029486,5.160644424106,0.0,
2213,1786818302.0463483,ppq,,0.37026045252579654,ppq_ledger,1,1.0,25468263,9.429890583426001,0.0,
2214,1786818302.0478861,openrouter,,0.49540732086800704,openrouter_actual,1,0.71036765,5862395,2.90427340082,0.0,
2215,1786818301.8238175,ours,,0.001,cold_start_fallback,0,0.0,0,0.0,0.0,
2216,1786818301.8238175,deepinfra,,1.3,cold_start_fallback,0,0.0,0,0.0,0.0,
2217,1786818603.7143745,friend,,0.001,zai_amortized,0,0.7,446914419,0.0,0.0,
2218,1786818603.7704887,ollama_cloud,,0.3403472792684442,zai_amortized,0,0.7,293817539,100.0,0.0,
2219,1786818604.1923432,ppq,deepseek/deepseek-v4-flash,0.06542517205402267,ppq_ledger,1,0.40922674,1560382,0.10208826082,0.0,
2220,1786818604.1923432,ppq,moonshotai/kimi-k3,2.497018421052631,ppq_ledger,1,0.3000133,190,0.00047443349999999997,0.0,
2221,1786818604.1923432,ppq,z-ai/glm-5,1.0743845322771748,ppq_ledger,1,0.5714743499999999,3878205,4.166683465,0.0,
2222,1786818604.1923432,ppq,z-ai/glm-5.2,0.2576523643245763,ppq_ledger,1,1.0,20029486,5.160644424106,0.0,
2223,1786818604.1923432,ppq,,0.37026045252579654,ppq_ledger,1,1.0,25468263,9.429890583426001,0.0,
2224,1786818604.198182,openrouter,,0.49540732086800704,openrouter_actual,1,0.71036765,5862395,2.90427340082,0.0,
2225,1786818603.7143703,ours,,0.001,cold_start_fallback,0,0.0,0,0.0,0.0,
2226,1786818603.7143703,deepinfra,,1.3,cold_start_fallback,0,0.0,0,0.0,0.0,
2227,1786818902.3084712,friend,,0.001,zai_amortized,0,0.7,448210415,0.0,0.0,
2228,1786818902.3249176,ollama_cloud,,0.3403472792684442,zai_amortized,0,0.7,293817539,100.0,0.0,
2229,1786818902.5563636,ppq,deepseek/deepseek-v4-flash,0.06542517205402267,ppq_ledger,1,0.40922674,1560382,0.10208826082,0.0,
2230,1786818902.5563636,ppq,moonshotai/kimi-k3,2.497018421052631,ppq_ledger,1,0.3000133,190,0.00047443349999999997,0.0,
2231,1786818902.5563636,ppq,z-ai/glm-5,1.0743845322771748,ppq_ledger,1,0.5714743499999999,3878205,4.166683465,0.0,
2232,1786818902.5563636,ppq,z-ai/glm-5.2,0.2576523643245763,ppq_ledger,1,1.0,20029486,5.160644424106,0.0,
2233,1786818902.5563636,ppq,,0.37026045252579654,ppq_ledger,1,1.0,25468263,9.429890583426001,0.0,
2234,1786818902.5603662,openrouter,,0.49540732086800704,openrouter_actual,1,0.71036765,5862395,2.90427340082,0.0,
2235,1786818902.3084688,ours,,0.001,cold_start_fallback,0,0.0,0,0.0,0.0,
2236,1786818902.3084688,deepinfra,,1.3,cold_start_fallback,0,0.0,0,0.0,0.0,
2237,1786819203.6324997,friend,,0.001,zai_amortized,0,0.7,449572230,0.0,0.0,
2238,1786819203.6433156,ollama_cloud,,0.3403472792684442,zai_amortized,0,0.7,293817539,100.0,0.0,
2239,1786819203.8919232,ppq,deepseek/deepseek-v4-flash,0.06542517205402267,ppq_ledger,1,0.40922674,1560382,0.10208826082,0.0,
2240,1786819203.8919232,ppq,moonshotai/kimi-k3,2.497018421052631,ppq_ledger,1,0.3000133,190,0.00047443349999999997,0.0,
2241,1786819203.8919232,ppq,z-ai/glm-5,1.0743845322771748,ppq_ledger,1,0.5714743499999999,3878205,4.166683465,0.0,
2242,1786819203.8919232,ppq,z-ai/glm-5.2,0.2576523643245763,ppq_ledger,1,1.0,20029486,5.160644424106,0.0,
2243,1786819203.8919232,ppq,,0.37026045252579654,ppq_ledger,1,1.0,25468263,9.429890583426001,0.0,
2244,1786819203.9084687,openrouter,,0.49540732086800704,openrouter_actual,1,0.71036765,5862395,2.90427340082,0.0,
2245,1786819203.6324968,ours,,0.001,cold_start_fallback,0,0.0,0,0.0,0.0,
2246,1786819203.6324968,deepinfra,,1.3,cold_start_fallback,0,0.0,0,0.0,0.0,
2247,1786819503.3764987,friend,,0.001,zai_amortized,0,0.7,450231130,0.0,0.0,
2248,1786819503.3905385,ollama_cloud,,0.3403472792684442,zai_amortized,0,0.7,293817539,100.0,0.0,
2249,1786819503.7545397,ppq,deepseek/deepseek-v4-flash,0.06542517205402267,ppq_ledger,1,0.40922674,1560382,0.10208826082,0.0,
2250,1786819503.7545397,ppq,moonshotai/kimi-k3,2.497018421052631,ppq_ledger,1,0.3000133,190,0.00047443349999999997,0.0,
2251,1786819503.7545397,ppq,z-ai/glm-5,1.0743845322771748,ppq_ledger,1,0.5714743499999999,3878205,4.166683465,0.0,
2252,1786819503.7545397,ppq,z-ai/glm-5.2,0.2576523643245763,ppq_ledger,1,1.0,20029486,5.160644424106,0.0,
2253,1786819503.7545397,ppq,,0.37026045252579654,ppq_ledger,1,1.0,25468263,9.429890583426001,0.0,
2254,1786819503.7591834,openrouter,,0.49540732086800704,openrouter_actual,1,0.71036765,5862395,2.90427340082,0.0,
2255,1786819503.376495,ours,,0.001,cold_start_fallback,0,0.0,0,0.0,0.0,
2256,1786819503.376495,deepinfra,,1.3,cold_start_fallback,0,0.0,0,0.0,0.0,
2257,1786819802.2835534,friend,,0.001,zai_amortized,0,0.7,451234424,0.0,0.0,
2258,1786819802.3421478,ollama_cloud,,0.3403472792684442,zai_amortized,0,0.7,293817539,100.0,0.0,
2259,1786819802.7726014,ppq,deepseek/deepseek-v4-flash,0.06542517205402267,ppq_ledger,1,0.40922674,1560382,0.10208826082,0.0,
2260,1786819802.7726014,ppq,moonshotai/kimi-k3,2.497018421052631,ppq_ledger,1,0.3000133,190,0.00047443349999999997,0.0,
2261,1786819802.7726014,ppq,z-ai/glm-5,1.0743845322771748,ppq_ledger,1,0.5714743499999999,3878205,4.166683465,0.0,
2262,1786819802.7726014,ppq,z-ai/glm-5.2,0.2576523643245763,ppq_ledger,1,1.0,20029486,5.160644424106,0.0,
2263,1786819802.7726014,ppq,,0.37026045252579654,ppq_ledger,1,1.0,25468263,9.429890583426001,0.0,
2264,1786819802.7781827,openrouter,,0.49540732086800704,openrouter_actual,1,0.71036765,5862395,2.90427340082,0.0,
2265,1786819802.2835498,ours,,0.001,cold_start_fallback,0,0.0,0,0.0,0.0,
2266,1786819802.2835498,deepinfra,,1.3,cold_start_fallback,0,0.0,0,0.0,0.0,
2267,1786820102.2697482,friend,,0.001,zai_amortized,0,0.7,451684651,0.0,0.0,
2268,1786820102.2818453,ollama_cloud,,0.3403472792684442,zai_amortized,0,0.7,293817539,100.0,0.0,
2269,1786820102.5149603,ppq,deepseek/deepseek-v4-flash,0.06542517205402267,ppq_ledger,1,0.40922674,1560382,0.10208826082,0.0,
2270,1786820102.5149603,ppq,moonshotai/kimi-k3,2.497018421052631,ppq_ledger,1,0.3000133,190,0.00047443349999999997,0.0,
2271,1786820102.5149603,ppq,z-ai/glm-5,1.0743845322771748,ppq_ledger,1,0.5714743499999999,3878205,4.166683465,0.0,
2272,1786820102.5149603,ppq,z-ai/glm-5.2,0.2576523643245763,ppq_ledger,1,1.0,20029486,5.160644424106,0.0,
2273,1786820102.5149603,ppq,,0.37026045252579654,ppq_ledger,1,1.0,25468263,9.429890583426001,0.0,
2274,1786820102.5192895,openrouter,,0.49540732086800704,openrouter_actual,1,0.71036765,5862395,2.90427340082,0.0,
2275,1786820102.2697446,ours,,0.001,cold_start_fallback,0,0.0,0,0.0,0.0,
2276,1786820102.2697446,deepinfra,,1.3,cold_start_fallback,0,0.0,0,0.0,0.0,
2277,1786820402.783853,friend,,0.001,zai_amortized,0,0.7,453105673,0.0,0.0,
2278,1786820402.7982645,ollama_cloud,,0.3403472792684442,zai_amortized,0,0.7,293817539,100.0,0.0,
2279,1786820403.099701,ppq,deepseek/deepseek-v4-flash,0.06542517205402267,ppq_ledger,1,0.40922674,1560382,0.10208826082,0.0,
2280,1786820403.099701,ppq,moonshotai/kimi-k3,2.497018421052631,ppq_ledger,1,0.3000133,190,0.00047443349999999997,0.0,
2281,1786820403.099701,ppq,z-ai/glm-5,1.0743845322771748,ppq_ledger,1,0.5714743499999999,3878205,4.166683465,0.0,
2282,1786820403.099701,ppq,z-ai/glm-5.2,0.2576523643245763,ppq_ledger,1,1.0,20029486,5.160644424106,0.0,
2283,1786820403.099701,ppq,,0.37026045252579654,ppq_ledger,1,1.0,25468263,9.429890583426001,0.0,
2284,1786820403.1054108,openrouter,,0.49540732086800704,openrouter_actual,1,0.71036765,5862395,2.90427340082,0.0,
2285,1786820402.7838492,ours,,0.001,cold_start_fallback,0,0.0,0,0.0,0.0,
2286,1786820402.7838492,deepinfra,,1.3,cold_start_fallback,0,0.0,0,0.0,0.0,
2287,1786820702.0835388,friend,,0.001,zai_amortized,0,0.7,453771794,0.0,0.0,
2288,1786820702.1077337,ollama_cloud,,0.3403472792684442,zai_amortized,0,0.7,293817539,100.0,0.0,
2289,1786820702.390352,ppq,deepseek/deepseek-v4-flash,0.06542517205402267,ppq_ledger,1,0.40922674,1560382,0.10208826082,0.0,
2290,1786820702.390352,ppq,moonshotai/kimi-k3,2.497018421052631,ppq_ledger,1,0.3000133,190,0.00047443349999999997,0.0,
2291,1786820702.390352,ppq,z-ai/glm-5,1.0743845322771748,ppq_ledger,1,0.5714743499999999,3878205,4.166683465,0.0,
2292,1786820702.390352,ppq,z-ai/glm-5.2,0.2576523643245763,ppq_ledger,1,1.0,20029486,5.160644424106,0.0,
2293,1786820702.390352,ppq,,0.37026045252579654,ppq_ledger,1,1.0,25468263,9.429890583426001,0.0,
2294,1786820702.391619,openrouter,,0.49540732086800704,openrouter_actual,1,0.71036765,5862395,2.90427340082,0.0,
2295,1786820702.0835357,ours,,0.001,cold_start_fallback,0,0.0,0,0.0,0.0,
2296,1786820702.0835357,deepinfra,,1.3,cold_start_fallback,0,0.0,0,0.0,0.0,
2297,1786821002.7020736,friend,,0.001,zai_amortized,0,0.7,454836049,0.0,0.0,
2298,1786821002.7339423,ollama_cloud,,0.3403472792684442,zai_amortized,0,0.7,293817539,100.0,0.0,
2299,1786821003.0022702,ppq,deepseek/deepseek-v4-flash,0.06542517205402267,ppq_ledger,1,0.40922674,1560382,0.10208826082,0.0,
2300,1786821003.0022702,ppq,moonshotai/kimi-k3,2.497018421052631,ppq_ledger,1,0.3000133,190,0.00047443349999999997,0.0,
2301,1786821003.0022702,ppq,z-ai/glm-5,1.0743845322771748,ppq_ledger,1,0.5714743499999999,3878205,4.166683465,0.0,
2302,1786821003.0022702,ppq,z-ai/glm-5.2,0.2576523643245763,ppq_ledger,1,1.0,20029486,5.160644424106,0.0,
2303,1786821003.0022702,ppq,,0.37026045252579654,ppq_ledger,1,1.0,25468263,9.429890583426001,0.0,
2304,1786821003.0067832,openrouter,,0.49540732086800704,openrouter_actual,1,0.71036765,5862395,2.90427340082,0.0,
2305,1786821002.7020705,ours,,0.001,cold_start_fallback,0,0.0,0,0.0,0.0,
2306,1786821002.7020705,deepinfra,,1.3,cold_start_fallback,0,0.0,0,0.0,0.0,
2307,1786821303.0168953,friend,,0.001,zai_amortized,0,0.7,455430157,0.0,0.0,
2308,1786821303.0489395,ollama_cloud,,0.3403472792684442,zai_amortized,0,0.7,293817539,100.0,0.0,
2309,1786821303.29908,ppq,deepseek/deepseek-v4-flash,0.06542517205402267,ppq_ledger,1,0.40922674,1560382,0.10208826082,0.0,
2310,1786821303.29908,ppq,moonshotai/kimi-k3,2.497018421052631,ppq_ledger,1,0.3000133,190,0.00047443349999999997,0.0,
2311,1786821303.29908,ppq,z-ai/glm-5,1.0743845322771748,ppq_ledger,1,0.5714743499999999,3878205,4.166683465,0.0,
2312,1786821303.29908,ppq,z-ai/glm-5.2,0.2576523643245763,ppq_ledger,1,1.0,20029486,5.160644424106,0.0,
2313,1786821303.29908,ppq,,0.37026045252579654,ppq_ledger,1,1.0,25468263,9.429890583426001,0.0,
2314,1786821303.3011947,openrouter,,0.49540732086800704,openrouter_actual,1,0.71036765,5862395,2.90427340082,0.0,
2315,1786821303.0168915,ours,,0.001,cold_start_fallback,0,0.0,0,0.0,0.0,
2316,1786821303.0168915,deepinfra,,1.3,cold_start_fallback,0,0.0,0,0.0,0.0,
2317,1786821602.1737177,friend,,0.001,zai_amortized,0,0.7,456020694,0.0,0.0,
2318,1786821602.186037,ollama_cloud,,0.3403472792684442,zai_amortized,0,0.7,293817539,100.0,0.0,
2319,1786821602.4380558,ppq,deepseek/deepseek-v4-flash,0.06542517205402267,ppq_ledger,1,0.40922674,1560382,0.10208826082,0.0,
2320,1786821602.4380558,ppq,moonshotai/kimi-k3,2.497018421052631,ppq_ledger,1,0.3000133,190,0.00047443349999999997,0.0,
2321,1786821602.4380558,ppq,z-ai/glm-5,1.0743845322771748,ppq_ledger,1,0.5714743499999999,3878205,4.166683465,0.0,
2322,1786821602.4380558,ppq,z-ai/glm-5.2,0.2576523643245763,ppq_ledger,1,1.0,20029486,5.160644424106,0.0,
2323,1786821602.4380558,ppq,,0.37026045252579654,ppq_ledger,1,1.0,25468263,9.429890583426001,0.0,
2324,1786821602.441814,openrouter,,0.49540732086800704,openrouter_actual,1,0.71036765,5862395,2.90427340082,0.0,
2325,1786821602.1737144,ours,,0.001,cold_start_fallback,0,0.0,0,0.0,0.0,
2326,1786821602.1737144,deepinfra,,1.3,cold_start_fallback,0,0.0,0,0.0,0.0,
2327,1786821901.7398014,friend,,0.001,zai_amortized,0,0.7,456266517,0.0,0.0,
2328,1786821901.7518415,ollama_cloud,,0.3403472792684442,zai_amortized,0,0.7,293817539,100.0,0.0,
2329,1786821901.9764173,ppq,deepseek/deepseek-v4-flash,0.06542517205402267,ppq_ledger,1,0.40922674,1560382,0.10208826082,0.0,
2330,1786821901.9764173,ppq,moonshotai/kimi-k3,2.497018421052631,ppq_ledger,1,0.3000133,190,0.00047443349999999997,0.0,
2331,1786821901.9764173,ppq,z-ai/glm-5,1.0743845322771748,ppq_ledger,1,0.5714743499999999,3878205,4.166683465,0.0,
2332,1786821901.9764173,ppq,z-ai/glm-5.2,0.2576523643245763,ppq_ledger,1,1.0,20029486,5.160644424106,0.0,
2333,1786821901.9764173,ppq,,0.37026045252579654,ppq_ledger,1,1.0,25468263,9.429890583426001,0.0,
2334,1786821901.9782805,openrouter,,0.49540732086800704,openrouter_actual,1,0.71036765,5862395,2.90427340082,0.0,
2335,1786821901.739798,ours,,0.001,cold_start_fallback,0,0.0,0,0.0,0.0,
2336,1786821901.739798,deepinfra,,1.3,cold_start_fallback,0,0.0,0,0.0,0.0,
2337,1786822203.4201322,friend,,0.001,zai_amortized,0,0.7,456629064,0.0,0.0,
2338,1786822203.469503,ollama_cloud,,0.3403472792684442,zai_amortized,0,0.7,293817539,100.0,0.0,
2339,1786822203.8878024,ppq,deepseek/deepseek-v4-flash,0.06542517205402267,ppq_ledger,1,0.40922674,1560382,0.10208826082,0.0,
2340,1786822203.8878024,ppq,moonshotai/kimi-k3,2.497018421052631,ppq_ledger,1,0.3000133,190,0.00047443349999999997,0.0,
2341,1786822203.8878024,ppq,z-ai/glm-5,1.0743845322771748,ppq_ledger,1,0.5714743499999999,3878205,4.166683465,0.0,
2342,1786822203.8878024,ppq,z-ai/glm-5.2,0.2576523643245763,ppq_ledger,1,1.0,20029486,5.160644424106,0.0,
2343,1786822203.8878024,ppq,,0.37026045252579654,ppq_ledger,1,1.0,25468263,9.429890583426001,0.0,
2344,1786822203.9100473,openrouter,,0.49540732086800704,openrouter_actual,1,0.71036765,5862395,2.90427340082,0.0,
2345,1786822203.4201288,ours,,0.001,cold_start_fallback,0,0.0,0,0.0,0.0,
2346,1786822203.4201288,deepinfra,,1.3,cold_start_fallback,0,0.0,0,0.0,0.0,
2347,1786822502.5550854,friend,,0.001,zai_amortized,0,0.7,458202668,0.0,0.0,
2348,1786822502.5660982,ollama_cloud,,0.3403472792684442,zai_amortized,0,0.7,293817539,100.0,0.0,
2349,1786822502.7909214,ppq,deepseek/deepseek-v4-flash,0.06542517205402267,ppq_ledger,1,0.40922674,1560382,0.10208826082,0.0,
2350,1786822502.7909214,ppq,moonshotai/kimi-k3,2.497018421052631,ppq_ledger,1,0.3000133,190,0.00047443349999999997,0.0,
2351,1786822502.7909214,ppq,z-ai/glm-5,1.0743845322771748,ppq_ledger,1,0.5714743499999999,3878205,4.166683465,0.0,
2352,1786822502.7909214,ppq,z-ai/glm-5.2,0.2576523643245763,ppq_ledger,1,1.0,20029486,5.160644424106,0.0,
2353,1786822502.7909214,ppq,,0.37026045252579654,ppq_ledger,1,1.0,25468263,9.429890583426001,0.0,
2354,1786822502.7926958,openrouter,,0.49540732086800704,openrouter_actual,1,0.71036765,5862395,2.90427340082,0.0,
2355,1786822502.555083,ours,,0.001,cold_start_fallback,0,0.0,0,0.0,0.0,
2356,1786822502.555083,deepinfra,,1.3,cold_start_fallback,0,0.0,0,0.0,0.0,
2357,1786822802.3193653,friend,,0.001,zai_amortized,0,0.7,459497439,0.0,0.0,
2358,1786822802.3461506,ollama_cloud,,0.3403472792684442,zai_amortized,0,0.7,293817539,100.0,0.0,
2359,1786822802.6546223,ppq,deepseek/deepseek-v4-flash,0.06542517205402267,ppq_ledger,1,0.40922674,1560382,0.10208826082,0.0,
2360,1786822802.6546223,ppq,moonshotai/kimi-k3,2.497018421052631,ppq_ledger,1,0.3000133,190,0.00047443349999999997,0.0,
2361,1786822802.6546223,ppq,z-ai/glm-5,1.0743845322771748,ppq_ledger,1,0.5714743499999999,3878205,4.166683465,0.0,
2362,1786822802.6546223,ppq,z-ai/glm-5.2,0.2576523643245763,ppq_ledger,1,1.0,20029486,5.160644424106,0.0,
2363,1786822802.6546223,ppq,,0.37026045252579654,ppq_ledger,1,1.0,25468263,9.429890583426001,0.0,
2364,1786822802.6628156,openrouter,,0.49540732086800704,openrouter_actual,1,0.71036765,5862395,2.90427340082,0.0,
2365,1786822802.3193624,ours,,0.001,cold_start_fallback,0,0.0,0,0.0,0.0,
2366,1786822802.3193624,deepinfra,,1.3,cold_start_fallback,0,0.0,0,0.0,0.0,
2367,1786823101.829449,friend,,0.001,zai_amortized,0,0.7,461255913,0.0,0.0,
2368,1786823101.838732,ollama_cloud,,0.3403472792684442,zai_amortized,0,0.7,293817539,100.0,0.0,
2369,1786823102.064913,ppq,deepseek/deepseek-v4-flash,0.06542517205402267,ppq_ledger,1,0.40922674,1560382,0.10208826082,0.0,
2370,1786823102.064913,ppq,moonshotai/kimi-k3,2.497018421052631,ppq_ledger,1,0.3000133,190,0.00047443349999999997,0.0,
2371,1786823102.064913,ppq,z-ai/glm-5,1.0743845322771748,ppq_ledger,1,0.5714743499999999,3878205,4.166683465,0.0,
2372,1786823102.064913,ppq,z-ai/glm-5.2,0.2576523643245763,ppq_ledger,1,1.0,20029486,5.160644424106,0.0,
2373,1786823102.064913,ppq,,0.37026045252579654,ppq_ledger,1,1.0,25468263,9.429890583426001,0.0,
2374,1786823102.0668063,openrouter,,0.49540732086800704,openrouter_actual,1,0.71036765,5862395,2.90427340082,0.0,
2375,1786823101.8294458,ours,,0.001,cold_start_fallback,0,0.0,0,0.0,0.0,
2376,1786823101.8294458,deepinfra,,1.3,cold_start_fallback,0,0.0,0,0.0,0.0,
2377,1786823403.1297023,friend,,0.001,zai_amortized,0,0.7,462341505,0.0,0.0,
2378,1786823403.165358,ollama_cloud,,0.3403472792684442,zai_amortized,0,0.7,293817539,100.0,0.0,
2379,1786823403.4769437,ppq,deepseek/deepseek-v4-flash,0.06542517205402267,ppq_ledger,1,0.40922674,1560382,0.10208826082,0.0,
2380,1786823403.4769437,ppq,moonshotai/kimi-k3,2.497018421052631,ppq_ledger,1,0.3000133,190,0.00047443349999999997,0.0,
2381,1786823403.4769437,ppq,z-ai/glm-5,1.0743845322771748,ppq_ledger,1,0.5714743499999999,3878205,4.166683465,0.0,
2382,1786823403.4769437,ppq,z-ai/glm-5.2,0.2576523643245763,ppq_ledger,1,1.0,20029486,5.160644424106,0.0,
2383,1786823403.4769437,ppq,,0.37026045252579654,ppq_ledger,1,1.0,25468263,9.429890583426001,0.0,
2384,1786823403.4845595,openrouter,,0.49540732086800704,openrouter_actual,1,0.71036765,5862395,2.90427340082,0.0,
2385,1786823403.1296995,ours,,0.001,cold_start_fallback,0,0.0,0,0.0,0.0,
2386,1786823403.1296995,deepinfra,,1.3,cold_start_fallback,0,0.0,0,0.0,0.0,
2387,1786823702.3780444,friend,,0.001,zai_amortized,0,0.7,462831450,0.0,0.0,
2388,1786823702.392082,ollama_cloud,,0.3403472792684442,zai_amortized,0,0.7,293817539,100.0,0.0,
2389,1786823702.6268926,ppq,deepseek/deepseek-v4-flash,0.06542517205402267,ppq_ledger,1,0.40922674,1560382,0.10208826082,0.0,
2390,1786823702.6268926,ppq,moonshotai/kimi-k3,2.497018421052631,ppq_ledger,1,0.3000133,190,0.00047443349999999997,0.0,
2391,1786823702.6268926,ppq,z-ai/glm-5,1.0743845322771748,ppq_ledger,1,0.5714743499999999,3878205,4.166683465,0.0,
2392,1786823702.6268926,ppq,z-ai/glm-5.2,0.2576523643245763,ppq_ledger,1,1.0,20029486,5.160644424106,0.0,
2393,1786823702.6268926,ppq,,0.37026045252579654,ppq_ledger,1,1.0,25468263,9.429890583426001,0.0,
2394,1786823702.6286821,openrouter,,0.49540732086800704,openrouter_actual,1,0.71036765,5862395,2.90427340082,0.0,
2395,1786823702.3780413,ours,,0.001,cold_start_fallback,0,0.0,0,0.0,0.0,
2396,1786823702.3780413,deepinfra,,1.3,cold_start_fallback,0,0.0,0,0.0,0.0,
2397,1786824002.9562662,friend,,0.001,zai_amortized,0,0.7,463306957,0.0,0.0,
2398,1786824002.99554,ollama_cloud,,0.3403472792684442,zai_amortized,0,0.7,293817539,100.0,0.0,
2399,1786824003.352577,ppq,deepseek/deepseek-v4-flash,0.06542517205402267,ppq_ledger,1,0.40922674,1560382,0.10208826082,0.0,
2400,1786824003.352577,ppq,moonshotai/kimi-k3,2.497018421052631,ppq_ledger,1,0.3000133,190,0.00047443349999999997,0.0,
2401,1786824003.352577,ppq,z-ai/glm-5,1.0743845322771748,ppq_ledger,1,0.5714743499999999,3878205,4.166683465,0.0,
2402,1786824003.352577,ppq,z-ai/glm-5.2,0.2576523643245763,ppq_ledger,1,1.0,20029486,5.160644424106,0.0,
2403,1786824003.352577,ppq,,0.37026045252579654,ppq_ledger,1,1.0,25468263,9.429890583426001,0.0,
2404,1786824003.361723,openrouter,,0.5119877828022616,openrouter_actual,1,0.7178914599999999,5969878,3.05650460082,0.0,
2405,1786824002.9562624,ours,,0.001,cold_start_fallback,0,0.0,0,0.0,0.0,
2406,1786824002.9562624,deepinfra,,1.3,cold_start_fallback,0,0.0,0,0.0,0.0,
2407,1786824302.4245648,friend,,0.001,zai_amortized,0,0.7,463306957,0.0,0.0,
2408,1786824302.4549036,ollama_cloud,,0.3403472792684442,zai_amortized,0,0.7,293817539,100.0,0.0,
2409,1786824302.7097287,ppq,deepseek/deepseek-v4-flash,0.06542517205402267,ppq_ledger,1,0.40922674,1560382,0.10208826082,0.0,
2410,1786824302.7097287,ppq,moonshotai/kimi-k3,2.497018421052631,ppq_ledger,1,0.3000133,190,0.00047443349999999997,0.0,
2411,1786824302.7097287,ppq,z-ai/glm-5,1.0743845322771748,ppq_ledger,1,0.5714743499999999,3878205,4.166683465,0.0,
2412,1786824302.7097287,ppq,z-ai/glm-5.2,0.2576523643245763,ppq_ledger,1,1.0,20029486,5.160644424106,0.0,
2413,1786824302.7097287,ppq,,0.37026045252579654,ppq_ledger,1,1.0,25468263,9.429890583426001,0.0,
2414,1786824302.7136102,openrouter,,0.5119877828022616,openrouter_actual,1,0.7178914599999999,5969878,3.05650460082,0.0,
2415,1786824302.4245613,ours,,0.001,cold_start_fallback,0,0.0,0,0.0,0.0,
2416,1786824302.4245613,deepinfra,,1.3,cold_start_fallback,0,0.0,0,0.0,0.0,
2417,1786824602.8621337,friend,,0.001,zai_amortized,0,0.7,463306957,0.0,0.0,
2418,1786824602.8843734,ollama_cloud,,0.3403472792684442,zai_amortized,0,0.7,293817539,100.0,0.0,
2419,1786824603.1311245,ppq,deepseek/deepseek-v4-flash,0.06542517205402267,ppq_ledger,1,0.40922674,1560382,0.10208826082,0.0,
2420,1786824603.1311245,ppq,moonshotai/kimi-k3,2.497018421052631,ppq_ledger,1,0.3000133,190,0.00047443349999999997,0.0,
2421,1786824603.1311245,ppq,z-ai/glm-5,1.0743845322771748,ppq_ledger,1,0.5714743499999999,3878205,4.166683465,0.0,
2422,1786824603.1311245,ppq,z-ai/glm-5.2,0.2576523643245763,ppq_ledger,1,1.0,20029486,5.160644424106,0.0,
2423,1786824603.1311245,ppq,,0.37026045252579654,ppq_ledger,1,1.0,25468263,9.429890583426001,0.0,
2424,1786824603.1361346,openrouter,,0.5119877828022616,openrouter_actual,1,0.7178914599999999,5969878,3.05650460082,0.0,
2425,1786824602.8621306,ours,,0.001,cold_start_fallback,0,0.0,0,0.0,0.0,
2426,1786824602.8621306,deepinfra,,1.3,cold_start_fallback,0,0.0,0,0.0,0.0,
2427,1786824902.5282478,friend,,0.001,zai_amortized,0,0.7,463427268,0.0,0.0,
2428,1786824902.5401144,ollama_cloud,,0.3403472792684442,zai_amortized,0,0.7,293817539,100.0,0.0,
2429,1786824902.766498,ppq,deepseek/deepseek-v4-flash,0.06542517205402267,ppq_ledger,1,0.40922674,1560382,0.10208826082,0.0,
2430,1786824902.766498,ppq,moonshotai/kimi-k3,2.497018421052631,ppq_ledger,1,0.3000133,190,0.00047443349999999997,0.0,
2431,1786824902.766498,ppq,z-ai/glm-5,1.0743845322771748,ppq_ledger,1,0.5714743499999999,3878205,4.166683465,0.0,
2432,1786824902.766498,ppq,z-ai/glm-5.2,0.2576523643245763,ppq_ledger,1,1.0,20029486,5.160644424106,0.0,
2433,1786824902.766498,ppq,,0.37026045252579654,ppq_ledger,1,1.0,25468263,9.429890583426001,0.0,
2434,1786824902.7683754,openrouter,,0.5119877828022616,openrouter_actual,1,0.7178914599999999,5969878,3.05650460082,0.0,
2435,1786824902.5282447,ours,,0.001,cold_start_fallback,0,0.0,0,0.0,0.0,
2436,1786824902.5282447,deepinfra,,1.3,cold_start_fallback,0,0.0,0,0.0,0.0,
2437,1786825202.5179048,friend,,0.001,zai_amortized,0,0.7,463761424,0.0,0.0,
2438,1786825202.540407,ollama_cloud,,0.3403472792684442,zai_amortized,0,0.7,293817539,100.0,0.0,
2439,1786825202.7940972,ppq,deepseek/deepseek-v4-flash,0.06542517205402267,ppq_ledger,1,0.40922674,1560382,0.10208826082,0.0,
2440,1786825202.7940972,ppq,moonshotai/kimi-k3,2.497018421052631,ppq_ledger,1,0.3000133,190,0.00047443349999999997,0.0,
2441,1786825202.7940972,ppq,z-ai/glm-5,1.0743845322771748,ppq_ledger,1,0.5714743499999999,3878205,4.166683465,0.0,
2442,1786825202.7940972,ppq,z-ai/glm-5.2,0.2576523643245763,ppq_ledger,1,1.0,20029486,5.160644424106,0.0,
2443,1786825202.7940972,ppq,,0.37026045252579654,ppq_ledger,1,1.0,25468263,9.429890583426001,0.0,
2444,1786825202.8033648,openrouter,,0.5119877828022616,openrouter_actual,1,0.7178914599999999,5969878,3.05650460082,0.0,
2445,1786825202.517901,ours,,0.001,cold_start_fallback,0,0.0,0,0.0,0.0,
2446,1786825202.517901,deepinfra,,1.3,cold_start_fallback,0,0.0,0,0.0,0.0,
2447,1786825502.3208218,friend,,0.001,zai_amortized,0,0.7,464271919,0.0,0.0,
2448,1786825502.3441045,ollama_cloud,,0.3403472792684442,zai_amortized,0,0.7,293817539,100.0,0.0,
2449,1786825502.6458995,ppq,deepseek/deepseek-v4-flash,0.06542517205402267,ppq_ledger,1,0.40922674,1560382,0.10208826082,0.0,
2450,1786825502.6458995,ppq,moonshotai/kimi-k3,2.497018421052631,ppq_ledger,1,0.3000133,190,0.00047443349999999997,0.0,
2451,1786825502.6458995,ppq,z-ai/glm-5,1.0743845322771748,ppq_ledger,1,0.5714743499999999,3878205,4.166683465,0.0,
2452,1786825502.6458995,ppq,z-ai/glm-5.2,0.2576523643245763,ppq_ledger,1,1.0,20029486,5.160644424106,0.0,
2453,1786825502.6458995,ppq,,0.37026045252579654,ppq_ledger,1,1.0,25468263,9.429890583426001,0.0,
2454,1786825502.6504178,openrouter,,0.5132635792987111,openrouter_actual,1,0.71982101,5997443,3.07826906082,0.0,
2455,1786825502.3208177,ours,,0.001,cold_start_fallback,0,0.0,0,0.0,0.0,
2456,1786825502.3208177,deepinfra,,1.3,cold_start_fallback,0,0.0,0,0.0,0.0,
2457,1786825802.5426056,friend,,0.001,zai_amortized,0,0.7,465214699,0.0,0.0,
2458,1786825802.573535,ollama_cloud,,0.3403472792684442,zai_amortized,0,0.7,293817539,100.0,0.0,
2459,1786825802.8704362,ppq,deepseek/deepseek-v4-flash,0.06542517205402267,ppq_ledger,1,0.40922674,1560382,0.10208826082,0.0,
2460,1786825802.8704362,ppq,moonshotai/kimi-k3,2.497018421052631,ppq_ledger,1,0.3000133,190,0.00047443349999999997,0.0,
2461,1786825802.8704362,ppq,z-ai/glm-5,1.0743845322771748,ppq_ledger,1,0.5714743499999999,3878205,4.166683465,0.0,
2462,1786825802.8704362,ppq,z-ai/glm-5.2,0.2576523643245763,ppq_ledger,1,1.0,20029486,5.160644424106,0.0,
2463,1786825802.8704362,ppq,,0.37026045252579654,ppq_ledger,1,1.0,25468263,9.429890583426001,0.0,
2464,1786825802.8757489,openrouter,,0.5132635792987111,openrouter_actual,1,0.71982101,5997443,3.07826906082,0.0,
2465,1786825802.5426028,ours,,0.001,cold_start_fallback,0,0.0,0,0.0,0.0,
2466,1786825802.5426028,deepinfra,,1.3,cold_start_fallback,0,0.0,0,0.0,0.0,
2467,1786826103.0096164,friend,,0.001,zai_amortized,0,0.7,466735493,0.0,0.0,
2468,1786826104.199496,ollama_cloud,,0.3403472792684442,zai_amortized,0,0.7,293817539,100.0,0.0,
2469,1786826104.5344787,ppq,deepseek/deepseek-v4-flash,0.06542517205402267,ppq_ledger,1,0.40922674,1560382,0.10208826082,0.0,
2470,1786826104.5344787,ppq,moonshotai/kimi-k3,2.497018421052631,ppq_ledger,1,0.3000133,190,0.00047443349999999997,0.0,
2471,1786826104.5344787,ppq,z-ai/glm-5,1.0743845322771748,ppq_ledger,1,0.5714743499999999,3878205,4.166683465,0.0,
2472,1786826104.5344787,ppq,z-ai/glm-5.2,0.2576523643245763,ppq_ledger,1,1.0,20029486,5.160644424106,0.0,
2473,1786826104.5344787,ppq,,0.37026045252579654,ppq_ledger,1,1.0,25468263,9.429890583426001,0.0,
2474,1786826104.5363297,openrouter,,0.5214058903866776,openrouter_actual,1,0.72650874,6092982,3.17691670482,0.0,
2475,1786826103.0096135,ours,,0.001,cold_start_fallback,0,0.0,0,0.0,0.0,
2476,1786826103.0096135,deepinfra,,1.3,cold_start_fallback,0,0.0,0,0.0,0.0,
2477,1786826404.8907073,friend,,0.001,zai_amortized,0,0.7,469949041,0.0,0.0,
2478,1786826404.9797518,ollama_cloud,,0.3403472792684442,zai_amortized,0,0.7,293817539,100.0,0.0,
2479,1786826405.2274582,ppq,deepseek/deepseek-v4-flash,0.06542517205402267,ppq_ledger,1,0.40922674,1560382,0.10208826082,0.0,
2480,1786826405.2274582,ppq,moonshotai/kimi-k3,2.497018421052631,ppq_ledger,1,0.3000133,190,0.00047443349999999997,0.0,
2481,1786826405.2274582,ppq,z-ai/glm-5,1.0743845322771748,ppq_ledger,1,0.5714743499999999,3878205,4.166683465,0.0,
2482,1786826405.2274582,ppq,z-ai/glm-5.2,0.2576523643245763,ppq_ledger,1,1.0,20029486,5.160644424106,0.0,
2483,1786826405.2274582,ppq,,0.37026045252579654,ppq_ledger,1,1.0,25468263,9.429890583426001,0.0,
2484,1786826405.2313733,openrouter,,0.5214058903866776,openrouter_actual,1,0.72650874,6092982,3.17691670482,0.0,
2485,1786826404.890704,ours,,0.001,cold_start_fallback,0,0.0,0,0.0,0.0,
2486,1786826404.890704,deepinfra,,1.3,cold_start_fallback,0,0.0,0,0.0,0.0,
2487,1786826701.9691954,friend,,0.001,zai_amortized,0,0.7,472570848,0.0,0.0,
2488,1786826701.9816403,ollama_cloud,,0.3403472792684442,zai_amortized,0,0.7,293817539,100.0,0.0,
2489,1786826702.2081826,ppq,deepseek/deepseek-v4-flash,0.06542517205402267,ppq_ledger,1,0.40922674,1560382,0.10208826082,0.0,
2490,1786826702.2081826,ppq,moonshotai/kimi-k3,2.497018421052631,ppq_ledger,1,0.3000133,190,0.00047443349999999997,0.0,
2491,1786826702.2081826,ppq,z-ai/glm-5,1.0743845322771748,ppq_ledger,1,0.5714743499999999,3878205,4.166683465,0.0,
2492,1786826702.2081826,ppq,z-ai/glm-5.2,0.2576523643245763,ppq_ledger,1,1.0,20029486,5.160644424106,0.0,
2493,1786826702.2081826,ppq,,0.37026045252579654,ppq_ledger,1,1.0,25468263,9.429890583426001,0.0,
2494,1786826702.217908,openrouter,,0.5214058903866776,openrouter_actual,1,0.72650874,6092982,3.17691670482,0.0,
2495,1786826701.9691918,ours,,0.001,cold_start_fallback,0,0.0,0,0.0,0.0,
2496,1786826701.9691918,deepinfra,,1.3,cold_start_fallback,0,0.0,0,0.0,0.0,
2497,1786827002.049409,friend,,0.001,zai_amortized,0,0.7,476005070,0.0,0.0,
2498,1786827002.0914488,ollama_cloud,,0.3403472792684442,zai_amortized,0,0.7,293817539,100.0,0.0,
2499,1786827002.3387978,ppq,deepseek/deepseek-v4-flash,0.06542517205402267,ppq_ledger,1,0.40922674,1560382,0.10208826082,0.0,
2500,1786827002.3387978,ppq,moonshotai/kimi-k3,2.497018421052631,ppq_ledger,1,0.3000133,190,0.00047443349999999997,0.0,
2501,1786827002.3387978,ppq,z-ai/glm-5,1.0743845322771748,ppq_ledger,1,0.5714743499999999,3878205,4.166683465,0.0,
2502,1786827002.3387978,ppq,z-ai/glm-5.2,0.2576523643245763,ppq_ledger,1,1.0,20029486,5.160644424106,0.0,
2503,1786827002.3387978,ppq,,0.37026045252579654,ppq_ledger,1,1.0,25468263,9.429890583426001,0.0,
2504,1786827002.3427854,openrouter,,0.5250602320807392,openrouter_actual,1,0.7329260599999999,6184658,3.24731796482,0.0,
2505,1786827002.0494049,ours,,0.001,cold_start_fallback,0,0.0,0,0.0,0.0,
2506,1786827002.0494049,deepinfra,,1.3,cold_start_fallback,0,0.0,0,0.0,0.0,
2507,1786827302.5506997,friend,,0.001,zai_amortized,0,0.7,479094861,0.0,0.0,
2508,1786827302.5583148,ollama_cloud,,0.3403472792684442,zai_amortized,0,0.7,293817539,100.0,0.0,
2509,1786827302.7835028,ppq,deepseek/deepseek-v4-flash,0.06542517205402267,ppq_ledger,1,0.40922674,1560382,0.10208826082,0.0,
2510,1786827302.7835028,ppq,moonshotai/kimi-k3,2.497018421052631,ppq_ledger,1,0.3000133,190,0.00047443349999999997,0.0,
2511,1786827302.7835028,ppq,z-ai/glm-5,1.0743845322771748,ppq_ledger,1,0.5714743499999999,3878205,4.166683465,0.0,
2512,1786827302.7835028,ppq,z-ai/glm-5.2,0.2576523643245763,ppq_ledger,1,1.0,20029486,5.160644424106,0.0,
2513,1786827302.7835028,ppq,,0.37026045252579654,ppq_ledger,1,1.0,25468263,9.429890583426001,0.0,
2514,1786827302.7849522,openrouter,,0.5250602320807392,openrouter_actual,1,0.7329260599999999,6184658,3.24731796482,0.0,
2515,1786827302.5506976,ours,,0.001,cold_start_fallback,0,0.0,0,0.0,0.0,
2516,1786827302.5506976,deepinfra,,1.3,cold_start_fallback,0,0.0,0,0.0,0.0,
2517,1786827602.0504823,friend,,0.001,zai_amortized,0,0.7,481304552,0.0,0.0,
2518,1786827602.085302,ollama_cloud,,0.3403472792684442,zai_amortized,0,0.7,293817539,100.0,0.0,
2519,1786827602.4248335,ppq,deepseek/deepseek-v4-flash,0.06542517205402267,ppq_ledger,1,0.40922674,1560382,0.10208826082,0.0,
2520,1786827602.4248335,ppq,moonshotai/kimi-k3,2.497018421052631,ppq_ledger,1,0.3000133,190,0.00047443349999999997,0.0,
2521,1786827602.4248335,ppq,z-ai/glm-5,1.0743845322771748,ppq_ledger,1,0.5714743499999999,3878205,4.166683465,0.0,
2522,1786827602.4248335,ppq,z-ai/glm-5.2,0.2576523643245763,ppq_ledger,1,1.0,20029486,5.160644424106,0.0,
2523,1786827602.4248335,ppq,,0.37026045252579654,ppq_ledger,1,1.0,25468263,9.429890583426001,0.0,
2524,1786827602.4296699,openrouter,,0.5250602320807392,openrouter_actual,1,0.7329260599999999,6184658,3.24731796482,0.0,
2525,1786827602.0504787,ours,,0.001,cold_start_fallback,0,0.0,0,0.0,0.0,
2526,1786827602.0504787,deepinfra,,1.3,cold_start_fallback,0,0.0,0,0.0,0.0,
2527,1786827902.1671212,friend,,0.001,zai_amortized,0,0.7,482214537,0.0,0.0,
2528,1786827902.1790054,ollama_cloud,,0.3403472792684442,zai_amortized,0,0.7,293817539,100.0,0.0,
2529,1786827902.3878038,ppq,deepseek/deepseek-v4-flash,0.06542517205402267,ppq_ledger,1,0.40922674,1560382,0.10208826082,0.0,
2530,1786827902.3878038,ppq,moonshotai/kimi-k3,2.497018421052631,ppq_ledger,1,0.3000133,190,0.00047443349999999997,0.0,
2531,1786827902.3878038,ppq,z-ai/glm-5,1.0743845322771748,ppq_ledger,1,0.5714743499999999,3878205,4.166683465,0.0,
2532,1786827902.3878038,ppq,z-ai/glm-5.2,0.2576523643245763,ppq_ledger,1,1.0,20029486,5.160644424106,0.0,
2533,1786827902.3878038,ppq,,0.37026045252579654,ppq_ledger,1,1.0,25468263,9.429890583426001,0.0,
2534,1786827902.3889472,openrouter,,0.5250602320807392,openrouter_actual,1,0.7329260599999999,6184658,3.24731796482,0.0,
2535,1786827902.167118,ours,,0.001,cold_start_fallback,0,0.0,0,0.0,0.0,
2536,1786827902.167118,deepinfra,,1.3,cold_start_fallback,0,0.0,0,0.0,0.0,
2537,1786828202.2250445,friend,,0.001,zai_amortized,0,0.7,484323703,0.0,0.0,
2538,1786828202.237024,ollama_cloud,,0.3403472792684442,zai_amortized,0,0.7,293817539,100.0,0.0,
2539,1786828202.4692838,ppq,deepseek/deepseek-v4-flash,0.06542517205402267,ppq_ledger,1,0.40922674,1560382,0.10208826082,0.0,
2540,1786828202.4692838,ppq,moonshotai/kimi-k3,2.497018421052631,ppq_ledger,1,0.3000133,190,0.00047443349999999997,0.0,
2541,1786828202.4692838,ppq,z-ai/glm-5,1.0743845322771748,ppq_ledger,1,0.5714743499999999,3878205,4.166683465,0.0,
2542,1786828202.4692838,ppq,z-ai/glm-5.2,0.2576523643245763,ppq_ledger,1,1.0,20029486,5.160644424106,0.0,
2543,1786828202.4692838,ppq,,0.37026045252579654,ppq_ledger,1,1.0,25468263,9.429890583426001,0.0,
2544,1786828202.4713862,openrouter,,0.5250602320807392,openrouter_actual,1,0.7329260599999999,6184658,3.24731796482,0.0,
2545,1786828202.2250414,ours,,0.001,cold_start_fallback,0,0.0,0,0.0,0.0,
2546,1786828202.2250414,deepinfra,,1.3,cold_start_fallback,0,0.0,0,0.0,0.0,
2547,1786828501.910304,friend,,0.001,zai_amortized,0,0.7,487536799,0.0,0.0,
2548,1786828501.924138,ollama_cloud,,0.3403472792684442,zai_amortized,0,0.7,293817539,100.0,0.0,
2549,1786828502.1492884,ppq,deepseek/deepseek-v4-flash,0.06542517205402267,ppq_ledger,1,0.40922674,1560382,0.10208826082,0.0,
2550,1786828502.1492884,ppq,moonshotai/kimi-k3,2.497018421052631,ppq_ledger,1,0.3000133,190,0.00047443349999999997,0.0,
2551,1786828502.1492884,ppq,z-ai/glm-5,1.0743845322771748,ppq_ledger,1,0.5714743499999999,3878205,4.166683465,0.0,
2552,1786828502.1492884,ppq,z-ai/glm-5.2,0.2576523643245763,ppq_ledger,1,1.0,20029486,5.160644424106,0.0,
2553,1786828502.1492884,ppq,,0.37026045252579654,ppq_ledger,1,1.0,25468263,9.429890583426001,0.0,
2554,1786828502.1538177,openrouter,,0.5250602320807392,openrouter_actual,1,0.7329260599999999,6184658,3.24731796482,0.0,
2555,1786828501.9103012,ours,,0.001,cold_start_fallback,0,0.0,0,0.0,0.0,
2556,1786828501.9103012,deepinfra,,1.3,cold_start_fallback,0,0.0,0,0.0,0.0,
2557,1786828801.8199463,friend,,0.001,zai_amortized,0,0.7,490698024,0.0,0.0,
2558,1786828801.8461876,ollama_cloud,,0.3403472792684442,zai_amortized,0,0.7,293817539,100.0,0.0,
2559,1786828803.9114654,ppq,deepseek/deepseek-v4-flash,0.06542517205402267,ppq_ledger,1,0.40922674,1560382,0.10208826082,0.0,
2560,1786828803.9114654,ppq,moonshotai/kimi-k3,2.497018421052631,ppq_ledger,1,0.3000133,190,0.00047443349999999997,0.0,
2561,1786828803.9114654,ppq,z-ai/glm-5,1.0743845322771748,ppq_ledger,1,0.5714743499999999,3878205,4.166683465,0.0,
2562,1786828803.9114654,ppq,z-ai/glm-5.2,0.2576523643245763,ppq_ledger,1,1.0,20029486,5.160644424106,0.0,
2563,1786828803.9114654,ppq,,0.37026045252579654,ppq_ledger,1,1.0,25468263,9.429890583426001,0.0,
2564,1786828803.9159632,openrouter,,0.5250602320807392,openrouter_actual,1,0.7329260599999999,6184658,3.24731796482,0.0,
2565,1786828801.8199427,ours,,0.001,cold_start_fallback,0,0.0,0,0.0,0.0,
2566,1786828801.8199427,deepinfra,,1.3,cold_start_fallback,0,0.0,0,0.0,0.0,
2567,1786829103.0824103,friend,,0.001,zai_amortized,0,0.7,493450544,0.0,0.0,
2568,1786829103.1053696,ollama_cloud,,0.3403472792684442,zai_amortized,0,0.7,293817539,100.0,0.0,
2569,1786829103.3365188,ppq,deepseek/deepseek-v4-flash,0.06542517205402267,ppq_ledger,1,0.40922674,1560382,0.10208826082,0.0,
2570,1786829103.3365188,ppq,moonshotai/kimi-k3,2.497018421052631,ppq_ledger,1,0.3000133,190,0.00047443349999999997,0.0,
2571,1786829103.3365188,ppq,z-ai/glm-5,1.0743845322771748,ppq_ledger,1,0.5714743499999999,3878205,4.166683465,0.0,
2572,1786829103.3365188,ppq,z-ai/glm-5.2,0.2576523643245763,ppq_ledger,1,1.0,20029486,5.160644424106,0.0,
2573,1786829103.3365188,ppq,,0.37026045252579654,ppq_ledger,1,1.0,25468263,9.429890583426001,0.0,
2574,1786829103.3376787,openrouter,,0.5250602320807392,openrouter_actual,1,0.7329260599999999,6184658,3.24731796482,0.0,
2575,1786829103.0824068,ours,,0.001,cold_start_fallback,0,0.0,0,0.0,0.0,
2576,1786829103.0824068,deepinfra,,1.3,cold_start_fallback,0,0.0,0,0.0,0.0,
2577,1786829402.8535633,friend,,0.001,zai_amortized,0,0.7,494513400,0.0,0.0,
2578,1786829402.8907852,ollama_cloud,,0.3403472792684442,zai_amortized,0,0.7,293817539,100.0,0.0,
2579,1786829403.1457968,ppq,deepseek/deepseek-v4-flash,0.06542517205402267,ppq_ledger,1,0.40922674,1560382,0.10208826082,0.0,
2580,1786829403.1457968,ppq,moonshotai/kimi-k3,2.497018421052631,ppq_ledger,1,0.3000133,190,0.00047443349999999997,0.0,
2581,1786829403.1457968,ppq,z-ai/glm-5,1.0743845322771748,ppq_ledger,1,0.5714743499999999,3878205,4.166683465,0.0,
2582,1786829403.1457968,ppq,z-ai/glm-5.2,0.2576523643245763,ppq_ledger,1,1.0,20029486,5.160644424106,0.0,
2583,1786829403.1457968,ppq,,0.37026045252579654,ppq_ledger,1,1.0,25468263,9.429890583426001,0.0,
2584,1786829403.1712043,openrouter,,0.5250602320807392,openrouter_actual,1,0.7329260599999999,6184658,3.24731796482,0.0,
2585,1786829402.8535597,ours,,0.001,cold_start_fallback,0,0.0,0,0.0,0.0,
2586,1786829402.8535597,deepinfra,,1.3,cold_start_fallback,0,0.0,0,0.0,0.0,
2587,1786829702.469755,friend,,0.001,zai_amortized,0,0.7,495528618,0.0,0.0,
2588,1786829702.48262,ollama_cloud,,0.3403472792684442,zai_amortized,0,0.7,293817539,100.0,0.0,
2589,1786829702.7169302,ppq,deepseek/deepseek-v4-flash,0.06542517205402267,ppq_ledger,1,0.40922674,1560382,0.10208826082,0.0,
2590,1786829702.7169302,ppq,moonshotai/kimi-k3,2.497018421052631,ppq_ledger,1,0.3000133,190,0.00047443349999999997,0.0,
2591,1786829702.7169302,ppq,z-ai/glm-5,1.0743845322771748,ppq_ledger,1,0.5714743499999999,3878205,4.166683465,0.0,
2592,1786829702.7169302,ppq,z-ai/glm-5.2,0.2576523643245763,ppq_ledger,1,1.0,20029486,5.160644424106,0.0,
2593,1786829702.7169302,ppq,,0.37026045252579654,ppq_ledger,1,1.0,25468263,9.429890583426001,0.0,
2594,1786829702.7181747,openrouter,,0.5250602320807392,openrouter_actual,1,0.7329260599999999,6184658,3.24731796482,0.0,
2595,1786829702.4697516,ours,,0.001,cold_start_fallback,0,0.0,0,0.0,0.0,
2596,1786829702.4697516,deepinfra,,1.3,cold_start_fallback,0,0.0,0,0.0,0.0,
2597,1786830002.8770604,friend,,0.001,zai_amortized,0,0.7,496893298,0.0,0.0,
2598,1786830002.912538,ollama_cloud,,0.3403472792684442,zai_amortized,0,0.7,293817539,100.0,0.0,
2599,1786830003.2033157,ppq,deepseek/deepseek-v4-flash,0.06542517205402267,ppq_ledger,1,0.40922674,1560382,0.10208826082,0.0,
2600,1786830003.2033157,ppq,moonshotai/kimi-k3,2.497018421052631,ppq_ledger,1,0.3000133,190,0.00047443349999999997,0.0,
2601,1786830003.2033157,ppq,z-ai/glm-5,1.0743845322771748,ppq_ledger,1,0.5714743499999999,3878205,4.166683465,0.0,
2602,1786830003.2033157,ppq,z-ai/glm-5.2,0.2576523643245763,ppq_ledger,1,1.0,20029486,5.160644424106,0.0,
2603,1786830003.2033157,ppq,,0.37026045252579654,ppq_ledger,1,1.0,25468263,9.429890583426001,0.0,
2604,1786830003.2057712,openrouter,,0.5383613830100109,openrouter_actual,1,0.7467486099999999,6382123,3.43588856482,0.0,
2605,1786830002.8770545,ours,,0.001,cold_start_fallback,0,0.0,0,0.0,0.0,
2606,1786830002.8770545,deepinfra,,1.3,cold_start_fallback,0,0.0,0,0.0,0.0,
2607,1786830302.3439295,friend,,0.001,zai_amortized,0,0.7,499437959,0.0,0.0,
2608,1786830302.3565135,ollama_cloud,,0.3403472792684442,zai_amortized,0,0.7,293817539,100.0,0.0,
2609,1786830302.5992894,ppq,deepseek/deepseek-v4-flash,0.06542517205402267,ppq_ledger,1,0.40922674,1560382,0.10208826082,0.0,
2610,1786830302.5992894,ppq,moonshotai/kimi-k3,2.497018421052631,ppq_ledger,1,0.3000133,190,0.00047443349999999997,0.0,
2611,1786830302.5992894,ppq,z-ai/glm-5,1.0743845322771748,ppq_ledger,1,0.5714743499999999,3878205,4.166683465,0.0,
2612,1786830302.5992894,ppq,z-ai/glm-5.2,0.2576523643245763,ppq_ledger,1,1.0,20029486,5.160644424106,0.0,
2613,1786830302.5992894,ppq,,0.37026045252579654,ppq_ledger,1,1.0,25468263,9.429890583426001,0.0,
2614,1786830302.6004229,openrouter,,0.544646772878125,openrouter_actual,1,0.7566688699999999,6523841,3.55318894742,0.0,
2615,1786830302.3439271,ours,,0.001,cold_start_fallback,0,0.0,0,0.0,0.0,
2616,1786830302.3439271,deepinfra,,1.3,cold_start_fallback,0,0.0,0,0.0,0.0,
2617,1786830602.3003714,friend,,0.001,zai_amortized,0,0.7,501480724,0.0,0.0,
2618,1786830602.3241587,ollama_cloud,,0.3403472792684442,zai_amortized,0,0.7,293817539,100.0,0.0,
2619,1786830602.6011186,ppq,deepseek/deepseek-v4-flash,0.06542517205402267,ppq_ledger,1,0.40922674,1560382,0.10208826082,0.0,
2620,1786830602.6011186,ppq,moonshotai/kimi-k3,2.497018421052631,ppq_ledger,1,0.3000133,190,0.00047443349999999997,0.0,
2621,1786830602.6011186,ppq,z-ai/glm-5,1.0743845322771748,ppq_ledger,1,0.5714743499999999,3878205,4.166683465,0.0,
2622,1786830602.6011186,ppq,z-ai/glm-5.2,0.2576523643245763,ppq_ledger,1,1.0,20029486,5.160644424106,0.0,
2623,1786830602.6011186,ppq,,0.37026045252579654,ppq_ledger,1,1.0,25468263,9.429890583426001,0.0,
2624,1786830602.6068945,openrouter,,0.5365751406179071,openrouter_actual,1,0.7656946,6652780,3.569716364,0.0,
2625,1786830602.3003683,ours,,0.001,cold_start_fallback,0,0.0,0,0.0,0.0,
2626,1786830602.3003683,deepinfra,,1.3,cold_start_fallback,0,0.0,0,0.0,0.0,
2627,1786830902.1264381,friend,,0.001,zai_amortized,0,0.7,504385295,0.0,0.0,
2628,1786830902.1397805,ollama_cloud,,0.3403472792684442,zai_amortized,0,0.7,293817539,100.0,0.0,
2629,1786830902.5496004,ppq,deepseek/deepseek-v4-flash,0.06542517205402267,ppq_ledger,1,0.40922674,1560382,0.10208826082,0.0,
2630,1786830902.5496004,ppq,moonshotai/kimi-k3,2.497018421052631,ppq_ledger,1,0.3000133,190,0.00047443349999999997,0.0,
2631,1786830902.5496004,ppq,z-ai/glm-5,1.0743845322771748,ppq_ledger,1,0.5714743499999999,3878205,4.166683465,0.0,
2632,1786830902.5496004,ppq,z-ai/glm-5.2,0.2576523643245763,ppq_ledger,1,1.0,20029486,5.160644424106,0.0,
2633,1786830902.5496004,ppq,,0.37026045252579654,ppq_ledger,1,1.0,25468263,9.429890583426001,0.0,
2634,1786830902.5516036,openrouter,,0.5531296026806836,openrouter_actual,1,0.78615658,6945094,3.8415370847999997,0.0,
2635,1786830902.1264346,ours,,0.001,cold_start_fallback,0,0.0,0,0.0,0.0,
2636,1786830902.1264346,deepinfra,,1.3,cold_start_fallback,0,0.0,0,0.0,0.0,
2637,1786831203.4040477,friend,,0.001,zai_amortized,0,0.7,507766839,0.0,0.0,
2638,1786831203.4515088,ollama_cloud,,0.3403472792684442,zai_amortized,0,0.7,293817539,100.0,0.0,
2639,1786831203.820107,ppq,deepseek/deepseek-v4-flash,0.06542517205402267,ppq_ledger,1,0.40922674,1560382,0.10208826082,0.0,
2640,1786831203.820107,ppq,moonshotai/kimi-k3,2.497018421052631,ppq_ledger,1,0.3000133,190,0.00047443349999999997,0.0,
2641,1786831203.820107,ppq,z-ai/glm-5,1.0743845322771748,ppq_ledger,1,0.5714743499999999,3878205,4.166683465,0.0,
2642,1786831203.820107,ppq,z-ai/glm-5.2,0.2576523643245763,ppq_ledger,1,1.0,20029486,5.160644424106,0.0,
2643,1786831203.820107,ppq,,0.37026045252579654,ppq_ledger,1,1.0,25468263,9.429890583426001,0.0,
2644,1786831203.8290792,openrouter,,0.5531296026806836,openrouter_actual,1,0.78615658,6945094,3.8415370847999997,0.0,
2645,1786831203.4040444,ours,,0.001,cold_start_fallback,0,0.0,0,0.0,0.0,
2646,1786831203.4040444,deepinfra,,1.3,cold_start_fallback,0,0.0,0,0.0,0.0,
2647,1786831501.9285877,friend,,0.001,zai_amortized,0,0.7,512845644,0.0,0.0,
2648,1786831501.974907,ollama_cloud,,0.3403472792684442,zai_amortized,0,0.7,293817539,100.0,0.0,
2649,1786831502.2016735,ppq,deepseek/deepseek-v4-flash,0.06542517205402267,ppq_ledger,1,0.40922674,1560382,0.10208826082,0.0,
2650,1786831502.2016735,ppq,moonshotai/kimi-k3,2.497018421052631,ppq_ledger,1,0.3000133,190,0.00047443349999999997,0.0,
2651,1786831502.2016735,ppq,z-ai/glm-5,1.0743845322771748,ppq_ledger,1,0.5714743499999999,3878205,4.166683465,0.0,
2652,1786831502.2016735,ppq,z-ai/glm-5.2,0.2576523643245763,ppq_ledger,1,1.0,20029486,5.160644424106,0.0,
2653,1786831502.2016735,ppq,,0.37026045252579654,ppq_ledger,1,1.0,25468263,9.429890583426001,0.0,
2654,1786831502.2050633,openrouter,,0.5531296026806836,openrouter_actual,1,0.78615658,6945094,3.8415370847999997,0.0,
2655,1786831501.928584,ours,,0.001,cold_start_fallback,0,0.0,0,0.0,0.0,
2656,1786831501.928584,deepinfra,,1.3,cold_start_fallback,0,0.0,0,0.0,0.0,
2657,1786831803.3874898,friend,,0.001,zai_amortized,0,0.7,516503673,0.0,0.0,
2658,1786831803.4592078,ollama_cloud,,0.3403472792684442,zai_amortized,0,0.7,293817539,100.0,0.0,
2659,1786831803.8544986,ppq,deepseek/deepseek-v4-flash,0.06542517205402267,ppq_ledger,1,0.40922674,1560382,0.10208826082,0.0,
2660,1786831803.8544986,ppq,moonshotai/kimi-k3,2.497018421052631,ppq_ledger,1,0.3000133,190,0.00047443349999999997,0.0,
2661,1786831803.8544986,ppq,z-ai/glm-5,1.0743845322771748,ppq_ledger,1,0.5714743499999999,3878205,4.166683465,0.0,
2662,1786831803.8544986,ppq,z-ai/glm-5.2,0.2576523643245763,ppq_ledger,1,1.0,20029486,5.160644424106,0.0,
2663,1786831803.8544986,ppq,,0.37026045252579654,ppq_ledger,1,1.0,25468263,9.429890583426001,0.0,
2664,1786831803.858982,openrouter,,0.5531296026806836,openrouter_actual,1,0.78615658,6945094,3.8415370847999997,0.0,
2665,1786831803.387487,ours,,0.001,cold_start_fallback,0,0.0,0,0.0,0.0,
2666,1786831803.387487,deepinfra,,1.3,cold_start_fallback,0,0.0,0,0.0,0.0,
2667,1786832102.4614348,friend,,0.001,zai_amortized,0,0.7,521093408,0.0,0.0,
2668,1786832102.528817,ollama_cloud,,0.3403472792684442,zai_amortized,0,0.7,293817539,100.0,0.0,
2669,1786832102.8075936,ppq,deepseek/deepseek-v4-flash,0.06542517205402267,ppq_ledger,1,0.40922674,1560382,0.10208826082,0.0,
2670,1786832102.8075936,ppq,moonshotai/kimi-k3,2.497018421052631,ppq_ledger,1,0.3000133,190,0.00047443349999999997,0.0,
2671,1786832102.8075936,ppq,z-ai/glm-5,1.0743845322771748,ppq_ledger,1,0.5714743499999999,3878205,4.166683465,0.0,
2672,1786832102.8075936,ppq,z-ai/glm-5.2,0.2576523643245763,ppq_ledger,1,1.0,20029486,5.160644424106,0.0,
2673,1786832102.8075936,ppq,,0.37026045252579654,ppq_ledger,1,1.0,25468263,9.429890583426001,0.0,
2674,1786832102.8307338,openrouter,,0.5531296026806836,openrouter_actual,1,0.78615658,6945094,3.8415370847999997,0.0,
2675,1786832102.4614315,ours,,0.001,cold_start_fallback,0,0.0,0,0.0,0.0,
2676,1786832102.4614315,deepinfra,,1.3,cold_start_fallback,0,0.0,0,0.0,0.0,
2677,1786832402.0649643,friend,,0.001,zai_amortized,0,0.7,524367811,0.0,0.0,
2678,1786832402.0912695,ollama_cloud,,0.3403472792684442,zai_amortized,0,0.7,293817539,100.0,0.0,
2679,1786832402.4673471,ppq,deepseek/deepseek-v4-flash,0.06542517205402267,ppq_ledger,1,0.40922674,1560382,0.10208826082,0.0,
2680,1786832402.4673471,ppq,moonshotai/kimi-k3,2.497018421052631,ppq_ledger,1,0.3000133,190,0.00047443349999999997,0.0,
2681,1786832402.4673471,ppq,z-ai/glm-5,1.0743845322771748,ppq_ledger,1,0.5714743499999999,3878205,4.166683465,0.0,
2682,1786832402.4673471,ppq,z-ai/glm-5.2,0.2576523643245763,ppq_ledger,1,1.0,20029486,5.160644424106,0.0,
2683,1786832402.4673471,ppq,,0.37026045252579654,ppq_ledger,1,1.0,25468263,9.429890583426001,0.0,
2684,1786832402.474105,openrouter,,0.5531296026806836,openrouter_actual,1,0.78615658,6945094,3.8415370847999997,0.0,
2685,1786832402.064961,ours,,0.001,cold_start_fallback,0,0.0,0,0.0,0.0,
2686,1786832402.064961,deepinfra,,1.3,cold_start_fallback,0,0.0,0,0.0,0.0,
2687,1786832703.2639434,friend,,0.001,zai_amortized,0,0.7,527568448,0.0,0.0,
2688,1786832703.2997935,ollama_cloud,,0.3403472792684442,zai_amortized,0,0.7,293817539,100.0,0.0,
2689,1786832703.5503936,ppq,deepseek/deepseek-v4-flash,0.06542517205402267,ppq_ledger,1,0.40922674,1560382,0.10208826082,0.0,
2690,1786832703.5503936,ppq,moonshotai/kimi-k3,2.497018421052631,ppq_ledger,1,0.3000133,190,0.00047443349999999997,0.0,
2691,1786832703.5503936,ppq,z-ai/glm-5,1.0743845322771748,ppq_ledger,1,0.5714743499999999,3878205,4.166683465,0.0,
2692,1786832703.5503936,ppq,z-ai/glm-5.2,0.2576523643245763,ppq_ledger,1,1.0,20029486,5.160644424106,0.0,
2693,1786832703.5503936,ppq,,0.37026045252579654,ppq_ledger,1,1.0,25468263,9.429890583426001,0.0,
2694,1786832703.5555305,openrouter,,0.5498600585876402,openrouter_actual,1,0.79005558,7000794,3.849456999,0.0,
2695,1786832703.26394,ours,,0.001,cold_start_fallback,0,0.0,0,0.0,0.0,
2696,1786832703.26394,deepinfra,,1.3,cold_start_fallback,0,0.0,0,0.0,0.0,
2697,1786833002.8576128,friend,,0.001,zai_amortized,0,0.7,532840703,0.0,0.0,
2698,1786833002.90154,ollama_cloud,,0.3403472792684442,zai_amortized,0,0.7,293817539,100.0,0.0,
2699,1786833003.3228726,ppq,deepseek/deepseek-v4-flash,0.06542517205402267,ppq_ledger,1,0.40922674,1560382,0.10208826082,0.0,
2700,1786833003.3228726,ppq,moonshotai/kimi-k3,2.497018421052631,ppq_ledger,1,0.3000133,190,0.00047443349999999997,0.0,
2701,1786833003.3228726,ppq,z-ai/glm-5,1.0743845322771748,ppq_ledger,1,0.5714743499999999,3878205,4.166683465,0.0,
2702,1786833003.3228726,ppq,z-ai/glm-5.2,0.2576523643245763,ppq_ledger,1,1.0,20029486,5.160644424106,0.0,
2703,1786833003.3228726,ppq,,0.37026045252579654,ppq_ledger,1,1.0,25468263,9.429890583426001,0.0,
2704,1786833003.3301492,openrouter,,0.5385793854800358,openrouter_actual,1,0.8213663,7448090,4.0113877352,0.0,
2705,1786833002.8576097,ours,,0.001,cold_start_fallback,0,0.0,0,0.0,0.0,
2706,1786833002.8576097,deepinfra,,1.3,cold_start_fallback,0,0.0,0,0.0,0.0,
2707,1786833301.8269203,friend,,0.001,zai_amortized,0,0.7,536401391,0.0,0.0,
2708,1786833301.8407218,ollama_cloud,,0.3403472792684442,zai_amortized,0,0.7,293817539,100.0,0.0,
2709,1786833302.0879674,ppq,deepseek/deepseek-v4-flash,0.06542517205402267,ppq_ledger,1,0.40922674,1560382,0.10208826082,0.0,
2710,1786833302.0879674,ppq,moonshotai/kimi-k3,2.497018421052631,ppq_ledger,1,0.3000133,190,0.00047443349999999997,0.0,
2711,1786833302.0879674,ppq,z-ai/glm-5,1.0743845322771748,ppq_ledger,1,0.5714743499999999,3878205,4.166683465,0.0,
2712,1786833302.0879674,ppq,z-ai/glm-5.2,0.2576523643245763,ppq_ledger,1,1.0,20029486,5.160644424106,0.0,
2713,1786833302.0879674,ppq,,0.37026045252579654,ppq_ledger,1,1.0,25468263,9.429890583426001,0.0,
2714,1786833302.0917838,openrouter,,0.5205930821500563,openrouter_actual,1,0.8504134999999999,7863050,4.0934494346,0.0,
2715,1786833301.8269181,ours,,0.001,cold_start_fallback,0,0.0,0,0.0,0.0,
2716,1786833301.8269181,deepinfra,,1.3,cold_start_fallback,0,0.0,0,0.0,0.0,
2717,1786833602.9623113,friend,,0.001,zai_amortized,0,0.7,540505082,0.0,0.0,
2718,1786833603.0140967,ollama_cloud,,0.3403472792684442,zai_amortized,0,0.7,293817539,100.0,0.0,
2719,1786833603.2750072,ppq,deepseek/deepseek-v4-flash,0.06542517205402267,ppq_ledger,1,0.40922674,1560382,0.10208826082,0.0,
2720,1786833603.2750072,ppq,moonshotai/kimi-k3,2.497018421052631,ppq_ledger,1,0.3000133,190,0.00047443349999999997,0.0,
2721,1786833603.2750072,ppq,z-ai/glm-5,1.0743845322771748,ppq_ledger,1,0.5714743499999999,3878205,4.166683465,0.0,
2722,1786833603.2750072,ppq,z-ai/glm-5.2,0.2576523643245763,ppq_ledger,1,1.0,20029486,5.160644424106,0.0,
2723,1786833603.2750072,ppq,,0.37026045252579654,ppq_ledger,1,1.0,25468263,9.429890583426001,0.0,
2724,1786833603.2789755,openrouter,,0.5087228108647497,openrouter_actual,1,0.8701745699999999,8145351,4.1437258562,0.0,
2725,1786833602.9623077,ours,,0.001,cold_start_fallback,0,0.0,0,0.0,0.0,
2726,1786833602.9623077,deepinfra,,1.3,cold_start_fallback,0,0.0,0,0.0,0.0,
2727,1786833902.719447,friend,,0.001,zai_amortized,0,0.7,544204797,0.0,0.0,
2728,1786833902.7343307,ollama_cloud,,0.3403472792684442,zai_amortized,0,0.7,293817539,100.0,0.0,
2729,1786833902.9851353,ppq,deepseek/deepseek-v4-flash,0.06542517205402267,ppq_ledger,1,0.40922674,1560382,0.10208826082,0.0,
2730,1786833902.9851353,ppq,moonshotai/kimi-k3,2.497018421052631,ppq_ledger,1,0.3000133,190,0.00047443349999999997,0.0,
2731,1786833902.9851353,ppq,z-ai/glm-5,1.0743845322771748,ppq_ledger,1,0.5714743499999999,3878205,4.166683465,0.0,
2732,1786833902.9851353,ppq,z-ai/glm-5.2,0.2576523643245763,ppq_ledger,1,1.0,20029486,5.160644424106,0.0,
2733,1786833902.9851353,ppq,,0.37026045252579654,ppq_ledger,1,1.0,25468263,9.429890583426001,0.0,
2734,1786833902.9892108,openrouter,,0.4945232757511474,openrouter_actual,1,0.90877103,8696729,4.3007349134,0.0,
2735,1786833902.7194445,ours,,0.001,cold_start_fallback,0,0.0,0,0.0,0.0,
2736,1786833902.7194445,deepinfra,,1.3,cold_start_fallback,0,0.0,0,0.0,0.0,
2737,1786834202.2365532,friend,,0.001,zai_amortized,0,0.7,547378562,0.0,0.0,
2738,1786834202.2531817,ollama_cloud,,0.3403472792684442,zai_amortized,0,0.7,293817539,100.0,0.0,
2739,1786834202.5046215,ppq,deepseek/deepseek-v4-flash,0.06542517205402267,ppq_ledger,1,0.40922674,1560382,0.10208826082,0.0,
2740,1786834202.5046215,ppq,moonshotai/kimi-k3,2.497018421052631,ppq_ledger,1,0.3000133,190,0.00047443349999999997,0.0,
2741,1786834202.5046215,ppq,z-ai/glm-5,1.0743845322771748,ppq_ledger,1,0.5714743499999999,3878205,4.166683465,0.0,
2742,1786834202.5046215,ppq,z-ai/glm-5.2,0.2576523643245763,ppq_ledger,1,1.0,20029486,5.160644424106,0.0,
2743,1786834202.5046215,ppq,,0.37026045252579654,ppq_ledger,1,1.0,25468263,9.429890583426001,0.0,
2744,1786834202.5086808,openrouter,,0.480486320965314,openrouter_actual,1,0.98515902,9787986,4.7029933828,0.0,
2745,1786834202.23655,ours,,0.001,cold_start_fallback,0,0.0,0,0.0,0.0,
2746,1786834202.23655,deepinfra,,1.3,cold_start_fallback,0,0.0,0,0.0,0.0,
2747,1786834502.675403,friend,,0.001,zai_amortized,0,0.7,551456161,0.0,0.0,
2748,1786834502.9078472,ollama_cloud,,0.3403472792684442,zai_amortized,0,0.7,293817539,100.0,0.0,
2749,1786834503.1624827,ppq,deepseek/deepseek-v4-flash,0.06542517205402267,ppq_ledger,1,0.40922674,1560382,0.10208826082,0.0,
2750,1786834503.1624827,ppq,moonshotai/kimi-k3,2.497018421052631,ppq_ledger,1,0.3000133,190,0.00047443349999999997,0.0,
2751,1786834503.1624827,ppq,z-ai/glm-5,1.0743845322771748,ppq_ledger,1,0.5714743499999999,3878205,4.166683465,0.0,
2752,1786834503.1624827,ppq,z-ai/glm-5.2,0.2576523643245763,ppq_ledger,1,1.0,20029486,5.160644424106,0.0,
2753,1786834503.1624827,ppq,,0.37026045252579654,ppq_ledger,1,1.0,25468263,9.429890583426001,0.0,
2754,1786834503.1650121,openrouter,,0.4713755930125254,openrouter_actual,1,1.0,10204717,4.8102545274,0.0,
2755,1786834502.6753995,ours,,0.001,cold_start_fallback,0,0.0,0,0.0,0.0,
2756,1786834502.6753995,deepinfra,,1.3,cold_start_fallback,0,0.0,0,0.0,0.0,
2757,1786834803.8172336,friend,,0.001,zai_amortized,0,0.7,554749956,0.0,0.0,
2758,1786834803.8457987,ollama_cloud,,0.3403472792684442,zai_amortized,0,0.7,293817539,100.0,0.0,
2759,1786834804.1475804,ppq,deepseek/deepseek-v4-flash,0.06542517205402267,ppq_ledger,1,0.40922674,1560382,0.10208826082,0.0,
2760,1786834804.1475804,ppq,moonshotai/kimi-k3,2.497018421052631,ppq_ledger,1,0.3000133,190,0.00047443349999999997,0.0,
2761,1786834804.1475804,ppq,z-ai/glm-5,1.0743845322771748,ppq_ledger,1,0.5714743499999999,3878205,4.166683465,0.0,
2762,1786834804.1475804,ppq,z-ai/glm-5.2,0.2576523643245763,ppq_ledger,1,1.0,20029486,5.160644424106,0.0,
2763,1786834804.1475804,ppq,,0.37026045252579654,ppq_ledger,1,1.0,25468263,9.429890583426001,0.0,
2764,1786834804.1543279,openrouter,,0.4664037797814906,openrouter_actual,1,1.0,10395257,4.848387156599999,0.0,
2765,1786834803.8172283,ours,,0.001,cold_start_fallback,0,0.0,0,0.0,0.0,
2766,1786834803.8172283,deepinfra,,1.3,cold_start_fallback,0,0.0,0,0.0,0.0,
2767,1786835102.7144282,friend,,0.001,zai_amortized,0,0.7,560382863,0.0,0.0,
2768,1786835102.8098114,ollama_cloud,,0.3403472792684442,zai_amortized,0,0.7,293817539,100.0,0.0,
2769,1786835103.0869017,ppq,deepseek/deepseek-v4-flash,0.06542517205402267,ppq_ledger,1,0.40922674,1560382,0.10208826082,0.0,
2770,1786835103.0869017,ppq,moonshotai/kimi-k3,2.497018421052631,ppq_ledger,1,0.3000133,190,0.00047443349999999997,0.0,
2771,1786835103.0869017,ppq,z-ai/glm-5,1.0743845322771748,ppq_ledger,1,0.5714743499999999,3878205,4.166683465,0.0,
2772,1786835103.0869017,ppq,z-ai/glm-5.2,0.2576523643245763,ppq_ledger,1,1.0,20029486,5.160644424106,0.0,
2773,1786835103.0869017,ppq,,0.37026045252579654,ppq_ledger,1,1.0,25468263,9.429890583426001,0.0,
2774,1786835103.0921116,openrouter,,0.4654302941168291,openrouter_actual,1,1.0,10428883,4.853918082,0.0,
2775,1786835102.714425,ours,,0.001,cold_start_fallback,0,0.0,0,0.0,0.0,
2776,1786835102.714425,deepinfra,,1.3,cold_start_fallback,0,0.0,0,0.0,0.0,
2777,1786835402.1805243,friend,,0.001,zai_amortized,0,0.7,565486349,0.0,0.0,
2778,1786835402.2094212,ollama_cloud,,0.3403472792684442,zai_amortized,0,0.7,293817539,100.0,0.0,
2779,1786835402.4607353,ppq,deepseek/deepseek-v4-flash,0.06542517205402267,ppq_ledger,1,0.40922674,1560382,0.10208826082,0.0,
2780,1786835402.4607353,ppq,moonshotai/kimi-k3,2.497018421052631,ppq_ledger,1,0.3000133,190,0.00047443349999999997,0.0,
2781,1786835402.4607353,ppq,z-ai/glm-5,1.0743845322771748,ppq_ledger,1,0.5714743499999999,3878205,4.166683465,0.0,
2782,1786835402.4607353,ppq,z-ai/glm-5.2,0.2576523643245763,ppq_ledger,1,1.0,20029486,5.160644424106,0.0,
2783,1786835402.4607353,ppq,,0.37026045252579654,ppq_ledger,1,1.0,25468263,9.429890583426001,0.0,
2784,1786835402.462661,openrouter,,0.46515968950902803,openrouter_actual,1,1.0,10683338,4.969458187,0.0,
2785,1786835402.1805222,ours,,0.001,cold_start_fallback,0,0.0,0,0.0,0.0,
2786,1786835402.1805222,deepinfra,,1.3,cold_start_fallback,0,0.0,0,0.0,0.0,
2787,1786835702.1966746,friend,,0.001,zai_amortized,0,0.7,570688139,0.0,0.0,
2788,1786835702.2129269,ollama_cloud,,0.3403472792684442,zai_amortized,0,0.7,293817539,100.0,0.0,
2789,1786835702.5016124,ppq,deepseek/deepseek-v4-flash,0.06542517205402267,ppq_ledger,1,0.40922674,1560382,0.10208826082,0.0,
2790,1786835702.5016124,ppq,moonshotai/kimi-k3,2.497018421052631,ppq_ledger,1,0.3000133,190,0.00047443349999999997,0.0,
2791,1786835702.5016124,ppq,z-ai/glm-5,1.0743845322771748,ppq_ledger,1,0.5714743499999999,3878205,4.166683465,0.0,
2792,1786835702.5016124,ppq,z-ai/glm-5.2,0.2576523643245763,ppq_ledger,1,1.0,20029486,5.160644424106,0.0,
2793,1786835702.5016124,ppq,,0.37026045252579654,ppq_ledger,1,1.0,25468263,9.429890583426001,0.0,
2794,1786835702.5051646,openrouter,,0.4643159119153871,openrouter_actual,1,1.0,10750981,4.9918515470000004,0.0,
2795,1786835702.1966717,ours,,0.001,cold_start_fallback,0,0.0,0,0.0,0.0,
2796,1786835702.1966717,deepinfra,,1.3,cold_start_fallback,0,0.0,0,0.0,0.0,
2797,1786836002.5722253,friend,,0.001,zai_amortized,0,0.7,573463582,0.0,0.0,
2798,1786836002.5972767,ollama_cloud,,0.3403472792684442,zai_amortized,0,0.7,293817539,100.0,0.0,
2799,1786836002.8319123,ppq,deepseek/deepseek-v4-flash,0.06542517205402267,ppq_ledger,1,0.40922674,1560382,0.10208826082,0.0,
2800,1786836002.8319123,ppq,moonshotai/kimi-k3,2.497018421052631,ppq_ledger,1,0.3000133,190,0.00047443349999999997,0.0,
2801,1786836002.8319123,ppq,z-ai/glm-5,1.0743845322771748,ppq_ledger,1,0.5714743499999999,3878205,4.166683465,0.0,
2802,1786836002.8319123,ppq,z-ai/glm-5.2,0.2576523643245763,ppq_ledger,1,1.0,20029486,5.160644424106,0.0,
2803,1786836002.8319123,ppq,,0.37026045252579654,ppq_ledger,1,1.0,25468263,9.429890583426001,0.0,
2804,1786836002.834167,openrouter,,0.46012710494321307,openrouter_actual,1,1.0,10889213,5.0104220528,0.0,
2805,1786836002.5722213,ours,,0.001,cold_start_fallback,0,0.0,0,0.0,0.0,
2806,1786836002.5722213,deepinfra,,1.3,cold_start_fallback,0,0.0,0,0.0,0.0,
2807,1786836301.7273366,friend,,0.001,zai_amortized,0,0.7,576064268,0.0,0.0,
2808,1786836301.764732,ollama_cloud,,0.3403472792684442,zai_amortized,0,0.7,293817539,100.0,0.0,
2809,1786836302.0461566,ppq,deepseek/deepseek-v4-flash,0.06542517205402267,ppq_ledger,1,0.40922674,1560382,0.10208826082,0.0,
2810,1786836302.0461566,ppq,moonshotai/kimi-k3,2.497018421052631,ppq_ledger,1,0.3000133,190,0.00047443349999999997,0.0,
2811,1786836302.0461566,ppq,z-ai/glm-5,1.0743845322771748,ppq_ledger,1,0.5714743499999999,3878205,4.166683465,0.0,
2812,1786836302.0461566,ppq,z-ai/glm-5.2,0.2576523643245763,ppq_ledger,1,1.0,20029486,5.160644424106,0.0,
2813,1786836302.0461566,ppq,,0.37026045252579654,ppq_ledger,1,1.0,25468263,9.429890583426001,0.0,
2814,1786836302.0506968,openrouter,,0.4584935526332039,openrouter_actual,1,1.0,11094033,5.086542603200001,0.0,
2815,1786836301.7273335,ours,,0.001,cold_start_fallback,0,0.0,0,0.0,0.0,
2816,1786836301.7273335,deepinfra,,1.3,cold_start_fallback,0,0.0,0,0.0,0.0,
2817,1786836603.3033874,friend,,0.001,zai_amortized,0,0.7,579962230,0.0,0.0,
2818,1786836603.3559792,ollama_cloud,,0.3403472792684442,zai_amortized,0,0.7,293817539,100.0,0.0,
2819,1786836603.7300715,ppq,deepseek/deepseek-v4-flash,0.06542517205402267,ppq_ledger,1,0.40922674,1560382,0.10208826082,0.0,
2820,1786836603.7300715,ppq,moonshotai/kimi-k3,2.497018421052631,ppq_ledger,1,0.3000133,190,0.00047443349999999997,0.0,
2821,1786836603.7300715,ppq,z-ai/glm-5,1.0743845322771748,ppq_ledger,1,0.5714743499999999,3878205,4.166683465,0.0,
2822,1786836603.7300715,ppq,z-ai/glm-5.2,0.2576523643245763,ppq_ledger,1,1.0,20029486,5.160644424106,0.0,
2823,1786836603.7300715,ppq,,0.37026045252579654,ppq_ledger,1,1.0,25468263,9.429890583426001,0.0,
2824,1786836603.7357097,openrouter,,0.45319747368391833,openrouter_actual,1,1.0,11525082,5.223138046400001,0.0,
2825,1786836603.3033836,ours,,0.001,cold_start_fallback,0,0.0,0,0.0,0.0,
2826,1786836603.3033836,deepinfra,,1.3,cold_start_fallback,0,0.0,0,0.0,0.0,
2827,1786836902.946855,friend,,0.001,zai_amortized,0,0.7,582721396,0.0,0.0,
2828,1786836902.9911568,ollama_cloud,,0.3403472792684442,zai_amortized,0,0.7,293817539,100.0,0.0,
2829,1786836903.4546134,ppq,deepseek/deepseek-v4-flash,0.06542517205402267,ppq_ledger,1,0.40922674,1560382,0.10208826082,0.0,
2830,1786836903.4546134,ppq,moonshotai/kimi-k3,2.497018421052631,ppq_ledger,1,0.3000133,190,0.00047443349999999997,0.0,
2831,1786836903.4546134,ppq,z-ai/glm-5,1.0743845322771748,ppq_ledger,1,0.5714743499999999,3878205,4.166683465,0.0,
2832,1786836903.4546134,ppq,z-ai/glm-5.2,0.2576523643245763,ppq_ledger,1,1.0,20029486,5.160644424106,0.0,
2833,1786836903.4546134,ppq,,0.37026045252579654,ppq_ledger,1,1.0,25468263,9.429890583426001,0.0,
2834,1786836903.4607787,openrouter,,0.45319747368391833,openrouter_actual,1,1.0,11525082,5.223138046400001,0.0,
2835,1786836902.9468522,ours,,0.001,cold_start_fallback,0,0.0,0,0.0,0.0,
2836,1786836902.9468522,deepinfra,,1.3,cold_start_fallback,0,0.0,0,0.0,0.0,
2837,1786837206.320688,friend,,0.001,zai_amortized,0,0.7,586154928,0.0,0.0,
2838,1786837206.5036507,ollama_cloud,,0.3403472792684442,zai_amortized,0,0.7,293817539,100.0,0.0,
2839,1786837206.770526,ppq,deepseek/deepseek-v4-flash,0.06542517205402267,ppq_ledger,1,0.40922674,1560382,0.10208826082,0.0,
2840,1786837206.770526,ppq,moonshotai/kimi-k3,2.497018421052631,ppq_ledger,1,0.3000133,190,0.00047443349999999997,0.0,
2841,1786837206.770526,ppq,z-ai/glm-5,1.0743845322771748,ppq_ledger,1,0.5714743499999999,3878205,4.166683465,0.0,
2842,1786837206.770526,ppq,z-ai/glm-5.2,0.2576523643245763,ppq_ledger,1,1.0,20029486,5.160644424106,0.0,
2843,1786837206.770526,ppq,,0.37026045252579654,ppq_ledger,1,1.0,25468263,9.429890583426001,0.0,
2844,1786837206.7746537,openrouter,,0.45319747368391833,openrouter_actual,1,1.0,11525082,5.223138046400001,0.0,
2845,1786837206.3206835,ours,,0.001,cold_start_fallback,0,0.0,0,0.0,0.0,
2846,1786837206.3206835,deepinfra,,1.3,cold_start_fallback,0,0.0,0,0.0,0.0,
2847,1786837502.9482064,friend,,0.001,zai_amortized,0,0.7,589885374,0.0,0.0,
2848,1786837502.9630802,ollama_cloud,,0.3403472792684442,zai_amortized,0,0.7,293817539,100.0,0.0,
2849,1786837503.1913507,ppq,deepseek/deepseek-v4-flash,0.06542517205402267,ppq_ledger,1,0.40922674,1560382,0.10208826082,0.0,
2850,1786837503.1913507,ppq,moonshotai/kimi-k3,2.497018421052631,ppq_ledger,1,0.3000133,190,0.00047443349999999997,0.0,
2851,1786837503.1913507,ppq,z-ai/glm-5,1.0743845322771748,ppq_ledger,1,0.5714743499999999,3878205,4.166683465,0.0,
2852,1786837503.1913507,ppq,z-ai/glm-5.2,0.2576523643245763,ppq_ledger,1,1.0,20029486,5.160644424106,0.0,
2853,1786837503.1913507,ppq,,0.37026045252579654,ppq_ledger,1,1.0,25468263,9.429890583426001,0.0,
2854,1786837503.195327,openrouter,,0.45319747368391833,openrouter_actual,1,1.0,11525082,5.223138046400001,0.0,
2855,1786837502.9482028,ours,,0.001,cold_start_fallback,0,0.0,0,0.0,0.0,
2856,1786837502.9482028,deepinfra,,1.3,cold_start_fallback,0,0.0,0,0.0,0.0,
2857,1786837802.3195045,friend,,0.001,zai_amortized,0,0.7,593389862,0.0,0.0,
2858,1786837802.3360584,ollama_cloud,,0.3403472792684442,zai_amortized,0,0.7,293817539,100.0,0.0,
2859,1786837802.589689,ppq,deepseek/deepseek-v4-flash,0.06542517205402267,ppq_ledger,1,0.40922674,1560382,0.10208826082,0.0,
2860,1786837802.589689,ppq,moonshotai/kimi-k3,2.497018421052631,ppq_ledger,1,0.3000133,190,0.00047443349999999997,0.0,
2861,1786837802.589689,ppq,z-ai/glm-5,1.0743845322771748,ppq_ledger,1,0.5714743499999999,3878205,4.166683465,0.0,
2862,1786837802.589689,ppq,z-ai/glm-5.2,0.2576523643245763,ppq_ledger,1,1.0,20029486,5.160644424106,0.0,
2863,1786837802.589689,ppq,,0.37026045252579654,ppq_ledger,1,1.0,25468263,9.429890583426001,0.0,
2864,1786837802.591789,openrouter,,0.45319747368391833,openrouter_actual,1,1.0,11525082,5.223138046400001,0.0,
2865,1786837802.3195007,ours,,0.001,cold_start_fallback,0,0.0,0,0.0,0.0,
2866,1786837802.3195007,deepinfra,,1.3,cold_start_fallback,0,0.0,0,0.0,0.0,
2867,1786838103.0801225,friend,,0.001,zai_amortized,0,0.7,595139672,0.0,0.0,
2868,1786838103.1157346,ollama_cloud,,0.3403472792684442,zai_amortized,0,0.7,293817539,100.0,0.0,
2869,1786838103.4193804,ppq,deepseek/deepseek-v4-flash,0.06542517205402267,ppq_ledger,1,0.40922674,1560382,0.10208826082,0.0,
2870,1786838103.4193804,ppq,moonshotai/kimi-k3,2.497018421052631,ppq_ledger,1,0.3000133,190,0.00047443349999999997,0.0,
2871,1786838103.4193804,ppq,z-ai/glm-5,1.0743845322771748,ppq_ledger,1,0.5714743499999999,3878205,4.166683465,0.0,
2872,1786838103.4193804,ppq,z-ai/glm-5.2,0.2576523643245763,ppq_ledger,1,1.0,20029486,5.160644424106,0.0,
2873,1786838103.4193804,ppq,,0.37026045252579654,ppq_ledger,1,1.0,25468263,9.429890583426001,0.0,
2874,1786838103.4275577,openrouter,,0.45319747368391833,openrouter_actual,1,1.0,11525082,5.223138046400001,0.0,
2875,1786838103.0801191,ours,,0.001,cold_start_fallback,0,0.0,0,0.0,0.0,
2876,1786838103.0801191,deepinfra,,1.3,cold_start_fallback,0,0.0,0,0.0,0.0,
2877,1786838403.4794595,friend,,0.001,zai_amortized,0,0.7,597158716,0.0,0.0,
2878,1786838403.5059686,ollama_cloud,,0.3403472792684442,zai_amortized,0,0.7,293817539,100.0,0.0,
2879,1786838403.7916973,ppq,deepseek/deepseek-v4-flash,0.06542517205402267,ppq_ledger,1,0.40922674,1560382,0.10208826082,0.0,
2880,1786838403.7916973,ppq,moonshotai/kimi-k3,2.497018421052631,ppq_ledger,1,0.3000133,190,0.00047443349999999997,0.0,
2881,1786838403.7916973,ppq,z-ai/glm-5,1.0743845322771748,ppq_ledger,1,0.5714743499999999,3878205,4.166683465,0.0,
2882,1786838403.7916973,ppq,z-ai/glm-5.2,0.2576523643245763,ppq_ledger,1,1.0,20029486,5.160644424106,0.0,
2883,1786838403.7916973,ppq,,0.37026045252579654,ppq_ledger,1,1.0,25468263,9.429890583426001,0.0,
2884,1786838403.7995615,openrouter,,0.45319747368391833,openrouter_actual,1,1.0,11525082,5.223138046400001,0.0,
2885,1786838403.479456,ours,,0.001,cold_start_fallback,0,0.0,0,0.0,0.0,
2886,1786838403.479456,deepinfra,,1.3,cold_start_fallback,0,0.0,0,0.0,0.0,
2887,1786838702.4922163,friend,,0.001,zai_amortized,0,0.7,597876533,0.0,0.0,
2888,1786838702.5103502,ollama_cloud,,0.3403472792684442,zai_amortized,0,0.7,293817539,100.0,0.0,
2889,1786838702.7630246,ppq,deepseek/deepseek-v4-flash,0.06542517205402267,ppq_ledger,1,0.40922674,1560382,0.10208826082,0.0,
2890,1786838702.7630246,ppq,moonshotai/kimi-k3,2.497018421052631,ppq_ledger,1,0.3000133,190,0.00047443349999999997,0.0,
2891,1786838702.7630246,ppq,z-ai/glm-5,1.0743845322771748,ppq_ledger,1,0.5714743499999999,3878205,4.166683465,0.0,
2892,1786838702.7630246,ppq,z-ai/glm-5.2,0.2576523643245763,ppq_ledger,1,1.0,20029486,5.160644424106,0.0,
2893,1786838702.7630246,ppq,,0.37026045252579654,ppq_ledger,1,1.0,25468263,9.429890583426001,0.0,
2894,1786838702.7739298,openrouter,,0.45938656139512385,openrouter_actual,1,1.0,11599716,5.328753646400001,0.0,
2895,1786838702.4922132,ours,,0.001,cold_start_fallback,0,0.0,0,0.0,0.0,
2896,1786838702.4922132,deepinfra,,1.3,cold_start_fallback,0,0.0,0,0.0,0.0,
2897,1786839002.3523695,friend,,0.001,zai_amortized,0,0.7,600885123,0.0,0.0,
2898,1786839002.386063,ollama_cloud,,0.3403472792684442,zai_amortized,0,0.7,293817539,100.0,0.0,
2899,1786839002.6328619,ppq,deepseek/deepseek-v4-flash,0.06542517205402267,ppq_ledger,1,0.40922674,1560382,0.10208826082,0.0,
2900,1786839002.6328619,ppq,moonshotai/kimi-k3,2.497018421052631,ppq_ledger,1,0.3000133,190,0.00047443349999999997,0.0,
2901,1786839002.6328619,ppq,z-ai/glm-5,1.0743845322771748,ppq_ledger,1,0.5714743499999999,3878205,4.166683465,0.0,
2902,1786839002.6328619,ppq,z-ai/glm-5.2,0.2576523643245763,ppq_ledger,1,1.0,20029486,5.160644424106,0.0,
2903,1786839002.6328619,ppq,,0.37026045252579654,ppq_ledger,1,1.0,25468263,9.429890583426001,0.0,
2904,1786839002.6345935,openrouter,,0.45938656139512385,openrouter_actual,1,1.0,11599716,5.328753646400001,0.0,
2905,1786839002.3523667,ours,,0.001,cold_start_fallback,0,0.0,0,0.0,0.0,
2906,1786839002.3523667,deepinfra,,1.3,cold_start_fallback,0,0.0,0,0.0,0.0,
2907,1786839302.1774194,friend,,0.001,zai_amortized,0,0.7,602329747,0.0,0.0,
2908,1786839302.2034557,ollama_cloud,,0.3403472792684442,zai_amortized,0,0.7,293817539,100.0,0.0,
2909,1786839302.4883935,ppq,deepseek/deepseek-v4-flash,0.06542517205402267,ppq_ledger,1,0.40922674,1560382,0.10208826082,0.0,
2910,1786839302.4883935,ppq,moonshotai/kimi-k3,2.497018421052631,ppq_ledger,1,0.3000133,190,0.00047443349999999997,0.0,
2911,1786839302.4883935,ppq,z-ai/glm-5,1.0743845322771748,ppq_ledger,1,0.5714743499999999,3878205,4.166683465,0.0,
2912,1786839302.4883935,ppq,z-ai/glm-5.2,0.2576523643245763,ppq_ledger,1,1.0,20029486,5.160644424106,0.0,
2913,1786839302.4883935,ppq,,0.37026045252579654,ppq_ledger,1,1.0,25468263,9.429890583426001,0.0,
2914,1786839302.4917402,openrouter,,0.45938656139512385,openrouter_actual,1,1.0,11599716,5.328753646400001,0.0,
2915,1786839302.177416,ours,,0.001,cold_start_fallback,0,0.0,0,0.0,0.0,
2916,1786839302.177416,deepinfra,,1.3,cold_start_fallback,0,0.0,0,0.0,0.0,
2917,1786839602.5161505,friend,,0.001,zai_amortized,0,0.7,604300832,0.0,0.0,
2918,1786839602.5317223,ollama_cloud,,0.3403472792684442,zai_amortized,0,0.7,293817539,100.0,0.0,
2919,1786839602.7587652,ppq,deepseek/deepseek-v4-flash,0.06542517205402267,ppq_ledger,1,0.40922674,1560382,0.10208826082,0.0,
2920,1786839602.7587652,ppq,moonshotai/kimi-k3,2.497018421052631,ppq_ledger,1,0.3000133,190,0.00047443349999999997,0.0,
2921,1786839602.7587652,ppq,z-ai/glm-5,1.0743845322771748,ppq_ledger,1,0.5714743499999999,3878205,4.166683465,0.0,
2922,1786839602.7587652,ppq,z-ai/glm-5.2,0.2576523643245763,ppq_ledger,1,1.0,20029486,5.160644424106,0.0,
2923,1786839602.7587652,ppq,,0.37026045252579654,ppq_ledger,1,1.0,25468263,9.429890583426001,0.0,
2924,1786839602.7607536,openrouter,,0.45938656139512385,openrouter_actual,1,1.0,11599716,5.328753646400001,0.0,
2925,1786839602.516147,ours,,0.001,cold_start_fallback,0,0.0,0,0.0,0.0,
2926,1786839602.516147,deepinfra,,1.3,cold_start_fallback,0,0.0,0,0.0,0.0,
2927,1786839902.332707,friend,,0.001,zai_amortized,0,0.7,606487725,0.0,0.0,
2928,1786839902.3457935,ollama_cloud,,0.3403472792684442,zai_amortized,0,0.7,293817539,100.0,0.0,
2929,1786839902.561586,ppq,deepseek/deepseek-v4-flash,0.06542517205402267,ppq_ledger,1,0.40922674,1560382,0.10208826082,0.0,
2930,1786839902.561586,ppq,moonshotai/kimi-k3,2.497018421052631,ppq_ledger,1,0.3000133,190,0.00047443349999999997,0.0,
2931,1786839902.561586,ppq,z-ai/glm-5,1.0743845322771748,ppq_ledger,1,0.5714743499999999,3878205,4.166683465,0.0,
2932,1786839902.561586,ppq,z-ai/glm-5.2,0.2576523643245763,ppq_ledger,1,1.0,20029486,5.160644424106,0.0,
2933,1786839902.561586,ppq,,0.37026045252579654,ppq_ledger,1,1.0,25468263,9.429890583426001,0.0,
2934,1786839902.563467,openrouter,,0.45938656139512385,openrouter_actual,1,1.0,11599716,5.328753646400001,0.0,
2935,1786839902.332704,ours,,0.001,cold_start_fallback,0,0.0,0,0.0,0.0,
2936,1786839902.332704,deepinfra,,1.3,cold_start_fallback,0,0.0,0,0.0,0.0,
2937,1786840204.0086005,friend,,0.001,zai_amortized,0,0.7,609324438,0.0,0.0,
2938,1786840204.069917,ollama_cloud,,0.3403472792684442,zai_amortized,0,0.7,293817539,100.0,0.0,
2939,1786840204.6943567,ppq,deepseek/deepseek-v4-flash,0.06542517205402267,ppq_ledger,1,0.40922674,1560382,0.10208826082,0.0,
2940,1786840204.6943567,ppq,moonshotai/kimi-k3,2.497018421052631,ppq_ledger,1,0.3000133,190,0.00047443349999999997,0.0,
2941,1786840204.6943567,ppq,z-ai/glm-5,1.0743845322771748,ppq_ledger,1,0.5714743499999999,3878205,4.166683465,0.0,
2942,1786840204.6943567,ppq,z-ai/glm-5.2,0.2576523643245763,ppq_ledger,1,1.0,20029486,5.160644424106,0.0,
2943,1786840204.6943567,ppq,,0.37026045252579654,ppq_ledger,1,1.0,25468263,9.429890583426001,0.0,
2944,1786840204.7030127,openrouter,,0.45938656139512385,openrouter_actual,1,1.0,11599716,5.328753646400001,0.0,
2945,1786840204.0085976,ours,,0.001,cold_start_fallback,0,0.0,0,0.0,0.0,
2946,1786840204.0085976,deepinfra,,1.3,cold_start_fallback,0,0.0,0,0.0,0.0,
2947,1786840502.4134262,friend,,0.001,zai_amortized,0,0.7,613338674,0.0,0.0,
2948,1786840502.4286914,ollama_cloud,,0.3403472792684442,zai_amortized,0,0.7,293817539,100.0,0.0,
2949,1786840502.6535833,ppq,deepseek/deepseek-v4-flash,0.06542517205402267,ppq_ledger,1,0.40922674,1560382,0.10208826082,0.0,
2950,1786840502.6535833,ppq,moonshotai/kimi-k3,2.497018421052631,ppq_ledger,1,0.3000133,190,0.00047443349999999997,0.0,
2951,1786840502.6535833,ppq,z-ai/glm-5,1.0743845322771748,ppq_ledger,1,0.5714743499999999,3878205,4.166683465,0.0,
2952,1786840502.6535833,ppq,z-ai/glm-5.2,0.2576523643245763,ppq_ledger,1,1.0,20029486,5.160644424106,0.0,
2953,1786840502.6535833,ppq,,0.37026045252579654,ppq_ledger,1,1.0,25468263,9.429890583426001,0.0,
2954,1786840502.6806018,openrouter,,0.45938656139512385,openrouter_actual,1,1.0,11599716,5.328753646400001,0.0,
2955,1786840502.4134233,ours,,0.001,cold_start_fallback,0,0.0,0,0.0,0.0,
2956,1786840502.4134233,deepinfra,,1.3,cold_start_fallback,0,0.0,0,0.0,0.0,
2957,1786840802.6212437,friend,,0.001,zai_amortized,0,0.7,617435203,0.0,0.0,
2958,1786840802.6529362,ollama_cloud,,0.3403472792684442,zai_amortized,0,0.7,293817539,100.0,0.0,
2959,1786840802.9440472,ppq,deepseek/deepseek-v4-flash,0.06542517205402267,ppq_ledger,1,0.40922674,1560382,0.10208826082,0.0,
2960,1786840802.9440472,ppq,moonshotai/kimi-k3,2.497018421052631,ppq_ledger,1,0.3000133,190,0.00047443349999999997,0.0,
2961,1786840802.9440472,ppq,z-ai/glm-5,1.0743845322771748,ppq_ledger,1,0.5714743499999999,3878205,4.166683465,0.0,
2962,1786840802.9440472,ppq,z-ai/glm-5.2,0.2576523643245763,ppq_ledger,1,1.0,20029486,5.160644424106,0.0,
2963,1786840802.9440472,ppq,,0.37026045252579654,ppq_ledger,1,1.0,25468263,9.429890583426001,0.0,
2964,1786840802.94865,openrouter,,0.45938656139512385,openrouter_actual,1,1.0,11599716,5.328753646400001,0.0,
2965,1786840802.6212409,ours,,0.001,cold_start_fallback,0,0.0,0,0.0,0.0,
2966,1786840802.6212409,deepinfra,,1.3,cold_start_fallback,0,0.0,0,0.0,0.0,
2967,1786841103.2686694,friend,,0.001,zai_amortized,0,0.7,618956346,0.0,0.0,
2968,1786841103.324196,ollama_cloud,,0.3403472792684442,zai_amortized,0,0.7,293817539,100.0,0.0,
2969,1786841103.5762732,ppq,deepseek/deepseek-v4-flash,0.06542517205402267,ppq_ledger,1,0.40922674,1560382,0.10208826082,0.0,
2970,1786841103.5762732,ppq,moonshotai/kimi-k3,2.497018421052631,ppq_ledger,1,0.3000133,190,0.00047443349999999997,0.0,
2971,1786841103.5762732,ppq,z-ai/glm-5,1.0743845322771748,ppq_ledger,1,0.5714743499999999,3878205,4.166683465,0.0,
2972,1786841103.5762732,ppq,z-ai/glm-5.2,0.2576523643245763,ppq_ledger,1,1.0,20029486,5.160644424106,0.0,
2973,1786841103.5762732,ppq,,0.37026045252579654,ppq_ledger,1,1.0,25468263,9.429890583426001,0.0,
2974,1786841103.5805852,openrouter,,0.45938656139512385,openrouter_actual,1,1.0,11599716,5.328753646400001,0.0,
2975,1786841103.2686663,ours,,0.001,cold_start_fallback,0,0.0,0,0.0,0.0,
2976,1786841103.2686663,deepinfra,,1.3,cold_start_fallback,0,0.0,0,0.0,0.0,
2977,1786841401.954314,friend,,0.001,zai_amortized,0,0.7,619852019,0.0,0.0,
2978,1786841401.9745116,ollama_cloud,,0.3403472792684442,zai_amortized,0,0.7,293817539,100.0,0.0,
2979,1786841402.1923563,ppq,deepseek/deepseek-v4-flash,0.06542517205402267,ppq_ledger,1,0.40922674,1560382,0.10208826082,0.0,
2980,1786841402.1923563,ppq,moonshotai/kimi-k3,2.497018421052631,ppq_ledger,1,0.3000133,190,0.00047443349999999997,0.0,
2981,1786841402.1923563,ppq,z-ai/glm-5,1.0743845322771748,ppq_ledger,1,0.5714743499999999,3878205,4.166683465,0.0,
2982,1786841402.1923563,ppq,z-ai/glm-5.2,0.2576523643245763,ppq_ledger,1,1.0,20029486,5.160644424106,0.0,
2983,1786841402.1923563,ppq,,0.37026045252579654,ppq_ledger,1,1.0,25468263,9.429890583426001,0.0,
2984,1786841402.1961827,openrouter,,0.45938656139512385,openrouter_actual,1,1.0,11599716,5.328753646400001,0.0,
2985,1786841401.9543114,ours,,0.001,cold_start_fallback,0,0.0,0,0.0,0.0,
2986,1786841401.9543114,deepinfra,,1.3,cold_start_fallback,0,0.0,0,0.0,0.0,
2987,1786841702.5755677,friend,,0.001,zai_amortized,0,0.7,620692627,0.0,0.0,
2988,1786841702.5923245,ollama_cloud,,0.3403472792684442,zai_amortized,0,0.7,293817539,100.0,0.0,
2989,1786841702.8139563,ppq,deepseek/deepseek-v4-flash,0.06542517205402267,ppq_ledger,1,0.40922674,1560382,0.10208826082,0.0,
2990,1786841702.8139563,ppq,moonshotai/kimi-k3,2.497018421052631,ppq_ledger,1,0.3000133,190,0.00047443349999999997,0.0,
2991,1786841702.8139563,ppq,z-ai/glm-5,1.0743845322771748,ppq_ledger,1,0.5714743499999999,3878205,4.166683465,0.0,
2992,1786841702.8139563,ppq,z-ai/glm-5.2,0.2576523643245763,ppq_ledger,1,1.0,20029486,5.160644424106,0.0,
2993,1786841702.8139563,ppq,,0.37026045252579654,ppq_ledger,1,1.0,25468263,9.429890583426001,0.0,
2994,1786841702.816091,openrouter,,0.45938656139512385,openrouter_actual,1,1.0,11599716,5.328753646400001,0.0,
2995,1786841702.5755644,ours,,0.001,cold_start_fallback,0,0.0,0,0.0,0.0,
2996,1786841702.5755644,deepinfra,,1.3,cold_start_fallback,0,0.0,0,0.0,0.0,
2997,1786842005.744058,friend,,0.001,zai_amortized,0,0.7,621433788,0.0,0.0,
2998,1786842005.8028233,ollama_cloud,,0.3403472792684442,zai_amortized,0,0.7,293817539,100.0,0.0,
2999,1786842006.0546634,ppq,deepseek/deepseek-v4-flash,0.06542517205402267,ppq_ledger,1,0.40922674,1560382,0.10208826082,0.0,
3000,1786842006.0546634,ppq,moonshotai/kimi-k3,2.497018421052631,ppq_ledger,1,0.3000133,190,0.00047443349999999997,0.0,
3001,1786842006.0546634,ppq,z-ai/glm-5,1.0743845322771748,ppq_ledger,1,0.5714743499999999,3878205,4.166683465,0.0,
3002,1786842006.0546634,ppq,z-ai/glm-5.2,0.2576523643245763,ppq_ledger,1,1.0,20029486,5.160644424106,0.0,
3003,1786842006.0546634,ppq,,0.37026045252579654,ppq_ledger,1,1.0,25468263,9.429890583426001,0.0,
3004,1786842006.1718712,openrouter,,0.45938656139512385,openrouter_actual,1,1.0,11599716,5.328753646400001,0.0,
3005,1786842005.744052,ours,,0.001,cold_start_fallback,0,0.0,0,0.0,0.0,
3006,1786842005.744052,deepinfra,,1.3,cold_start_fallback,0,0.0,0,0.0,0.0,
3007,1786842302.917065,friend,,0.001,zai_amortized,0,0.7,621959736,0.0,0.0,
3008,1786842302.9373875,ollama_cloud,,0.3403472792684442,zai_amortized,0,0.7,293817539,100.0,0.0,
3009,1786842303.1746428,ppq,deepseek/deepseek-v4-flash,0.06542517205402267,ppq_ledger,1,0.40922674,1560382,0.10208826082,0.0,
3010,1786842303.1746428,ppq,moonshotai/kimi-k3,2.497018421052631,ppq_ledger,1,0.3000133,190,0.00047443349999999997,0.0,
3011,1786842303.1746428,ppq,z-ai/glm-5,1.0743845322771748,ppq_ledger,1,0.5714743499999999,3878205,4.166683465,0.0,
3012,1786842303.1746428,ppq,z-ai/glm-5.2,0.2576523643245763,ppq_ledger,1,1.0,20029486,5.160644424106,0.0,
3013,1786842303.1746428,ppq,,0.37026045252579654,ppq_ledger,1,1.0,25468263,9.429890583426001,0.0,
3014,1786842303.1760683,openrouter,,0.45938656139512385,openrouter_actual,1,1.0,11599716,5.328753646400001,0.0,
3015,1786842302.917062,ours,,0.001,cold_start_fallback,0,0.0,0,0.0,0.0,
3016,1786842302.917062,deepinfra,,1.3,cold_start_fallback,0,0.0,0,0.0,0.0,
3017,1786842602.7183607,friend,,0.001,zai_amortized,0,0.7,622271928,0.0,0.0,
3018,1786842602.740006,ollama_cloud,,0.3403472792684442,zai_amortized,0,0.7,293817539,100.0,0.0,
3019,1786842603.095502,ppq,deepseek/deepseek-v4-flash,0.06542517205402267,ppq_ledger,1,0.40922674,1560382,0.10208826082,0.0,
3020,1786842603.095502,ppq,moonshotai/kimi-k3,2.497018421052631,ppq_ledger,1,0.3000133,190,0.00047443349999999997,0.0,
3021,1786842603.095502,ppq,z-ai/glm-5,1.0743845322771748,ppq_ledger,1,0.5714743499999999,3878205,4.166683465,0.0,
3022,1786842603.095502,ppq,z-ai/glm-5.2,0.2576523643245763,ppq_ledger,1,1.0,20029486,5.160644424106,0.0,
3023,1786842603.095502,ppq,,0.37026045252579654,ppq_ledger,1,1.0,25468263,9.429890583426001,0.0,
3024,1786842603.1005485,openrouter,,0.45938656139512385,openrouter_actual,1,1.0,11599716,5.328753646400001,0.0,
3025,1786842602.7183564,ours,,0.001,cold_start_fallback,0,0.0,0,0.0,0.0,
3026,1786842602.7183564,deepinfra,,1.3,cold_start_fallback,0,0.0,0,0.0,0.0,
3027,1786842902.3726115,friend,,0.001,zai_amortized,0,0.7,622271928,0.0,0.0,
3028,1786842902.3897378,ollama_cloud,,0.3403472792684442,zai_amortized,0,0.7,293817539,100.0,0.0,
3029,1786842902.6352158,ppq,deepseek/deepseek-v4-flash,0.06542517205402267,ppq_ledger,1,0.40922674,1560382,0.10208826082,0.0,
3030,1786842902.6352158,ppq,moonshotai/kimi-k3,2.497018421052631,ppq_ledger,1,0.3000133,190,0.00047443349999999997,0.0,
3031,1786842902.6352158,ppq,z-ai/glm-5,1.0743845322771748,ppq_ledger,1,0.5714743499999999,3878205,4.166683465,0.0,
3032,1786842902.6352158,ppq,z-ai/glm-5.2,0.2576523643245763,ppq_ledger,1,1.0,20029486,5.160644424106,0.0,
3033,1786842902.6352158,ppq,,0.37026045252579654,ppq_ledger,1,1.0,25468263,9.429890583426001,0.0,
3034,1786842902.636417,openrouter,,0.45938656139512385,openrouter_actual,1,1.0,11599716,5.328753646400001,0.0,
3035,1786842902.3726082,ours,,0.001,cold_start_fallback,0,0.0,0,0.0,0.0,
3036,1786842902.3726082,deepinfra,,1.3,cold_start_fallback,0,0.0,0,0.0,0.0,
3037,1786843202.1326485,friend,,0.001,zai_amortized,0,0.7,622271928,0.0,0.0,
3038,1786843202.1686456,ollama_cloud,,0.3403472792684442,zai_amortized,0,0.7,293817539,100.0,0.0,
3039,1786843202.4027603,ppq,deepseek/deepseek-v4-flash,0.06542517205402267,ppq_ledger,1,0.40922674,1560382,0.10208826082,0.0,
3040,1786843202.4027603,ppq,moonshotai/kimi-k3,2.497018421052631,ppq_ledger,1,0.3000133,190,0.00047443349999999997,0.0,
3041,1786843202.4027603,ppq,z-ai/glm-5,1.0743845322771748,ppq_ledger,1,0.5714743499999999,3878205,4.166683465,0.0,
3042,1786843202.4027603,ppq,z-ai/glm-5.2,0.2576523643245763,ppq_ledger,1,1.0,20029486,5.160644424106,0.0,
3043,1786843202.4027603,ppq,,0.37026045252579654,ppq_ledger,1,1.0,25468263,9.429890583426001,0.0,
3044,1786843202.4048204,openrouter,,0.45938656139512385,openrouter_actual,1,1.0,11599716,5.328753646400001,0.0,
3045,1786843202.1326451,ours,,0.001,cold_start_fallback,0,0.0,0,0.0,0.0,
3046,1786843202.1326451,deepinfra,,1.3,cold_start_fallback,0,0.0,0,0.0,0.0,
3047,1786843502.4833777,friend,,0.001,zai_amortized,0,0.7,622271928,0.0,0.0,
3048,1786843502.4998457,ollama_cloud,,0.3403472792684442,zai_amortized,0,0.7,293817539,100.0,0.0,
3049,1786843502.768254,ppq,deepseek/deepseek-v4-flash,0.06542517205402267,ppq_ledger,1,0.40922674,1560382,0.10208826082,0.0,
3050,1786843502.768254,ppq,moonshotai/kimi-k3,2.497018421052631,ppq_ledger,1,0.3000133,190,0.00047443349999999997,0.0,
3051,1786843502.768254,ppq,z-ai/glm-5,1.0743845322771748,ppq_ledger,1,0.5714743499999999,3878205,4.166683465,0.0,
3052,1786843502.768254,ppq,z-ai/glm-5.2,0.2576523643245763,ppq_ledger,1,1.0,20029486,5.160644424106,0.0,
3053,1786843502.768254,ppq,,0.37026045252579654,ppq_ledger,1,1.0,25468263,9.429890583426001,0.0,
3054,1786843502.770191,openrouter,,0.45938656139512385,openrouter_actual,1,1.0,11599716,5.328753646400001,0.0,
3055,1786843502.4833746,ours,,0.001,cold_start_fallback,0,0.0,0,0.0,0.0,
3056,1786843502.4833746,deepinfra,,1.3,cold_start_fallback,0,0.0,0,0.0,0.0,
3057,1786843802.2861433,friend,,0.001,zai_amortized,0,0.7,622271928,0.0,0.0,
3058,1786843802.3031952,ollama_cloud,,0.3403472792684442,zai_amortized,0,0.7,293817539,100.0,0.0,
3059,1786843802.5502057,ppq,deepseek/deepseek-v4-flash,0.06542517205402267,ppq_ledger,1,0.40922674,1560382,0.10208826082,0.0,
3060,1786843802.5502057,ppq,moonshotai/kimi-k3,2.497018421052631,ppq_ledger,1,0.3000133,190,0.00047443349999999997,0.0,
3061,1786843802.5502057,ppq,z-ai/glm-5,1.0743845322771748,ppq_ledger,1,0.5714743499999999,3878205,4.166683465,0.0,
3062,1786843802.5502057,ppq,z-ai/glm-5.2,0.2576523643245763,ppq_ledger,1,1.0,20029486,5.160644424106,0.0,
3063,1786843802.5502057,ppq,,0.37026045252579654,ppq_ledger,1,1.0,25468263,9.429890583426001,0.0,
3064,1786843802.5522432,openrouter,,0.45938656139512385,openrouter_actual,1,1.0,11599716,5.328753646400001,0.0,
3065,1786843802.2861404,ours,,0.001,cold_start_fallback,0,0.0,0,0.0,0.0,
3066,1786843802.2861404,deepinfra,,1.3,cold_start_fallback,0,0.0,0,0.0,0.0,
3067,1786844101.9063566,friend,,0.001,zai_amortized,0,0.7,622890225,0.0,0.0,
3068,1786844101.9236603,ollama_cloud,,0.3403472792684442,zai_amortized,0,0.7,293817539,100.0,0.0,
3069,1786844102.1533751,ppq,deepseek/deepseek-v4-flash,0.06542517205402267,ppq_ledger,1,0.40922674,1560382,0.10208826082,0.0,
3070,1786844102.1533751,ppq,moonshotai/kimi-k3,2.497018421052631,ppq_ledger,1,0.3000133,190,0.00047443349999999997,0.0,
3071,1786844102.1533751,ppq,z-ai/glm-5,1.0743845322771748,ppq_ledger,1,0.5714743499999999,3878205,4.166683465,0.0,
3072,1786844102.1533751,ppq,z-ai/glm-5.2,0.2576523643245763,ppq_ledger,1,1.0,20029486,5.160644424106,0.0,
3073,1786844102.1533751,ppq,,0.37026045252579654,ppq_ledger,1,1.0,25468263,9.429890583426001,0.0,
3074,1786844102.155362,openrouter,,0.45938656139512385,openrouter_actual,1,1.0,11599716,5.328753646400001,0.0,
3075,1786844101.906353,ours,,0.001,cold_start_fallback,0,0.0,0,0.0,0.0,
3076,1786844101.906353,deepinfra,,1.3,cold_start_fallback,0,0.0,0,0.0,0.0,
3077,1786844402.697027,friend,,0.001,zai_amortized,0,0.7,622890225,0.0,0.0,
3078,1786844402.729515,ollama_cloud,,0.3403472792684442,zai_amortized,0,0.7,293817539,100.0,0.0,
3079,1786844402.9987254,ppq,deepseek/deepseek-v4-flash,0.06542517205402267,ppq_ledger,1,0.40922674,1560382,0.10208826082,0.0,
3080,1786844402.9987254,ppq,moonshotai/kimi-k3,2.497018421052631,ppq_ledger,1,0.3000133,190,0.00047443349999999997,0.0,
3081,1786844402.9987254,ppq,z-ai/glm-5,1.0743845322771748,ppq_ledger,1,0.5714743499999999,3878205,4.166683465,0.0,
3082,1786844402.9987254,ppq,z-ai/glm-5.2,0.2576523643245763,ppq_ledger,1,1.0,20029486,5.160644424106,0.0,
3083,1786844402.9987254,ppq,,0.37026045252579654,ppq_ledger,1,1.0,25468263,9.429890583426001,0.0,
3084,1786844402.9998758,openrouter,,0.45938656139512385,openrouter_actual,1,1.0,11599716,5.328753646400001,0.0,
3085,1786844402.6970243,ours,,0.001,cold_start_fallback,0,0.0,0,0.0,0.0,
3086,1786844402.6970243,deepinfra,,1.3,cold_start_fallback,0,0.0,0,0.0,0.0,
3087,1786844702.62377,friend,,0.001,zai_amortized,0,0.7,622890225,0.0,0.0,
3088,1786844702.638556,ollama_cloud,,0.3403472792684442,zai_amortized,0,0.7,293817539,100.0,0.0,
3089,1786844702.8800125,ppq,deepseek/deepseek-v4-flash,0.06542517205402267,ppq_ledger,1,0.40922674,1560382,0.10208826082,0.0,
3090,1786844702.8800125,ppq,moonshotai/kimi-k3,2.497018421052631,ppq_ledger,1,0.3000133,190,0.00047443349999999997,0.0,
3091,1786844702.8800125,ppq,z-ai/glm-5,1.0743845322771748,ppq_ledger,1,0.5714743499999999,3878205,4.166683465,0.0,
3092,1786844702.8800125,ppq,z-ai/glm-5.2,0.2576523643245763,ppq_ledger,1,1.0,20029486,5.160644424106,0.0,
3093,1786844702.8800125,ppq,,0.37026045252579654,ppq_ledger,1,1.0,25468263,9.429890583426001,0.0,
3094,1786844702.881713,openrouter,,0.45938656139512385,openrouter_actual,1,1.0,11599716,5.328753646400001,0.0,
3095,1786844702.623767,ours,,0.001,cold_start_fallback,0,0.0,0,0.0,0.0,
3096,1786844702.623767,deepinfra,,1.3,cold_start_fallback,0,0.0,0,0.0,0.0,
3097,1786845002.0013552,friend,,0.001,zai_amortized,0,0.7,622890225,0.0,0.0,
3098,1786845002.0171416,ollama_cloud,,0.3403472792684442,zai_amortized,0,0.7,293817539,100.0,0.0,
3099,1786845002.2515237,ppq,deepseek/deepseek-v4-flash,0.06542517205402267,ppq_ledger,1,0.40922674,1560382,0.10208826082,0.0,
3100,1786845002.2515237,ppq,moonshotai/kimi-k3,2.497018421052631,ppq_ledger,1,0.3000133,190,0.00047443349999999997,0.0,
3101,1786845002.2515237,ppq,z-ai/glm-5,1.0743845322771748,ppq_ledger,1,0.5714743499999999,3878205,4.166683465,0.0,
3102,1786845002.2515237,ppq,z-ai/glm-5.2,0.2576523643245763,ppq_ledger,1,1.0,20029486,5.160644424106,0.0,
3103,1786845002.2515237,ppq,,0.37026045252579654,ppq_ledger,1,1.0,25468263,9.429890583426001,0.0,
3104,1786845002.2526166,openrouter,,0.45938656139512385,openrouter_actual,1,1.0,11599716,5.328753646400001,0.0,
3105,1786845002.0013516,ours,,0.001,cold_start_fallback,0,0.0,0,0.0,0.0,
3106,1786845002.0013516,deepinfra,,1.3,cold_start_fallback,0,0.0,0,0.0,0.0,
3107,1786845302.3429246,friend,,0.001,zai_amortized,0,0.7,622890225,0.0,0.0,
3108,1786845302.352023,ollama_cloud,,0.3403472792684442,zai_amortized,0,0.7,293817539,100.0,0.0,
3109,1786845302.8540611,ppq,deepseek/deepseek-v4-flash,0.06542517205402267,ppq_ledger,1,0.40922674,1560382,0.10208826082,0.0,
3110,1786845302.8540611,ppq,moonshotai/kimi-k3,2.497018421052631,ppq_ledger,1,0.3000133,190,0.00047443349999999997,0.0,
3111,1786845302.8540611,ppq,z-ai/glm-5,1.0743845322771748,ppq_ledger,1,0.5714743499999999,3878205,4.166683465,0.0,
3112,1786845302.8540611,ppq,z-ai/glm-5.2,0.2576523643245763,ppq_ledger,1,1.0,20029486,5.160644424106,0.0,
3113,1786845302.8540611,ppq,,0.37026045252579654,ppq_ledger,1,1.0,25468263,9.429890583426001,0.0,
3114,1786845302.8562362,openrouter,,0.45938656139512385,openrouter_actual,1,1.0,11599716,5.328753646400001,0.0,
3115,1786845302.3429222,ours,,0.001,cold_start_fallback,0,0.0,0,0.0,0.0,
3116,1786845302.3429222,deepinfra,,1.3,cold_start_fallback,0,0.0,0,0.0,0.0,
3117,1786845602.3705437,friend,,0.001,zai_amortized,0,0.7,622890225,0.0,0.0,
3118,1786845602.3873012,ollama_cloud,,0.3403472792684442,zai_amortized,0,0.7,293817539,100.0,0.0,
3119,1786845602.636368,ppq,deepseek/deepseek-v4-flash,0.06542517205402267,ppq_ledger,1,0.40922674,1560382,0.10208826082,0.0,
3120,1786845602.636368,ppq,moonshotai/kimi-k3,2.497018421052631,ppq_ledger,1,0.3000133,190,0.00047443349999999997,0.0,
3121,1786845602.636368,ppq,z-ai/glm-5,1.0743845322771748,ppq_ledger,1,0.5714743499999999,3878205,4.166683465,0.0,
3122,1786845602.636368,ppq,z-ai/glm-5.2,0.2576523643245763,ppq_ledger,1,1.0,20029486,5.160644424106,0.0,
3123,1786845602.636368,ppq,,0.37026045252579654,ppq_ledger,1,1.0,25468263,9.429890583426001,0.0,
3124,1786845602.6436722,openrouter,,0.45938656139512385,openrouter_actual,1,1.0,11599716,5.328753646400001,0.0,
3125,1786845602.3705401,ours,,0.001,cold_start_fallback,0,0.0,0,0.0,0.0,
3126,1786845602.3705401,deepinfra,,1.3,cold_start_fallback,0,0.0,0,0.0,0.0,
3127,1786845902.6198726,friend,,0.001,zai_amortized,0,0.7,623109669,0.0,0.0,
3128,1786845902.6376216,ollama_cloud,,0.3403472792684442,zai_amortized,0,0.7,293817539,100.0,0.0,
3129,1786845902.8875802,ppq,deepseek/deepseek-v4-flash,0.06542517205402267,ppq_ledger,1,0.40922674,1560382,0.10208826082,0.0,
3130,1786845902.8875802,ppq,moonshotai/kimi-k3,2.497018421052631,ppq_ledger,1,0.3000133,190,0.00047443349999999997,0.0,
3131,1786845902.8875802,ppq,z-ai/glm-5,1.0743845322771748,ppq_ledger,1,0.5714743499999999,3878205,4.166683465,0.0,
3132,1786845902.8875802,ppq,z-ai/glm-5.2,0.2576523643245763,ppq_ledger,1,1.0,20029486,5.160644424106,0.0,
3133,1786845902.8875802,ppq,,0.37026045252579654,ppq_ledger,1,1.0,25468263,9.429890583426001,0.0,
3134,1786845902.8896918,openrouter,,0.45938656139512385,openrouter_actual,1,1.0,11599716,5.328753646400001,0.0,
3135,1786845902.6198702,ours,,0.001,cold_start_fallback,0,0.0,0,0.0,0.0,
3136,1786845902.6198702,deepinfra,,1.3,cold_start_fallback,0,0.0,0,0.0,0.0,
3137,1786846201.9186249,friend,,0.001,zai_amortized,0,0.7,623601166,0.0,0.0,
3138,1786846201.933136,ollama_cloud,,0.3403472792684442,zai_amortized,0,0.7,293817539,100.0,0.0,
3139,1786846202.1956415,ppq,deepseek/deepseek-v4-flash,0.06542517205402267,ppq_ledger,1,0.40922674,1560382,0.10208826082,0.0,
3140,1786846202.1956415,ppq,moonshotai/kimi-k3,2.497018421052631,ppq_ledger,1,0.3000133,190,0.00047443349999999997,0.0,
3141,1786846202.1956415,ppq,z-ai/glm-5,1.0743845322771748,ppq_ledger,1,0.5714743499999999,3878205,4.166683465,0.0,
3142,1786846202.1956415,ppq,z-ai/glm-5.2,0.2576523643245763,ppq_ledger,1,1.0,20029486,5.160644424106,0.0,
3143,1786846202.1956415,ppq,,0.37026045252579654,ppq_ledger,1,1.0,25468263,9.429890583426001,0.0,
3144,1786846202.2066934,openrouter,,0.45938656139512385,openrouter_actual,1,1.0,11599716,5.328753646400001,0.0,
3145,1786846201.9186218,ours,,0.001,cold_start_fallback,0,0.0,0,0.0,0.0,
3146,1786846201.9186218,deepinfra,,1.3,cold_start_fallback,0,0.0,0,0.0,0.0,
3147,1786846502.744425,friend,,0.001,zai_amortized,0,0.7,623601166,0.0,0.0,
3148,1786846502.7589803,ollama_cloud,,0.3403472792684442,zai_amortized,0,0.7,293817539,100.0,0.0,
3149,1786846503.0070858,ppq,deepseek/deepseek-v4-flash,0.06542517205402267,ppq_ledger,1,0.40922674,1560382,0.10208826082,0.0,
3150,1786846503.0070858,ppq,moonshotai/kimi-k3,2.497018421052631,ppq_ledger,1,0.3000133,190,0.00047443349999999997,0.0,
3151,1786846503.0070858,ppq,z-ai/glm-5,1.0743845322771748,ppq_ledger,1,0.5714743499999999,3878205,4.166683465,0.0,
3152,1786846503.0070858,ppq,z-ai/glm-5.2,0.2576523643245763,ppq_ledger,1,1.0,20029486,5.160644424106,0.0,
3153,1786846503.0070858,ppq,,0.37026045252579654,ppq_ledger,1,1.0,25468263,9.429890583426001,0.0,
3154,1786846503.0122209,openrouter,,0.45938656139512385,openrouter_actual,1,1.0,11599716,5.328753646400001,0.0,
3155,1786846502.7444189,ours,,0.001,cold_start_fallback,0,0.0,0,0.0,0.0,
3156,1786846502.7444189,deepinfra,,1.3,cold_start_fallback,0,0.0,0,0.0,0.0,
3157,1786846802.3682435,friend,,0.001,zai_amortized,0,0.7,623601166,0.0,0.0,
3158,1786846802.385503,ollama_cloud,,0.3403472792684442,zai_amortized,0,0.7,293817539,100.0,0.0,
3159,1786846802.6329713,ppq,deepseek/deepseek-v4-flash,0.06542517205402267,ppq_ledger,1,0.40922674,1560382,0.10208826082,0.0,
3160,1786846802.6329713,ppq,moonshotai/kimi-k3,2.497018421052631,ppq_ledger,1,0.3000133,190,0.00047443349999999997,0.0,
3161,1786846802.6329713,ppq,z-ai/glm-5,1.0743845322771748,ppq_ledger,1,0.5714743499999999,3878205,4.166683465,0.0,
3162,1786846802.6329713,ppq,z-ai/glm-5.2,0.2576523643245763,ppq_ledger,1,1.0,20029486,5.160644424106,0.0,
3163,1786846802.6329713,ppq,,0.37026045252579654,ppq_ledger,1,1.0,25468263,9.429890583426001,0.0,
3164,1786846802.6369183,openrouter,,0.45938656139512385,openrouter_actual,1,1.0,11599716,5.328753646400001,0.0,
3165,1786846802.3682404,ours,,0.001,cold_start_fallback,0,0.0,0,0.0,0.0,
3166,1786846802.3682404,deepinfra,,1.3,cold_start_fallback,0,0.0,0,0.0,0.0,
3167,1786847101.9225929,friend,,0.001,zai_amortized,0,0.7,623601166,0.0,0.0,
3168,1786847101.9395032,ollama_cloud,,0.3403472792684442,zai_amortized,0,0.7,293817539,100.0,0.0,
3169,1786847102.1736097,ppq,deepseek/deepseek-v4-flash,0.06542517205402267,ppq_ledger,1,0.40922674,1560382,0.10208826082,0.0,
3170,1786847102.1736097,ppq,moonshotai/kimi-k3,2.497018421052631,ppq_ledger,1,0.3000133,190,0.00047443349999999997,0.0,
3171,1786847102.1736097,ppq,z-ai/glm-5,1.0743845322771748,ppq_ledger,1,0.5714743499999999,3878205,4.166683465,0.0,
3172,1786847102.1736097,ppq,z-ai/glm-5.2,0.2576523643245763,ppq_ledger,1,1.0,20029486,5.160644424106,0.0,
3173,1786847102.1736097,ppq,,0.37026045252579654,ppq_ledger,1,1.0,25468263,9.429890583426001,0.0,
3174,1786847102.1790864,openrouter,,0.45938656139512385,openrouter_actual,1,1.0,11599716,5.328753646400001,0.0,
3175,1786847101.9225898,ours,,0.001,cold_start_fallback,0,0.0,0,0.0,0.0,
3176,1786847101.9225898,deepinfra,,1.3,cold_start_fallback,0,0.0,0,0.0,0.0,
3177,1786847402.587576,friend,,0.001,zai_amortized,0,0.7,623601166,0.0,0.0,
3178,1786847402.6202636,ollama_cloud,,0.3403472792684442,zai_amortized,0,0.7,293817539,100.0,0.0,
3179,1786847402.9114792,ppq,deepseek/deepseek-v4-flash,0.06542517205402267,ppq_ledger,1,0.40922674,1560382,0.10208826082,0.0,
3180,1786847402.9114792,ppq,moonshotai/kimi-k3,2.497018421052631,ppq_ledger,1,0.3000133,190,0.00047443349999999997,0.0,
3181,1786847402.9114792,ppq,z-ai/glm-5,1.0743845322771748,ppq_ledger,1,0.5714743499999999,3878205,4.166683465,0.0,
3182,1786847402.9114792,ppq,z-ai/glm-5.2,0.2576523643245763,ppq_ledger,1,1.0,20029486,5.160644424106,0.0,
3183,1786847402.9114792,ppq,,0.37026045252579654,ppq_ledger,1,1.0,25468263,9.429890583426001,0.0,
3184,1786847402.9138253,openrouter,,0.45938656139512385,openrouter_actual,1,1.0,11599716,5.328753646400001,0.0,
3185,1786847402.5875716,ours,,0.001,cold_start_fallback,0,0.0,0,0.0,0.0,
3186,1786847402.5875716,deepinfra,,1.3,cold_start_fallback,0,0.0,0,0.0,0.0,
3187,1786847702.672505,friend,,0.001,zai_amortized,0,0.7,623798984,0.0,0.0,
3188,1786847702.687681,ollama_cloud,,0.3403472792684442,zai_amortized,0,0.7,293817539,100.0,0.0,
3189,1786847703.178977,ppq,deepseek/deepseek-v4-flash,0.06542517205402267,ppq_ledger,1,0.40922674,1560382,0.10208826082,0.0,
3190,1786847703.178977,ppq,moonshotai/kimi-k3,2.497018421052631,ppq_ledger,1,0.3000133,190,0.00047443349999999997,0.0,
3191,1786847703.178977,ppq,z-ai/glm-5,1.0743845322771748,ppq_ledger,1,0.5714743499999999,3878205,4.166683465,0.0,
3192,1786847703.178977,ppq,z-ai/glm-5.2,0.2576523643245763,ppq_ledger,1,1.0,20029486,5.160644424106,0.0,
3193,1786847703.178977,ppq,,0.37026045252579654,ppq_ledger,1,1.0,25468263,9.429890583426001,0.0,
3194,1786847703.180935,openrouter,,0.45938656139512385,openrouter_actual,1,1.0,11599716,5.328753646400001,0.0,
3195,1786847702.672502,ours,,0.001,cold_start_fallback,0,0.0,0,0.0,0.0,
3196,1786847702.672502,deepinfra,,1.3,cold_start_fallback,0,0.0,0,0.0,0.0,
3197,1786848002.366279,friend,,0.001,zai_amortized,0,0.7,624033115,0.0,0.0,
3198,1786848002.39368,ollama_cloud,,0.3403472792684442,zai_amortized,0,0.7,293817539,100.0,0.0,
3199,1786848002.6473045,ppq,deepseek/deepseek-v4-flash,0.06542517205402267,ppq_ledger,1,0.40922674,1560382,0.10208826082,0.0,
3200,1786848002.6473045,ppq,moonshotai/kimi-k3,2.497018421052631,ppq_ledger,1,0.3000133,190,0.00047443349999999997,0.0,
3201,1786848002.6473045,ppq,z-ai/glm-5,1.0743845322771748,ppq_ledger,1,0.5714743499999999,3878205,4.166683465,0.0,
3202,1786848002.6473045,ppq,z-ai/glm-5.2,0.2576523643245763,ppq_ledger,1,1.0,20029486,5.160644424106,0.0,
3203,1786848002.6473045,ppq,,0.37026045252579654,ppq_ledger,1,1.0,25468263,9.429890583426001,0.0,
3204,1786848002.6485722,openrouter,,0.45938656139512385,openrouter_actual,1,1.0,11599716,5.328753646400001,0.0,
3205,1786848002.3662758,ours,,0.001,cold_start_fallback,0,0.0,0,0.0,0.0,
3206,1786848002.3662758,deepinfra,,1.3,cold_start_fallback,0,0.0,0,0.0,0.0,
3207,1786848302.1343648,friend,,0.001,zai_amortized,0,0.7,624111028,0.0,0.0,
3208,1786848302.1525037,ollama_cloud,,0.3403472792684442,zai_amortized,0,0.7,293817539,100.0,0.0,
3209,1786848302.3955355,ppq,deepseek/deepseek-v4-flash,0.06542517205402267,ppq_ledger,1,0.40922674,1560382,0.10208826082,0.0,
3210,1786848302.3955355,ppq,moonshotai/kimi-k3,2.497018421052631,ppq_ledger,1,0.3000133,190,0.00047443349999999997,0.0,
3211,1786848302.3955355,ppq,z-ai/glm-5,1.0743845322771748,ppq_ledger,1,0.5714743499999999,3878205,4.166683465,0.0,
3212,1786848302.3955355,ppq,z-ai/glm-5.2,0.2576523643245763,ppq_ledger,1,1.0,20029486,5.160644424106,0.0,
3213,1786848302.3955355,ppq,,0.37026045252579654,ppq_ledger,1,1.0,25468263,9.429890583426001,0.0,
3214,1786848302.4005914,openrouter,,0.45938656139512385,openrouter_actual,1,1.0,11599716,5.328753646400001,0.0,
3215,1786848302.1343622,ours,,0.001,cold_start_fallback,0,0.0,0,0.0,0.0,
3216,1786848302.1343622,deepinfra,,1.3,cold_start_fallback,0,0.0,0,0.0,0.0,
3217,1786848602.7580667,friend,,0.001,zai_amortized,0,0.7,624111028,0.0,0.0,
3218,1786848602.7864666,ollama_cloud,,0.3403472792684442,zai_amortized,0,0.7,293817539,100.0,0.0,
3219,1786848603.0643537,ppq,deepseek/deepseek-v4-flash,0.06542517205402267,ppq_ledger,1,0.40922674,1560382,0.10208826082,0.0,
3220,1786848603.0643537,ppq,moonshotai/kimi-k3,2.497018421052631,ppq_ledger,1,0.3000133,190,0.00047443349999999997,0.0,
3221,1786848603.0643537,ppq,z-ai/glm-5,1.0743845322771748,ppq_ledger,1,0.5714743499999999,3878205,4.166683465,0.0,
3222,1786848603.0643537,ppq,z-ai/glm-5.2,0.2576523643245763,ppq_ledger,1,1.0,20029486,5.160644424106,0.0,
3223,1786848603.0643537,ppq,,0.37026045252579654,ppq_ledger,1,1.0,25468263,9.429890583426001,0.0,
3224,1786848603.0661135,openrouter,,0.45938656139512385,openrouter_actual,1,1.0,11599716,5.328753646400001,0.0,
3225,1786848602.7580638,ours,,0.001,cold_start_fallback,0,0.0,0,0.0,0.0,
3226,1786848602.7580638,deepinfra,,1.3,cold_start_fallback,0,0.0,0,0.0,0.0,
3227,1786848902.5588248,friend,,0.001,zai_amortized,0,0.7,624111028,0.0,0.0,
3228,1786848902.5767102,ollama_cloud,,0.3403472792684442,zai_amortized,0,0.7,293817539,100.0,0.0,
3229,1786848902.8246942,ppq,deepseek/deepseek-v4-flash,0.06542517205402267,ppq_ledger,1,0.40922674,1560382,0.10208826082,0.0,
3230,1786848902.8246942,ppq,moonshotai/kimi-k3,2.497018421052631,ppq_ledger,1,0.3000133,190,0.00047443349999999997,0.0,
3231,1786848902.8246942,ppq,z-ai/glm-5,1.0743845322771748,ppq_ledger,1,0.5714743499999999,3878205,4.166683465,0.0,
3232,1786848902.8246942,ppq,z-ai/glm-5.2,0.2576523643245763,ppq_ledger,1,1.0,20029486,5.160644424106,0.0,
3233,1786848902.8246942,ppq,,0.37026045252579654,ppq_ledger,1,1.0,25468263,9.429890583426001,0.0,
3234,1786848902.8269525,openrouter,,0.45938656139512385,openrouter_actual,1,1.0,11599716,5.328753646400001,0.0,
3235,1786848902.5588214,ours,,0.001,cold_start_fallback,0,0.0,0,0.0,0.0,
3236,1786848902.5588214,deepinfra,,1.3,cold_start_fallback,0,0.0,0,0.0,0.0,
3237,1786849202.3592083,friend,,0.001,zai_amortized,0,0.7,624111028,0.0,0.0,
3238,1786849202.402223,ollama_cloud,,0.3403472792684442,zai_amortized,0,0.7,293817539,100.0,0.0,
3239,1786849202.6880944,ppq,deepseek/deepseek-v4-flash,0.06542517205402267,ppq_ledger,1,0.40922674,1560382,0.10208826082,0.0,
3240,1786849202.6880944,ppq,moonshotai/kimi-k3,2.497018421052631,ppq_ledger,1,0.3000133,190,0.00047443349999999997,0.0,
3241,1786849202.6880944,ppq,z-ai/glm-5,1.0743845322771748,ppq_ledger,1,0.5714743499999999,3878205,4.166683465,0.0,
3242,1786849202.6880944,ppq,z-ai/glm-5.2,0.2576523643245763,ppq_ledger,1,1.0,20029486,5.160644424106,0.0,
3243,1786849202.6880944,ppq,,0.37026045252579654,ppq_ledger,1,1.0,25468263,9.429890583426001,0.0,
3244,1786849202.7391572,openrouter,,0.45938656139512385,openrouter_actual,1,1.0,11599716,5.328753646400001,0.0,
3245,1786849202.359206,ours,,0.001,cold_start_fallback,0,0.0,0,0.0,0.0,
3246,1786849202.359206,deepinfra,,1.3,cold_start_fallback,0,0.0,0,0.0,0.0,
3247,1786849502.0836554,friend,,0.001,zai_amortized,0,0.7,624111028,0.0,0.0,
3248,1786849502.1026647,ollama_cloud,,0.3403472792684442,zai_amortized,0,0.7,293817539,100.0,0.0,
3249,1786849502.3494625,ppq,deepseek/deepseek-v4-flash,0.06542517205402267,ppq_ledger,1,0.40922674,1560382,0.10208826082,0.0,
3250,1786849502.3494625,ppq,moonshotai/kimi-k3,2.497018421052631,ppq_ledger,1,0.3000133,190,0.00047443349999999997,0.0,
3251,1786849502.3494625,ppq,z-ai/glm-5,1.0743845322771748,ppq_ledger,1,0.5714743499999999,3878205,4.166683465,0.0,
3252,1786849502.3494625,ppq,z-ai/glm-5.2,0.2576523643245763,ppq_ledger,1,1.0,20029486,5.160644424106,0.0,
3253,1786849502.3494625,ppq,,0.37026045252579654,ppq_ledger,1,1.0,25468263,9.429890583426001,0.0,
3254,1786849502.3515294,openrouter,,0.45938656139512385,openrouter_actual,1,1.0,11599716,5.328753646400001,0.0,
3255,1786849502.0836523,ours,,0.001,cold_start_fallback,0,0.0,0,0.0,0.0,
3256,1786849502.0836523,deepinfra,,1.3,cold_start_fallback,0,0.0,0,0.0,0.0,
3257,1786849802.2200377,friend,,0.001,zai_amortized,0,0.7,624111028,0.0,0.0,
3258,1786849802.2367644,ollama_cloud,,0.3403472792684442,zai_amortized,0,0.7,293817539,100.0,0.0,
3259,1786849802.4679391,ppq,deepseek/deepseek-v4-flash,0.06542517205402267,ppq_ledger,1,0.40922674,1560382,0.10208826082,0.0,
3260,1786849802.4679391,ppq,moonshotai/kimi-k3,2.497018421052631,ppq_ledger,1,0.3000133,190,0.00047443349999999997,0.0,
3261,1786849802.4679391,ppq,z-ai/glm-5,1.0743845322771748,ppq_ledger,1,0.5714743499999999,3878205,4.166683465,0.0,
3262,1786849802.4679391,ppq,z-ai/glm-5.2,0.2576523643245763,ppq_ledger,1,1.0,20029486,5.160644424106,0.0,
3263,1786849802.4679391,ppq,,0.37026045252579654,ppq_ledger,1,1.0,25468263,9.429890583426001,0.0,
3264,1786849802.4691556,openrouter,,0.45938656139512385,openrouter_actual,1,1.0,11599716,5.328753646400001,0.0,
3265,1786849802.2200348,ours,,0.001,cold_start_fallback,0,0.0,0,0.0,0.0,
3266,1786849802.2200348,deepinfra,,1.3,cold_start_fallback,0,0.0,0,0.0,0.0,
3267,1786850101.8883462,friend,,0.001,zai_amortized,0,0.7,624111028,0.0,0.0,
3268,1786850101.903811,ollama_cloud,,0.3403472792684442,zai_amortized,0,0.7,293817539,100.0,0.0,
3269,1786850102.133364,ppq,deepseek/deepseek-v4-flash,0.06542517205402267,ppq_ledger,1,0.40922674,1560382,0.10208826082,0.0,
3270,1786850102.133364,ppq,moonshotai/kimi-k3,2.497018421052631,ppq_ledger,1,0.3000133,190,0.00047443349999999997,0.0,
3271,1786850102.133364,ppq,z-ai/glm-5,1.0743845322771748,ppq_ledger,1,0.5714743499999999,3878205,4.166683465,0.0,
3272,1786850102.133364,ppq,z-ai/glm-5.2,0.2576523643245763,ppq_ledger,1,1.0,20029486,5.160644424106,0.0,
3273,1786850102.133364,ppq,,0.37026045252579654,ppq_ledger,1,1.0,25468263,9.429890583426001,0.0,
3274,1786850102.1345172,openrouter,,0.45938656139512385,openrouter_actual,1,1.0,11599716,5.328753646400001,0.0,
3275,1786850101.8883426,ours,,0.001,cold_start_fallback,0,0.0,0,0.0,0.0,
3276,1786850101.8883426,deepinfra,,1.3,cold_start_fallback,0,0.0,0,0.0,0.0,
3277,1786850402.5231888,friend,,0.001,zai_amortized,0,0.7,624111028,0.0,0.0,
3278,1786850402.5557451,ollama_cloud,,0.3403472792684442,zai_amortized,0,0.7,293817539,100.0,0.0,
3279,1786850402.8062072,ppq,deepseek/deepseek-v4-flash,0.06542517205402267,ppq_ledger,1,0.40922674,1560382,0.10208826082,0.0,
3280,1786850402.8062072,ppq,moonshotai/kimi-k3,2.497018421052631,ppq_ledger,1,0.3000133,190,0.00047443349999999997,0.0,
3281,1786850402.8062072,ppq,z-ai/glm-5,1.0743845322771748,ppq_ledger,1,0.5714743499999999,3878205,4.166683465,0.0,
3282,1786850402.8062072,ppq,z-ai/glm-5.2,0.2576523643245763,ppq_ledger,1,1.0,20029486,5.160644424106,0.0,
3283,1786850402.8062072,ppq,,0.37026045252579654,ppq_ledger,1,1.0,25468263,9.429890583426001,0.0,
3284,1786850402.8073444,openrouter,,0.45938656139512385,openrouter_actual,1,1.0,11599716,5.328753646400001,0.0,
3285,1786850402.5231845,ours,,0.001,cold_start_fallback,0,0.0,0,0.0,0.0,
3286,1786850402.5231845,deepinfra,,1.3,cold_start_fallback,0,0.0,0,0.0,0.0,
3287,1786850701.9466155,friend,,0.001,zai_amortized,0,0.7,624111028,0.0,0.0,
3288,1786850701.9638348,ollama_cloud,,0.3403472792684442,zai_amortized,0,0.7,293817539,100.0,0.0,
3289,1786850702.203939,ppq,deepseek/deepseek-v4-flash,0.06542517205402267,ppq_ledger,1,0.40922674,1560382,0.10208826082,0.0,
3290,1786850702.203939,ppq,moonshotai/kimi-k3,2.497018421052631,ppq_ledger,1,0.3000133,190,0.00047443349999999997,0.0,
3291,1786850702.203939,ppq,z-ai/glm-5,1.0743845322771748,ppq_ledger,1,0.5714743499999999,3878205,4.166683465,0.0,
3292,1786850702.203939,ppq,z-ai/glm-5.2,0.2576523643245763,ppq_ledger,1,1.0,20029486,5.160644424106,0.0,
3293,1786850702.203939,ppq,,0.37026045252579654,ppq_ledger,1,1.0,25468263,9.429890583426001,0.0,
3294,1786850702.205311,openrouter,,0.45938656139512385,openrouter_actual,1,1.0,11599716,5.328753646400001,0.0,
3295,1786850701.946612,ours,,0.001,cold_start_fallback,0,0.0,0,0.0,0.0,
3296,1786850701.946612,deepinfra,,1.3,cold_start_fallback,0,0.0,0,0.0,0.0,
3297,1786851001.8700686,friend,,0.001,zai_amortized,0,0.7,624111028,0.0,0.0,
3298,1786851001.918869,ollama_cloud,,0.3403472792684442,zai_amortized,0,0.7,293817539,100.0,0.0,
3299,1786851002.2272341,ppq,deepseek/deepseek-v4-flash,0.06542517205402267,ppq_ledger,1,0.40922674,1560382,0.10208826082,0.0,
3300,1786851002.2272341,ppq,moonshotai/kimi-k3,2.497018421052631,ppq_ledger,1,0.3000133,190,0.00047443349999999997,0.0,
3301,1786851002.2272341,ppq,z-ai/glm-5,1.0743845322771748,ppq_ledger,1,0.5714743499999999,3878205,4.166683465,0.0,
3302,1786851002.2272341,ppq,z-ai/glm-5.2,0.2576523643245763,ppq_ledger,1,1.0,20029486,5.160644424106,0.0,
3303,1786851002.2272341,ppq,,0.37026045252579654,ppq_ledger,1,1.0,25468263,9.429890583426001,0.0,
3304,1786851002.235493,openrouter,,0.45938656139512385,openrouter_actual,1,1.0,11599716,5.328753646400001,0.0,
3305,1786851001.8700657,ours,,0.001,cold_start_fallback,0,0.0,0,0.0,0.0,
3306,1786851001.8700657,deepinfra,,1.3,cold_start_fallback,0,0.0,0,0.0,0.0,
3307,1786851301.9491751,friend,,0.001,zai_amortized,0,0.7,624111028,0.0,0.0,
3308,1786851301.9655287,ollama_cloud,,0.3403472792684442,zai_amortized,0,0.7,293817539,100.0,0.0,
3309,1786851302.2065015,ppq,deepseek/deepseek-v4-flash,0.06542517205402267,ppq_ledger,1,0.40922674,1560382,0.10208826082,0.0,
3310,1786851302.2065015,ppq,moonshotai/kimi-k3,2.497018421052631,ppq_ledger,1,0.3000133,190,0.00047443349999999997,0.0,
3311,1786851302.2065015,ppq,z-ai/glm-5,1.0743845322771748,ppq_ledger,1,0.5714743499999999,3878205,4.166683465,0.0,
3312,1786851302.2065015,ppq,z-ai/glm-5.2,0.2576523643245763,ppq_ledger,1,1.0,20029486,5.160644424106,0.0,
3313,1786851302.2065015,ppq,,0.37026045252579654,ppq_ledger,1,1.0,25468263,9.429890583426001,0.0,
3314,1786851302.208502,openrouter,,0.45938656139512385,openrouter_actual,1,1.0,11599716,5.328753646400001,0.0,
3315,1786851301.9491723,ours,,0.001,cold_start_fallback,0,0.0,0,0.0,0.0,
3316,1786851301.9491723,deepinfra,,1.3,cold_start_fallback,0,0.0,0,0.0,0.0,
3317,1786851601.9273262,friend,,0.001,zai_amortized,0,0.7,624111028,0.0,0.0,
3318,1786851601.9444747,ollama_cloud,,0.3403472792684442,zai_amortized,0,0.7,293817539,100.0,0.0,
3319,1786851602.2366912,ppq,deepseek/deepseek-v4-flash,0.06542517205402267,ppq_ledger,1,0.40922674,1560382,0.10208826082,0.0,
3320,1786851602.2366912,ppq,moonshotai/kimi-k3,2.497018421052631,ppq_ledger,1,0.3000133,190,0.00047443349999999997,0.0,
3321,1786851602.2366912,ppq,z-ai/glm-5,1.0743845322771748,ppq_ledger,1,0.5714743499999999,3878205,4.166683465,0.0,
3322,1786851602.2366912,ppq,z-ai/glm-5.2,0.2576523643245763,ppq_ledger,1,1.0,20029486,5.160644424106,0.0,
3323,1786851602.2366912,ppq,,0.37026045252579654,ppq_ledger,1,1.0,25468263,9.429890583426001,0.0,
3324,1786851602.2386155,openrouter,,0.45938656139512385,openrouter_actual,1,1.0,11599716,5.328753646400001,0.0,
3325,1786851601.927323,ours,,0.001,cold_start_fallback,0,0.0,0,0.0,0.0,
3326,1786851601.927323,deepinfra,,1.3,cold_start_fallback,0,0.0,0,0.0,0.0,
3327,1786851901.71938,friend,,0.001,zai_amortized,0,0.7,624111028,0.0,0.0,
3328,1786851901.7360942,ollama_cloud,,0.3403472792684442,zai_amortized,0,0.7,293817539,100.0,0.0,
3329,1786851901.9984386,ppq,deepseek/deepseek-v4-flash,0.06542517205402267,ppq_ledger,1,0.40922674,1560382,0.10208826082,0.0,
3330,1786851901.9984386,ppq,moonshotai/kimi-k3,2.497018421052631,ppq_ledger,1,0.3000133,190,0.00047443349999999997,0.0,
3331,1786851901.9984386,ppq,z-ai/glm-5,1.0743845322771748,ppq_ledger,1,0.5714743499999999,3878205,4.166683465,0.0,
3332,1786851901.9984386,ppq,z-ai/glm-5.2,0.2576523643245763,ppq_ledger,1,1.0,20029486,5.160644424106,0.0,
3333,1786851901.9984386,ppq,,0.37026045252579654,ppq_ledger,1,1.0,25468263,9.429890583426001,0.0,
3334,1786851902.0003338,openrouter,,0.45938656139512385,openrouter_actual,1,1.0,11599716,5.328753646400001,0.0,
3335,1786851901.719377,ours,,0.001,cold_start_fallback,0,0.0,0,0.0,0.0,
3336,1786851901.719377,deepinfra,,1.3,cold_start_fallback,0,0.0,0,0.0,0.0,
3337,1786852202.215172,friend,,0.001,zai_amortized,0,0.7,624111028,0.0,0.0,
3338,1786852202.2565496,ollama_cloud,,0.3403472792684442,zai_amortized,0,0.7,293817539,100.0,0.0,
3339,1786852202.512706,ppq,deepseek/deepseek-v4-flash,0.06542517205402267,ppq_ledger,1,0.40922674,1560382,0.10208826082,0.0,
3340,1786852202.512706,ppq,moonshotai/kimi-k3,2.497018421052631,ppq_ledger,1,0.3000133,190,0.00047443349999999997,0.0,
3341,1786852202.512706,ppq,z-ai/glm-5,1.0743845322771748,ppq_ledger,1,0.5714743499999999,3878205,4.166683465,0.0,
3342,1786852202.512706,ppq,z-ai/glm-5.2,0.2576523643245763,ppq_ledger,1,1.0,20029486,5.160644424106,0.0,
3343,1786852202.512706,ppq,,0.37026045252579654,ppq_ledger,1,1.0,25468263,9.429890583426001,0.0,
3344,1786852202.5190654,openrouter,,0.45938656139512385,openrouter_actual,1,1.0,11599716,5.328753646400001,0.0,
3345,1786852202.215168,ours,,0.001,cold_start_fallback,0,0.0,0,0.0,0.0,
3346,1786852202.215168,deepinfra,,1.3,cold_start_fallback,0,0.0,0,0.0,0.0,
3347,1786852501.9050922,friend,,0.001,zai_amortized,0,0.7,624111028,0.0,0.0,
3348,1786852501.9150078,ollama_cloud,,0.3403472792684442,zai_amortized,0,0.7,293817539,100.0,0.0,
3349,1786852502.4077747,ppq,deepseek/deepseek-v4-flash,0.06542517205402267,ppq_ledger,1,0.40922674,1560382,0.10208826082,0.0,
3350,1786852502.4077747,ppq,moonshotai/kimi-k3,2.497018421052631,ppq_ledger,1,0.3000133,190,0.00047443349999999997,0.0,
3351,1786852502.4077747,ppq,z-ai/glm-5,1.0743845322771748,ppq_ledger,1,0.5714743499999999,3878205,4.166683465,0.0,
3352,1786852502.4077747,ppq,z-ai/glm-5.2,0.2576523643245763,ppq_ledger,1,1.0,20029486,5.160644424106,0.0,
3353,1786852502.4077747,ppq,,0.37026045252579654,ppq_ledger,1,1.0,25468263,9.429890583426001,0.0,
3354,1786852502.409009,openrouter,,0.45938656139512385,openrouter_actual,1,1.0,11599716,5.328753646400001,0.0,
3355,1786852501.9050903,ours,,0.001,cold_start_fallback,0,0.0,0,0.0,0.0,
3356,1786852501.9050903,deepinfra,,1.3,cold_start_fallback,0,0.0,0,0.0,0.0,
3357,1786852802.214089,friend,,0.001,zai_amortized,0,0.7,624111028,0.0,0.0,
3358,1786852802.2597342,ollama_cloud,,0.3403472792684442,zai_amortized,0,0.7,293817539,100.0,0.0,
3359,1786852802.6045651,ppq,deepseek/deepseek-v4-flash,0.06542517205402267,ppq_ledger,1,0.40922674,1560382,0.10208826082,0.0,
3360,1786852802.6045651,ppq,moonshotai/kimi-k3,2.497018421052631,ppq_ledger,1,0.3000133,190,0.00047443349999999997,0.0,
3361,1786852802.6045651,ppq,z-ai/glm-5,1.0743845322771748,ppq_ledger,1,0.5714743499999999,3878205,4.166683465,0.0,
3362,1786852802.6045651,ppq,z-ai/glm-5.2,0.2576523643245763,ppq_ledger,1,1.0,20029486,5.160644424106,0.0,
3363,1786852802.6045651,ppq,,0.37026045252579654,ppq_ledger,1,1.0,25468263,9.429890583426001,0.0,
3364,1786852802.6083,openrouter,,0.45938656139512385,openrouter_actual,1,1.0,11599716,5.328753646400001,0.0,
3365,1786852802.214086,ours,,0.001,cold_start_fallback,0,0.0,0,0.0,0.0,
3366,1786852802.214086,deepinfra,,1.3,cold_start_fallback,0,0.0,0,0.0,0.0,
3367,1786853102.2144644,friend,,0.001,zai_amortized,0,0.7,624111028,0.0,0.0,
3368,1786853102.228982,ollama_cloud,,0.3403472792684442,zai_amortized,0,0.7,293817539,100.0,0.0,
3369,1786853102.4671311,ppq,deepseek/deepseek-v4-flash,0.06542517205402267,ppq_ledger,1,0.40922674,1560382,0.10208826082,0.0,
3370,1786853102.4671311,ppq,moonshotai/kimi-k3,2.497018421052631,ppq_ledger,1,0.3000133,190,0.00047443349999999997,0.0,
3371,1786853102.4671311,ppq,z-ai/glm-5,1.0743845322771748,ppq_ledger,1,0.5714743499999999,3878205,4.166683465,0.0,
3372,1786853102.4671311,ppq,z-ai/glm-5.2,0.2576523643245763,ppq_ledger,1,1.0,20029486,5.160644424106,0.0,
3373,1786853102.4671311,ppq,,0.37026045252579654,ppq_ledger,1,1.0,25468263,9.429890583426001,0.0,
3374,1786853102.4682598,openrouter,,0.45938656139512385,openrouter_actual,1,1.0,11599716,5.328753646400001,0.0,
3375,1786853102.21446,ours,,0.001,cold_start_fallback,0,0.0,0,0.0,0.0,
3376,1786853102.21446,deepinfra,,1.3,cold_start_fallback,0,0.0,0,0.0,0.0,
3377,1786853402.2767973,friend,,0.001,zai_amortized,0,0.7,624111028,0.0,0.0,
3378,1786853402.2934046,ollama_cloud,,0.3403472792684442,zai_amortized,0,0.7,293817539,100.0,0.0,
3379,1786853402.5501568,ppq,deepseek/deepseek-v4-flash,0.06542517205402267,ppq_ledger,1,0.40922674,1560382,0.10208826082,0.0,
3380,1786853402.5501568,ppq,moonshotai/kimi-k3,2.497018421052631,ppq_ledger,1,0.3000133,190,0.00047443349999999997,0.0,
3381,1786853402.5501568,ppq,z-ai/glm-5,1.0743845322771748,ppq_ledger,1,0.5714743499999999,3878205,4.166683465,0.0,
3382,1786853402.5501568,ppq,z-ai/glm-5.2,0.2576523643245763,ppq_ledger,1,1.0,20029486,5.160644424106,0.0,
3383,1786853402.5501568,ppq,,0.37026045252579654,ppq_ledger,1,1.0,25468263,9.429890583426001,0.0,
3384,1786853402.5520954,openrouter,,0.45938656139512385,openrouter_actual,1,1.0,11599716,5.328753646400001,0.0,
3385,1786853402.2767944,ours,,0.001,cold_start_fallback,0,0.0,0,0.0,0.0,
3386,1786853402.2767944,deepinfra,,1.3,cold_start_fallback,0,0.0,0,0.0,0.0,
3387,1786853702.2515256,friend,,0.001,zai_amortized,0,0.7,624111028,0.0,0.0,
3388,1786853702.2679684,ollama_cloud,,0.3403472792684442,zai_amortized,0,0.7,293817539,100.0,0.0,
3389,1786853702.788044,ppq,deepseek/deepseek-v4-flash,0.06542517205402267,ppq_ledger,1,0.40922674,1560382,0.10208826082,0.0,
3390,1786853702.788044,ppq,moonshotai/kimi-k3,2.497018421052631,ppq_ledger,1,0.3000133,190,0.00047443349999999997,0.0,
3391,1786853702.788044,ppq,z-ai/glm-5,1.0743845322771748,ppq_ledger,1,0.5714743499999999,3878205,4.166683465,0.0,
3392,1786853702.788044,ppq,z-ai/glm-5.2,0.2576523643245763,ppq_ledger,1,1.0,20029486,5.160644424106,0.0,
3393,1786853702.788044,ppq,,0.37026045252579654,ppq_ledger,1,1.0,25468263,9.429890583426001,0.0,
3394,1786853702.790033,openrouter,,0.45938656139512385,openrouter_actual,1,1.0,11599716,5.328753646400001,0.0,
3395,1786853702.2515228,ours,,0.001,cold_start_fallback,0,0.0,0,0.0,0.0,
3396,1786853702.2515228,deepinfra,,1.3,cold_start_fallback,0,0.0,0,0.0,0.0,
3397,1786854002.0241842,friend,,0.001,zai_amortized,0,0.7,624111028,0.0,0.0,
3398,1786854002.0407043,ollama_cloud,,0.3403472792684442,zai_amortized,0,0.7,293817539,100.0,0.0,
3399,1786854002.284013,ppq,deepseek/deepseek-v4-flash,0.06542517205402267,ppq_ledger,1,0.40922674,1560382,0.10208826082,0.0,
3400,1786854002.284013,ppq,moonshotai/kimi-k3,2.497018421052631,ppq_ledger,1,0.3000133,190,0.00047443349999999997,0.0,
3401,1786854002.284013,ppq,z-ai/glm-5,1.0743845322771748,ppq_ledger,1,0.5714743499999999,3878205,4.166683465,0.0,
3402,1786854002.284013,ppq,z-ai/glm-5.2,0.2576523643245763,ppq_ledger,1,1.0,20029486,5.160644424106,0.0,
3403,1786854002.284013,ppq,,0.37026045252579654,ppq_ledger,1,1.0,25468263,9.429890583426001,0.0,
3404,1786854002.2859118,openrouter,,0.45938656139512385,openrouter_actual,1,1.0,11599716,5.328753646400001,0.0,
3405,1786854002.0241814,ours,,0.001,cold_start_fallback,0,0.0,0,0.0,0.0,
3406,1786854002.0241814,deepinfra,,1.3,cold_start_fallback,0,0.0,0,0.0,0.0,
3407,1786854301.8068135,friend,,0.001,zai_amortized,0,0.7,624111028,0.0,0.0,
3408,1786854301.8262746,ollama_cloud,,0.3403472792684442,zai_amortized,0,0.7,293817539,100.0,0.0,
3409,1786854302.085327,ppq,deepseek/deepseek-v4-flash,0.06542517205402267,ppq_ledger,1,0.40922674,1560382,0.10208826082,0.0,
3410,1786854302.085327,ppq,moonshotai/kimi-k3,2.497018421052631,ppq_ledger,1,0.3000133,190,0.00047443349999999997,0.0,
3411,1786854302.085327,ppq,z-ai/glm-5,1.0743845322771748,ppq_ledger,1,0.5714743499999999,3878205,4.166683465,0.0,
3412,1786854302.085327,ppq,z-ai/glm-5.2,0.2576523643245763,ppq_ledger,1,1.0,20029486,5.160644424106,0.0,
3413,1786854302.085327,ppq,,0.37026045252579654,ppq_ledger,1,1.0,25468263,9.429890583426001,0.0,
3414,1786854302.087304,openrouter,,0.45938656139512385,openrouter_actual,1,1.0,11599716,5.328753646400001,0.0,
3415,1786854301.8068106,ours,,0.001,cold_start_fallback,0,0.0,0,0.0,0.0,
3416,1786854301.8068106,deepinfra,,1.3,cold_start_fallback,0,0.0,0,0.0,0.0,
3417,1786854602.474868,friend,,0.001,zai_amortized,0,0.7,624111028,0.0,0.0,
3418,1786854602.577278,ollama_cloud,,0.3403472792684442,zai_amortized,0,0.7,293817539,100.0,0.0,
3419,1786854603.0133944,ppq,deepseek/deepseek-v4-flash,0.06542517205402267,ppq_ledger,1,0.40922674,1560382,0.10208826082,0.0,
3420,1786854603.0133944,ppq,moonshotai/kimi-k3,2.497018421052631,ppq_ledger,1,0.3000133,190,0.00047443349999999997,0.0,
3421,1786854603.0133944,ppq,z-ai/glm-5,1.0743845322771748,ppq_ledger,1,0.5714743499999999,3878205,4.166683465,0.0,
3422,1786854603.0133944,ppq,z-ai/glm-5.2,0.2576523643245763,ppq_ledger,1,1.0,20029486,5.160644424106,0.0,
3423,1786854603.0133944,ppq,,0.37026045252579654,ppq_ledger,1,1.0,25468263,9.429890583426001,0.0,
3424,1786854603.022545,openrouter,,0.45938656139512385,openrouter_actual,1,1.0,11599716,5.328753646400001,0.0,
3425,1786854602.4748654,ours,,0.001,cold_start_fallback,0,0.0,0,0.0,0.0,
3426,1786854602.4748654,deepinfra,,1.3,cold_start_fallback,0,0.0,0,0.0,0.0,
3427,1786854901.9026942,friend,,0.001,zai_amortized,0,0.7,624403051,0.0,0.0,
3428,1786854901.9445066,ollama_cloud,,0.3403472792684442,zai_amortized,0,0.7,293817539,100.0,0.0,
3429,1786854902.2261343,ppq,deepseek/deepseek-v4-flash,0.06542517205402267,ppq_ledger,1,0.40922674,1560382,0.10208826082,0.0,
3430,1786854902.2261343,ppq,moonshotai/kimi-k3,2.497018421052631,ppq_ledger,1,0.3000133,190,0.00047443349999999997,0.0,
3431,1786854902.2261343,ppq,z-ai/glm-5,1.0743845322771748,ppq_ledger,1,0.5714743499999999,3878205,4.166683465,0.0,
3432,1786854902.2261343,ppq,z-ai/glm-5.2,0.2576523643245763,ppq_ledger,1,1.0,20029486,5.160644424106,0.0,
3433,1786854902.2261343,ppq,,0.37026045252579654,ppq_ledger,1,1.0,25468263,9.429890583426001,0.0,
3434,1786854902.2284353,openrouter,,0.45938656139512385,openrouter_actual,1,1.0,11599716,5.328753646400001,0.0,
3435,1786854901.9026906,ours,,0.001,cold_start_fallback,0,0.0,0,0.0,0.0,
3436,1786854901.9026906,deepinfra,,1.3,cold_start_fallback,0,0.0,0,0.0,0.0,
3437,1786855202.3097954,friend,,0.001,zai_amortized,0,0.7,624538883,0.0,0.0,
3438,1786855202.3270013,ollama_cloud,,0.3403472792684442,zai_amortized,0,0.7,293817539,100.0,0.0,
3439,1786855202.5676653,ppq,deepseek/deepseek-v4-flash,0.06542517205402267,ppq_ledger,1,0.40922674,1560382,0.10208826082,0.0,
3440,1786855202.5676653,ppq,moonshotai/kimi-k3,2.497018421052631,ppq_ledger,1,0.3000133,190,0.00047443349999999997,0.0,
3441,1786855202.5676653,ppq,z-ai/glm-5,1.0743845322771748,ppq_ledger,1,0.5714743499999999,3878205,4.166683465,0.0,
3442,1786855202.5676653,ppq,z-ai/glm-5.2,0.2576523643245763,ppq_ledger,1,1.0,20029486,5.160644424106,0.0,
3443,1786855202.5676653,ppq,,0.37026045252579654,ppq_ledger,1,1.0,25468263,9.429890583426001,0.0,
3444,1786855202.5717168,openrouter,,0.45938656139512385,openrouter_actual,1,1.0,11599716,5.328753646400001,0.0,
3445,1786855202.309791,ours,,0.001,cold_start_fallback,0,0.0,0,0.0,0.0,
3446,1786855202.309791,deepinfra,,1.3,cold_start_fallback,0,0.0,0,0.0,0.0,
3447,1786855502.1996481,friend,,0.001,zai_amortized,0,0.7,624659434,0.0,0.0,
3448,1786855502.2375479,ollama_cloud,,0.3403472792684442,zai_amortized,0,0.7,293817539,100.0,0.0,
3449,1786855502.525504,ppq,deepseek/deepseek-v4-flash,0.06542517205402267,ppq_ledger,1,0.40922674,1560382,0.10208826082,0.0,
3450,1786855502.525504,ppq,moonshotai/kimi-k3,2.497018421052631,ppq_ledger,1,0.3000133,190,0.00047443349999999997,0.0,
3451,1786855502.525504,ppq,z-ai/glm-5,1.0743845322771748,ppq_ledger,1,0.5714743499999999,3878205,4.166683465,0.0,
3452,1786855502.525504,ppq,z-ai/glm-5.2,0.2576523643245763,ppq_ledger,1,1.0,20029486,5.160644424106,0.0,
3453,1786855502.525504,ppq,,0.37026045252579654,ppq_ledger,1,1.0,25468263,9.429890583426001,0.0,
3454,1786855502.527716,openrouter,,0.45938656139512385,openrouter_actual,1,1.0,11599716,5.328753646400001,0.0,
3455,1786855502.1996446,ours,,0.001,cold_start_fallback,0,0.0,0,0.0,0.0,
3456,1786855502.1996446,deepinfra,,1.3,cold_start_fallback,0,0.0,0,0.0,0.0,
3457,1786855802.6853132,friend,,0.001,zai_amortized,0,0.7,624659434,0.0,0.0,
3458,1786855802.7518728,ollama_cloud,,0.3403472792684442,zai_amortized,0,0.7,293817539,100.0,0.0,
3459,1786855803.1062508,ppq,deepseek/deepseek-v4-flash,0.06542517205402267,ppq_ledger,1,0.40922674,1560382,0.10208826082,0.0,
3460,1786855803.1062508,ppq,moonshotai/kimi-k3,2.497018421052631,ppq_ledger,1,0.3000133,190,0.00047443349999999997,0.0,
3461,1786855803.1062508,ppq,z-ai/glm-5,1.0743845322771748,ppq_ledger,1,0.5714743499999999,3878205,4.166683465,0.0,
3462,1786855803.1062508,ppq,z-ai/glm-5.2,0.2576523643245763,ppq_ledger,1,1.0,20029486,5.160644424106,0.0,
3463,1786855803.1062508,ppq,,0.37026045252579654,ppq_ledger,1,1.0,25468263,9.429890583426001,0.0,
3464,1786855803.1086667,openrouter,,0.45938656139512385,openrouter_actual,1,1.0,11599716,5.328753646400001,0.0,
3465,1786855802.6853096,ours,,0.001,cold_start_fallback,0,0.0,0,0.0,0.0,
3466,1786855802.6853096,deepinfra,,1.3,cold_start_fallback,0,0.0,0,0.0,0.0,
3467,1786856102.697424,friend,,0.001,zai_amortized,0,0.7,624659434,0.0,0.0,
3468,1786856102.7311912,ollama_cloud,,0.3403472792684442,zai_amortized,0,0.7,293817539,100.0,0.0,
3469,1786856102.9797015,ppq,deepseek/deepseek-v4-flash,0.06542517205402267,ppq_ledger,1,0.40922674,1560382,0.10208826082,0.0,
3470,1786856102.9797015,ppq,moonshotai/kimi-k3,2.497018421052631,ppq_ledger,1,0.3000133,190,0.00047443349999999997,0.0,
3471,1786856102.9797015,ppq,z-ai/glm-5,1.0743845322771748,ppq_ledger,1,0.5714743499999999,3878205,4.166683465,0.0,
3472,1786856102.9797015,ppq,z-ai/glm-5.2,0.2576523643245763,ppq_ledger,1,1.0,20029486,5.160644424106,0.0,
3473,1786856102.9797015,ppq,,0.37026045252579654,ppq_ledger,1,1.0,25468263,9.429890583426001,0.0,
3474,1786856102.9828882,openrouter,,0.45938656139512385,openrouter_actual,1,1.0,11599716,5.328753646400001,0.0,
3475,1786856102.6974201,ours,,0.001,cold_start_fallback,0,0.0,0,0.0,0.0,
3476,1786856102.6974201,deepinfra,,1.3,cold_start_fallback,0,0.0,0,0.0,0.0,
3477,1786856403.207793,friend,,0.001,zai_amortized,0,0.7,624659434,0.0,0.0,
3478,1786856403.268372,ollama_cloud,,0.3403472792684442,zai_amortized,0,0.7,293817539,100.0,0.0,
3479,1786856403.5874574,ppq,deepseek/deepseek-v4-flash,0.06542517205402267,ppq_ledger,1,0.40922674,1560382,0.10208826082,0.0,
3480,1786856403.5874574,ppq,moonshotai/kimi-k3,2.497018421052631,ppq_ledger,1,0.3000133,190,0.00047443349999999997,0.0,
3481,1786856403.5874574,ppq,z-ai/glm-5,1.0743845322771748,ppq_ledger,1,0.5714743499999999,3878205,4.166683465,0.0,
3482,1786856403.5874574,ppq,z-ai/glm-5.2,0.2576523643245763,ppq_ledger,1,1.0,20029486,5.160644424106,0.0,
3483,1786856403.5874574,ppq,,0.37026045252579654,ppq_ledger,1,1.0,25468263,9.429890583426001,0.0,
3484,1786856403.6029708,openrouter,,0.45938656139512385,openrouter_actual,1,1.0,11599716,5.328753646400001,0.0,
3485,1786856403.20779,ours,,0.001,cold_start_fallback,0,0.0,0,0.0,0.0,
3486,1786856403.20779,deepinfra,,1.3,cold_start_fallback,0,0.0,0,0.0,0.0,
3487,1786856702.6643066,friend,,0.001,zai_amortized,0,0.7,624780788,0.0,0.0,
3488,1786856702.7095122,ollama_cloud,,0.3403472792684442,zai_amortized,0,0.7,293817539,100.0,0.0,
3489,1786856702.9714284,ppq,deepseek/deepseek-v4-flash,0.06542517205402267,ppq_ledger,1,0.40922674,1560382,0.10208826082,0.0,
3490,1786856702.9714284,ppq,moonshotai/kimi-k3,2.497018421052631,ppq_ledger,1,0.3000133,190,0.00047443349999999997,0.0,
3491,1786856702.9714284,ppq,z-ai/glm-5,1.0743845322771748,ppq_ledger,1,0.5714743499999999,3878205,4.166683465,0.0,
3492,1786856702.9714284,ppq,z-ai/glm-5.2,0.2576523643245763,ppq_ledger,1,1.0,20029486,5.160644424106,0.0,
3493,1786856702.9714284,ppq,,0.37026045252579654,ppq_ledger,1,1.0,25468263,9.429890583426001,0.0,
3494,1786856702.973442,openrouter,,0.45938656139512385,openrouter_actual,1,1.0,11599716,5.328753646400001,0.0,
3495,1786856702.6643035,ours,,0.001,cold_start_fallback,0,0.0,0,0.0,0.0,
3496,1786856702.6643035,deepinfra,,1.3,cold_start_fallback,0,0.0,0,0.0,0.0,
3497,1786857002.84235,friend,,0.001,zai_amortized,0,0.7,624780788,0.0,0.0,
3498,1786857002.9107609,ollama_cloud,,0.3403472792684442,zai_amortized,0,0.7,293817539,100.0,0.0,
3499,1786857003.2928214,ppq,deepseek/deepseek-v4-flash,0.06542517205402267,ppq_ledger,1,0.40922674,1560382,0.10208826082,0.0,
3500,1786857003.2928214,ppq,moonshotai/kimi-k3,2.497018421052631,ppq_ledger,1,0.3000133,190,0.00047443349999999997,0.0,
3501,1786857003.2928214,ppq,z-ai/glm-5,1.0743845322771748,ppq_ledger,1,0.5714743499999999,3878205,4.166683465,0.0,
3502,1786857003.2928214,ppq,z-ai/glm-5.2,0.2576523643245763,ppq_ledger,1,1.0,20029486,5.160644424106,0.0,
3503,1786857003.2928214,ppq,,0.37026045252579654,ppq_ledger,1,1.0,25468263,9.429890583426001,0.0,
3504,1786857003.298527,openrouter,,0.45938656139512385,openrouter_actual,1,1.0,11599716,5.328753646400001,0.0,
3505,1786857002.8423464,ours,,0.001,cold_start_fallback,0,0.0,0,0.0,0.0,
3506,1786857002.8423464,deepinfra,,1.3,cold_start_fallback,0,0.0,0,0.0,0.0,
3507,1786857302.724969,friend,,0.001,zai_amortized,0,0.7,624780788,0.0,0.0,
3508,1786857302.7405958,ollama_cloud,,0.3403472792684442,zai_amortized,0,0.7,293817539,100.0,0.0,
3509,1786857302.999613,ppq,deepseek/deepseek-v4-flash,0.06542517205402267,ppq_ledger,1,0.40922674,1560382,0.10208826082,0.0,
3510,1786857302.999613,ppq,moonshotai/kimi-k3,2.497018421052631,ppq_ledger,1,0.3000133,190,0.00047443349999999997,0.0,
3511,1786857302.999613,ppq,z-ai/glm-5,1.0743845322771748,ppq_ledger,1,0.5714743499999999,3878205,4.166683465,0.0,
3512,1786857302.999613,ppq,z-ai/glm-5.2,0.2576523643245763,ppq_ledger,1,1.0,20029486,5.160644424106,0.0,
3513,1786857302.999613,ppq,,0.37026045252579654,ppq_ledger,1,1.0,25468263,9.429890583426001,0.0,
3514,1786857303.001592,openrouter,,0.45938656139512385,openrouter_actual,1,1.0,11599716,5.328753646400001,0.0,
3515,1786857302.7249663,ours,,0.001,cold_start_fallback,0,0.0,0,0.0,0.0,
3516,1786857302.7249663,deepinfra,,1.3,cold_start_fallback,0,0.0,0,0.0,0.0,
3517,1786857602.212871,friend,,0.001,zai_amortized,0,0.7,624780788,0.0,0.0,
3518,1786857602.263104,ollama_cloud,,0.3403472792684442,zai_amortized,0,0.7,293817539,100.0,0.0,
3519,1786857602.5444708,ppq,deepseek/deepseek-v4-flash,0.06542517205402267,ppq_ledger,1,0.40922674,1560382,0.10208826082,0.0,
3520,1786857602.5444708,ppq,moonshotai/kimi-k3,2.497018421052631,ppq_ledger,1,0.3000133,190,0.00047443349999999997,0.0,
3521,1786857602.5444708,ppq,z-ai/glm-5,1.0743845322771748,ppq_ledger,1,0.5714743499999999,3878205,4.166683465,0.0,
3522,1786857602.5444708,ppq,z-ai/glm-5.2,0.2576523643245763,ppq_ledger,1,1.0,20029486,5.160644424106,0.0,
3523,1786857602.5444708,ppq,,0.37026045252579654,ppq_ledger,1,1.0,25468263,9.429890583426001,0.0,
3524,1786857602.5465028,openrouter,,0.45938656139512385,openrouter_actual,1,1.0,11599716,5.328753646400001,0.0,
3525,1786857602.2128685,ours,,0.001,cold_start_fallback,0,0.0,0,0.0,0.0,
3526,1786857602.2128685,deepinfra,,1.3,cold_start_fallback,0,0.0,0,0.0,0.0,
3527,1786857902.1365385,friend,,0.001,zai_amortized,0,0.7,624780788,0.0,0.0,
3528,1786857902.1452405,ollama_cloud,,0.3403472792684442,zai_amortized,0,0.7,293817539,100.0,0.0,
3529,1786857902.3696034,ppq,deepseek/deepseek-v4-flash,0.06542517205402267,ppq_ledger,1,0.40922674,1560382,0.10208826082,0.0,
3530,1786857902.3696034,ppq,moonshotai/kimi-k3,2.497018421052631,ppq_ledger,1,0.3000133,190,0.00047443349999999997,0.0,
3531,1786857902.3696034,ppq,z-ai/glm-5,1.0743845322771748,ppq_ledger,1,0.5714743499999999,3878205,4.166683465,0.0,
3532,1786857902.3696034,ppq,z-ai/glm-5.2,0.2576523643245763,ppq_ledger,1,1.0,20029486,5.160644424106,0.0,
3533,1786857902.3696034,ppq,,0.37026045252579654,ppq_ledger,1,1.0,25468263,9.429890583426001,0.0,
3534,1786857902.3714814,openrouter,,0.45938656139512385,openrouter_actual,1,1.0,11599716,5.328753646400001,0.0,
3535,1786857902.1365368,ours,,0.001,cold_start_fallback,0,0.0,0,0.0,0.0,
3536,1786857902.1365368,deepinfra,,1.3,cold_start_fallback,0,0.0,0,0.0,0.0,
3537,1786858202.6688836,friend,,0.001,zai_amortized,0,0.7,624780788,0.0,0.0,
3538,1786858202.6856778,ollama_cloud,,0.3403472792684442,zai_amortized,0,0.7,293817539,100.0,0.0,
3539,1786858202.9626775,ppq,deepseek/deepseek-v4-flash,0.06542517205402267,ppq_ledger,1,0.40922674,1560382,0.10208826082,0.0,
3540,1786858202.9626775,ppq,moonshotai/kimi-k3,2.497018421052631,ppq_ledger,1,0.3000133,190,0.00047443349999999997,0.0,
3541,1786858202.9626775,ppq,z-ai/glm-5,1.0743845322771748,ppq_ledger,1,0.5714743499999999,3878205,4.166683465,0.0,
3542,1786858202.9626775,ppq,z-ai/glm-5.2,0.2576523643245763,ppq_ledger,1,1.0,20029486,5.160644424106,0.0,
3543,1786858202.9626775,ppq,,0.37026045252579654,ppq_ledger,1,1.0,25468263,9.429890583426001,0.0,
3544,1786858202.9887836,openrouter,,0.45938656139512385,openrouter_actual,1,1.0,11599716,5.328753646400001,0.0,
3545,1786858202.6688807,ours,,0.001,cold_start_fallback,0,0.0,0,0.0,0.0,
3546,1786858202.6688807,deepinfra,,1.3,cold_start_fallback,0,0.0,0,0.0,0.0,
3547,1786858501.9840066,friend,,0.001,zai_amortized,0,0.7,624780788,0.0,0.0,
3548,1786858502.001199,ollama_cloud,,0.3403472792684442,zai_amortized,0,0.7,293817539,100.0,0.0,
3549,1786858502.249967,ppq,deepseek/deepseek-v4-flash,0.06542517205402267,ppq_ledger,1,0.40922674,1560382,0.10208826082,0.0,
3550,1786858502.249967,ppq,moonshotai/kimi-k3,2.497018421052631,ppq_ledger,1,0.3000133,190,0.00047443349999999997,0.0,
3551,1786858502.249967,ppq,z-ai/glm-5,1.0743845322771748,ppq_ledger,1,0.5714743499999999,3878205,4.166683465,0.0,
3552,1786858502.249967,ppq,z-ai/glm-5.2,0.2576523643245763,ppq_ledger,1,1.0,20029486,5.160644424106,0.0,
3553,1786858502.249967,ppq,,0.37026045252579654,ppq_ledger,1,1.0,25468263,9.429890583426001,0.0,
3554,1786858502.2525675,openrouter,,0.45938656139512385,openrouter_actual,1,1.0,11599716,5.328753646400001,0.0,
3555,1786858501.9839828,ours,,0.001,cold_start_fallback,0,0.0,0,0.0,0.0,
3556,1786858501.9839828,deepinfra,,1.3,cold_start_fallback,0,0.0,0,0.0,0.0,
3557,1786858803.0583472,friend,,0.001,zai_amortized,0,0.7,624780788,0.0,0.0,
3558,1786858803.0746264,ollama_cloud,,0.3403472792684442,zai_amortized,0,0.7,293817539,100.0,0.0,
3559,1786858803.3268802,ppq,deepseek/deepseek-v4-flash,0.06542517205402267,ppq_ledger,1,0.40922674,1560382,0.10208826082,0.0,
3560,1786858803.3268802,ppq,moonshotai/kimi-k3,2.497018421052631,ppq_ledger,1,0.3000133,190,0.00047443349999999997,0.0,
3561,1786858803.3268802,ppq,z-ai/glm-5,1.0743845322771748,ppq_ledger,1,0.5714743499999999,3878205,4.166683465,0.0,
3562,1786858803.3268802,ppq,z-ai/glm-5.2,0.2576523643245763,ppq_ledger,1,1.0,20029486,5.160644424106,0.0,
3563,1786858803.3268802,ppq,,0.37026045252579654,ppq_ledger,1,1.0,25468263,9.429890583426001,0.0,
3564,1786858803.328916,openrouter,,0.45938656139512385,openrouter_actual,1,1.0,11599716,5.328753646400001,0.0,
3565,1786858803.0583436,ours,,0.001,cold_start_fallback,0,0.0,0,0.0,0.0,
3566,1786858803.0583436,deepinfra,,1.3,cold_start_fallback,0,0.0,0,0.0,0.0,
3567,1786859101.8753455,friend,,0.001,zai_amortized,0,0.7,624780788,0.0,0.0,
3568,1786859101.8888934,ollama_cloud,,0.3403472792684442,zai_amortized,0,0.7,293817539,100.0,0.0,
3569,1786859102.127691,ppq,deepseek/deepseek-v4-flash,0.06542517205402267,ppq_ledger,1,0.40922674,1560382,0.10208826082,0.0,
3570,1786859102.127691,ppq,moonshotai/kimi-k3,2.497018421052631,ppq_ledger,1,0.3000133,190,0.00047443349999999997,0.0,
3571,1786859102.127691,ppq,z-ai/glm-5,1.0743845322771748,ppq_ledger,1,0.5714743499999999,3878205,4.166683465,0.0,
3572,1786859102.127691,ppq,z-ai/glm-5.2,0.2576523643245763,ppq_ledger,1,1.0,20029486,5.160644424106,0.0,
3573,1786859102.127691,ppq,,0.37026045252579654,ppq_ledger,1,1.0,25468263,9.429890583426001,0.0,
3574,1786859102.1294518,openrouter,,0.45938656139512385,openrouter_actual,1,1.0,11599716,5.328753646400001,0.0,
3575,1786859101.8753424,ours,,0.001,cold_start_fallback,0,0.0,0,0.0,0.0,
3576,1786859101.8753424,deepinfra,,1.3,cold_start_fallback,0,0.0,0,0.0,0.0,
3577,1786859402.6904857,friend,,0.001,zai_amortized,0,0.7,624780788,0.0,0.0,
3578,1786859402.719906,ollama_cloud,,0.3403472792684442,zai_amortized,0,0.7,293817539,100.0,0.0,
3579,1786859402.9764776,ppq,deepseek/deepseek-v4-flash,0.06542517205402267,ppq_ledger,1,0.40922674,1560382,0.10208826082,0.0,
3580,1786859402.9764776,ppq,moonshotai/kimi-k3,2.497018421052631,ppq_ledger,1,0.3000133,190,0.00047443349999999997,0.0,
3581,1786859402.9764776,ppq,z-ai/glm-5,1.0743845322771748,ppq_ledger,1,0.5714743499999999,3878205,4.166683465,0.0,
3582,1786859402.9764776,ppq,z-ai/glm-5.2,0.2576523643245763,ppq_ledger,1,1.0,20029486,5.160644424106,0.0,
3583,1786859402.9764776,ppq,,0.37026045252579654,ppq_ledger,1,1.0,25468263,9.429890583426001,0.0,
3584,1786859402.9784706,openrouter,,0.45938656139512385,openrouter_actual,1,1.0,11599716,5.328753646400001,0.0,
3585,1786859402.6904817,ours,,0.001,cold_start_fallback,0,0.0,0,0.0,0.0,
3586,1786859402.6904817,deepinfra,,1.3,cold_start_fallback,0,0.0,0,0.0,0.0,
3587,1786859702.0426,friend,,0.001,zai_amortized,0,0.7,624780788,0.0,0.0,
3588,1786859702.0711157,ollama_cloud,,0.3403472792684442,zai_amortized,0,0.7,293817539,100.0,0.0,
3589,1786859702.321587,ppq,deepseek/deepseek-v4-flash,0.06542517205402267,ppq_ledger,1,0.40922674,1560382,0.10208826082,0.0,
3590,1786859702.321587,ppq,moonshotai/kimi-k3,2.497018421052631,ppq_ledger,1,0.3000133,190,0.00047443349999999997,0.0,
3591,1786859702.321587,ppq,z-ai/glm-5,1.0743845322771748,ppq_ledger,1,0.5714743499999999,3878205,4.166683465,0.0,
3592,1786859702.321587,ppq,z-ai/glm-5.2,0.2576523643245763,ppq_ledger,1,1.0,20029486,5.160644424106,0.0,
3593,1786859702.321587,ppq,,0.37026045252579654,ppq_ledger,1,1.0,25468263,9.429890583426001,0.0,
3594,1786859702.3235536,openrouter,,0.45938656139512385,openrouter_actual,1,1.0,11599716,5.328753646400001,0.0,
3595,1786859702.042597,ours,,0.001,cold_start_fallback,0,0.0,0,0.0,0.0,
3596,1786859702.042597,deepinfra,,1.3,cold_start_fallback,0,0.0,0,0.0,0.0,
3597,1786860002.4146044,friend,,0.001,zai_amortized,0,0.7,624780788,0.0,0.0,
3598,1786860002.4476204,ollama_cloud,,0.3403472792684442,zai_amortized,0,0.7,293817539,100.0,0.0,
3599,1786860002.810291,ppq,deepseek/deepseek-v4-flash,0.06542517205402267,ppq_ledger,1,0.40922674,1560382,0.10208826082,0.0,
3600,1786860002.810291,ppq,moonshotai/kimi-k3,2.497018421052631,ppq_ledger,1,0.3000133,190,0.00047443349999999997,0.0,
3601,1786860002.810291,ppq,z-ai/glm-5,1.0743845322771748,ppq_ledger,1,0.5714743499999999,3878205,4.166683465,0.0,
3602,1786860002.810291,ppq,z-ai/glm-5.2,0.2576523643245763,ppq_ledger,1,1.0,20029486,5.160644424106,0.0,
3603,1786860002.810291,ppq,,0.37026045252579654,ppq_ledger,1,1.0,25468263,9.429890583426001,0.0,
3604,1786860002.8155222,openrouter,,0.45938656139512385,openrouter_actual,1,1.0,11599716,5.328753646400001,0.0,
3605,1786860002.4146023,ours,,0.001,cold_start_fallback,0,0.0,0,0.0,0.0,
3606,1786860002.4146023,deepinfra,,1.3,cold_start_fallback,0,0.0,0,0.0,0.0,
3607,1786860301.7789943,friend,,0.001,zai_amortized,0,0.7,624780788,0.0,0.0,
3608,1786860301.788134,ollama_cloud,,0.3403472792684442,zai_amortized,0,0.7,293817539,100.0,0.0,
3609,1786860302.0175695,ppq,deepseek/deepseek-v4-flash,0.06542517205402267,ppq_ledger,1,0.40922674,1560382,0.10208826082,0.0,
3610,1786860302.0175695,ppq,moonshotai/kimi-k3,2.497018421052631,ppq_ledger,1,0.3000133,190,0.00047443349999999997,0.0,
3611,1786860302.0175695,ppq,z-ai/glm-5,1.0743845322771748,ppq_ledger,1,0.5714743499999999,3878205,4.166683465,0.0,
3612,1786860302.0175695,ppq,z-ai/glm-5.2,0.2576523643245763,ppq_ledger,1,1.0,20029486,5.160644424106,0.0,
3613,1786860302.0175695,ppq,,0.37026045252579654,ppq_ledger,1,1.0,25468263,9.429890583426001,0.0,
3614,1786860302.0187647,openrouter,,0.45938656139512385,openrouter_actual,1,1.0,11599716,5.328753646400001,0.0,
3615,1786860301.7789845,ours,,0.001,cold_start_fallback,0,0.0,0,0.0,0.0,
3616,1786860301.7789845,deepinfra,,1.3,cold_start_fallback,0,0.0,0,0.0,0.0,
3617,1786860602.5900433,friend,,0.001,zai_amortized,0,0.7,624780788,0.0,0.0,
3618,1786860602.6188345,ollama_cloud,,0.3403472792684442,zai_amortized,0,0.7,293817539,100.0,0.0,
3619,1786860602.8917913,ppq,deepseek/deepseek-v4-flash,0.06542517205402267,ppq_ledger,1,0.40922674,1560382,0.10208826082,0.0,
3620,1786860602.8917913,ppq,moonshotai/kimi-k3,2.497018421052631,ppq_ledger,1,0.3000133,190,0.00047443349999999997,0.0,
3621,1786860602.8917913,ppq,z-ai/glm-5,1.0743845322771748,ppq_ledger,1,0.5714743499999999,3878205,4.166683465,0.0,
3622,1786860602.8917913,ppq,z-ai/glm-5.2,0.2576523643245763,ppq_ledger,1,1.0,20029486,5.160644424106,0.0,
3623,1786860602.8917913,ppq,,0.37026045252579654,ppq_ledger,1,1.0,25468263,9.429890583426001,0.0,
3624,1786860602.8938594,openrouter,,0.45938656139512385,openrouter_actual,1,1.0,11599716,5.328753646400001,0.0,
3625,1786860602.5900393,ours,,0.001,cold_start_fallback,0,0.0,0,0.0,0.0,
3626,1786860602.5900393,deepinfra,,1.3,cold_start_fallback,0,0.0,0,0.0,0.0,
3627,1786860902.0365531,friend,,0.001,zai_amortized,0,0.7,624780788,0.0,0.0,
3628,1786860902.0534663,ollama_cloud,,0.3403472792684442,zai_amortized,0,0.7,293817539,100.0,0.0,
3629,1786860902.308801,ppq,deepseek/deepseek-v4-flash,0.06542517205402267,ppq_ledger,1,0.40922674,1560382,0.10208826082,0.0,
3630,1786860902.308801,ppq,moonshotai/kimi-k3,2.497018421052631,ppq_ledger,1,0.3000133,190,0.00047443349999999997,0.0,
3631,1786860902.308801,ppq,z-ai/glm-5,1.0743845322771748,ppq_ledger,1,0.5714743499999999,3878205,4.166683465,0.0,
3632,1786860902.308801,ppq,z-ai/glm-5.2,0.2576523643245763,ppq_ledger,1,1.0,20029486,5.160644424106,0.0,
3633,1786860902.308801,ppq,,0.37026045252579654,ppq_ledger,1,1.0,25468263,9.429890583426001,0.0,
3634,1786860902.3107862,openrouter,,0.45938656139512385,openrouter_actual,1,1.0,11599716,5.328753646400001,0.0,
3635,1786860902.0365503,ours,,0.001,cold_start_fallback,0,0.0,0,0.0,0.0,
3636,1786860902.0365503,deepinfra,,1.3,cold_start_fallback,0,0.0,0,0.0,0.0,
3637,1786861202.8634365,friend,,0.001,zai_amortized,0,0.7,624780788,0.0,0.0,
3638,1786861202.9156258,ollama_cloud,,0.3403472792684442,zai_amortized,0,0.7,293817539,100.0,0.0,
3639,1786861203.2245212,ppq,deepseek/deepseek-v4-flash,0.06542517205402267,ppq_ledger,1,0.40922674,1560382,0.10208826082,0.0,
3640,1786861203.2245212,ppq,moonshotai/kimi-k3,2.497018421052631,ppq_ledger,1,0.3000133,190,0.00047443349999999997,0.0,
3641,1786861203.2245212,ppq,z-ai/glm-5,1.0743845322771748,ppq_ledger,1,0.5714743499999999,3878205,4.166683465,0.0,
3642,1786861203.2245212,ppq,z-ai/glm-5.2,0.2576523643245763,ppq_ledger,1,1.0,20029486,5.160644424106,0.0,
3643,1786861203.2245212,ppq,,0.37026045252579654,ppq_ledger,1,1.0,25468263,9.429890583426001,0.0,
3644,1786861203.2264478,openrouter,,0.45938656139512385,openrouter_actual,1,1.0,11599716,5.328753646400001,0.0,
3645,1786861202.8634334,ours,,0.001,cold_start_fallback,0,0.0,0,0.0,0.0,
3646,1786861202.8634334,deepinfra,,1.3,cold_start_fallback,0,0.0,0,0.0,0.0,
3647,1786861501.6975365,friend,,0.001,zai_amortized,0,0.7,624780788,0.0,0.0,
3648,1786861501.713382,ollama_cloud,,0.3403472792684442,zai_amortized,0,0.7,293817539,100.0,0.0,
3649,1786861501.9866838,ppq,deepseek/deepseek-v4-flash,0.06542517205402267,ppq_ledger,1,0.40922674,1560382,0.10208826082,0.0,
3650,1786861501.9866838,ppq,moonshotai/kimi-k3,2.497018421052631,ppq_ledger,1,0.3000133,190,0.00047443349999999997,0.0,
3651,1786861501.9866838,ppq,z-ai/glm-5,1.0743845322771748,ppq_ledger,1,0.5714743499999999,3878205,4.166683465,0.0,
3652,1786861501.9866838,ppq,z-ai/glm-5.2,0.2576523643245763,ppq_ledger,1,1.0,20029486,5.160644424106,0.0,
3653,1786861501.9866838,ppq,,0.37026045252579654,ppq_ledger,1,1.0,25468263,9.429890583426001,0.0,
3654,1786861501.9878643,openrouter,,0.45938656139512385,openrouter_actual,1,1.0,11599716,5.328753646400001,0.0,
3655,1786861501.6975331,ours,,0.001,cold_start_fallback,0,0.0,0,0.0,0.0,
3656,1786861501.6975331,deepinfra,,1.3,cold_start_fallback,0,0.0,0,0.0,0.0,
3657,1786861803.1530824,friend,,0.001,zai_amortized,0,0.7,624780788,0.0,0.0,
3658,1786861803.225182,ollama_cloud,,0.3403472792684442,zai_amortized,0,0.7,293817539,100.0,0.0,
3659,1786861803.5861833,ppq,deepseek/deepseek-v4-flash,0.06542517205402267,ppq_ledger,1,0.40922674,1560382,0.10208826082,0.0,
3660,1786861803.5861833,ppq,moonshotai/kimi-k3,2.497018421052631,ppq_ledger,1,0.3000133,190,0.00047443349999999997,0.0,
3661,1786861803.5861833,ppq,z-ai/glm-5,1.0743845322771748,ppq_ledger,1,0.5714743499999999,3878205,4.166683465,0.0,
3662,1786861803.5861833,ppq,z-ai/glm-5.2,0.2576523643245763,ppq_ledger,1,1.0,20029486,5.160644424106,0.0,
3663,1786861803.5861833,ppq,,0.37026045252579654,ppq_ledger,1,1.0,25468263,9.429890583426001,0.0,
3664,1786861803.5915415,openrouter,,0.45938656139512385,openrouter_actual,1,1.0,11599716,5.328753646400001,0.0,
3665,1786861803.1530793,ours,,0.001,cold_start_fallback,0,0.0,0,0.0,0.0,
3666,1786861803.1530793,deepinfra,,1.3,cold_start_fallback,0,0.0,0,0.0,0.0,
3667,1786862102.351801,friend,,0.001,zai_amortized,0,0.7,624931165,0.0,0.0,
3668,1786862102.3683977,ollama_cloud,,0.3403472792684442,zai_amortized,0,0.7,293817539,100.0,0.0,
3669,1786862102.6207702,ppq,deepseek/deepseek-v4-flash,0.06542517205402267,ppq_ledger,1,0.40922674,1560382,0.10208826082,0.0,
3670,1786862102.6207702,ppq,moonshotai/kimi-k3,2.497018421052631,ppq_ledger,1,0.3000133,190,0.00047443349999999997,0.0,
3671,1786862102.6207702,ppq,z-ai/glm-5,1.0743845322771748,ppq_ledger,1,0.5714743499999999,3878205,4.166683465,0.0,
3672,1786862102.6207702,ppq,z-ai/glm-5.2,0.2576523643245763,ppq_ledger,1,1.0,20029486,5.160644424106,0.0,
3673,1786862102.6207702,ppq,,0.37026045252579654,ppq_ledger,1,1.0,25468263,9.429890583426001,0.0,
3674,1786862102.6227355,openrouter,,0.45938656139512385,openrouter_actual,1,1.0,11599716,5.328753646400001,0.0,
3675,1786862102.3517973,ours,,0.001,cold_start_fallback,0,0.0,0,0.0,0.0,
3676,1786862102.3517973,deepinfra,,1.3,cold_start_fallback,0,0.0,0,0.0,0.0,
3677,1786862402.8781514,friend,,0.001,zai_amortized,0,0.7,624931165,0.0,0.0,
3678,1786862402.914411,ollama_cloud,,0.3403472792684442,zai_amortized,0,0.7,293817539,100.0,0.0,
3679,1786862403.1913044,ppq,deepseek/deepseek-v4-flash,0.06542517205402267,ppq_ledger,1,0.40922674,1560382,0.10208826082,0.0,
3680,1786862403.1913044,ppq,moonshotai/kimi-k3,2.497018421052631,ppq_ledger,1,0.3000133,190,0.00047443349999999997,0.0,
3681,1786862403.1913044,ppq,z-ai/glm-5,1.0743845322771748,ppq_ledger,1,0.5714743499999999,3878205,4.166683465,0.0,
3682,1786862403.1913044,ppq,z-ai/glm-5.2,0.2576523643245763,ppq_ledger,1,1.0,20029486,5.160644424106,0.0,
3683,1786862403.1913044,ppq,,0.37026045252579654,ppq_ledger,1,1.0,25468263,9.429890583426001,0.0,
3684,1786862403.1964478,openrouter,,0.45938656139512385,openrouter_actual,1,1.0,11599716,5.328753646400001,0.0,
3685,1786862402.878148,ours,,0.001,cold_start_fallback,0,0.0,0,0.0,0.0,
3686,1786862402.878148,deepinfra,,1.3,cold_start_fallback,0,0.0,0,0.0,0.0,
3687,1786862702.3201656,friend,,0.001,zai_amortized,0,0.7,624931165,0.0,0.0,
3688,1786862702.35428,ollama_cloud,,0.3403472792684442,zai_amortized,0,0.7,293817539,100.0,0.0,
3689,1786862702.6314235,ppq,deepseek/deepseek-v4-flash,0.06542517205402267,ppq_ledger,1,0.40922674,1560382,0.10208826082,0.0,
3690,1786862702.6314235,ppq,moonshotai/kimi-k3,2.497018421052631,ppq_ledger,1,0.3000133,190,0.00047443349999999997,0.0,
3691,1786862702.6314235,ppq,z-ai/glm-5,1.0743845322771748,ppq_ledger,1,0.5714743499999999,3878205,4.166683465,0.0,
3692,1786862702.6314235,ppq,z-ai/glm-5.2,0.2576523643245763,ppq_ledger,1,1.0,20029486,5.160644424106,0.0,
3693,1786862702.6314235,ppq,,0.37026045252579654,ppq_ledger,1,1.0,25468263,9.429890583426001,0.0,
3694,1786862702.6325848,openrouter,,0.45938656139512385,openrouter_actual,1,1.0,11599716,5.328753646400001,0.0,
3695,1786862702.3201625,ours,,0.001,cold_start_fallback,0,0.0,0,0.0,0.0,
3696,1786862702.3201625,deepinfra,,1.3,cold_start_fallback,0,0.0,0,0.0,0.0,
3697,1786863001.7981887,friend,,0.001,zai_amortized,0,0.7,624931165,0.0,0.0,
3698,1786863001.8151739,ollama_cloud,,0.3403472792684442,zai_amortized,0,0.7,293817539,100.0,0.0,
3699,1786863002.066141,ppq,deepseek/deepseek-v4-flash,0.06542517205402267,ppq_ledger,1,0.40922674,1560382,0.10208826082,0.0,
3700,1786863002.066141,ppq,moonshotai/kimi-k3,2.497018421052631,ppq_ledger,1,0.3000133,190,0.00047443349999999997,0.0,
3701,1786863002.066141,ppq,z-ai/glm-5,1.0743845322771748,ppq_ledger,1,0.5714743499999999,3878205,4.166683465,0.0,
3702,1786863002.066141,ppq,z-ai/glm-5.2,0.2576523643245763,ppq_ledger,1,1.0,20029486,5.160644424106,0.0,
3703,1786863002.066141,ppq,,0.37026045252579654,ppq_ledger,1,1.0,25468263,9.429890583426001,0.0,
3704,1786863002.0678794,openrouter,,0.45938656139512385,openrouter_actual,1,1.0,11599716,5.328753646400001,0.0,
3705,1786863001.798186,ours,,0.001,cold_start_fallback,0,0.0,0,0.0,0.0,
3706,1786863001.798186,deepinfra,,1.3,cold_start_fallback,0,0.0,0,0.0,0.0,
3707,1786863302.4911823,friend,,0.001,zai_amortized,0,0.7,624931165,0.0,0.0,
3708,1786863302.4998655,ollama_cloud,,0.3403472792684442,zai_amortized,0,0.7,293817539,100.0,0.0,
3709,1786863302.7287092,ppq,deepseek/deepseek-v4-flash,0.06542517205402267,ppq_ledger,1,0.40922674,1560382,0.10208826082,0.0,
3710,1786863302.7287092,ppq,moonshotai/kimi-k3,2.497018421052631,ppq_ledger,1,0.3000133,190,0.00047443349999999997,0.0,
3711,1786863302.7287092,ppq,z-ai/glm-5,1.0743845322771748,ppq_ledger,1,0.5714743499999999,3878205,4.166683465,0.0,
3712,1786863302.7287092,ppq,z-ai/glm-5.2,0.2576523643245763,ppq_ledger,1,1.0,20029486,5.160644424106,0.0,
3713,1786863302.7287092,ppq,,0.37026045252579654,ppq_ledger,1,1.0,25468263,9.429890583426001,0.0,
3714,1786863302.7298105,openrouter,,0.45938656139512385,openrouter_actual,1,1.0,11599716,5.328753646400001,0.0,
3715,1786863302.491181,ours,,0.001,cold_start_fallback,0,0.0,0,0.0,0.0,
3716,1786863302.491181,deepinfra,,1.3,cold_start_fallback,0,0.0,0,0.0,0.0,
3717,1786863602.3910654,friend,,0.001,zai_amortized,0,0.7,624931165,0.0,0.0,
3718,1786863602.4409125,ollama_cloud,,0.3403472792684442,zai_amortized,0,0.7,293817539,100.0,0.0,
3719,1786863602.8674896,ppq,deepseek/deepseek-v4-flash,0.06542517205402267,ppq_ledger,1,0.40922674,1560382,0.10208826082,0.0,
3720,1786863602.8674896,ppq,moonshotai/kimi-k3,2.497018421052631,ppq_ledger,1,0.3000133,190,0.00047443349999999997,0.0,
3721,1786863602.8674896,ppq,z-ai/glm-5,1.0743845322771748,ppq_ledger,1,0.5714743499999999,3878205,4.166683465,0.0,
3722,1786863602.8674896,ppq,z-ai/glm-5.2,0.2576523643245763,ppq_ledger,1,1.0,20029486,5.160644424106,0.0,
3723,1786863602.8674896,ppq,,0.37026045252579654,ppq_ledger,1,1.0,25468263,9.429890583426001,0.0,
3724,1786863602.8776903,openrouter,,0.45938656139512385,openrouter_actual,1,1.0,11599716,5.328753646400001,0.0,
3725,1786863602.3910615,ours,,0.001,cold_start_fallback,0,0.0,0,0.0,0.0,
3726,1786863602.3910615,deepinfra,,1.3,cold_start_fallback,0,0.0,0,0.0,0.0,
3727,1786863901.6671505,friend,,0.001,zai_amortized,0,0.7,624931165,0.0,0.0,
3728,1786863901.6826122,ollama_cloud,,0.3403472792684442,zai_amortized,0,0.7,293817539,100.0,0.0,
3729,1786863901.9159832,ppq,deepseek/deepseek-v4-flash,0.06542517205402267,ppq_ledger,1,0.40922674,1560382,0.10208826082,0.0,
3730,1786863901.9159832,ppq,moonshotai/kimi-k3,2.497018421052631,ppq_ledger,1,0.3000133,190,0.00047443349999999997,0.0,
3731,1786863901.9159832,ppq,z-ai/glm-5,1.0743845322771748,ppq_ledger,1,0.5714743499999999,3878205,4.166683465,0.0,
3732,1786863901.9159832,ppq,z-ai/glm-5.2,0.2576523643245763,ppq_ledger,1,1.0,20029486,5.160644424106,0.0,
3733,1786863901.9159832,ppq,,0.37026045252579654,ppq_ledger,1,1.0,25468263,9.429890583426001,0.0,
3734,1786863901.917136,openrouter,,0.45938656139512385,openrouter_actual,1,1.0,11599716,5.328753646400001,0.0,
3735,1786863901.667148,ours,,0.001,cold_start_fallback,0,0.0,0,0.0,0.0,
3736,1786863901.667148,deepinfra,,1.3,cold_start_fallback,0,0.0,0,0.0,0.0,
3737,1786864202.8082962,friend,,0.001,zai_amortized,0,0.7,624931165,0.0,0.0,
3738,1786864202.8242078,ollama_cloud,,0.3403472792684442,zai_amortized,0,0.7,293817539,100.0,0.0,
3739,1786864203.1099808,ppq,deepseek/deepseek-v4-flash,0.06542517205402267,ppq_ledger,1,0.40922674,1560382,0.10208826082,0.0,
3740,1786864203.1099808,ppq,moonshotai/kimi-k3,2.497018421052631,ppq_ledger,1,0.3000133,190,0.00047443349999999997,0.0,
3741,1786864203.1099808,ppq,z-ai/glm-5,1.0743845322771748,ppq_ledger,1,0.5714743499999999,3878205,4.166683465,0.0,
3742,1786864203.1099808,ppq,z-ai/glm-5.2,0.2576523643245763,ppq_ledger,1,1.0,20029486,5.160644424106,0.0,
3743,1786864203.1099808,ppq,,0.37026045252579654,ppq_ledger,1,1.0,25468263,9.429890583426001,0.0,
3744,1786864203.1118977,openrouter,,0.45938656139512385,openrouter_actual,1,1.0,11599716,5.328753646400001,0.0,
3745,1786864202.8082929,ours,,0.001,cold_start_fallback,0,0.0,0,0.0,0.0,
3746,1786864202.8082929,deepinfra,,1.3,cold_start_fallback,0,0.0,0,0.0,0.0,
3747,1786864502.2627125,friend,,0.001,zai_amortized,0,0.7,624931165,0.0,0.0,
3748,1786864502.3641937,ollama_cloud,,0.3403472792684442,zai_amortized,0,0.7,293817539,100.0,0.0,
3749,1786864502.7720807,ppq,deepseek/deepseek-v4-flash,0.06542517205402267,ppq_ledger,1,0.40922674,1560382,0.10208826082,0.0,
3750,1786864502.7720807,ppq,moonshotai/kimi-k3,2.497018421052631,ppq_ledger,1,0.3000133,190,0.00047443349999999997,0.0,
3751,1786864502.7720807,ppq,z-ai/glm-5,1.0743845322771748,ppq_ledger,1,0.5714743499999999,3878205,4.166683465,0.0,
3752,1786864502.7720807,ppq,z-ai/glm-5.2,0.2576523643245763,ppq_ledger,1,1.0,20029486,5.160644424106,0.0,
3753,1786864502.7720807,ppq,,0.37026045252579654,ppq_ledger,1,1.0,25468263,9.429890583426001,0.0,
3754,1786864502.7740185,openrouter,,0.45938656139512385,openrouter_actual,1,1.0,11599716,5.328753646400001,0.0,
3755,1786864502.2627087,ours,,0.001,cold_start_fallback,0,0.0,0,0.0,0.0,
3756,1786864502.2627087,deepinfra,,1.3,cold_start_fallback,0,0.0,0,0.0,0.0,
3757,1786864803.2003758,friend,,0.001,zai_amortized,0,0.7,625258367,0.0,0.0,
3758,1786864803.3314235,ollama_cloud,,0.3403472792684442,zai_amortized,0,0.7,293817539,100.0,0.0,
3759,1786864803.7244341,ppq,deepseek/deepseek-v4-flash,0.06542517205402267,ppq_ledger,1,0.40922674,1560382,0.10208826082,0.0,
3760,1786864803.7244341,ppq,moonshotai/kimi-k3,2.497018421052631,ppq_ledger,1,0.3000133,190,0.00047443349999999997,0.0,
3761,1786864803.7244341,ppq,z-ai/glm-5,1.0743845322771748,ppq_ledger,1,0.5714743499999999,3878205,4.166683465,0.0,
3762,1786864803.7244341,ppq,z-ai/glm-5.2,0.2576523643245763,ppq_ledger,1,1.0,20029486,5.160644424106,0.0,
3763,1786864803.7244341,ppq,,0.37026045252579654,ppq_ledger,1,1.0,25468263,9.429890583426001,0.0,
3764,1786864803.7309268,openrouter,,0.45938656139512385,openrouter_actual,1,1.0,11599716,5.328753646400001,0.0,
3765,1786864803.2003727,ours,,0.001,cold_start_fallback,0,0.0,0,0.0,0.0,
3766,1786864803.2003727,deepinfra,,1.3,cold_start_fallback,0,0.0,0,0.0,0.0,
3767,1786865102.2818093,friend,,0.001,zai_amortized,0,0.7,625615109,0.0,0.0,
3768,1786865102.3491137,ollama_cloud,,0.3403472792684442,zai_amortized,0,0.7,293817539,100.0,0.0,
3769,1786865102.6039505,ppq,deepseek/deepseek-v4-flash,0.06542517205402267,ppq_ledger,1,0.40922674,1560382,0.10208826082,0.0,
3770,1786865102.6039505,ppq,moonshotai/kimi-k3,2.497018421052631,ppq_ledger,1,0.3000133,190,0.00047443349999999997,0.0,
3771,1786865102.6039505,ppq,z-ai/glm-5,1.0743845322771748,ppq_ledger,1,0.5714743499999999,3878205,4.166683465,0.0,
3772,1786865102.6039505,ppq,z-ai/glm-5.2,0.2576523643245763,ppq_ledger,1,1.0,20029486,5.160644424106,0.0,
3773,1786865102.6039505,ppq,,0.37026045252579654,ppq_ledger,1,1.0,25468263,9.429890583426001,0.0,
3774,1786865102.6060348,openrouter,,0.45938656139512385,openrouter_actual,1,1.0,11599716,5.328753646400001,0.0,
3775,1786865102.2818067,ours,,0.001,cold_start_fallback,0,0.0,0,0.0,0.0,
3776,1786865102.2818067,deepinfra,,1.3,cold_start_fallback,0,0.0,0,0.0,0.0,
3777,1786865403.4528124,friend,,0.001,zai_amortized,0,0.7,626447391,0.0,0.0,
3778,1786865403.522363,ollama_cloud,,0.3403472792684442,zai_amortized,0,0.7,293817539,100.0,0.0,
3779,1786865403.8406484,ppq,deepseek/deepseek-v4-flash,0.06542517205402267,ppq_ledger,1,0.40922674,1560382,0.10208826082,0.0,
3780,1786865403.8406484,ppq,moonshotai/kimi-k3,2.497018421052631,ppq_ledger,1,0.3000133,190,0.00047443349999999997,0.0,
3781,1786865403.8406484,ppq,z-ai/glm-5,1.0743845322771748,ppq_ledger,1,0.5714743499999999,3878205,4.166683465,0.0,
3782,1786865403.8406484,ppq,z-ai/glm-5.2,0.2576523643245763,ppq_ledger,1,1.0,20029486,5.160644424106,0.0,
3783,1786865403.8406484,ppq,,0.37026045252579654,ppq_ledger,1,1.0,25468263,9.429890583426001,0.0,
3784,1786865403.849327,openrouter,,0.4589715806158349,openrouter_actual,1,1.0,11616719,5.331743881,0.0,
3785,1786865403.4528089,ours,,0.001,cold_start_fallback,0,0.0,0,0.0,0.0,
3786,1786865403.4528089,deepinfra,,1.3,cold_start_fallback,0,0.0,0,0.0,0.0,
3787,1786865702.590895,friend,,0.001,zai_amortized,0,0.7,626760660,0.0,0.0,
3788,1786865702.6015697,ollama_cloud,,0.3403472792684442,zai_amortized,0,0.7,293817539,100.0,0.0,
3789,1786865702.8256013,ppq,deepseek/deepseek-v4-flash,0.06542517205402267,ppq_ledger,1,0.40922674,1560382,0.10208826082,0.0,
3790,1786865702.8256013,ppq,moonshotai/kimi-k3,2.497018421052631,ppq_ledger,1,0.3000133,190,0.00047443349999999997,0.0,
3791,1786865702.8256013,ppq,z-ai/glm-5,1.0743845322771748,ppq_ledger,1,0.5714743499999999,3878205,4.166683465,0.0,
3792,1786865702.8256013,ppq,z-ai/glm-5.2,0.2576523643245763,ppq_ledger,1,1.0,20029486,5.160644424106,0.0,
3793,1786865702.8256013,ppq,,0.37026045252579654,ppq_ledger,1,1.0,25468263,9.429890583426001,0.0,
3794,1786865702.8293617,openrouter,,0.4589715806158349,openrouter_actual,1,1.0,11616719,5.331743881,0.0,
3795,1786865702.5908926,ours,,0.001,cold_start_fallback,0,0.0,0,0.0,0.0,
3796,1786865702.5908926,deepinfra,,1.3,cold_start_fallback,0,0.0,0,0.0,0.0,
3797,1786866002.1370165,friend,,0.001,zai_amortized,0,0.7,627422114,0.0,0.0,
3798,1786866002.1987913,ollama_cloud,,0.3403472792684442,zai_amortized,0,0.7,293817539,100.0,0.0,
3799,1786866002.4289107,ppq,deepseek/deepseek-v4-flash,0.06542517205402267,ppq_ledger,1,0.40922674,1560382,0.10208826082,0.0,
3800,1786866002.4289107,ppq,moonshotai/kimi-k3,2.497018421052631,ppq_ledger,1,0.3000133,190,0.00047443349999999997,0.0,
3801,1786866002.4289107,ppq,z-ai/glm-5,1.0743845322771748,ppq_ledger,1,0.5714743499999999,3878205,4.166683465,0.0,
3802,1786866002.4289107,ppq,z-ai/glm-5.2,0.2576523643245763,ppq_ledger,1,1.0,20029486,5.160644424106,0.0,
3803,1786866002.4289107,ppq,,0.37026045252579654,ppq_ledger,1,1.0,25468263,9.429890583426001,0.0,
3804,1786866002.4305809,openrouter,,0.4656194672116317,openrouter_actual,1,1.0,11882842,5.532882561,0.0,
3805,1786866002.1370125,ours,,0.001,cold_start_fallback,0,0.0,0,0.0,0.0,
3806,1786866002.1370125,deepinfra,,1.3,cold_start_fallback,0,0.0,0,0.0,0.0,
3807,1786866302.0680926,friend,,0.001,zai_amortized,0,0.7,627492842,0.0,0.0,
3808,1786866302.0834208,ollama_cloud,,0.3403472792684442,zai_amortized,0,0.7,293817539,100.0,0.0,
3809,1786866302.308971,ppq,deepseek/deepseek-v4-flash,0.06542517205402267,ppq_ledger,1,0.40922674,1560382,0.10208826082,0.0,
3810,1786866302.308971,ppq,moonshotai/kimi-k3,2.497018421052631,ppq_ledger,1,0.3000133,190,0.00047443349999999997,0.0,
3811,1786866302.308971,ppq,z-ai/glm-5,1.0743845322771748,ppq_ledger,1,0.5714743499999999,3878205,4.166683465,0.0,
3812,1786866302.308971,ppq,z-ai/glm-5.2,0.2576523643245763,ppq_ledger,1,1.0,20029486,5.160644424106,0.0,
3813,1786866302.308971,ppq,,0.37026045252579654,ppq_ledger,1,1.0,25468263,9.429890583426001,0.0,
3814,1786866302.3106232,openrouter,,0.4656194672116317,openrouter_actual,1,1.0,11882842,5.532882561,0.0,
3815,1786866302.0680895,ours,,0.001,cold_start_fallback,0,0.0,0,0.0,0.0,
3816,1786866302.0680895,deepinfra,,1.3,cold_start_fallback,0,0.0,0,0.0,0.0,
3817,1786866601.9736965,friend,,0.001,zai_amortized,0,0.7,628853368,0.0,0.0,
3818,1786866601.9971614,ollama_cloud,,0.3403472792684442,zai_amortized,0,0.7,293817539,100.0,0.0,
3819,1786866602.2317507,ppq,deepseek/deepseek-v4-flash,0.06542517205402267,ppq_ledger,1,0.40922674,1560382,0.10208826082,0.0,
3820,1786866602.2317507,ppq,moonshotai/kimi-k3,2.497018421052631,ppq_ledger,1,0.3000133,190,0.00047443349999999997,0.0,
3821,1786866602.2317507,ppq,z-ai/glm-5,1.0743845322771748,ppq_ledger,1,0.5714743499999999,3878205,4.166683465,0.0,
3822,1786866602.2317507,ppq,z-ai/glm-5.2,0.2576523643245763,ppq_ledger,1,1.0,20029486,5.160644424106,0.0,
3823,1786866602.2317507,ppq,,0.37026045252579654,ppq_ledger,1,1.0,25468263,9.429890583426001,0.0,
3824,1786866602.2329404,openrouter,,0.4656194672116317,openrouter_actual,1,1.0,11882842,5.532882561,0.0,
3825,1786866601.9736936,ours,,0.001,cold_start_fallback,0,0.0,0,0.0,0.0,
3826,1786866601.9736936,deepinfra,,1.3,cold_start_fallback,0,0.0,0,0.0,0.0,
3827,1786866902.6473708,friend,,0.001,zai_amortized,0,0.7,629522622,0.0,0.0,
3828,1786866902.6779807,ollama_cloud,,0.3403472792684442,zai_amortized,0,0.7,293817539,100.0,0.0,
3829,1786866902.89362,ppq,deepseek/deepseek-v4-flash,0.06542517205402267,ppq_ledger,1,0.40922674,1560382,0.10208826082,0.0,
3830,1786866902.89362,ppq,moonshotai/kimi-k3,2.497018421052631,ppq_ledger,1,0.3000133,190,0.00047443349999999997,0.0,
3831,1786866902.89362,ppq,z-ai/glm-5,1.0743845322771748,ppq_ledger,1,0.5714743499999999,3878205,4.166683465,0.0,
3832,1786866902.89362,ppq,z-ai/glm-5.2,0.2576523643245763,ppq_ledger,1,1.0,20029486,5.160644424106,0.0,
3833,1786866902.89362,ppq,,0.37026045252579654,ppq_ledger,1,1.0,25468263,9.429890583426001,0.0,
3834,1786866902.8956711,openrouter,,0.4656194672116317,openrouter_actual,1,1.0,11882842,5.532882561,0.0,
3835,1786866902.647367,ours,,0.001,cold_start_fallback,0,0.0,0,0.0,0.0,
3836,1786866902.647367,deepinfra,,1.3,cold_start_fallback,0,0.0,0,0.0,0.0,
3837,1786867202.9572926,friend,,0.001,zai_amortized,0,0.7,630182029,0.0,0.0,
3838,1786867203.003348,ollama_cloud,,0.3403472792684442,zai_amortized,0,0.7,293817539,100.0,0.0,
3839,1786867203.28614,ppq,deepseek/deepseek-v4-flash,0.06542517205402267,ppq_ledger,1,0.40922674,1560382,0.10208826082,0.0,
3840,1786867203.28614,ppq,moonshotai/kimi-k3,2.497018421052631,ppq_ledger,1,0.3000133,190,0.00047443349999999997,0.0,
3841,1786867203.28614,ppq,z-ai/glm-5,1.0743845322771748,ppq_ledger,1,0.5714743499999999,3878205,4.166683465,0.0,
3842,1786867203.28614,ppq,z-ai/glm-5.2,0.2576523643245763,ppq_ledger,1,1.0,20029486,5.160644424106,0.0,
3843,1786867203.28614,ppq,,0.37026045252579654,ppq_ledger,1,1.0,25468263,9.429890583426001,0.0,
3844,1786867203.29422,openrouter,,0.4656194672116317,openrouter_actual,1,1.0,11882842,5.532882561,0.0,
3845,1786867202.9572897,ours,,0.001,cold_start_fallback,0,0.0,0,0.0,0.0,
3846,1786867202.9572897,deepinfra,,1.3,cold_start_fallback,0,0.0,0,0.0,0.0,
3847,1786867502.116519,friend,,0.001,zai_amortized,0,0.7,630556566,0.0,0.0,
3848,1786867502.1380754,ollama_cloud,,0.3403472792684442,zai_amortized,0,0.7,293817539,100.0,0.0,
3849,1786867502.3852372,ppq,deepseek/deepseek-v4-flash,0.06542517205402267,ppq_ledger,1,0.40922674,1560382,0.10208826082,0.0,
3850,1786867502.3852372,ppq,moonshotai/kimi-k3,2.497018421052631,ppq_ledger,1,0.3000133,190,0.00047443349999999997,0.0,
3851,1786867502.3852372,ppq,z-ai/glm-5,1.0743845322771748,ppq_ledger,1,0.5714743499999999,3878205,4.166683465,0.0,
3852,1786867502.3852372,ppq,z-ai/glm-5.2,0.2576523643245763,ppq_ledger,1,1.0,20029486,5.160644424106,0.0,
3853,1786867502.3852372,ppq,,0.37026045252579654,ppq_ledger,1,1.0,25468263,9.429890583426001,0.0,
3854,1786867502.3873763,openrouter,,0.4656194672116317,openrouter_actual,1,1.0,11882842,5.532882561,0.0,
3855,1786867502.1165159,ours,,0.001,cold_start_fallback,0,0.0,0,0.0,0.0,
3856,1786867502.1165159,deepinfra,,1.3,cold_start_fallback,0,0.0,0,0.0,0.0,
3857,1786867802.5177958,friend,,0.001,zai_amortized,0,0.7,631106700,0.0,0.0,
3858,1786867802.6182003,ollama_cloud,,0.3403472792684442,zai_amortized,0,0.7,293817539,100.0,0.0,
3859,1786867802.947551,ppq,deepseek/deepseek-v4-flash,0.06542517205402267,ppq_ledger,1,0.40922674,1560382,0.10208826082,0.0,
3860,1786867802.947551,ppq,moonshotai/kimi-k3,2.497018421052631,ppq_ledger,1,0.3000133,190,0.00047443349999999997,0.0,
3861,1786867802.947551,ppq,z-ai/glm-5,1.0743845322771748,ppq_ledger,1,0.5714743499999999,3878205,4.166683465,0.0,
3862,1786867802.947551,ppq,z-ai/glm-5.2,0.2576523643245763,ppq_ledger,1,1.0,20029486,5.160644424106,0.0,
3863,1786867802.947551,ppq,,0.37026045252579654,ppq_ledger,1,1.0,25468263,9.429890583426001,0.0,
3864,1786867802.9509704,openrouter,,0.4644393603635032,openrouter_actual,1,1.0,11956541,5.5530882542,0.0,
3865,1786867802.517793,ours,,0.001,cold_start_fallback,0,0.0,0,0.0,0.0,
3866,1786867802.517793,deepinfra,,1.3,cold_start_fallback,0,0.0,0,0.0,0.0,
3867,1786868102.3133776,friend,,0.001,zai_amortized,0,0.7,631872427,0.0,0.0,
3868,1786868102.3320234,ollama_cloud,,0.3403472792684442,zai_amortized,0,0.7,293817539,100.0,0.0,
3869,1786868102.5575655,ppq,deepseek/deepseek-v4-flash,0.06542517205402267,ppq_ledger,1,0.40922674,1560382,0.10208826082,0.0,
3870,1786868102.5575655,ppq,moonshotai/kimi-k3,2.497018421052631,ppq_ledger,1,0.3000133,190,0.00047443349999999997,0.0,
3871,1786868102.5575655,ppq,z-ai/glm-5,1.0743845322771748,ppq_ledger,1,0.5714743499999999,3878205,4.166683465,0.0,
3872,1786868102.5575655,ppq,z-ai/glm-5.2,0.2576523643245763,ppq_ledger,1,1.0,20029486,5.160644424106,0.0,
3873,1786868102.5575655,ppq,,0.37026045252579654,ppq_ledger,1,1.0,25468263,9.429890583426001,0.0,
3874,1786868102.5591474,openrouter,,0.4644393603635032,openrouter_actual,1,1.0,11956541,5.5530882542,0.0,
3875,1786868102.313374,ours,,0.001,cold_start_fallback,0,0.0,0,0.0,0.0,
3876,1786868102.313374,deepinfra,,1.3,cold_start_fallback,0,0.0,0,0.0,0.0,
3877,1786868402.9373963,friend,,0.001,zai_amortized,0,0.7,632784841,0.0,0.0,
3878,1786868402.9648285,ollama_cloud,,0.3403472792684442,zai_amortized,0,0.7,293817539,100.0,0.0,
3879,1786868403.2352557,ppq,deepseek/deepseek-v4-flash,0.06542517205402267,ppq_ledger,1,0.40922674,1560382,0.10208826082,0.0,
3880,1786868403.2352557,ppq,moonshotai/kimi-k3,2.497018421052631,ppq_ledger,1,0.3000133,190,0.00047443349999999997,0.0,
3881,1786868403.2352557,ppq,z-ai/glm-5,1.0743845322771748,ppq_ledger,1,0.5714743499999999,3878205,4.166683465,0.0,
3882,1786868403.2352557,ppq,z-ai/glm-5.2,0.2576523643245763,ppq_ledger,1,1.0,20029486,5.160644424106,0.0,
3883,1786868403.2352557,ppq,,0.37026045252579654,ppq_ledger,1,1.0,25468263,9.429890583426001,0.0,
3884,1786868403.23804,openrouter,,0.4610576003457214,openrouter_actual,1,1.0,12676101,5.844412708799999,0.0,
3885,1786868402.9373934,ours,,0.001,cold_start_fallback,0,0.0,0,0.0,0.0,
3886,1786868402.9373934,deepinfra,,1.3,cold_start_fallback,0,0.0,0,0.0,0.0,
3887,1786868701.6013215,friend,,0.001,zai_amortized,0,0.7,635224354,0.0,0.0,
3888,1786868701.617728,ollama_cloud,,0.3403472792684442,zai_amortized,0,0.7,293817539,100.0,0.0,
3889,1786868701.8524373,ppq,deepseek/deepseek-v4-flash,0.06542517205402267,ppq_ledger,1,0.40922674,1560382,0.10208826082,0.0,
3890,1786868701.8524373,ppq,moonshotai/kimi-k3,2.497018421052631,ppq_ledger,1,0.3000133,190,0.00047443349999999997,0.0,
3891,1786868701.8524373,ppq,z-ai/glm-5,1.0743845322771748,ppq_ledger,1,0.5714743499999999,3878205,4.166683465,0.0,
3892,1786868701.8524373,ppq,z-ai/glm-5.2,0.2576523643245763,ppq_ledger,1,1.0,20029486,5.160644424106,0.0,
3893,1786868701.8524373,ppq,,0.37026045252579654,ppq_ledger,1,1.0,25468263,9.429890583426001,0.0,
3894,1786868701.8535142,openrouter,,0.4602331144543028,openrouter_actual,1,1.0,12719050,5.8537279944,0.0,
3895,1786868701.601318,ours,,0.001,cold_start_fallback,0,0.0,0,0.0,0.0,
3896,1786868701.601318,deepinfra,,1.3,cold_start_fallback,0,0.0,0,0.0,0.0,
3897,1786869003.1654544,friend,,0.001,zai_amortized,0,0.7,636298375,0.0,0.0,
3898,1786869003.2323093,ollama_cloud,,0.3403472792684442,zai_amortized,0,0.7,293817539,100.0,0.0,
3899,1786869003.5226731,ppq,deepseek/deepseek-v4-flash,0.06542517205402267,ppq_ledger,1,0.40922674,1560382,0.10208826082,0.0,
3900,1786869003.5226731,ppq,moonshotai/kimi-k3,2.497018421052631,ppq_ledger,1,0.3000133,190,0.00047443349999999997,0.0,
3901,1786869003.5226731,ppq,z-ai/glm-5,1.0743845322771748,ppq_ledger,1,0.5714743499999999,3878205,4.166683465,0.0,
3902,1786869003.5226731,ppq,z-ai/glm-5.2,0.2576523643245763,ppq_ledger,1,1.0,20029486,5.160644424106,0.0,
3903,1786869003.5226731,ppq,,0.37026045252579654,ppq_ledger,1,1.0,25468263,9.429890583426001,0.0,
3904,1786869003.525364,openrouter,,0.4602331144543028,openrouter_actual,1,1.0,12719050,5.8537279944,0.0,
3905,1786869003.165452,ours,,0.001,cold_start_fallback,0,0.0,0,0.0,0.0,
3906,1786869003.165452,deepinfra,,1.3,cold_start_fallback,0,0.0,0,0.0,0.0,
3907,1786869302.7712407,friend,,0.001,zai_amortized,0,0.7,637626982,0.0,0.0,
3908,1786869302.797017,ollama_cloud,,0.3403472792684442,zai_amortized,0,0.7,293817539,100.0,0.0,
3909,1786869303.0252535,ppq,deepseek/deepseek-v4-flash,0.06542517205402267,ppq_ledger,1,0.40922674,1560382,0.10208826082,0.0,
3910,1786869303.0252535,ppq,moonshotai/kimi-k3,2.497018421052631,ppq_ledger,1,0.3000133,190,0.00047443349999999997,0.0,
3911,1786869303.0252535,ppq,z-ai/glm-5,1.0743845322771748,ppq_ledger,1,0.5714743499999999,3878205,4.166683465,0.0,
3912,1786869303.0252535,ppq,z-ai/glm-5.2,0.2576523643245763,ppq_ledger,1,1.0,20029486,5.160644424106,0.0,
3913,1786869303.0252535,ppq,,0.37026045252579654,ppq_ledger,1,1.0,25468263,9.429890583426001,0.0,
3914,1786869303.0305254,openrouter,,0.4602331144543028,openrouter_actual,1,1.0,12719050,5.8537279944,0.0,
3915,1786869302.7712379,ours,,0.001,cold_start_fallback,0,0.0,0,0.0,0.0,
3916,1786869302.7712379,deepinfra,,1.3,cold_start_fallback,0,0.0,0,0.0,0.0,
3917,1786869602.8074887,friend,,0.001,zai_amortized,0,0.7,637950745,0.0,0.0,
3918,1786869602.8436606,ollama_cloud,,0.3403472792684442,zai_amortized,0,0.7,293817539,100.0,0.0,
3919,1786869603.0937707,ppq,deepseek/deepseek-v4-flash,0.06542517205402267,ppq_ledger,1,0.40922674,1560382,0.10208826082,0.0,
3920,1786869603.0937707,ppq,moonshotai/kimi-k3,2.497018421052631,ppq_ledger,1,0.3000133,190,0.00047443349999999997,0.0,
3921,1786869603.0937707,ppq,z-ai/glm-5,1.0743845322771748,ppq_ledger,1,0.5714743499999999,3878205,4.166683465,0.0,
3922,1786869603.0937707,ppq,z-ai/glm-5.2,0.2576523643245763,ppq_ledger,1,1.0,20029486,5.160644424106,0.0,
3923,1786869603.0937707,ppq,,0.37026045252579654,ppq_ledger,1,1.0,25468263,9.429890583426001,0.0,
3924,1786869603.0977638,openrouter,,0.4602331144543028,openrouter_actual,1,1.0,12719050,5.8537279944,0.0,
3925,1786869602.8074849,ours,,0.001,cold_start_fallback,0,0.0,0,0.0,0.0,
3926,1786869602.8074849,deepinfra,,1.3,cold_start_fallback,0,0.0,0,0.0,0.0,
3927,1786869902.8191264,friend,,0.001,zai_amortized,0,0.7,638419207,0.0,0.0,
3928,1786869902.841691,ollama_cloud,,0.3403472792684442,zai_amortized,0,0.7,293817539,100.0,0.0,
3929,1786869903.087566,ppq,deepseek/deepseek-v4-flash,0.06542517205402267,ppq_ledger,1,0.40922674,1560382,0.10208826082,0.0,
3930,1786869903.087566,ppq,moonshotai/kimi-k3,2.497018421052631,ppq_ledger,1,0.3000133,190,0.00047443349999999997,0.0,
3931,1786869903.087566,ppq,z-ai/glm-5,1.0743845322771748,ppq_ledger,1,0.5714743499999999,3878205,4.166683465,0.0,
3932,1786869903.087566,ppq,z-ai/glm-5.2,0.2576523643245763,ppq_ledger,1,1.0,20029486,5.160644424106,0.0,
3933,1786869903.087566,ppq,,0.37026045252579654,ppq_ledger,1,1.0,25468263,9.429890583426001,0.0,
3934,1786869903.0908544,openrouter,,0.4602331144543028,openrouter_actual,1,1.0,12719050,5.8537279944,0.0,
3935,1786869902.8191235,ours,,0.001,cold_start_fallback,0,0.0,0,0.0,0.0,
3936,1786869902.8191235,deepinfra,,1.3,cold_start_fallback,0,0.0,0,0.0,0.0,
3937,1786870202.6784437,friend,,0.001,zai_amortized,0,0.7,638483723,0.0,0.0,
3938,1786870202.708878,ollama_cloud,,0.3403472792684442,zai_amortized,0,0.7,293817539,100.0,0.0,
3939,1786870202.9849372,ppq,deepseek/deepseek-v4-flash,0.06542517205402267,ppq_ledger,1,0.40922674,1560382,0.10208826082,0.0,
3940,1786870202.9849372,ppq,moonshotai/kimi-k3,2.497018421052631,ppq_ledger,1,0.3000133,190,0.00047443349999999997,0.0,
3941,1786870202.9849372,ppq,z-ai/glm-5,1.0743845322771748,ppq_ledger,1,0.5714743499999999,3878205,4.166683465,0.0,
3942,1786870202.9849372,ppq,z-ai/glm-5.2,0.2576523643245763,ppq_ledger,1,1.0,20029486,5.160644424106,0.0,
3943,1786870202.9849372,ppq,,0.37026045252579654,ppq_ledger,1,1.0,25468263,9.429890583426001,0.0,
3944,1786870202.994363,openrouter,,0.4602331144543028,openrouter_actual,1,1.0,12719050,5.8537279944,0.0,
3945,1786870202.6784403,ours,,0.001,cold_start_fallback,0,0.0,0,0.0,0.0,
3946,1786870202.6784403,deepinfra,,1.3,cold_start_fallback,0,0.0,0,0.0,0.0,
3947,1786870502.3387156,friend,,0.001,zai_amortized,0,0.7,638483723,0.0,0.0,
3948,1786870502.3555906,ollama_cloud,,0.3403472792684442,zai_amortized,0,0.7,293817539,100.0,0.0,
3949,1786870502.6000154,ppq,deepseek/deepseek-v4-flash,0.06542517205402267,ppq_ledger,1,0.40922674,1560382,0.10208826082,0.0,
3950,1786870502.6000154,ppq,moonshotai/kimi-k3,2.497018421052631,ppq_ledger,1,0.3000133,190,0.00047443349999999997,0.0,
3951,1786870502.6000154,ppq,z-ai/glm-5,1.0743845322771748,ppq_ledger,1,0.5714743499999999,3878205,4.166683465,0.0,
3952,1786870502.6000154,ppq,z-ai/glm-5.2,0.2576523643245763,ppq_ledger,1,1.0,20029486,5.160644424106,0.0,
3953,1786870502.6000154,ppq,,0.37026045252579654,ppq_ledger,1,1.0,25468263,9.429890583426001,0.0,
3954,1786870502.6019003,openrouter,,0.4602331144543028,openrouter_actual,1,1.0,12719050,5.8537279944,0.0,
3955,1786870502.3387122,ours,,0.001,cold_start_fallback,0,0.0,0,0.0,0.0,
3956,1786870502.3387122,deepinfra,,1.3,cold_start_fallback,0,0.0,0,0.0,0.0,
3957,1786870802.4789965,friend,,0.001,zai_amortized,0,0.7,638615654,0.0,0.0,
3958,1786870802.4980755,ollama_cloud,,0.3403472792684442,zai_amortized,0,0.7,293817539,100.0,0.0,
3959,1786870802.7745256,ppq,deepseek/deepseek-v4-flash,0.06542517205402267,ppq_ledger,1,0.40922674,1560382,0.10208826082,0.0,
3960,1786870802.7745256,ppq,moonshotai/kimi-k3,2.497018421052631,ppq_ledger,1,0.3000133,190,0.00047443349999999997,0.0,
3961,1786870802.7745256,ppq,z-ai/glm-5,1.0743845322771748,ppq_ledger,1,0.5714743499999999,3878205,4.166683465,0.0,
3962,1786870802.7745256,ppq,z-ai/glm-5.2,0.2576523643245763,ppq_ledger,1,1.0,20029486,5.160644424106,0.0,
3963,1786870802.7745256,ppq,,0.37026045252579654,ppq_ledger,1,1.0,25468263,9.429890583426001,0.0,
3964,1786870802.7880807,openrouter,,0.4602331144543028,openrouter_actual,1,1.0,12719050,5.8537279944,0.0,
3965,1786870802.4789832,ours,,0.001,cold_start_fallback,0,0.0,0,0.0,0.0,
3966,1786870802.4789832,deepinfra,,1.3,cold_start_fallback,0,0.0,0,0.0,0.0,
3967,1786871102.1446157,friend,,0.001,zai_amortized,0,0.7,638953339,0.0,0.0,
3968,1786871102.1617794,ollama_cloud,,0.3403472792684442,zai_amortized,0,0.7,293817539,100.0,0.0,
3969,1786871102.4012866,ppq,deepseek/deepseek-v4-flash,0.06542517205402267,ppq_ledger,1,0.40922674,1560382,0.10208826082,0.0,
3970,1786871102.4012866,ppq,moonshotai/kimi-k3,2.497018421052631,ppq_ledger,1,0.3000133,190,0.00047443349999999997,0.0,
3971,1786871102.4012866,ppq,z-ai/glm-5,1.0743845322771748,ppq_ledger,1,0.5714743499999999,3878205,4.166683465,0.0,
3972,1786871102.4012866,ppq,z-ai/glm-5.2,0.2576523643245763,ppq_ledger,1,1.0,20029486,5.160644424106,0.0,
3973,1786871102.4012866,ppq,,0.37026045252579654,ppq_ledger,1,1.0,25468263,9.429890583426001,0.0,
3974,1786871102.4064808,openrouter,,0.4602331144543028,openrouter_actual,1,1.0,12719050,5.8537279944,0.0,
3975,1786871102.144613,ours,,0.001,cold_start_fallback,0,0.0,0,0.0,0.0,
3976,1786871102.144613,deepinfra,,1.3,cold_start_fallback,0,0.0,0,0.0,0.0,
3977,1786871402.7623708,friend,,0.001,zai_amortized,0,0.7,639555286,0.0,0.0,
3978,1786871402.7936072,ollama_cloud,,0.3403472792684442,zai_amortized,0,0.7,293817539,100.0,0.0,
3979,1786871403.0957053,ppq,deepseek/deepseek-v4-flash,0.06542517205402267,ppq_ledger,1,0.40922674,1560382,0.10208826082,0.0,
3980,1786871403.0957053,ppq,moonshotai/kimi-k3,2.497018421052631,ppq_ledger,1,0.3000133,190,0.00047443349999999997,0.0,
3981,1786871403.0957053,ppq,z-ai/glm-5,1.0743845322771748,ppq_ledger,1,0.5714743499999999,3878205,4.166683465,0.0,
3982,1786871403.0957053,ppq,z-ai/glm-5.2,0.2576523643245763,ppq_ledger,1,1.0,20029486,5.160644424106,0.0,
3983,1786871403.0957053,ppq,,0.37026045252579654,ppq_ledger,1,1.0,25468263,9.429890583426001,0.0,
3984,1786871403.1003287,openrouter,,0.4602331144543028,openrouter_actual,1,1.0,12719050,5.8537279944,0.0,
3985,1786871402.762368,ours,,0.001,cold_start_fallback,0,0.0,0,0.0,0.0,
3986,1786871402.762368,deepinfra,,1.3,cold_start_fallback,0,0.0,0,0.0,0.0,
3987,1786871702.4572997,friend,,0.001,zai_amortized,0,0.7,640998008,0.0,0.0,
3988,1786871702.4936025,ollama_cloud,,0.3403472792684442,zai_amortized,0,0.7,293817539,100.0,0.0,
3989,1786871702.7419393,ppq,deepseek/deepseek-v4-flash,0.06542517205402267,ppq_ledger,1,0.40922674,1560382,0.10208826082,0.0,
3990,1786871702.7419393,ppq,moonshotai/kimi-k3,2.497018421052631,ppq_ledger,1,0.3000133,190,0.00047443349999999997,0.0,
3991,1786871702.7419393,ppq,z-ai/glm-5,1.0743845322771748,ppq_ledger,1,0.5714743499999999,3878205,4.166683465,0.0,
3992,1786871702.7419393,ppq,z-ai/glm-5.2,0.2576523643245763,ppq_ledger,1,1.0,20029486,5.160644424106,0.0,
3993,1786871702.7419393,ppq,,0.37026045252579654,ppq_ledger,1,1.0,25468263,9.429890583426001,0.0,
3994,1786871702.743933,openrouter,,0.4602331144543028,openrouter_actual,1,1.0,12719050,5.8537279944,0.0,
3995,1786871702.4572964,ours,,0.001,cold_start_fallback,0,0.0,0,0.0,0.0,
3996,1786871702.4572964,deepinfra,,1.3,cold_start_fallback,0,0.0,0,0.0,0.0,
3997,1786872001.8607006,friend,,0.001,zai_amortized,0,0.7,641715382,0.0,0.0,
3998,1786872001.8795187,ollama_cloud,,0.3403472792684442,zai_amortized,0,0.7,293817539,100.0,0.0,
3999,1786872002.1488497,ppq,deepseek/deepseek-v4-flash,0.06542517205402267,ppq_ledger,1,0.40922674,1560382,0.10208826082,0.0,
4000,1786872002.1488497,ppq,moonshotai/kimi-k3,2.497018421052631,ppq_ledger,1,0.3000133,190,0.00047443349999999997,0.0,
4001,1786872002.1488497,ppq,z-ai/glm-5,1.0743845322771748,ppq_ledger,1,0.5714743499999999,3878205,4.166683465,0.0,
4002,1786872002.1488497,ppq,z-ai/glm-5.2,0.2576523643245763,ppq_ledger,1,1.0,20029486,5.160644424106,0.0,
4003,1786872002.1488497,ppq,,0.37026045252579654,ppq_ledger,1,1.0,25468263,9.429890583426001,0.0,
4004,1786872002.1517785,openrouter,,0.4602331144543028,openrouter_actual,1,1.0,12719050,5.8537279944,0.0,
4005,1786872001.8606968,ours,,0.001,cold_start_fallback,0,0.0,0,0.0,0.0,
4006,1786872001.8606968,deepinfra,,1.3,cold_start_fallback,0,0.0,0,0.0,0.0,
4007,1786872302.2684295,friend,,0.001,zai_amortized,0,0.7,641806879,0.0,0.0,
4008,1786872302.3034687,ollama_cloud,,0.3403472792684442,zai_amortized,0,0.7,293817539,100.0,0.0,
4009,1786872302.5717914,ppq,deepseek/deepseek-v4-flash,0.06542517205402267,ppq_ledger,1,0.40922674,1560382,0.10208826082,0.0,
4010,1786872302.5717914,ppq,moonshotai/kimi-k3,2.497018421052631,ppq_ledger,1,0.3000133,190,0.00047443349999999997,0.0,
4011,1786872302.5717914,ppq,z-ai/glm-5,1.0743845322771748,ppq_ledger,1,0.5714743499999999,3878205,4.166683465,0.0,
4012,1786872302.5717914,ppq,z-ai/glm-5.2,0.2576523643245763,ppq_ledger,1,1.0,20029486,5.160644424106,0.0,
4013,1786872302.5717914,ppq,,0.37026045252579654,ppq_ledger,1,1.0,25468263,9.429890583426001,0.0,
4014,1786872302.5743635,openrouter,,0.4602331144543028,openrouter_actual,1,1.0,12719050,5.8537279944,0.0,
4015,1786872302.2684267,ours,,0.001,cold_start_fallback,0,0.0,0,0.0,0.0,
4016,1786872302.2684267,deepinfra,,1.3,cold_start_fallback,0,0.0,0,0.0,0.0,
4017,1786872602.7044315,friend,,0.001,zai_amortized,0,0.7,642175234,0.0,0.0,
4018,1786872602.7735276,ollama_cloud,,0.3403472792684442,zai_amortized,0,0.7,293817539,100.0,0.0,
4019,1786872603.242025,ppq,deepseek/deepseek-v4-flash,0.06542517205402267,ppq_ledger,1,0.40922674,1560382,0.10208826082,0.0,
4020,1786872603.242025,ppq,moonshotai/kimi-k3,2.497018421052631,ppq_ledger,1,0.3000133,190,0.00047443349999999997,0.0,
4021,1786872603.242025,ppq,z-ai/glm-5,1.0743845322771748,ppq_ledger,1,0.5714743499999999,3878205,4.166683465,0.0,
4022,1786872603.242025,ppq,z-ai/glm-5.2,0.2576523643245763,ppq_ledger,1,1.0,20029486,5.160644424106,0.0,
4023,1786872603.242025,ppq,,0.37026045252579654,ppq_ledger,1,1.0,25468263,9.429890583426001,0.0,
4024,1786872603.2441235,openrouter,,0.4602331144543028,openrouter_actual,1,1.0,12719050,5.8537279944,0.0,
4025,1786872602.704429,ours,,0.001,cold_start_fallback,0,0.0,0,0.0,0.0,
4026,1786872602.704429,deepinfra,,1.3,cold_start_fallback,0,0.0,0,0.0,0.0,
4027,1786872902.8240786,friend,,0.001,zai_amortized,0,0.7,642867557,0.0,0.0,
4028,1786872902.8398187,ollama_cloud,,0.3403472792684442,zai_amortized,0,0.7,293817539,100.0,0.0,
4029,1786872903.1757913,ppq,deepseek/deepseek-v4-flash,0.06542517205402267,ppq_ledger,1,0.40922674,1560382,0.10208826082,0.0,
4030,1786872903.1757913,ppq,moonshotai/kimi-k3,2.497018421052631,ppq_ledger,1,0.3000133,190,0.00047443349999999997,0.0,
4031,1786872903.1757913,ppq,z-ai/glm-5,1.0743845322771748,ppq_ledger,1,0.5714743499999999,3878205,4.166683465,0.0,
4032,1786872903.1757913,ppq,z-ai/glm-5.2,0.2576523643245763,ppq_ledger,1,1.0,20029486,5.160644424106,0.0,
4033,1786872903.1757913,ppq,,0.37026045252579654,ppq_ledger,1,1.0,25468263,9.429890583426001,0.0,
4034,1786872903.179828,openrouter,,0.4602331144543028,openrouter_actual,1,1.0,12719050,5.8537279944,0.0,
4035,1786872902.8240736,ours,,0.001,cold_start_fallback,0,0.0,0,0.0,0.0,
4036,1786872902.8240736,deepinfra,,1.3,cold_start_fallback,0,0.0,0,0.0,0.0,
4037,1786873201.5763915,friend,,0.001,zai_amortized,0,0.7,643219639,0.0,0.0,
4038,1786873201.7072847,ollama_cloud,,0.3403472792684442,zai_amortized,0,0.7,293817539,100.0,0.0,
4039,1786873202.3667092,ppq,deepseek/deepseek-v4-flash,0.06542517205402267,ppq_ledger,1,0.40922674,1560382,0.10208826082,0.0,
4040,1786873202.3667092,ppq,moonshotai/kimi-k3,2.497018421052631,ppq_ledger,1,0.3000133,190,0.00047443349999999997,0.0,
4041,1786873202.3667092,ppq,z-ai/glm-5,1.0743845322771748,ppq_ledger,1,0.5714743499999999,3878205,4.166683465,0.0,
4042,1786873202.3667092,ppq,z-ai/glm-5.2,0.2576523643245763,ppq_ledger,1,1.0,20029486,5.160644424106,0.0,
4043,1786873202.3667092,ppq,,0.37026045252579654,ppq_ledger,1,1.0,25468263,9.429890583426001,0.0,
4044,1786873202.3685875,openrouter,,0.4602331144543028,openrouter_actual,1,1.0,12719050,5.8537279944,0.0,
4045,1786873201.5763888,ours,,0.001,cold_start_fallback,0,0.0,0,0.0,0.0,
4046,1786873201.5763888,deepinfra,,1.3,cold_start_fallback,0,0.0,0,0.0,0.0,
4047,1786873502.7319741,friend,,0.001,zai_amortized,0,0.7,643443697,0.0,0.0,
4048,1786873502.7512662,ollama_cloud,,0.3403472792684442,zai_amortized,0,0.7,293817539,100.0,0.0,
4049,1786873503.0376258,ppq,deepseek/deepseek-v4-flash,0.06542517205402267,ppq_ledger,1,0.40922674,1560382,0.10208826082,0.0,
4050,1786873503.0376258,ppq,moonshotai/kimi-k3,2.497018421052631,ppq_ledger,1,0.3000133,190,0.00047443349999999997,0.0,
4051,1786873503.0376258,ppq,z-ai/glm-5,1.0743845322771748,ppq_ledger,1,0.5714743499999999,3878205,4.166683465,0.0,
4052,1786873503.0376258,ppq,z-ai/glm-5.2,0.2576523643245763,ppq_ledger,1,1.0,20029486,5.160644424106,0.0,
4053,1786873503.0376258,ppq,,0.37026045252579654,ppq_ledger,1,1.0,25468263,9.429890583426001,0.0,
4054,1786873503.0427144,openrouter,,0.4602331144543028,openrouter_actual,1,1.0,12719050,5.8537279944,0.0,
4055,1786873502.731971,ours,,0.001,cold_start_fallback,0,0.0,0,0.0,0.0,
4056,1786873502.731971,deepinfra,,1.3,cold_start_fallback,0,0.0,0,0.0,0.0,
4057,1786873802.7805226,friend,,0.001,zai_amortized,0,0.7,644002126,0.0,0.0,
4058,1786873802.8450513,ollama_cloud,,0.3403472792684442,zai_amortized,0,0.7,293817539,100.0,0.0,
4059,1786873803.1317327,ppq,deepseek/deepseek-v4-flash,0.06542517205402267,ppq_ledger,1,0.40922674,1560382,0.10208826082,0.0,
4060,1786873803.1317327,ppq,moonshotai/kimi-k3,2.497018421052631,ppq_ledger,1,0.3000133,190,0.00047443349999999997,0.0,
4061,1786873803.1317327,ppq,z-ai/glm-5,1.0743845322771748,ppq_ledger,1,0.5714743499999999,3878205,4.166683465,0.0,
4062,1786873803.1317327,ppq,z-ai/glm-5.2,0.2576523643245763,ppq_ledger,1,1.0,20029486,5.160644424106,0.0,
4063,1786873803.1317327,ppq,,0.37026045252579654,ppq_ledger,1,1.0,25468263,9.429890583426001,0.0,
4064,1786873803.1358035,openrouter,,0.4602331144543028,openrouter_actual,1,1.0,12719050,5.8537279944,0.0,
4065,1786873802.7805176,ours,,0.001,cold_start_fallback,0,0.0,0,0.0,0.0,
4066,1786873802.7805176,deepinfra,,1.3,cold_start_fallback,0,0.0,0,0.0,0.0,
4067,1786874102.3503523,friend,,0.001,zai_amortized,0,0.7,645932553,0.0,0.0,
4068,1786874102.367709,ollama_cloud,,0.3403472792684442,zai_amortized,0,0.7,293817539,100.0,0.0,
4069,1786874102.6136563,ppq,deepseek/deepseek-v4-flash,0.06542517205402267,ppq_ledger,1,0.40922674,1560382,0.10208826082,0.0,
4070,1786874102.6136563,ppq,moonshotai/kimi-k3,2.497018421052631,ppq_ledger,1,0.3000133,190,0.00047443349999999997,0.0,
4071,1786874102.6136563,ppq,z-ai/glm-5,1.0743845322771748,ppq_ledger,1,0.5714743499999999,3878205,4.166683465,0.0,
4072,1786874102.6136563,ppq,z-ai/glm-5.2,0.2576523643245763,ppq_ledger,1,1.0,20029486,5.160644424106,0.0,
4073,1786874102.6136563,ppq,,0.37026045252579654,ppq_ledger,1,1.0,25468263,9.429890583426001,0.0,
4074,1786874102.6157672,openrouter,,0.4602331144543028,openrouter_actual,1,1.0,12719050,5.8537279944,0.0,
4075,1786874102.35035,ours,,0.001,cold_start_fallback,0,0.0,0,0.0,0.0,
4076,1786874102.35035,deepinfra,,1.3,cold_start_fallback,0,0.0,0,0.0,0.0,
4077,1786874402.7096825,friend,,0.001,zai_amortized,0,0.7,647980115,0.0,0.0,
4078,1786874402.7684069,ollama_cloud,,0.3403472792684442,zai_amortized,0,0.7,293817539,100.0,0.0,
4079,1786874403.0907748,ppq,deepseek/deepseek-v4-flash,0.06542517205402267,ppq_ledger,1,0.40922674,1560382,0.10208826082,0.0,
4080,1786874403.0907748,ppq,moonshotai/kimi-k3,2.497018421052631,ppq_ledger,1,0.3000133,190,0.00047443349999999997,0.0,
4081,1786874403.0907748,ppq,z-ai/glm-5,1.0743845322771748,ppq_ledger,1,0.5714743499999999,3878205,4.166683465,0.0,
4082,1786874403.0907748,ppq,z-ai/glm-5.2,0.2576523643245763,ppq_ledger,1,1.0,20029486,5.160644424106,0.0,
4083,1786874403.0907748,ppq,,0.37026045252579654,ppq_ledger,1,1.0,25468263,9.429890583426001,0.0,
4084,1786874403.0971937,openrouter,,0.4602331144543028,openrouter_actual,1,1.0,12719050,5.8537279944,0.0,
4085,1786874402.7096791,ours,,0.001,cold_start_fallback,0,0.0,0,0.0,0.0,
4086,1786874402.7096791,deepinfra,,1.3,cold_start_fallback,0,0.0,0,0.0,0.0,
4087,1786874702.1954439,friend,,0.001,zai_amortized,0,0.7,648600079,0.0,0.0,
4088,1786874702.213601,ollama_cloud,,0.3403472792684442,zai_amortized,0,0.7,293817539,100.0,0.0,
4089,1786874702.4711764,ppq,deepseek/deepseek-v4-flash,0.06542517205402267,ppq_ledger,1,0.40922674,1560382,0.10208826082,0.0,
4090,1786874702.4711764,ppq,moonshotai/kimi-k3,2.497018421052631,ppq_ledger,1,0.3000133,190,0.00047443349999999997,0.0,
4091,1786874702.4711764,ppq,z-ai/glm-5,1.0743845322771748,ppq_ledger,1,0.5714743499999999,3878205,4.166683465,0.0,
4092,1786874702.4711764,ppq,z-ai/glm-5.2,0.2576523643245763,ppq_ledger,1,1.0,20029486,5.160644424106,0.0,
4093,1786874702.4711764,ppq,,0.37026045252579654,ppq_ledger,1,1.0,25468263,9.429890583426001,0.0,
4094,1786874702.4724336,openrouter,,0.46182701212729904,openrouter_actual,1,1.0,12785287,5.904590894399999,0.0,
4095,1786874702.195441,ours,,0.001,cold_start_fallback,0,0.0,0,0.0,0.0,
4096,1786874702.195441,deepinfra,,1.3,cold_start_fallback,0,0.0,0,0.0,0.0,
4097,1786875002.3303187,friend,,0.001,zai_amortized,0,0.7,649814657,0.0,0.0,
4098,1786875002.3448699,ollama_cloud,,0.3403472792684442,zai_amortized,0,0.7,293817539,100.0,0.0,
4099,1786875002.5710394,ppq,deepseek/deepseek-v4-flash,0.06542517205402267,ppq_ledger,1,0.40922674,1560382,0.10208826082,0.0,
4100,1786875002.5710394,ppq,moonshotai/kimi-k3,2.497018421052631,ppq_ledger,1,0.3000133,190,0.00047443349999999997,0.0,
4101,1786875002.5710394,ppq,z-ai/glm-5,1.0743845322771748,ppq_ledger,1,0.5714743499999999,3878205,4.166683465,0.0,
4102,1786875002.5710394,ppq,z-ai/glm-5.2,0.2576523643245763,ppq_ledger,1,1.0,20029486,5.160644424106,0.0,
4103,1786875002.5710394,ppq,,0.37026045252579654,ppq_ledger,1,1.0,25468263,9.429890583426001,0.0,
4104,1786875002.5725248,openrouter,,0.46182701212729904,openrouter_actual,1,1.0,12785287,5.904590894399999,0.0,
4105,1786875002.330314,ours,,0.001,cold_start_fallback,0,0.0,0,0.0,0.0,
4106,1786875002.330314,deepinfra,,1.3,cold_start_fallback,0,0.0,0,0.0,0.0,
4107,1786875302.8751485,friend,,0.001,zai_amortized,0,0.7,650513031,0.0,0.0,
4108,1786875302.9204736,ollama_cloud,,0.3403472792684442,zai_amortized,0,0.7,293817539,100.0,0.0,
4109,1786875303.1612477,ppq,deepseek/deepseek-v4-flash,0.06542517205402267,ppq_ledger,1,0.40922674,1560382,0.10208826082,0.0,
4110,1786875303.1612477,ppq,moonshotai/kimi-k3,2.497018421052631,ppq_ledger,1,0.3000133,190,0.00047443349999999997,0.0,
4111,1786875303.1612477,ppq,z-ai/glm-5,1.0743845322771748,ppq_ledger,1,0.5714743499999999,3878205,4.166683465,0.0,
4112,1786875303.1612477,ppq,z-ai/glm-5.2,0.2576523643245763,ppq_ledger,1,1.0,20029486,5.160644424106,0.0,
4113,1786875303.1612477,ppq,,0.37026045252579654,ppq_ledger,1,1.0,25468263,9.429890583426001,0.0,
4114,1786875303.1632473,openrouter,,0.46182701212729904,openrouter_actual,1,1.0,12785287,5.904590894399999,0.0,
4115,1786875302.8751454,ours,,0.001,cold_start_fallback,0,0.0,0,0.0,0.0,
4116,1786875302.8751454,deepinfra,,1.3,cold_start_fallback,0,0.0,0,0.0,0.0,
4117,1786875602.172082,friend,,0.001,zai_amortized,0,0.7,650675760,0.0,0.0,
4118,1786875602.1886585,ollama_cloud,,0.3403472792684442,zai_amortized,0,0.7,293817539,100.0,0.0,
4119,1786875602.4795098,ppq,deepseek/deepseek-v4-flash,0.06542517205402267,ppq_ledger,1,0.40922674,1560382,0.10208826082,0.0,
4120,1786875602.4795098,ppq,moonshotai/kimi-k3,2.497018421052631,ppq_ledger,1,0.3000133,190,0.00047443349999999997,0.0,
4121,1786875602.4795098,ppq,z-ai/glm-5,1.0743845322771748,ppq_ledger,1,0.5714743499999999,3878205,4.166683465,0.0,
4122,1786875602.4795098,ppq,z-ai/glm-5.2,0.2576523643245763,ppq_ledger,1,1.0,20029486,5.160644424106,0.0,
4123,1786875602.4795098,ppq,,0.37026045252579654,ppq_ledger,1,1.0,25468263,9.429890583426001,0.0,
4124,1786875602.4847383,openrouter,,0.46182701212729904,openrouter_actual,1,1.0,12785287,5.904590894399999,0.0,
4125,1786875602.1720788,ours,,0.001,cold_start_fallback,0,0.0,0,0.0,0.0,
4126,1786875602.1720788,deepinfra,,1.3,cold_start_fallback,0,0.0,0,0.0,0.0,
4127,1786875902.5057387,friend,,0.001,zai_amortized,0,0.7,650675760,0.0,0.0,
4128,1786875902.5406651,ollama_cloud,,0.3403472792684442,zai_amortized,0,0.7,293817539,100.0,0.0,
4129,1786875902.8363502,ppq,deepseek/deepseek-v4-flash,0.06542517205402267,ppq_ledger,1,0.40922674,1560382,0.10208826082,0.0,
4130,1786875902.8363502,ppq,moonshotai/kimi-k3,2.497018421052631,ppq_ledger,1,0.3000133,190,0.00047443349999999997,0.0,
4131,1786875902.8363502,ppq,z-ai/glm-5,1.0743845322771748,ppq_ledger,1,0.5714743499999999,3878205,4.166683465,0.0,
4132,1786875902.8363502,ppq,z-ai/glm-5.2,0.2576523643245763,ppq_ledger,1,1.0,20029486,5.160644424106,0.0,
4133,1786875902.8363502,ppq,,0.37026045252579654,ppq_ledger,1,1.0,25468263,9.429890583426001,0.0,
4134,1786875902.8399527,openrouter,,0.46182701212729904,openrouter_actual,1,1.0,12785287,5.904590894399999,0.0,
4135,1786875902.5057356,ours,,0.001,cold_start_fallback,0,0.0,0,0.0,0.0,
4136,1786875902.5057356,deepinfra,,1.3,cold_start_fallback,0,0.0,0,0.0,0.0,
4137,1786876202.019966,friend,,0.001,zai_amortized,0,0.7,650675760,0.0,0.0,
4138,1786876202.054967,ollama_cloud,,0.3403472792684442,zai_amortized,0,0.7,293817539,100.0,0.0,
4139,1786876202.3586643,ppq,deepseek/deepseek-v4-flash,0.06542517205402267,ppq_ledger,1,0.40922674,1560382,0.10208826082,0.0,
4140,1786876202.3586643,ppq,moonshotai/kimi-k3,2.497018421052631,ppq_ledger,1,0.3000133,190,0.00047443349999999997,0.0,
4141,1786876202.3586643,ppq,z-ai/glm-5,1.0743845322771748,ppq_ledger,1,0.5714743499999999,3878205,4.166683465,0.0,
4142,1786876202.3586643,ppq,z-ai/glm-5.2,0.2576523643245763,ppq_ledger,1,1.0,20029486,5.160644424106,0.0,
4143,1786876202.3586643,ppq,,0.37026045252579654,ppq_ledger,1,1.0,25468263,9.429890583426001,0.0,
4144,1786876202.3638356,openrouter,,0.46182701212729904,openrouter_actual,1,1.0,12785287,5.904590894399999,0.0,
4145,1786876202.0199618,ours,,0.001,cold_start_fallback,0,0.0,0,0.0,0.0,
4146,1786876202.0199618,deepinfra,,1.3,cold_start_fallback,0,0.0,0,0.0,0.0,
4147,1786876501.798851,friend,,0.001,zai_amortized,0,0.7,651731270,0.0,0.0,
4148,1786876501.8187819,ollama_cloud,,0.3403472792684442,zai_amortized,0,0.7,293817539,100.0,0.0,
4149,1786876502.038027,ppq,deepseek/deepseek-v4-flash,0.06542517205402267,ppq_ledger,1,0.40922674,1560382,0.10208826082,0.0,
4150,1786876502.038027,ppq,moonshotai/kimi-k3,2.497018421052631,ppq_ledger,1,0.3000133,190,0.00047443349999999997,0.0,
4151,1786876502.038027,ppq,z-ai/glm-5,1.0743845322771748,ppq_ledger,1,0.5714743499999999,3878205,4.166683465,0.0,
4152,1786876502.038027,ppq,z-ai/glm-5.2,0.2576523643245763,ppq_ledger,1,1.0,20029486,5.160644424106,0.0,
4153,1786876502.038027,ppq,,0.37026045252579654,ppq_ledger,1,1.0,25468263,9.429890583426001,0.0,
4154,1786876502.0400147,openrouter,,0.46182701212729904,openrouter_actual,1,1.0,12785287,5.904590894399999,0.0,
4155,1786876501.7988482,ours,,0.001,cold_start_fallback,0,0.0,0,0.0,0.0,
4156,1786876501.7988482,deepinfra,,1.3,cold_start_fallback,0,0.0,0,0.0,0.0,
4157,1786876802.7732077,friend,,0.001,zai_amortized,0,0.7,651873245,0.0,0.0,
4158,1786876802.8452883,ollama_cloud,,0.3403472792684442,zai_amortized,0,0.7,293817539,100.0,0.0,
4159,1786876803.1640134,ppq,deepseek/deepseek-v4-flash,0.06542517205402267,ppq_ledger,1,0.40922674,1560382,0.10208826082,0.0,
4160,1786876803.1640134,ppq,moonshotai/kimi-k3,2.497018421052631,ppq_ledger,1,0.3000133,190,0.00047443349999999997,0.0,
4161,1786876803.1640134,ppq,z-ai/glm-5,1.0743845322771748,ppq_ledger,1,0.5714743499999999,3878205,4.166683465,0.0,
4162,1786876803.1640134,ppq,z-ai/glm-5.2,0.2576523643245763,ppq_ledger,1,1.0,20029486,5.160644424106,0.0,
4163,1786876803.1640134,ppq,,0.37026045252579654,ppq_ledger,1,1.0,25468263,9.429890583426001,0.0,
4164,1786876803.1714463,openrouter,,0.46182701212729904,openrouter_actual,1,1.0,12785287,5.904590894399999,0.0,
4165,1786876802.7732046,ours,,0.001,cold_start_fallback,0,0.0,0,0.0,0.0,
4166,1786876802.7732046,deepinfra,,1.3,cold_start_fallback,0,0.0,0,0.0,0.0,
4167,1786877102.2277713,friend,,0.001,zai_amortized,0,0.7,652360828,0.0,0.0,
4168,1786877102.276235,ollama_cloud,,0.3403472792684442,zai_amortized,0,0.7,293817539,100.0,0.0,
4169,1786877102.5202258,ppq,deepseek/deepseek-v4-flash,0.06542517205402267,ppq_ledger,1,0.40922674,1560382,0.10208826082,0.0,
4170,1786877102.5202258,ppq,moonshotai/kimi-k3,2.497018421052631,ppq_ledger,1,0.3000133,190,0.00047443349999999997,0.0,
4171,1786877102.5202258,ppq,z-ai/glm-5,1.0743845322771748,ppq_ledger,1,0.5714743499999999,3878205,4.166683465,0.0,
4172,1786877102.5202258,ppq,z-ai/glm-5.2,0.2576523643245763,ppq_ledger,1,1.0,20029486,5.160644424106,0.0,
4173,1786877102.5202258,ppq,,0.37026045252579654,ppq_ledger,1,1.0,25468263,9.429890583426001,0.0,
4174,1786877102.5220904,openrouter,,0.46182701212729904,openrouter_actual,1,1.0,12785287,5.904590894399999,0.0,
4175,1786877102.227767,ours,,0.001,cold_start_fallback,0,0.0,0,0.0,0.0,
4176,1786877102.227767,deepinfra,,1.3,cold_start_fallback,0,0.0,0,0.0,0.0,
4177,1786877402.0149658,friend,,0.001,zai_amortized,0,0.7,652882943,0.0,0.0,
4178,1786877402.031884,ollama_cloud,,0.3403472792684442,zai_amortized,0,0.7,293817539,100.0,0.0,
4179,1786877402.251694,ppq,deepseek/deepseek-v4-flash,0.06542517205402267,ppq_ledger,1,0.40922674,1560382,0.10208826082,0.0,
4180,1786877402.251694,ppq,moonshotai/kimi-k3,2.497018421052631,ppq_ledger,1,0.3000133,190,0.00047443349999999997,0.0,
4181,1786877402.251694,ppq,z-ai/glm-5,1.0743845322771748,ppq_ledger,1,0.5714743499999999,3878205,4.166683465,0.0,
4182,1786877402.251694,ppq,z-ai/glm-5.2,0.2576523643245763,ppq_ledger,1,1.0,20029486,5.160644424106,0.0,
4183,1786877402.251694,ppq,,0.37026045252579654,ppq_ledger,1,1.0,25468263,9.429890583426001,0.0,
4184,1786877402.254557,openrouter,,0.46182701212729904,openrouter_actual,1,1.0,12785287,5.904590894399999,0.0,
4185,1786877402.0149627,ours,,0.001,cold_start_fallback,0,0.0,0,0.0,0.0,
4186,1786877402.0149627,deepinfra,,1.3,cold_start_fallback,0,0.0,0,0.0,0.0,
4187,1786877702.4675624,friend,,0.001,zai_amortized,0,0.7,654273072,0.0,0.0,
4188,1786877702.5036907,ollama_cloud,,0.3403472792684442,zai_amortized,0,0.7,293817539,100.0,0.0,
4189,1786877702.734692,ppq,deepseek/deepseek-v4-flash,0.06542517205402267,ppq_ledger,1,0.40922674,1560382,0.10208826082,0.0,
4190,1786877702.734692,ppq,moonshotai/kimi-k3,2.497018421052631,ppq_ledger,1,0.3000133,190,0.00047443349999999997,0.0,
4191,1786877702.734692,ppq,z-ai/glm-5,1.0743845322771748,ppq_ledger,1,0.5714743499999999,3878205,4.166683465,0.0,
4192,1786877702.734692,ppq,z-ai/glm-5.2,0.2576523643245763,ppq_ledger,1,1.0,20029486,5.160644424106,0.0,
4193,1786877702.734692,ppq,,0.37026045252579654,ppq_ledger,1,1.0,25468263,9.429890583426001,0.0,
4194,1786877702.736619,openrouter,,0.46182701212729904,openrouter_actual,1,1.0,12785287,5.904590894399999,0.0,
4195,1786877702.4675593,ours,,0.001,cold_start_fallback,0,0.0,0,0.0,0.0,
4196,1786877702.4675593,deepinfra,,1.3,cold_start_fallback,0,0.0,0,0.0,0.0,
4197,1786878002.8742473,friend,,0.001,zai_amortized,0,0.7,655303978,0.0,0.0,
4198,1786878002.9157298,ollama_cloud,,0.3403472792684442,zai_amortized,0,0.7,293817539,100.0,0.0,
4199,1786878003.227964,ppq,deepseek/deepseek-v4-flash,0.06542517205402267,ppq_ledger,1,0.40922674,1560382,0.10208826082,0.0,
4200,1786878003.227964,ppq,moonshotai/kimi-k3,2.497018421052631,ppq_ledger,1,0.3000133,190,0.00047443349999999997,0.0,
4201,1786878003.227964,ppq,z-ai/glm-5,1.0743845322771748,ppq_ledger,1,0.5714743499999999,3878205,4.166683465,0.0,
4202,1786878003.227964,ppq,z-ai/glm-5.2,0.2576523643245763,ppq_ledger,1,1.0,20029486,5.160644424106,0.0,
4203,1786878003.227964,ppq,,0.37026045252579654,ppq_ledger,1,1.0,25468263,9.429890583426001,0.0,
4204,1786878003.2308385,openrouter,,0.46182701212729904,openrouter_actual,1,1.0,12785287,5.904590894399999,0.0,
4205,1786878002.8742452,ours,,0.001,cold_start_fallback,0,0.0,0,0.0,0.0,
4206,1786878002.8742452,deepinfra,,1.3,cold_start_fallback,0,0.0,0,0.0,0.0,
4207,1786878302.3100262,friend,,0.001,zai_amortized,0,0.7,655303978,0.0,0.0,
4208,1786878302.3297188,ollama_cloud,,0.3403472792684442,zai_amortized,0,0.7,293817539,100.0,0.0,
4209,1786878302.5980098,ppq,deepseek/deepseek-v4-flash,0.06542517205402267,ppq_ledger,1,0.40922674,1560382,0.10208826082,0.0,
4210,1786878302.5980098,ppq,moonshotai/kimi-k3,2.497018421052631,ppq_ledger,1,0.3000133,190,0.00047443349999999997,0.0,
4211,1786878302.5980098,ppq,z-ai/glm-5,1.0743845322771748,ppq_ledger,1,0.5714743499999999,3878205,4.166683465,0.0,
4212,1786878302.5980098,ppq,z-ai/glm-5.2,0.2576523643245763,ppq_ledger,1,1.0,20029486,5.160644424106,0.0,
4213,1786878302.5980098,ppq,,0.37026045252579654,ppq_ledger,1,1.0,25468263,9.429890583426001,0.0,
4214,1786878302.6001978,openrouter,,0.46182701212729904,openrouter_actual,1,1.0,12785287,5.904590894399999,0.0,
4215,1786878302.3100228,ours,,0.001,cold_start_fallback,0,0.0,0,0.0,0.0,
4216,1786878302.3100228,deepinfra,,1.3,cold_start_fallback,0,0.0,0,0.0,0.0,
4217,1786878602.8316197,friend,,0.001,zai_amortized,0,0.7,655303978,0.0,0.0,
4218,1786878602.8753495,ollama_cloud,,0.3403472792684442,zai_amortized,0,0.7,293817539,100.0,0.0,
4219,1786878603.4244342,ppq,deepseek/deepseek-v4-flash,0.06542517205402267,ppq_ledger,1,0.40922674,1560382,0.10208826082,0.0,
4220,1786878603.4244342,ppq,moonshotai/kimi-k3,2.497018421052631,ppq_ledger,1,0.3000133,190,0.00047443349999999997,0.0,
4221,1786878603.4244342,ppq,z-ai/glm-5,1.0743845322771748,ppq_ledger,1,0.5714743499999999,3878205,4.166683465,0.0,
4222,1786878603.4244342,ppq,z-ai/glm-5.2,0.2576523643245763,ppq_ledger,1,1.0,20029486,5.160644424106,0.0,
4223,1786878603.4244342,ppq,,0.37026045252579654,ppq_ledger,1,1.0,25468263,9.429890583426001,0.0,
4224,1786878603.4264796,openrouter,,0.46182701212729904,openrouter_actual,1,1.0,12785287,5.904590894399999,0.0,
4225,1786878602.831617,ours,,0.001,cold_start_fallback,0,0.0,0,0.0,0.0,
4226,1786878602.831617,deepinfra,,1.3,cold_start_fallback,0,0.0,0,0.0,0.0,
4227,1786878902.525589,friend,,0.001,zai_amortized,0,0.7,655303978,0.0,0.0,
4228,1786878902.5441933,ollama_cloud,,0.3403472792684442,zai_amortized,0,0.7,293817539,100.0,0.0,
4229,1786878902.793781,ppq,deepseek/deepseek-v4-flash,0.06542517205402267,ppq_ledger,1,0.40922674,1560382,0.10208826082,0.0,
4230,1786878902.793781,ppq,moonshotai/kimi-k3,2.497018421052631,ppq_ledger,1,0.3000133,190,0.00047443349999999997,0.0,
4231,1786878902.793781,ppq,z-ai/glm-5,1.0743845322771748,ppq_ledger,1,0.5714743499999999,3878205,4.166683465,0.0,
4232,1786878902.793781,ppq,z-ai/glm-5.2,0.2576523643245763,ppq_ledger,1,1.0,20029486,5.160644424106,0.0,
4233,1786878902.793781,ppq,,0.37026045252579654,ppq_ledger,1,1.0,25468263,9.429890583426001,0.0,
4234,1786878902.7957132,openrouter,,0.46182701212729904,openrouter_actual,1,1.0,12785287,5.904590894399999,0.0,
4235,1786878902.5255864,ours,,0.001,cold_start_fallback,0,0.0,0,0.0,0.0,
4236,1786878902.5255864,deepinfra,,1.3,cold_start_fallback,0,0.0,0,0.0,0.0,
4237,1786879202.629569,friend,,0.001,zai_amortized,0,0.7,655303978,0.0,0.0,
4238,1786879202.723515,ollama_cloud,,0.3403472792684442,zai_amortized,0,0.7,293817539,100.0,0.0,
4239,1786879203.0480444,ppq,deepseek/deepseek-v4-flash,0.06542517205402267,ppq_ledger,1,0.40922674,1560382,0.10208826082,0.0,
4240,1786879203.0480444,ppq,moonshotai/kimi-k3,2.497018421052631,ppq_ledger,1,0.3000133,190,0.00047443349999999997,0.0,
4241,1786879203.0480444,ppq,z-ai/glm-5,1.0743845322771748,ppq_ledger,1,0.5714743499999999,3878205,4.166683465,0.0,
4242,1786879203.0480444,ppq,z-ai/glm-5.2,0.2576523643245763,ppq_ledger,1,1.0,20029486,5.160644424106,0.0,
4243,1786879203.0480444,ppq,,0.37026045252579654,ppq_ledger,1,1.0,25468263,9.429890583426001,0.0,
4244,1786879203.0516496,openrouter,,0.46182701212729904,openrouter_actual,1,1.0,12785287,5.904590894399999,0.0,
4245,1786879202.629566,ours,,0.001,cold_start_fallback,0,0.0,0,0.0,0.0,
4246,1786879202.629566,deepinfra,,1.3,cold_start_fallback,0,0.0,0,0.0,0.0,
4247,1786879502.4212503,friend,,0.001,zai_amortized,0,0.7,655303978,0.0,0.0,
4248,1786879502.438306,ollama_cloud,,0.3403472792684442,zai_amortized,0,0.7,293817539,100.0,0.0,
4249,1786879502.68619,ppq,deepseek/deepseek-v4-flash,0.06542517205402267,ppq_ledger,1,0.40922674,1560382,0.10208826082,0.0,
4250,1786879502.68619,ppq,moonshotai/kimi-k3,2.497018421052631,ppq_ledger,1,0.3000133,190,0.00047443349999999997,0.0,
4251,1786879502.68619,ppq,z-ai/glm-5,1.0743845322771748,ppq_ledger,1,0.5714743499999999,3878205,4.166683465,0.0,
4252,1786879502.68619,ppq,z-ai/glm-5.2,0.2576523643245763,ppq_ledger,1,1.0,20029486,5.160644424106,0.0,
4253,1786879502.68619,ppq,,0.37026045252579654,ppq_ledger,1,1.0,25468263,9.429890583426001,0.0,
4254,1786879502.6873574,openrouter,,0.46182701212729904,openrouter_actual,1,1.0,12785287,5.904590894399999,0.0,
4255,1786879502.4212475,ours,,0.001,cold_start_fallback,0,0.0,0,0.0,0.0,
4256,1786879502.4212475,deepinfra,,1.3,cold_start_fallback,0,0.0,0,0.0,0.0,
4257,1786879803.1394446,friend,,0.001,zai_amortized,0,0.7,655303978,0.0,0.0,
4258,1786879803.2155514,ollama_cloud,,0.3403472792684442,zai_amortized,0,0.7,293817539,100.0,0.0,
4259,1786879803.522023,ppq,deepseek/deepseek-v4-flash,0.06542517205402267,ppq_ledger,1,0.40922674,1560382,0.10208826082,0.0,
4260,1786879803.522023,ppq,moonshotai/kimi-k3,2.497018421052631,ppq_ledger,1,0.3000133,190,0.00047443349999999997,0.0,
4261,1786879803.522023,ppq,z-ai/glm-5,1.0743845322771748,ppq_ledger,1,0.5714743499999999,3878205,4.166683465,0.0,
4262,1786879803.522023,ppq,z-ai/glm-5.2,0.2576523643245763,ppq_ledger,1,1.0,20029486,5.160644424106,0.0,
4263,1786879803.522023,ppq,,0.37026045252579654,ppq_ledger,1,1.0,25468263,9.429890583426001,0.0,
4264,1786879803.5304427,openrouter,,0.46182701212729904,openrouter_actual,1,1.0,12785287,5.904590894399999,0.0,
4265,1786879803.1394415,ours,,0.001,cold_start_fallback,0,0.0,0,0.0,0.0,
4266,1786879803.1394415,deepinfra,,1.3,cold_start_fallback,0,0.0,0,0.0,0.0,
4267,1786880102.7264295,friend,,0.001,zai_amortized,0,0.7,655671019,0.0,0.0,
4268,1786880102.7445924,ollama_cloud,,0.3403472792684442,zai_amortized,0,0.7,293817539,100.0,0.0,
4269,1786880102.973502,ppq,deepseek/deepseek-v4-flash,0.06542517205402267,ppq_ledger,1,0.40922674,1560382,0.10208826082,0.0,
4270,1786880102.973502,ppq,moonshotai/kimi-k3,2.497018421052631,ppq_ledger,1,0.3000133,190,0.00047443349999999997,0.0,
4271,1786880102.973502,ppq,z-ai/glm-5,1.0743845322771748,ppq_ledger,1,0.5714743499999999,3878205,4.166683465,0.0,
4272,1786880102.973502,ppq,z-ai/glm-5.2,0.2576523643245763,ppq_ledger,1,1.0,20029486,5.160644424106,0.0,
4273,1786880102.973502,ppq,,0.37026045252579654,ppq_ledger,1,1.0,25468263,9.429890583426001,0.0,
4274,1786880102.9756675,openrouter,,0.46182701212729904,openrouter_actual,1,1.0,12785287,5.904590894399999,0.0,
4275,1786880102.7264264,ours,,0.001,cold_start_fallback,0,0.0,0,0.0,0.0,
4276,1786880102.7264264,deepinfra,,1.3,cold_start_fallback,0,0.0,0,0.0,0.0,
4277,1786880402.1823888,friend,,0.001,zai_amortized,0,0.7,656139077,0.0,0.0,
4278,1786880402.2939057,ollama_cloud,,0.3403472792684442,zai_amortized,0,0.7,293817539,100.0,0.0,
4279,1786880402.5553224,ppq,deepseek/deepseek-v4-flash,0.06542517205402267,ppq_ledger,1,0.40922674,1560382,0.10208826082,0.0,
4280,1786880402.5553224,ppq,moonshotai/kimi-k3,2.497018421052631,ppq_ledger,1,0.3000133,190,0.00047443349999999997,0.0,
4281,1786880402.5553224,ppq,z-ai/glm-5,1.0743845322771748,ppq_ledger,1,0.5714743499999999,3878205,4.166683465,0.0,
4282,1786880402.5553224,ppq,z-ai/glm-5.2,0.2576523643245763,ppq_ledger,1,1.0,20029486,5.160644424106,0.0,
4283,1786880402.5553224,ppq,,0.37026045252579654,ppq_ledger,1,1.0,25468263,9.429890583426001,0.0,
4284,1786880402.5583937,openrouter,,0.46182701212729904,openrouter_actual,1,1.0,12785287,5.904590894399999,0.0,
4285,1786880402.18238,ours,,0.001,cold_start_fallback,0,0.0,0,0.0,0.0,
4286,1786880402.18238,deepinfra,,1.3,cold_start_fallback,0,0.0,0,0.0,0.0,
4287,1786880702.4435313,friend,,0.001,zai_amortized,0,0.7,657120796,0.0,0.0,
4288,1786880702.459342,ollama_cloud,,0.3403472792684442,zai_amortized,0,0.7,293817539,100.0,0.0,
4289,1786880702.7036347,ppq,deepseek/deepseek-v4-flash,0.06542517205402267,ppq_ledger,1,0.40922674,1560382,0.10208826082,0.0,
4290,1786880702.7036347,ppq,moonshotai/kimi-k3,2.497018421052631,ppq_ledger,1,0.3000133,190,0.00047443349999999997,0.0,
4291,1786880702.7036347,ppq,z-ai/glm-5,1.0743845322771748,ppq_ledger,1,0.5714743499999999,3878205,4.166683465,0.0,
4292,1786880702.7036347,ppq,z-ai/glm-5.2,0.2576523643245763,ppq_ledger,1,1.0,20029486,5.160644424106,0.0,
4293,1786880702.7036347,ppq,,0.37026045252579654,ppq_ledger,1,1.0,25468263,9.429890583426001,0.0,
4294,1786880702.70884,openrouter,,0.46182701212729904,openrouter_actual,1,1.0,12785287,5.904590894399999,0.0,
4295,1786880702.443527,ours,,0.001,cold_start_fallback,0,0.0,0,0.0,0.0,
4296,1786880702.443527,deepinfra,,1.3,cold_start_fallback,0,0.0,0,0.0,0.0,
4297,1786881003.0826979,friend,,0.001,zai_amortized,0,0.7,657181988,0.0,0.0,
4298,1786881003.0980744,ollama_cloud,,0.3403472792684442,zai_amortized,0,0.7,293817539,100.0,0.0,
4299,1786881003.3318822,ppq,deepseek/deepseek-v4-flash,0.06542517205402267,ppq_ledger,1,0.40922674,1560382,0.10208826082,0.0,
4300,1786881003.3318822,ppq,moonshotai/kimi-k3,2.497018421052631,ppq_ledger,1,0.3000133,190,0.00047443349999999997,0.0,
4301,1786881003.3318822,ppq,z-ai/glm-5,1.0743845322771748,ppq_ledger,1,0.5714743499999999,3878205,4.166683465,0.0,
4302,1786881003.3318822,ppq,z-ai/glm-5.2,0.2576523643245763,ppq_ledger,1,1.0,20029486,5.160644424106,0.0,
4303,1786881003.3318822,ppq,,0.37026045252579654,ppq_ledger,1,1.0,25468263,9.429890583426001,0.0,
4304,1786881003.339024,openrouter,,0.46182701212729904,openrouter_actual,1,1.0,12785287,5.904590894399999,0.0,
4305,1786881003.082694,ours,,0.001,cold_start_fallback,0,0.0,0,0.0,0.0,
4306,1786881003.082694,deepinfra,,1.3,cold_start_fallback,0,0.0,0,0.0,0.0,
4307,1786881302.0839553,friend,,0.001,zai_amortized,0,0.7,657181988,0.0,0.0,
4308,1786881302.1008081,ollama_cloud,,0.3403472792684442,zai_amortized,0,0.7,293817539,100.0,0.0,
4309,1786881302.3649359,ppq,deepseek/deepseek-v4-flash,0.06542517205402267,ppq_ledger,1,0.40922674,1560382,0.10208826082,0.0,
4310,1786881302.3649359,ppq,moonshotai/kimi-k3,2.497018421052631,ppq_ledger,1,0.3000133,190,0.00047443349999999997,0.0,
4311,1786881302.3649359,ppq,z-ai/glm-5,1.0743845322771748,ppq_ledger,1,0.5714743499999999,3878205,4.166683465,0.0,
4312,1786881302.3649359,ppq,z-ai/glm-5.2,0.2576523643245763,ppq_ledger,1,1.0,20029486,5.160644424106,0.0,
4313,1786881302.3649359,ppq,,0.37026045252579654,ppq_ledger,1,1.0,25468263,9.429890583426001,0.0,
4314,1786881302.3664477,openrouter,,0.46182701212729904,openrouter_actual,1,1.0,12785287,5.904590894399999,0.0,
4315,1786881302.0839522,ours,,0.001,cold_start_fallback,0,0.0,0,0.0,0.0,
4316,1786881302.0839522,deepinfra,,1.3,cold_start_fallback,0,0.0,0,0.0,0.0,
4317,1786881602.9166763,friend,,0.001,zai_amortized,0,0.7,657362792,0.0,0.0,
4318,1786881602.995823,ollama_cloud,,0.3403472792684442,zai_amortized,0,0.7,293817539,100.0,0.0,
4319,1786881603.3438456,ppq,deepseek/deepseek-v4-flash,0.06542517205402267,ppq_ledger,1,0.40922674,1560382,0.10208826082,0.0,
4320,1786881603.3438456,ppq,moonshotai/kimi-k3,2.497018421052631,ppq_ledger,1,0.3000133,190,0.00047443349999999997,0.0,
4321,1786881603.3438456,ppq,z-ai/glm-5,1.0743845322771748,ppq_ledger,1,0.5714743499999999,3878205,4.166683465,0.0,
4322,1786881603.3438456,ppq,z-ai/glm-5.2,0.2576523643245763,ppq_ledger,1,1.0,20029486,5.160644424106,0.0,
4323,1786881603.3438456,ppq,,0.37026045252579654,ppq_ledger,1,1.0,25468263,9.429890583426001,0.0,
4324,1786881603.3521183,openrouter,,0.46182701212729904,openrouter_actual,1,1.0,12785287,5.904590894399999,0.0,
4325,1786881602.9166727,ours,,0.001,cold_start_fallback,0,0.0,0,0.0,0.0,
4326,1786881602.9166727,deepinfra,,1.3,cold_start_fallback,0,0.0,0,0.0,0.0,
4327,1786881902.4503033,friend,,0.001,zai_amortized,0,0.7,657362792,0.0,0.0,
4328,1786881902.466669,ollama_cloud,,0.3403472792684442,zai_amortized,0,0.7,293817539,100.0,0.0,
4329,1786881902.7156382,ppq,deepseek/deepseek-v4-flash,0.06542517205402267,ppq_ledger,1,0.40922674,1560382,0.10208826082,0.0,
4330,1786881902.7156382,ppq,moonshotai/kimi-k3,2.497018421052631,ppq_ledger,1,0.3000133,190,0.00047443349999999997,0.0,
4331,1786881902.7156382,ppq,z-ai/glm-5,1.0743845322771748,ppq_ledger,1,0.5714743499999999,3878205,4.166683465,0.0,
4332,1786881902.7156382,ppq,z-ai/glm-5.2,0.2576523643245763,ppq_ledger,1,1.0,20029486,5.160644424106,0.0,
4333,1786881902.7156382,ppq,,0.37026045252579654,ppq_ledger,1,1.0,25468263,9.429890583426001,0.0,
4334,1786881902.716715,openrouter,,0.46182701212729904,openrouter_actual,1,1.0,12785287,5.904590894399999,0.0,
4335,1786881902.4503005,ours,,0.001,cold_start_fallback,0,0.0,0,0.0,0.0,
4336,1786881902.4503005,deepinfra,,1.3,cold_start_fallback,0,0.0,0,0.0,0.0,
4337,1786882202.8131971,friend,,0.001,zai_amortized,0,0.7,657362792,0.0,0.0,
4338,1786882202.8440673,ollama_cloud,,0.3403472792684442,zai_amortized,0,0.7,293817539,100.0,0.0,
4339,1786882203.1634536,ppq,deepseek/deepseek-v4-flash,0.06542517205402267,ppq_ledger,1,0.40922674,1560382,0.10208826082,0.0,
4340,1786882203.1634536,ppq,moonshotai/kimi-k3,2.497018421052631,ppq_ledger,1,0.3000133,190,0.00047443349999999997,0.0,
4341,1786882203.1634536,ppq,z-ai/glm-5,1.0743845322771748,ppq_ledger,1,0.5714743499999999,3878205,4.166683465,0.0,
4342,1786882203.1634536,ppq,z-ai/glm-5.2,0.2576523643245763,ppq_ledger,1,1.0,20029486,5.160644424106,0.0,
4343,1786882203.1634536,ppq,,0.37026045252579654,ppq_ledger,1,1.0,25468263,9.429890583426001,0.0,
4344,1786882203.1682856,openrouter,,0.46182701212729904,openrouter_actual,1,1.0,12785287,5.904590894399999,0.0,
4345,1786882202.8131945,ours,,0.001,cold_start_fallback,0,0.0,0,0.0,0.0,
4346,1786882202.8131945,deepinfra,,1.3,cold_start_fallback,0,0.0,0,0.0,0.0,
4347,1786882502.7277865,friend,,0.001,zai_amortized,0,0.7,657362792,0.0,0.0,
4348,1786882502.743785,ollama_cloud,,0.3403472792684442,zai_amortized,0,0.7,293817539,100.0,0.0,
4349,1786882502.9974916,ppq,deepseek/deepseek-v4-flash,0.06542517205402267,ppq_ledger,1,0.40922674,1560382,0.10208826082,0.0,
4350,1786882502.9974916,ppq,moonshotai/kimi-k3,2.497018421052631,ppq_ledger,1,0.3000133,190,0.00047443349999999997,0.0,
4351,1786882502.9974916,ppq,z-ai/glm-5,1.0743845322771748,ppq_ledger,1,0.5714743499999999,3878205,4.166683465,0.0,
4352,1786882502.9974916,ppq,z-ai/glm-5.2,0.2576523643245763,ppq_ledger,1,1.0,20029486,5.160644424106,0.0,
4353,1786882502.9974916,ppq,,0.37026045252579654,ppq_ledger,1,1.0,25468263,9.429890583426001,0.0,
4354,1786882502.9994898,openrouter,,0.46182701212729904,openrouter_actual,1,1.0,12785287,5.904590894399999,0.0,
4355,1786882502.7277827,ours,,0.001,cold_start_fallback,0,0.0,0,0.0,0.0,
4356,1786882502.7277827,deepinfra,,1.3,cold_start_fallback,0,0.0,0,0.0,0.0,
4357,1786882801.910718,friend,,0.001,zai_amortized,0,0.7,657362792,0.0,0.0,
4358,1786882801.9342484,ollama_cloud,,0.3403472792684442,zai_amortized,0,0.7,293817539,100.0,0.0,
4359,1786882802.1846914,ppq,deepseek/deepseek-v4-flash,0.06542517205402267,ppq_ledger,1,0.40922674,1560382,0.10208826082,0.0,
4360,1786882802.1846914,ppq,moonshotai/kimi-k3,2.497018421052631,ppq_ledger,1,0.3000133,190,0.00047443349999999997,0.0,
4361,1786882802.1846914,ppq,z-ai/glm-5,1.0743845322771748,ppq_ledger,1,0.5714743499999999,3878205,4.166683465,0.0,
4362,1786882802.1846914,ppq,z-ai/glm-5.2,0.2576523643245763,ppq_ledger,1,1.0,20029486,5.160644424106,0.0,
4363,1786882802.1846914,ppq,,0.37026045252579654,ppq_ledger,1,1.0,25468263,9.429890583426001,0.0,
4364,1786882802.1865957,openrouter,,0.46182701212729904,openrouter_actual,1,1.0,12785287,5.904590894399999,0.0,
4365,1786882801.9107149,ours,,0.001,cold_start_fallback,0,0.0,0,0.0,0.0,
4366,1786882801.9107149,deepinfra,,1.3,cold_start_fallback,0,0.0,0,0.0,0.0,
4367,1786883102.6611543,friend,,0.001,zai_amortized,0,0.7,657362792,0.0,0.0,
4368,1786883102.6786234,ollama_cloud,,0.3403472792684442,zai_amortized,0,0.7,293817539,100.0,0.0,
4369,1786883102.9247696,ppq,deepseek/deepseek-v4-flash,0.06542517205402267,ppq_ledger,1,0.40922674,1560382,0.10208826082,0.0,
4370,1786883102.9247696,ppq,moonshotai/kimi-k3,2.497018421052631,ppq_ledger,1,0.3000133,190,0.00047443349999999997,0.0,
4371,1786883102.9247696,ppq,z-ai/glm-5,1.0743845322771748,ppq_ledger,1,0.5714743499999999,3878205,4.166683465,0.0,
4372,1786883102.9247696,ppq,z-ai/glm-5.2,0.2576523643245763,ppq_ledger,1,1.0,20029486,5.160644424106,0.0,
4373,1786883102.9247696,ppq,,0.37026045252579654,ppq_ledger,1,1.0,25468263,9.429890583426001,0.0,
4374,1786883102.9265609,openrouter,,0.46182701212729904,openrouter_actual,1,1.0,12785287,5.904590894399999,0.0,
4375,1786883102.661151,ours,,0.001,cold_start_fallback,0,0.0,0,0.0,0.0,
4376,1786883102.661151,deepinfra,,1.3,cold_start_fallback,0,0.0,0,0.0,0.0,
4377,1786883403.123493,friend,,0.001,zai_amortized,0,0.7,657362792,0.0,0.0,
4378,1786883403.180515,ollama_cloud,,0.3403472792684442,zai_amortized,0,0.7,293817539,100.0,0.0,
4379,1786883403.4731538,ppq,deepseek/deepseek-v4-flash,0.06542517205402267,ppq_ledger,1,0.40922674,1560382,0.10208826082,0.0,
4380,1786883403.4731538,ppq,moonshotai/kimi-k3,2.497018421052631,ppq_ledger,1,0.3000133,190,0.00047443349999999997,0.0,
4381,1786883403.4731538,ppq,z-ai/glm-5,1.0743845322771748,ppq_ledger,1,0.5714743499999999,3878205,4.166683465,0.0,
4382,1786883403.4731538,ppq,z-ai/glm-5.2,0.2576523643245763,ppq_ledger,1,1.0,20029486,5.160644424106,0.0,
4383,1786883403.4731538,ppq,,0.37026045252579654,ppq_ledger,1,1.0,25468263,9.429890583426001,0.0,
4384,1786883403.478458,openrouter,,0.46182701212729904,openrouter_actual,1,1.0,12785287,5.904590894399999,0.0,
4385,1786883403.12349,ours,,0.001,cold_start_fallback,0,0.0,0,0.0,0.0,
4386,1786883403.12349,deepinfra,,1.3,cold_start_fallback,0,0.0,0,0.0,0.0,
4387,1786883702.657202,friend,,0.001,zai_amortized,0,0.7,657972789,0.0,0.0,
4388,1786883702.6831703,ollama_cloud,,0.3403472792684442,zai_amortized,0,0.7,293817539,100.0,0.0,
4389,1786883702.911544,ppq,deepseek/deepseek-v4-flash,0.06542517205402267,ppq_ledger,1,0.40922674,1560382,0.10208826082,0.0,
4390,1786883702.911544,ppq,moonshotai/kimi-k3,2.497018421052631,ppq_ledger,1,0.3000133,190,0.00047443349999999997,0.0,
4391,1786883702.911544,ppq,z-ai/glm-5,1.0743845322771748,ppq_ledger,1,0.5714743499999999,3878205,4.166683465,0.0,
4392,1786883702.911544,ppq,z-ai/glm-5.2,0.2576523643245763,ppq_ledger,1,1.0,20029486,5.160644424106,0.0,
4393,1786883702.911544,ppq,,0.37026045252579654,ppq_ledger,1,1.0,25468263,9.429890583426001,0.0,
4394,1786883702.9135654,openrouter,,0.46182701212729904,openrouter_actual,1,1.0,12785287,5.904590894399999,0.0,
4395,1786883702.6571991,ours,,0.001,cold_start_fallback,0,0.0,0,0.0,0.0,
4396,1786883702.6571991,deepinfra,,1.3,cold_start_fallback,0,0.0,0,0.0,0.0,
4397,1786884002.1035058,friend,,0.001,zai_amortized,0,0.7,658059685,0.0,0.0,
4398,1786884002.120227,ollama_cloud,,0.3403472792684442,zai_amortized,0,0.7,293817539,100.0,0.0,
4399,1786884002.3686569,ppq,deepseek/deepseek-v4-flash,0.06542517205402267,ppq_ledger,1,0.40922674,1560382,0.10208826082,0.0,
4400,1786884002.3686569,ppq,moonshotai/kimi-k3,2.497018421052631,ppq_ledger,1,0.3000133,190,0.00047443349999999997,0.0,
4401,1786884002.3686569,ppq,z-ai/glm-5,1.0743845322771748,ppq_ledger,1,0.5714743499999999,3878205,4.166683465,0.0,
4402,1786884002.3686569,ppq,z-ai/glm-5.2,0.2576523643245763,ppq_ledger,1,1.0,20029486,5.160644424106,0.0,
4403,1786884002.3686569,ppq,,0.37026045252579654,ppq_ledger,1,1.0,25468263,9.429890583426001,0.0,
4404,1786884002.378312,openrouter,,0.46182701212729904,openrouter_actual,1,1.0,12785287,5.904590894399999,0.0,
4405,1786884002.1035028,ours,,0.001,cold_start_fallback,0,0.0,0,0.0,0.0,
4406,1786884002.1035028,deepinfra,,1.3,cold_start_fallback,0,0.0,0,0.0,0.0,
4407,1786884302.342638,friend,,0.001,zai_amortized,0,0.7,658059685,0.0,0.0,
4408,1786884302.3541868,ollama_cloud,,0.3403472792684442,zai_amortized,0,0.7,293817539,100.0,0.0,
4409,1786884302.5877287,ppq,deepseek/deepseek-v4-flash,0.06542517205402267,ppq_ledger,1,0.40922674,1560382,0.10208826082,0.0,
4410,1786884302.5877287,ppq,moonshotai/kimi-k3,2.497018421052631,ppq_ledger,1,0.3000133,190,0.00047443349999999997,0.0,
4411,1786884302.5877287,ppq,z-ai/glm-5,1.0743845322771748,ppq_ledger,1,0.5714743499999999,3878205,4.166683465,0.0,
4412,1786884302.5877287,ppq,z-ai/glm-5.2,0.2576523643245763,ppq_ledger,1,1.0,20029486,5.160644424106,0.0,
4413,1786884302.5877287,ppq,,0.37026045252579654,ppq_ledger,1,1.0,25468263,9.429890583426001,0.0,
4414,1786884302.5895214,openrouter,,0.46182701212729904,openrouter_actual,1,1.0,12785287,5.904590894399999,0.0,
4415,1786884302.3426359,ours,,0.001,cold_start_fallback,0,0.0,0,0.0,0.0,
4416,1786884302.3426359,deepinfra,,1.3,cold_start_fallback,0,0.0,0,0.0,0.0,
4417,1786884602.856544,friend,,0.001,zai_amortized,0,0.7,658059685,0.0,0.0,
4418,1786884602.8744407,ollama_cloud,,0.3403472792684442,zai_amortized,0,0.7,293817539,100.0,0.0,
4419,1786884603.1255503,ppq,deepseek/deepseek-v4-flash,0.06542517205402267,ppq_ledger,1,0.40922674,1560382,0.10208826082,0.0,
4420,1786884603.1255503,ppq,moonshotai/kimi-k3,2.497018421052631,ppq_ledger,1,0.3000133,190,0.00047443349999999997,0.0,
4421,1786884603.1255503,ppq,z-ai/glm-5,1.0743845322771748,ppq_ledger,1,0.5714743499999999,3878205,4.166683465,0.0,
4422,1786884603.1255503,ppq,z-ai/glm-5.2,0.2576523643245763,ppq_ledger,1,1.0,20029486,5.160644424106,0.0,
4423,1786884603.1255503,ppq,,0.37026045252579654,ppq_ledger,1,1.0,25468263,9.429890583426001,0.0,
4424,1786884603.1294513,openrouter,,0.46182701212729904,openrouter_actual,1,1.0,12785287,5.904590894399999,0.0,
4425,1786884602.8565416,ours,,0.001,cold_start_fallback,0,0.0,0,0.0,0.0,
4426,1786884602.8565416,deepinfra,,1.3,cold_start_fallback,0,0.0,0,0.0,0.0,
4427,1786884902.293379,friend,,0.001,zai_amortized,0,0.7,658059685,0.0,0.0,
4428,1786884902.3109806,ollama_cloud,,0.3403472792684442,zai_amortized,0,0.7,293817539,100.0,0.0,
4429,1786884902.5854373,ppq,deepseek/deepseek-v4-flash,0.06542517205402267,ppq_ledger,1,0.40922674,1560382,0.10208826082,0.0,
4430,1786884902.5854373,ppq,moonshotai/kimi-k3,2.497018421052631,ppq_ledger,1,0.3000133,190,0.00047443349999999997,0.0,
4431,1786884902.5854373,ppq,z-ai/glm-5,1.0743845322771748,ppq_ledger,1,0.5714743499999999,3878205,4.166683465,0.0,
4432,1786884902.5854373,ppq,z-ai/glm-5.2,0.2576523643245763,ppq_ledger,1,1.0,20029486,5.160644424106,0.0,
4433,1786884902.5854373,ppq,,0.37026045252579654,ppq_ledger,1,1.0,25468263,9.429890583426001,0.0,
4434,1786884902.587421,openrouter,,0.46182701212729904,openrouter_actual,1,1.0,12785287,5.904590894399999,0.0,
4435,1786884902.2933762,ours,,0.001,cold_start_fallback,0,0.0,0,0.0,0.0,
4436,1786884902.2933762,deepinfra,,1.3,cold_start_fallback,0,0.0,0,0.0,0.0,
4437,1786885203.2187881,friend,,0.001,zai_amortized,0,0.7,658059685,0.0,0.0,
4438,1786885203.2760322,ollama_cloud,,0.3403472792684442,zai_amortized,0,0.7,293817539,100.0,0.0,
4439,1786885203.60941,ppq,deepseek/deepseek-v4-flash,0.06542517205402267,ppq_ledger,1,0.40922674,1560382,0.10208826082,0.0,
4440,1786885203.60941,ppq,moonshotai/kimi-k3,2.497018421052631,ppq_ledger,1,0.3000133,190,0.00047443349999999997,0.0,
4441,1786885203.60941,ppq,z-ai/glm-5,1.0743845322771748,ppq_ledger,1,0.5714743499999999,3878205,4.166683465,0.0,
4442,1786885203.60941,ppq,z-ai/glm-5.2,0.2576523643245763,ppq_ledger,1,1.0,20029486,5.160644424106,0.0,
4443,1786885203.60941,ppq,,0.37026045252579654,ppq_ledger,1,1.0,25468263,9.429890583426001,0.0,
4444,1786885203.6174395,openrouter,,0.46182701212729904,openrouter_actual,1,1.0,12785287,5.904590894399999,0.0,
4445,1786885203.2187846,ours,,0.001,cold_start_fallback,0,0.0,0,0.0,0.0,
4446,1786885203.2187846,deepinfra,,1.3,cold_start_fallback,0,0.0,0,0.0,0.0,
4447,1786885501.602824,friend,,0.001,zai_amortized,0,0.7,658059685,0.0,0.0,
4448,1786885501.6215844,ollama_cloud,,0.3403472792684442,zai_amortized,0,0.7,293817539,100.0,0.0,
4449,1786885501.867304,ppq,deepseek/deepseek-v4-flash,0.06542517205402267,ppq_ledger,1,0.40922674,1560382,0.10208826082,0.0,
4450,1786885501.867304,ppq,moonshotai/kimi-k3,2.497018421052631,ppq_ledger,1,0.3000133,190,0.00047443349999999997,0.0,
4451,1786885501.867304,ppq,z-ai/glm-5,1.0743845322771748,ppq_ledger,1,0.5714743499999999,3878205,4.166683465,0.0,
4452,1786885501.867304,ppq,z-ai/glm-5.2,0.2576523643245763,ppq_ledger,1,1.0,20029486,5.160644424106,0.0,
4453,1786885501.867304,ppq,,0.37026045252579654,ppq_ledger,1,1.0,25468263,9.429890583426001,0.0,
4454,1786885501.8684537,openrouter,,0.46182701212729904,openrouter_actual,1,1.0,12785287,5.904590894399999,0.0,
4455,1786885501.6028209,ours,,0.001,cold_start_fallback,0,0.0,0,0.0,0.0,
4456,1786885501.6028209,deepinfra,,1.3,cold_start_fallback,0,0.0,0,0.0,0.0,
4457,1786885801.8207386,friend,,0.001,zai_amortized,0,0.7,658059685,0.0,0.0,
4458,1786885801.8365257,ollama_cloud,,0.3403472792684442,zai_amortized,0,0.7,293817539,100.0,0.0,
4459,1786885802.0989304,ppq,deepseek/deepseek-v4-flash,0.06542517205402267,ppq_ledger,1,0.40922674,1560382,0.10208826082,0.0,
4460,1786885802.0989304,ppq,moonshotai/kimi-k3,2.497018421052631,ppq_ledger,1,0.3000133,190,0.00047443349999999997,0.0,
4461,1786885802.0989304,ppq,z-ai/glm-5,1.0743845322771748,ppq_ledger,1,0.5714743499999999,3878205,4.166683465,0.0,
4462,1786885802.0989304,ppq,z-ai/glm-5.2,0.2576523643245763,ppq_ledger,1,1.0,20029486,5.160644424106,0.0,
4463,1786885802.0989304,ppq,,0.37026045252579654,ppq_ledger,1,1.0,25468263,9.429890583426001,0.0,
4464,1786885802.1008666,openrouter,,0.46182701212729904,openrouter_actual,1,1.0,12785287,5.904590894399999,0.0,
4465,1786885801.8207352,ours,,0.001,cold_start_fallback,0,0.0,0,0.0,0.0,
4466,1786885801.8207352,deepinfra,,1.3,cold_start_fallback,0,0.0,0,0.0,0.0,
4467,1786886102.2515962,friend,,0.001,zai_amortized,0,0.7,658059685,0.0,0.0,
4468,1786886102.262444,ollama_cloud,,0.3403472792684442,zai_amortized,0,0.7,293817539,100.0,0.0,
4469,1786886102.4929383,ppq,deepseek/deepseek-v4-flash,0.06542517205402267,ppq_ledger,1,0.40922674,1560382,0.10208826082,0.0,
4470,1786886102.4929383,ppq,moonshotai/kimi-k3,2.497018421052631,ppq_ledger,1,0.3000133,190,0.00047443349999999997,0.0,
4471,1786886102.4929383,ppq,z-ai/glm-5,1.0743845322771748,ppq_ledger,1,0.5714743499999999,3878205,4.166683465,0.0,
4472,1786886102.4929383,ppq,z-ai/glm-5.2,0.2576523643245763,ppq_ledger,1,1.0,20029486,5.160644424106,0.0,
4473,1786886102.4929383,ppq,,0.37026045252579654,ppq_ledger,1,1.0,25468263,9.429890583426001,0.0,
4474,1786886102.4947865,openrouter,,0.46182701212729904,openrouter_actual,1,1.0,12785287,5.904590894399999,0.0,
4475,1786886102.251594,ours,,0.001,cold_start_fallback,0,0.0,0,0.0,0.0,
4476,1786886102.251594,deepinfra,,1.3,cold_start_fallback,0,0.0,0,0.0,0.0,
4477,1786886402.1714659,friend,,0.001,zai_amortized,0,0.7,658263520,0.0,0.0,
4478,1786886402.1964827,ollama_cloud,,0.3403472792684442,zai_amortized,0,0.7,293817539,100.0,0.0,
4479,1786886402.450458,ppq,deepseek/deepseek-v4-flash,0.06542517205402267,ppq_ledger,1,0.40922674,1560382,0.10208826082,0.0,
4480,1786886402.450458,ppq,moonshotai/kimi-k3,2.497018421052631,ppq_ledger,1,0.3000133,190,0.00047443349999999997,0.0,
4481,1786886402.450458,ppq,z-ai/glm-5,1.0743845322771748,ppq_ledger,1,0.5714743499999999,3878205,4.166683465,0.0,
4482,1786886402.450458,ppq,z-ai/glm-5.2,0.2576523643245763,ppq_ledger,1,1.0,20029486,5.160644424106,0.0,
4483,1786886402.450458,ppq,,0.37026045252579654,ppq_ledger,1,1.0,25468263,9.429890583426001,0.0,
4484,1786886402.458648,openrouter,,0.46182701212729904,openrouter_actual,1,1.0,12785287,5.904590894399999,0.0,
4485,1786886402.1714635,ours,,0.001,cold_start_fallback,0,0.0,0,0.0,0.0,
4486,1786886402.1714635,deepinfra,,1.3,cold_start_fallback,0,0.0,0,0.0,0.0,
4487,1786886701.7517614,friend,,0.001,zai_amortized,0,0.7,658263520,0.0,0.0,
4488,1786886701.761538,ollama_cloud,,0.3403472792684442,zai_amortized,0,0.7,293817539,100.0,0.0,
4489,1786886701.9990385,ppq,deepseek/deepseek-v4-flash,0.06542517205402267,ppq_ledger,1,0.40922674,1560382,0.10208826082,0.0,
4490,1786886701.9990385,ppq,moonshotai/kimi-k3,2.497018421052631,ppq_ledger,1,0.3000133,190,0.00047443349999999997,0.0,
4491,1786886701.9990385,ppq,z-ai/glm-5,1.0743845322771748,ppq_ledger,1,0.5714743499999999,3878205,4.166683465,0.0,
4492,1786886701.9990385,ppq,z-ai/glm-5.2,0.2576523643245763,ppq_ledger,1,1.0,20029486,5.160644424106,0.0,
4493,1786886701.9990385,ppq,,0.37026045252579654,ppq_ledger,1,1.0,25468263,9.429890583426001,0.0,
4494,1786886702.0001922,openrouter,,0.46182701212729904,openrouter_actual,1,1.0,12785287,5.904590894399999,0.0,
4495,1786886701.751759,ours,,0.001,cold_start_fallback,0,0.0,0,0.0,0.0,
4496,1786886701.751759,deepinfra,,1.3,cold_start_fallback,0,0.0,0,0.0,0.0,
4497,1786887003.1574695,friend,,0.001,zai_amortized,0,0.7,658263520,0.0,0.0,
4498,1786887003.2110949,ollama_cloud,,0.3403472792684442,zai_amortized,0,0.7,293817539,100.0,0.0,
4499,1786887003.4735353,ppq,deepseek/deepseek-v4-flash,0.06542517205402267,ppq_ledger,1,0.40922674,1560382,0.10208826082,0.0,
4500,1786887003.4735353,ppq,moonshotai/kimi-k3,2.497018421052631,ppq_ledger,1,0.3000133,190,0.00047443349999999997,0.0,
4501,1786887003.4735353,ppq,z-ai/glm-5,1.0743845322771748,ppq_ledger,1,0.5714743499999999,3878205,4.166683465,0.0,
4502,1786887003.4735353,ppq,z-ai/glm-5.2,0.2576523643245763,ppq_ledger,1,1.0,20029486,5.160644424106,0.0,
4503,1786887003.4735353,ppq,,0.37026045252579654,ppq_ledger,1,1.0,25468263,9.429890583426001,0.0,
4504,1786887003.490543,openrouter,,0.46182701212729904,openrouter_actual,1,1.0,12785287,5.904590894399999,0.0,
4505,1786887003.1574662,ours,,0.001,cold_start_fallback,0,0.0,0,0.0,0.0,
4506,1786887003.1574662,deepinfra,,1.3,cold_start_fallback,0,0.0,0,0.0,0.0,
4507,1786887301.8708532,friend,,0.001,zai_amortized,0,0.7,658263520,0.0,0.0,
4508,1786887301.9052248,ollama_cloud,,0.3403472792684442,zai_amortized,0,0.7,293817539,100.0,0.0,
4509,1786887302.2221057,ppq,deepseek/deepseek-v4-flash,0.06542517205402267,ppq_ledger,1,0.40922674,1560382,0.10208826082,0.0,
4510,1786887302.2221057,ppq,moonshotai/kimi-k3,2.497018421052631,ppq_ledger,1,0.3000133,190,0.00047443349999999997,0.0,
4511,1786887302.2221057,ppq,z-ai/glm-5,1.0743845322771748,ppq_ledger,1,0.5714743499999999,3878205,4.166683465,0.0,
4512,1786887302.2221057,ppq,z-ai/glm-5.2,0.2576523643245763,ppq_ledger,1,1.0,20029486,5.160644424106,0.0,
4513,1786887302.2221057,ppq,,0.37026045252579654,ppq_ledger,1,1.0,25468263,9.429890583426001,0.0,
4514,1786887302.2276413,openrouter,,0.46182701212729904,openrouter_actual,1,1.0,12785287,5.904590894399999,0.0,
4515,1786887301.87085,ours,,0.001,cold_start_fallback,0,0.0,0,0.0,0.0,
4516,1786887301.87085,deepinfra,,1.3,cold_start_fallback,0,0.0,0,0.0,0.0,
4517,1786887602.4251075,friend,,0.001,zai_amortized,0,0.7,658263520,0.0,0.0,
4518,1786887602.5118217,ollama_cloud,,0.3403472792684442,zai_amortized,0,0.7,293817539,100.0,0.0,
4519,1786887602.8849037,ppq,deepseek/deepseek-v4-flash,0.06542517205402267,ppq_ledger,1,0.40922674,1560382,0.10208826082,0.0,
4520,1786887602.8849037,ppq,moonshotai/kimi-k3,2.497018421052631,ppq_ledger,1,0.3000133,190,0.00047443349999999997,0.0,
4521,1786887602.8849037,ppq,z-ai/glm-5,1.0743845322771748,ppq_ledger,1,0.5714743499999999,3878205,4.166683465,0.0,
4522,1786887602.8849037,ppq,z-ai/glm-5.2,0.2576523643245763,ppq_ledger,1,1.0,20029486,5.160644424106,0.0,
4523,1786887602.8849037,ppq,,0.37026045252579654,ppq_ledger,1,1.0,25468263,9.429890583426001,0.0,
4524,1786887602.888552,openrouter,,0.46182701212729904,openrouter_actual,1,1.0,12785287,5.904590894399999,0.0,
4525,1786887602.4251041,ours,,0.001,cold_start_fallback,0,0.0,0,0.0,0.0,
4526,1786887602.4251041,deepinfra,,1.3,cold_start_fallback,0,0.0,0,0.0,0.0,
4527,1786887902.1837227,friend,,0.001,zai_amortized,0,0.7,658512259,0.0,0.0,
4528,1786887902.2242935,ollama_cloud,,0.3403472792684442,zai_amortized,0,0.7,293817539,100.0,0.0,
4529,1786887902.520144,ppq,deepseek/deepseek-v4-flash,0.06542517205402267,ppq_ledger,1,0.40922674,1560382,0.10208826082,0.0,
4530,1786887902.520144,ppq,moonshotai/kimi-k3,2.497018421052631,ppq_ledger,1,0.3000133,190,0.00047443349999999997,0.0,
4531,1786887902.520144,ppq,z-ai/glm-5,1.0743845322771748,ppq_ledger,1,0.5714743499999999,3878205,4.166683465,0.0,
4532,1786887902.520144,ppq,z-ai/glm-5.2,0.2576523643245763,ppq_ledger,1,1.0,20029486,5.160644424106,0.0,
4533,1786887902.520144,ppq,,0.37026045252579654,ppq_ledger,1,1.0,25468263,9.429890583426001,0.0,
4534,1786887902.521364,openrouter,,0.46182701212729904,openrouter_actual,1,1.0,12785287,5.904590894399999,0.0,
4535,1786887902.1837196,ours,,0.001,cold_start_fallback,0,0.0,0,0.0,0.0,
4536,1786887902.1837196,deepinfra,,1.3,cold_start_fallback,0,0.0,0,0.0,0.0,
4537,1786888203.396947,friend,,0.001,zai_amortized,0,0.7,658899328,0.0,0.0,
4538,1786888203.4435368,ollama_cloud,,0.3403472792684442,zai_amortized,0,0.7,293817539,100.0,0.0,
4539,1786888203.699244,ppq,deepseek/deepseek-v4-flash,0.06542517205402267,ppq_ledger,1,0.40922674,1560382,0.10208826082,0.0,
4540,1786888203.699244,ppq,moonshotai/kimi-k3,2.497018421052631,ppq_ledger,1,0.3000133,190,0.00047443349999999997,0.0,
4541,1786888203.699244,ppq,z-ai/glm-5,1.0743845322771748,ppq_ledger,1,0.5714743499999999,3878205,4.166683465,0.0,
4542,1786888203.699244,ppq,z-ai/glm-5.2,0.2576523643245763,ppq_ledger,1,1.0,20029486,5.160644424106,0.0,
4543,1786888203.699244,ppq,,0.37026045252579654,ppq_ledger,1,1.0,25468263,9.429890583426001,0.0,
4544,1786888203.70945,openrouter,,0.46182701212729904,openrouter_actual,1,1.0,12785287,5.904590894399999,0.0,
4545,1786888203.3969443,ours,,0.001,cold_start_fallback,0,0.0,0,0.0,0.0,
4546,1786888203.3969443,deepinfra,,1.3,cold_start_fallback,0,0.0,0,0.0,0.0,
4547,1786888501.9921222,friend,,0.001,zai_amortized,0,0.7,659108093,0.0,0.0,
4548,1786888502.0117083,ollama_cloud,,0.3403472792684442,zai_amortized,0,0.7,293817539,100.0,0.0,
4549,1786888502.2548068,ppq,deepseek/deepseek-v4-flash,0.06542517205402267,ppq_ledger,1,0.40922674,1560382,0.10208826082,0.0,
4550,1786888502.2548068,ppq,moonshotai/kimi-k3,2.497018421052631,ppq_ledger,1,0.3000133,190,0.00047443349999999997,0.0,
4551,1786888502.2548068,ppq,z-ai/glm-5,1.0743845322771748,ppq_ledger,1,0.5714743499999999,3878205,4.166683465,0.0,
4552,1786888502.2548068,ppq,z-ai/glm-5.2,0.2576523643245763,ppq_ledger,1,1.0,20029486,5.160644424106,0.0,
4553,1786888502.2548068,ppq,,0.37026045252579654,ppq_ledger,1,1.0,25468263,9.429890583426001,0.0,
4554,1786888502.2567294,openrouter,,0.46182701212729904,openrouter_actual,1,1.0,12785287,5.904590894399999,0.0,
4555,1786888501.9921196,ours,,0.001,cold_start_fallback,0,0.0,0,0.0,0.0,
4556,1786888501.9921196,deepinfra,,1.3,cold_start_fallback,0,0.0,0,0.0,0.0,
4557,1786888803.008366,friend,,0.001,zai_amortized,0,0.7,659749760,0.0,0.0,
4558,1786888803.0332844,ollama_cloud,,0.3403472792684442,zai_amortized,0,0.7,293817539,100.0,0.0,
4559,1786888803.2949142,ppq,deepseek/deepseek-v4-flash,0.06542517205402267,ppq_ledger,1,0.40922674,1560382,0.10208826082,0.0,
4560,1786888803.2949142,ppq,moonshotai/kimi-k3,2.497018421052631,ppq_ledger,1,0.3000133,190,0.00047443349999999997,0.0,
4561,1786888803.2949142,ppq,z-ai/glm-5,1.0743845322771748,ppq_ledger,1,0.5714743499999999,3878205,4.166683465,0.0,
4562,1786888803.2949142,ppq,z-ai/glm-5.2,0.2576523643245763,ppq_ledger,1,1.0,20029486,5.160644424106,0.0,
4563,1786888803.2949142,ppq,,0.37026045252579654,ppq_ledger,1,1.0,25468263,9.429890583426001,0.0,
4564,1786888803.2986102,openrouter,,0.46182701212729904,openrouter_actual,1,1.0,12785287,5.904590894399999,0.0,
4565,1786888803.0083616,ours,,0.001,cold_start_fallback,0,0.0,0,0.0,0.0,
4566,1786888803.0083616,deepinfra,,1.3,cold_start_fallback,0,0.0,0,0.0,0.0,
4567,1786889102.631106,friend,,0.001,zai_amortized,0,0.7,659749760,0.0,0.0,
4568,1786889102.6480882,ollama_cloud,,0.3403472792684442,zai_amortized,0,0.7,293817539,100.0,0.0,
4569,1786889102.8938081,ppq,deepseek/deepseek-v4-flash,0.06542517205402267,ppq_ledger,1,0.40922674,1560382,0.10208826082,0.0,
4570,1786889102.8938081,ppq,moonshotai/kimi-k3,2.497018421052631,ppq_ledger,1,0.3000133,190,0.00047443349999999997,0.0,
4571,1786889102.8938081,ppq,z-ai/glm-5,1.0743845322771748,ppq_ledger,1,0.5714743499999999,3878205,4.166683465,0.0,
4572,1786889102.8938081,ppq,z-ai/glm-5.2,0.2576523643245763,ppq_ledger,1,1.0,20029486,5.160644424106,0.0,
4573,1786889102.8938081,ppq,,0.37026045252579654,ppq_ledger,1,1.0,25468263,9.429890583426001,0.0,
4574,1786889102.8960783,openrouter,,0.46182701212729904,openrouter_actual,1,1.0,12785287,5.904590894399999,0.0,
4575,1786889102.6311035,ours,,0.001,cold_start_fallback,0,0.0,0,0.0,0.0,
4576,1786889102.6311035,deepinfra,,1.3,cold_start_fallback,0,0.0,0,0.0,0.0,
4577,1786889401.9594314,friend,,0.001,zai_amortized,0,0.7,659749760,0.0,0.0,
4578,1786889401.9779475,ollama_cloud,,0.3403472792684442,zai_amortized,0,0.7,293817539,100.0,0.0,
4579,1786889402.2472155,ppq,deepseek/deepseek-v4-flash,0.06542517205402267,ppq_ledger,1,0.40922674,1560382,0.10208826082,0.0,
4580,1786889402.2472155,ppq,moonshotai/kimi-k3,2.497018421052631,ppq_ledger,1,0.3000133,190,0.00047443349999999997,0.0,
4581,1786889402.2472155,ppq,z-ai/glm-5,1.0743845322771748,ppq_ledger,1,0.5714743499999999,3878205,4.166683465,0.0,
4582,1786889402.2472155,ppq,z-ai/glm-5.2,0.2576523643245763,ppq_ledger,1,1.0,20029486,5.160644424106,0.0,
4583,1786889402.2472155,ppq,,0.37026045252579654,ppq_ledger,1,1.0,25468263,9.429890583426001,0.0,
4584,1786889402.2507546,openrouter,,0.46182701212729904,openrouter_actual,1,1.0,12785287,5.904590894399999,0.0,
4585,1786889401.9594283,ours,,0.001,cold_start_fallback,0,0.0,0,0.0,0.0,
4586,1786889401.9594283,deepinfra,,1.3,cold_start_fallback,0,0.0,0,0.0,0.0,
4587,1786889703.1589665,friend,,0.001,zai_amortized,0,0.7,659749760,0.0,0.0,
4588,1786889703.1770742,ollama_cloud,,0.3403472792684442,zai_amortized,0,0.7,293817539,100.0,0.0,
4589,1786889703.445846,ppq,deepseek/deepseek-v4-flash,0.06542517205402267,ppq_ledger,1,0.40922674,1560382,0.10208826082,0.0,
4590,1786889703.445846,ppq,moonshotai/kimi-k3,2.497018421052631,ppq_ledger,1,0.3000133,190,0.00047443349999999997,0.0,
4591,1786889703.445846,ppq,z-ai/glm-5,1.0743845322771748,ppq_ledger,1,0.5714743499999999,3878205,4.166683465,0.0,
4592,1786889703.445846,ppq,z-ai/glm-5.2,0.2576523643245763,ppq_ledger,1,1.0,20029486,5.160644424106,0.0,
4593,1786889703.445846,ppq,,0.37026045252579654,ppq_ledger,1,1.0,25468263,9.429890583426001,0.0,
4594,1786889703.4486213,openrouter,,0.46182701212729904,openrouter_actual,1,1.0,12785287,5.904590894399999,0.0,
4595,1786889703.1589632,ours,,0.001,cold_start_fallback,0,0.0,0,0.0,0.0,
4596,1786889703.1589632,deepinfra,,1.3,cold_start_fallback,0,0.0,0,0.0,0.0,
4597,1786890002.0990114,friend,,0.001,zai_amortized,0,0.7,659749760,0.0,0.0,
4598,1786890002.1163383,ollama_cloud,,0.3403472792684442,zai_amortized,0,0.7,293817539,100.0,0.0,
4599,1786890002.3684125,ppq,deepseek/deepseek-v4-flash,0.06542517205402267,ppq_ledger,1,0.40922674,1560382,0.10208826082,0.0,
4600,1786890002.3684125,ppq,moonshotai/kimi-k3,2.497018421052631,ppq_ledger,1,0.3000133,190,0.00047443349999999997,0.0,
4601,1786890002.3684125,ppq,z-ai/glm-5,1.0743845322771748,ppq_ledger,1,0.5714743499999999,3878205,4.166683465,0.0,
4602,1786890002.3684125,ppq,z-ai/glm-5.2,0.2576523643245763,ppq_ledger,1,1.0,20029486,5.160644424106,0.0,
4603,1786890002.3684125,ppq,,0.37026045252579654,ppq_ledger,1,1.0,25468263,9.429890583426001,0.0,
4604,1786890002.370184,openrouter,,0.46182701212729904,openrouter_actual,1,1.0,12785287,5.904590894399999,0.0,
4605,1786890002.0990076,ours,,0.001,cold_start_fallback,0,0.0,0,0.0,0.0,
4606,1786890002.0990076,deepinfra,,1.3,cold_start_fallback,0,0.0,0,0.0,0.0,
4607,1786890302.0452456,friend,,0.001,zai_amortized,0,0.7,659749760,0.0,0.0,
4608,1786890302.0630426,ollama_cloud,,0.3403472792684442,zai_amortized,0,0.7,293817539,100.0,0.0,
4609,1786890302.3178754,ppq,deepseek/deepseek-v4-flash,0.06542517205402267,ppq_ledger,1,0.40922674,1560382,0.10208826082,0.0,
4610,1786890302.3178754,ppq,moonshotai/kimi-k3,2.497018421052631,ppq_ledger,1,0.3000133,190,0.00047443349999999997,0.0,
4611,1786890302.3178754,ppq,z-ai/glm-5,1.0743845322771748,ppq_ledger,1,0.5714743499999999,3878205,4.166683465,0.0,
4612,1786890302.3178754,ppq,z-ai/glm-5.2,0.2576523643245763,ppq_ledger,1,1.0,20029486,5.160644424106,0.0,
4613,1786890302.3178754,ppq,,0.37026045252579654,ppq_ledger,1,1.0,25468263,9.429890583426001,0.0,
4614,1786890302.3198771,openrouter,,0.46182701212729904,openrouter_actual,1,1.0,12785287,5.904590894399999,0.0,
4615,1786890302.0452425,ours,,0.001,cold_start_fallback,0,0.0,0,0.0,0.0,
4616,1786890302.0452425,deepinfra,,1.3,cold_start_fallback,0,0.0,0,0.0,0.0,
4617,1786890603.2509782,friend,,0.001,zai_amortized,0,0.7,659749760,0.0,0.0,
4618,1786890603.3491483,ollama_cloud,,0.3403472792684442,zai_amortized,0,0.7,293817539,100.0,0.0,
4619,1786890603.803736,ppq,deepseek/deepseek-v4-flash,0.06542517205402267,ppq_ledger,1,0.40922674,1560382,0.10208826082,0.0,
4620,1786890603.803736,ppq,moonshotai/kimi-k3,2.497018421052631,ppq_ledger,1,0.3000133,190,0.00047443349999999997,0.0,
4621,1786890603.803736,ppq,z-ai/glm-5,1.0743845322771748,ppq_ledger,1,0.5714743499999999,3878205,4.166683465,0.0,
4622,1786890603.803736,ppq,z-ai/glm-5.2,0.2576523643245763,ppq_ledger,1,1.0,20029486,5.160644424106,0.0,
4623,1786890603.803736,ppq,,0.37026045252579654,ppq_ledger,1,1.0,25468263,9.429890583426001,0.0,
4624,1786890603.8107758,openrouter,,0.46182701212729904,openrouter_actual,1,1.0,12785287,5.904590894399999,0.0,
4625,1786890603.2509751,ours,,0.001,cold_start_fallback,0,0.0,0,0.0,0.0,
4626,1786890603.2509751,deepinfra,,1.3,cold_start_fallback,0,0.0,0,0.0,0.0,
4627,1786890901.8816714,friend,,0.001,zai_amortized,0,0.7,659889735,0.0,0.0,
4628,1786890901.9084625,ollama_cloud,,0.3403472792684442,zai_amortized,0,0.7,293817539,100.0,0.0,
4629,1786890902.1502266,ppq,deepseek/deepseek-v4-flash,0.06542517205402267,ppq_ledger,1,0.40922674,1560382,0.10208826082,0.0,
4630,1786890902.1502266,ppq,moonshotai/kimi-k3,2.497018421052631,ppq_ledger,1,0.3000133,190,0.00047443349999999997,0.0,
4631,1786890902.1502266,ppq,z-ai/glm-5,1.0743845322771748,ppq_ledger,1,0.5714743499999999,3878205,4.166683465,0.0,
4632,1786890902.1502266,ppq,z-ai/glm-5.2,0.2576523643245763,ppq_ledger,1,1.0,20029486,5.160644424106,0.0,
4633,1786890902.1502266,ppq,,0.37026045252579654,ppq_ledger,1,1.0,25468263,9.429890583426001,0.0,
4634,1786890902.152066,openrouter,,0.46235408986478616,openrouter_actual,1,1.0,12792330,5.9145860944,0.0,
4635,1786890901.881668,ours,,0.001,cold_start_fallback,0,0.0,0,0.0,0.0,
4636,1786890901.881668,deepinfra,,1.3,cold_start_fallback,0,0.0,0,0.0,0.0,
4637,1786891202.7434878,friend,,0.001,zai_amortized,0,0.7,660036128,0.0,0.0,
4638,1786891202.761351,ollama_cloud,,0.3403472792684442,zai_amortized,0,0.7,293817539,100.0,0.0,
4639,1786891202.998971,ppq,deepseek/deepseek-v4-flash,0.06542517205402267,ppq_ledger,1,0.40922674,1560382,0.10208826082,0.0,
4640,1786891202.998971,ppq,moonshotai/kimi-k3,2.497018421052631,ppq_ledger,1,0.3000133,190,0.00047443349999999997,0.0,
4641,1786891202.998971,ppq,z-ai/glm-5,1.0743845322771748,ppq_ledger,1,0.5714743499999999,3878205,4.166683465,0.0,
4642,1786891202.998971,ppq,z-ai/glm-5.2,0.2576523643245763,ppq_ledger,1,1.0,20029486,5.160644424106,0.0,
4643,1786891202.998971,ppq,,0.37026045252579654,ppq_ledger,1,1.0,25468263,9.429890583426001,0.0,
4644,1786891202.999876,openrouter,,0.46235408986478616,openrouter_actual,1,1.0,12792330,5.9145860944,0.0,
4645,1786891202.7434833,ours,,0.001,cold_start_fallback,0,0.0,0,0.0,0.0,
4646,1786891202.7434833,deepinfra,,1.3,cold_start_fallback,0,0.0,0,0.0,0.0,
4647,1786891502.1861992,friend,,0.001,zai_amortized,0,0.7,660093411,0.0,0.0,
4648,1786891502.2056499,ollama_cloud,,0.3403472792684442,zai_amortized,0,0.7,293817539,100.0,0.0,
4649,1786891502.4477906,ppq,deepseek/deepseek-v4-flash,0.06542517205402267,ppq_ledger,1,0.40922674,1560382,0.10208826082,0.0,
4650,1786891502.4477906,ppq,moonshotai/kimi-k3,2.497018421052631,ppq_ledger,1,0.3000133,190,0.00047443349999999997,0.0,
4651,1786891502.4477906,ppq,z-ai/glm-5,1.0743845322771748,ppq_ledger,1,0.5714743499999999,3878205,4.166683465,0.0,
4652,1786891502.4477906,ppq,z-ai/glm-5.2,0.2576523643245763,ppq_ledger,1,1.0,20029486,5.160644424106,0.0,
4653,1786891502.4477906,ppq,,0.37026045252579654,ppq_ledger,1,1.0,25468263,9.429890583426001,0.0,
4654,1786891502.4488997,openrouter,,0.46235408986478616,openrouter_actual,1,1.0,12792330,5.9145860944,0.0,
4655,1786891502.1861963,ours,,0.001,cold_start_fallback,0,0.0,0,0.0,0.0,
4656,1786891502.1861963,deepinfra,,1.3,cold_start_fallback,0,0.0,0,0.0,0.0,
4657,1786891802.7635038,friend,,0.001,zai_amortized,0,0.7,660199863,0.0,0.0,
4658,1786891802.8220441,ollama_cloud,,0.3403472792684442,zai_amortized,0,0.7,293817539,100.0,0.0,
4659,1786891803.1409469,ppq,deepseek/deepseek-v4-flash,0.06542517205402267,ppq_ledger,1,0.40922674,1560382,0.10208826082,0.0,
4660,1786891803.1409469,ppq,moonshotai/kimi-k3,2.497018421052631,ppq_ledger,1,0.3000133,190,0.00047443349999999997,0.0,
4661,1786891803.1409469,ppq,z-ai/glm-5,1.0743845322771748,ppq_ledger,1,0.5714743499999999,3878205,4.166683465,0.0,
4662,1786891803.1409469,ppq,z-ai/glm-5.2,0.2576523643245763,ppq_ledger,1,1.0,20029486,5.160644424106,0.0,
4663,1786891803.1409469,ppq,,0.37026045252579654,ppq_ledger,1,1.0,25468263,9.429890583426001,0.0,
4664,1786891803.156909,openrouter,,0.46235408986478616,openrouter_actual,1,1.0,12792330,5.9145860944,0.0,
4665,1786891802.7635005,ours,,0.001,cold_start_fallback,0,0.0,0,0.0,0.0,
4666,1786891802.7635005,deepinfra,,1.3,cold_start_fallback,0,0.0,0,0.0,0.0,
4667,1786892102.0297377,friend,,0.001,zai_amortized,0,0.7,660199863,0.0,0.0,
4668,1786892102.046859,ollama_cloud,,0.3403472792684442,zai_amortized,0,0.7,293817539,100.0,0.0,
4669,1786892102.320387,ppq,deepseek/deepseek-v4-flash,0.06542517205402267,ppq_ledger,1,0.40922674,1560382,0.10208826082,0.0,
4670,1786892102.320387,ppq,moonshotai/kimi-k3,2.497018421052631,ppq_ledger,1,0.3000133,190,0.00047443349999999997,0.0,
4671,1786892102.320387,ppq,z-ai/glm-5,1.0743845322771748,ppq_ledger,1,0.5714743499999999,3878205,4.166683465,0.0,
4672,1786892102.320387,ppq,z-ai/glm-5.2,0.2576523643245763,ppq_ledger,1,1.0,20029486,5.160644424106,0.0,
4673,1786892102.320387,ppq,,0.37026045252579654,ppq_ledger,1,1.0,25468263,9.429890583426001,0.0,
4674,1786892102.3219523,openrouter,,0.46235408986478616,openrouter_actual,1,1.0,12792330,5.9145860944,0.0,
4675,1786892102.0297348,ours,,0.001,cold_start_fallback,0,0.0,0,0.0,0.0,
4676,1786892102.0297348,deepinfra,,1.3,cold_start_fallback,0,0.0,0,0.0,0.0,
4677,1786892402.3471143,friend,,0.001,zai_amortized,0,0.7,660199863,0.0,0.0,
4678,1786892402.4133205,ollama_cloud,,0.3403472792684442,zai_amortized,0,0.7,293817539,100.0,0.0,
4679,1786892402.8063614,ppq,deepseek/deepseek-v4-flash,0.06542517205402267,ppq_ledger,1,0.40922674,1560382,0.10208826082,0.0,
4680,1786892402.8063614,ppq,moonshotai/kimi-k3,2.497018421052631,ppq_ledger,1,0.3000133,190,0.00047443349999999997,0.0,
4681,1786892402.8063614,ppq,z-ai/glm-5,1.0743845322771748,ppq_ledger,1,0.5714743499999999,3878205,4.166683465,0.0,
4682,1786892402.8063614,ppq,z-ai/glm-5.2,0.2576523643245763,ppq_ledger,1,1.0,20029486,5.160644424106,0.0,
4683,1786892402.8063614,ppq,,0.37026045252579654,ppq_ledger,1,1.0,25468263,9.429890583426001,0.0,
4684,1786892402.8124802,openrouter,,0.46235408986478616,openrouter_actual,1,1.0,12792330,5.9145860944,0.0,
4685,1786892402.3471081,ours,,0.001,cold_start_fallback,0,0.0,0,0.0,0.0,
4686,1786892402.3471081,deepinfra,,1.3,cold_start_fallback,0,0.0,0,0.0,0.0,
4687,1786892702.7054067,friend,,0.001,zai_amortized,0,0.7,660199863,0.0,0.0,
4688,1786892702.7395682,ollama_cloud,,0.3403472792684442,zai_amortized,0,0.7,293817539,100.0,0.0,
4689,1786892703.0184133,ppq,deepseek/deepseek-v4-flash,0.06542517205402267,ppq_ledger,1,0.40922674,1560382,0.10208826082,0.0,
4690,1786892703.0184133,ppq,moonshotai/kimi-k3,2.497018421052631,ppq_ledger,1,0.3000133,190,0.00047443349999999997,0.0,
4691,1786892703.0184133,ppq,z-ai/glm-5,1.0743845322771748,ppq_ledger,1,0.5714743499999999,3878205,4.166683465,0.0,
4692,1786892703.0184133,ppq,z-ai/glm-5.2,0.2576523643245763,ppq_ledger,1,1.0,20029486,5.160644424106,0.0,
4693,1786892703.0184133,ppq,,0.37026045252579654,ppq_ledger,1,1.0,25468263,9.429890583426001,0.0,
4694,1786892703.020192,openrouter,,0.46235408986478616,openrouter_actual,1,1.0,12792330,5.9145860944,0.0,
4695,1786892702.7054029,ours,,0.001,cold_start_fallback,0,0.0,0,0.0,0.0,
4696,1786892702.7054029,deepinfra,,1.3,cold_start_fallback,0,0.0,0,0.0,0.0,
4697,1786893001.8851533,friend,,0.001,zai_amortized,0,0.7,660199863,0.0,0.0,
4698,1786893001.9640322,ollama_cloud,,0.3403472792684442,zai_amortized,0,0.7,293817539,100.0,0.0,
4699,1786893002.3152554,ppq,deepseek/deepseek-v4-flash,0.06542517205402267,ppq_ledger,1,0.40922674,1560382,0.10208826082,0.0,
4700,1786893002.3152554,ppq,moonshotai/kimi-k3,2.497018421052631,ppq_ledger,1,0.3000133,190,0.00047443349999999997,0.0,
4701,1786893002.3152554,ppq,z-ai/glm-5,1.0743845322771748,ppq_ledger,1,0.5714743499999999,3878205,4.166683465,0.0,
4702,1786893002.3152554,ppq,z-ai/glm-5.2,0.2576523643245763,ppq_ledger,1,1.0,20029486,5.160644424106,0.0,
4703,1786893002.3152554,ppq,,0.37026045252579654,ppq_ledger,1,1.0,25468263,9.429890583426001,0.0,
4704,1786893002.3186202,openrouter,,0.46235408986478616,openrouter_actual,1,1.0,12792330,5.9145860944,0.0,
4705,1786893001.88515,ours,,0.001,cold_start_fallback,0,0.0,0,0.0,0.0,
4706,1786893001.88515,deepinfra,,1.3,cold_start_fallback,0,0.0,0,0.0,0.0,
4707,1786893302.3526309,friend,,0.001,zai_amortized,0,0.7,660199863,0.0,0.0,
4708,1786893302.442696,ollama_cloud,,0.3403472792684442,zai_amortized,0,0.7,293817539,100.0,0.0,
4709,1786893302.7872984,ppq,deepseek/deepseek-v4-flash,0.06542517205402267,ppq_ledger,1,0.40922674,1560382,0.10208826082,0.0,
4710,1786893302.7872984,ppq,moonshotai/kimi-k3,2.497018421052631,ppq_ledger,1,0.3000133,190,0.00047443349999999997,0.0,
4711,1786893302.7872984,ppq,z-ai/glm-5,1.0743845322771748,ppq_ledger,1,0.5714743499999999,3878205,4.166683465,0.0,
4712,1786893302.7872984,ppq,z-ai/glm-5.2,0.2576523643245763,ppq_ledger,1,1.0,20029486,5.160644424106,0.0,
4713,1786893302.7872984,ppq,,0.37026045252579654,ppq_ledger,1,1.0,25468263,9.429890583426001,0.0,
4714,1786893302.7892153,openrouter,,0.46235408986478616,openrouter_actual,1,1.0,12792330,5.9145860944,0.0,
4715,1786893302.3526273,ours,,0.001,cold_start_fallback,0,0.0,0,0.0,0.0,
4716,1786893302.3526273,deepinfra,,1.3,cold_start_fallback,0,0.0,0,0.0,0.0,
4717,1786893602.3442683,friend,,0.001,zai_amortized,0,0.7,660199863,0.0,0.0,
4718,1786893602.365188,ollama_cloud,,0.3403472792684442,zai_amortized,0,0.7,293817539,100.0,0.0,
4719,1786893602.61949,ppq,deepseek/deepseek-v4-flash,0.06542517205402267,ppq_ledger,1,0.40922674,1560382,0.10208826082,0.0,
4720,1786893602.61949,ppq,moonshotai/kimi-k3,2.497018421052631,ppq_ledger,1,0.3000133,190,0.00047443349999999997,0.0,
4721,1786893602.61949,ppq,z-ai/glm-5,1.0743845322771748,ppq_ledger,1,0.5714743499999999,3878205,4.166683465,0.0,
4722,1786893602.61949,ppq,z-ai/glm-5.2,0.2576523643245763,ppq_ledger,1,1.0,20029486,5.160644424106,0.0,
4723,1786893602.61949,ppq,,0.37026045252579654,ppq_ledger,1,1.0,25468263,9.429890583426001,0.0,
4724,1786893602.6216369,openrouter,,0.46235408986478616,openrouter_actual,1,1.0,12792330,5.9145860944,0.0,
4725,1786893602.3442657,ours,,0.001,cold_start_fallback,0,0.0,0,0.0,0.0,
4726,1786893602.3442657,deepinfra,,1.3,cold_start_fallback,0,0.0,0,0.0,0.0,
4727,1786893901.918389,friend,,0.001,zai_amortized,0,0.7,660199863,0.0,0.0,
4728,1786893901.9352996,ollama_cloud,,0.3403472792684442,zai_amortized,0,0.7,293817539,100.0,0.0,
4729,1786893902.178682,ppq,deepseek/deepseek-v4-flash,0.06542517205402267,ppq_ledger,1,0.40922674,1560382,0.10208826082,0.0,
4730,1786893902.178682,ppq,moonshotai/kimi-k3,2.497018421052631,ppq_ledger,1,0.3000133,190,0.00047443349999999997,0.0,
4731,1786893902.178682,ppq,z-ai/glm-5,1.0743845322771748,ppq_ledger,1,0.5714743499999999,3878205,4.166683465,0.0,
4732,1786893902.178682,ppq,z-ai/glm-5.2,0.2576523643245763,ppq_ledger,1,1.0,20029486,5.160644424106,0.0,
4733,1786893902.178682,ppq,,0.37026045252579654,ppq_ledger,1,1.0,25468263,9.429890583426001,0.0,
4734,1786893902.1809487,openrouter,,0.46235408986478616,openrouter_actual,1,1.0,12792330,5.9145860944,0.0,
4735,1786893901.918386,ours,,0.001,cold_start_fallback,0,0.0,0,0.0,0.0,
4736,1786893901.918386,deepinfra,,1.3,cold_start_fallback,0,0.0,0,0.0,0.0,
4737,1786894202.6344604,friend,,0.001,zai_amortized,0,0.7,660199863,0.0,0.0,
4738,1786894202.706055,ollama_cloud,,0.3403472792684442,zai_amortized,0,0.7,293817539,100.0,0.0,
4739,1786894203.074288,ppq,deepseek/deepseek-v4-flash,0.06542517205402267,ppq_ledger,1,0.40922674,1560382,0.10208826082,0.0,
4740,1786894203.074288,ppq,moonshotai/kimi-k3,2.497018421052631,ppq_ledger,1,0.3000133,190,0.00047443349999999997,0.0,
4741,1786894203.074288,ppq,z-ai/glm-5,1.0743845322771748,ppq_ledger,1,0.5714743499999999,3878205,4.166683465,0.0,
4742,1786894203.074288,ppq,z-ai/glm-5.2,0.2576523643245763,ppq_ledger,1,1.0,20029486,5.160644424106,0.0,
4743,1786894203.074288,ppq,,0.37026045252579654,ppq_ledger,1,1.0,25468263,9.429890583426001,0.0,
4744,1786894203.081902,openrouter,,0.46235408986478616,openrouter_actual,1,1.0,12792330,5.9145860944,0.0,
4745,1786894202.6344576,ours,,0.001,cold_start_fallback,0,0.0,0,0.0,0.0,
4746,1786894202.6344576,deepinfra,,1.3,cold_start_fallback,0,0.0,0,0.0,0.0,
4747,1786894501.8212745,friend,,0.001,zai_amortized,0,0.7,660199863,0.0,0.0,
4748,1786894501.849851,ollama_cloud,,0.3403472792684442,zai_amortized,0,0.7,293817539,100.0,0.0,
4749,1786894502.0927827,ppq,deepseek/deepseek-v4-flash,0.06542517205402267,ppq_ledger,1,0.40922674,1560382,0.10208826082,0.0,
4750,1786894502.0927827,ppq,moonshotai/kimi-k3,2.497018421052631,ppq_ledger,1,0.3000133,190,0.00047443349999999997,0.0,
4751,1786894502.0927827,ppq,z-ai/glm-5,1.0743845322771748,ppq_ledger,1,0.5714743499999999,3878205,4.166683465,0.0,
4752,1786894502.0927827,ppq,z-ai/glm-5.2,0.2576523643245763,ppq_ledger,1,1.0,20029486,5.160644424106,0.0,
4753,1786894502.0927827,ppq,,0.37026045252579654,ppq_ledger,1,1.0,25468263,9.429890583426001,0.0,
4754,1786894502.0946965,openrouter,,0.46235408986478616,openrouter_actual,1,1.0,12792330,5.9145860944,0.0,
4755,1786894501.821272,ours,,0.001,cold_start_fallback,0,0.0,0,0.0,0.0,
4756,1786894501.821272,deepinfra,,1.3,cold_start_fallback,0,0.0,0,0.0,0.0,
4757,1786894802.2108245,friend,,0.001,zai_amortized,0,0.7,660199863,0.0,0.0,
4758,1786894802.2264326,ollama_cloud,,0.3403472792684442,zai_amortized,0,0.7,293817539,100.0,0.0,
4759,1786894802.48151,ppq,deepseek/deepseek-v4-flash,0.06542517205402267,ppq_ledger,1,0.40922674,1560382,0.10208826082,0.0,
4760,1786894802.48151,ppq,moonshotai/kimi-k3,2.497018421052631,ppq_ledger,1,0.3000133,190,0.00047443349999999997,0.0,
4761,1786894802.48151,ppq,z-ai/glm-5,1.0743845322771748,ppq_ledger,1,0.5714743499999999,3878205,4.166683465,0.0,
4762,1786894802.48151,ppq,z-ai/glm-5.2,0.2576523643245763,ppq_ledger,1,1.0,20029486,5.160644424106,0.0,
4763,1786894802.48151,ppq,,0.37026045252579654,ppq_ledger,1,1.0,25468263,9.429890583426001,0.0,
4764,1786894802.4856548,openrouter,,0.46235408986478616,openrouter_actual,1,1.0,12792330,5.9145860944,0.0,
4765,1786894802.210821,ours,,0.001,cold_start_fallback,0,0.0,0,0.0,0.0,
4766,1786894802.210821,deepinfra,,1.3,cold_start_fallback,0,0.0,0,0.0,0.0,
4767,1786895102.1679587,friend,,0.001,zai_amortized,0,0.7,660199863,0.0,0.0,
4768,1786895102.1842709,ollama_cloud,,0.3403472792684442,zai_amortized,0,0.7,293817539,100.0,0.0,
4769,1786895102.458505,ppq,deepseek/deepseek-v4-flash,0.06542517205402267,ppq_ledger,1,0.40922674,1560382,0.10208826082,0.0,
4770,1786895102.458505,ppq,moonshotai/kimi-k3,2.497018421052631,ppq_ledger,1,0.3000133,190,0.00047443349999999997,0.0,
4771,1786895102.458505,ppq,z-ai/glm-5,1.0743845322771748,ppq_ledger,1,0.5714743499999999,3878205,4.166683465,0.0,
4772,1786895102.458505,ppq,z-ai/glm-5.2,0.2576523643245763,ppq_ledger,1,1.0,20029486,5.160644424106,0.0,
4773,1786895102.458505,ppq,,0.37026045252579654,ppq_ledger,1,1.0,25468263,9.429890583426001,0.0,
4774,1786895102.460454,openrouter,,0.46235408986478616,openrouter_actual,1,1.0,12792330,5.9145860944,0.0,
4775,1786895102.1679556,ours,,0.001,cold_start_fallback,0,0.0,0,0.0,0.0,
4776,1786895102.1679556,deepinfra,,1.3,cold_start_fallback,0,0.0,0,0.0,0.0,
4777,1786895402.7983377,friend,,0.001,zai_amortized,0,0.7,660199863,0.0,0.0,
4778,1786895402.8358119,ollama_cloud,,0.3403472792684442,zai_amortized,0,0.7,293817539,100.0,0.0,
4779,1786895403.093452,ppq,deepseek/deepseek-v4-flash,0.06542517205402267,ppq_ledger,1,0.40922674,1560382,0.10208826082,0.0,
4780,1786895403.093452,ppq,moonshotai/kimi-k3,2.497018421052631,ppq_ledger,1,0.3000133,190,0.00047443349999999997,0.0,
4781,1786895403.093452,ppq,z-ai/glm-5,1.0743845322771748,ppq_ledger,1,0.5714743499999999,3878205,4.166683465,0.0,
4782,1786895403.093452,ppq,z-ai/glm-5.2,0.2576523643245763,ppq_ledger,1,1.0,20029486,5.160644424106,0.0,
4783,1786895403.093452,ppq,,0.37026045252579654,ppq_ledger,1,1.0,25468263,9.429890583426001,0.0,
4784,1786895403.0987577,openrouter,,0.46235408986478616,openrouter_actual,1,1.0,12792330,5.9145860944,0.0,
4785,1786895402.798335,ours,,0.001,cold_start_fallback,0,0.0,0,0.0,0.0,
4786,1786895402.798335,deepinfra,,1.3,cold_start_fallback,0,0.0,0,0.0,0.0,
4787,1786895702.3169155,friend,,0.001,zai_amortized,0,0.7,660199863,0.0,0.0,
4788,1786895702.3343565,ollama_cloud,,0.3403472792684442,zai_amortized,0,0.7,293817539,100.0,0.0,
4789,1786895702.5718124,ppq,deepseek/deepseek-v4-flash,0.06542517205402267,ppq_ledger,1,0.40922674,1560382,0.10208826082,0.0,
4790,1786895702.5718124,ppq,moonshotai/kimi-k3,2.497018421052631,ppq_ledger,1,0.3000133,190,0.00047443349999999997,0.0,
4791,1786895702.5718124,ppq,z-ai/glm-5,1.0743845322771748,ppq_ledger,1,0.5714743499999999,3878205,4.166683465,0.0,
4792,1786895702.5718124,ppq,z-ai/glm-5.2,0.2576523643245763,ppq_ledger,1,1.0,20029486,5.160644424106,0.0,
4793,1786895702.5718124,ppq,,0.37026045252579654,ppq_ledger,1,1.0,25468263,9.429890583426001,0.0,
4794,1786895702.5730536,openrouter,,0.46235408986478616,openrouter_actual,1,1.0,12792330,5.9145860944,0.0,
4795,1786895702.3169115,ours,,0.001,cold_start_fallback,0,0.0,0,0.0,0.0,
4796,1786895702.3169115,deepinfra,,1.3,cold_start_fallback,0,0.0,0,0.0,0.0,
4797,1786896003.1694407,friend,,0.001,zai_amortized,0,0.7,660199863,0.0,0.0,
4798,1786896003.2057798,ollama_cloud,,0.3403472792684442,zai_amortized,0,0.7,293817539,100.0,0.0,
4799,1786896003.4787297,ppq,deepseek/deepseek-v4-flash,0.06542517205402267,ppq_ledger,1,0.40922674,1560382,0.10208826082,0.0,
4800,1786896003.4787297,ppq,moonshotai/kimi-k3,2.497018421052631,ppq_ledger,1,0.3000133,190,0.00047443349999999997,0.0,
4801,1786896003.4787297,ppq,z-ai/glm-5,1.0743845322771748,ppq_ledger,1,0.5714743499999999,3878205,4.166683465,0.0,
4802,1786896003.4787297,ppq,z-ai/glm-5.2,0.2576523643245763,ppq_ledger,1,1.0,20029486,5.160644424106,0.0,
4803,1786896003.4787297,ppq,,0.37026045252579654,ppq_ledger,1,1.0,25468263,9.429890583426001,0.0,
4804,1786896003.4809377,openrouter,,0.46235408986478616,openrouter_actual,1,1.0,12792330,5.9145860944,0.0,
4805,1786896003.169438,ours,,0.001,cold_start_fallback,0,0.0,0,0.0,0.0,
4806,1786896003.169438,deepinfra,,1.3,cold_start_fallback,0,0.0,0,0.0,0.0,
4807,1786896302.150508,friend,,0.001,zai_amortized,0,0.7,660199863,0.0,0.0,
4808,1786896302.1825922,ollama_cloud,,0.3403472792684442,zai_amortized,0,0.7,293817539,100.0,0.0,
4809,1786896302.4889643,ppq,deepseek/deepseek-v4-flash,0.06542517205402267,ppq_ledger,1,0.40922674,1560382,0.10208826082,0.0,
4810,1786896302.4889643,ppq,moonshotai/kimi-k3,2.497018421052631,ppq_ledger,1,0.3000133,190,0.00047443349999999997,0.0,
4811,1786896302.4889643,ppq,z-ai/glm-5,1.0743845322771748,ppq_ledger,1,0.5714743499999999,3878205,4.166683465,0.0,
4812,1786896302.4889643,ppq,z-ai/glm-5.2,0.2576523643245763,ppq_ledger,1,1.0,20029486,5.160644424106,0.0,
4813,1786896302.4889643,ppq,,0.37026045252579654,ppq_ledger,1,1.0,25468263,9.429890583426001,0.0,
4814,1786896302.4907458,openrouter,,0.46235408986478616,openrouter_actual,1,1.0,12792330,5.9145860944,0.0,
4815,1786896302.150504,ours,,0.001,cold_start_fallback,0,0.0,0,0.0,0.0,
4816,1786896302.150504,deepinfra,,1.3,cold_start_fallback,0,0.0,0,0.0,0.0,
4817,1786896602.1729698,friend,,0.001,zai_amortized,0,0.7,660495580,0.0,0.0,
4818,1786896602.1977305,ollama_cloud,,0.3403472792684442,zai_amortized,0,0.7,293817539,100.0,0.0,
4819,1786896602.4590347,ppq,deepseek/deepseek-v4-flash,0.06542517205402267,ppq_ledger,1,0.40922674,1560382,0.10208826082,0.0,
4820,1786896602.4590347,ppq,moonshotai/kimi-k3,2.497018421052631,ppq_ledger,1,0.3000133,190,0.00047443349999999997,0.0,
4821,1786896602.4590347,ppq,z-ai/glm-5,1.0743845322771748,ppq_ledger,1,0.5714743499999999,3878205,4.166683465,0.0,
4822,1786896602.4590347,ppq,z-ai/glm-5.2,0.2576523643245763,ppq_ledger,1,1.0,20029486,5.160644424106,0.0,
4823,1786896602.4590347,ppq,,0.37026045252579654,ppq_ledger,1,1.0,25468263,9.429890583426001,0.0,
4824,1786896602.4656878,openrouter,,0.46235408986478616,openrouter_actual,1,1.0,12792330,5.9145860944,0.0,
4825,1786896602.172967,ours,,0.001,cold_start_fallback,0,0.0,0,0.0,0.0,
4826,1786896602.172967,deepinfra,,1.3,cold_start_fallback,0,0.0,0,0.0,0.0,
4827,1786896901.847654,friend,,0.001,zai_amortized,0,0.7,660495580,0.0,0.0,
4828,1786896901.8830278,ollama_cloud,,0.3403472792684442,zai_amortized,0,0.7,293817539,100.0,0.0,
4829,1786896902.1771276,ppq,deepseek/deepseek-v4-flash,0.06542517205402267,ppq_ledger,1,0.40922674,1560382,0.10208826082,0.0,
4830,1786896902.1771276,ppq,moonshotai/kimi-k3,2.497018421052631,ppq_ledger,1,0.3000133,190,0.00047443349999999997,0.0,
4831,1786896902.1771276,ppq,z-ai/glm-5,1.0743845322771748,ppq_ledger,1,0.5714743499999999,3878205,4.166683465,0.0,
4832,1786896902.1771276,ppq,z-ai/glm-5.2,0.2576523643245763,ppq_ledger,1,1.0,20029486,5.160644424106,0.0,
4833,1786896902.1771276,ppq,,0.37026045252579654,ppq_ledger,1,1.0,25468263,9.429890583426001,0.0,
4834,1786896902.1783168,openrouter,,0.46235408986478616,openrouter_actual,1,1.0,12792330,5.9145860944,0.0,
4835,1786896901.8476503,ours,,0.001,cold_start_fallback,0,0.0,0,0.0,0.0,
4836,1786896901.8476503,deepinfra,,1.3,cold_start_fallback,0,0.0,0,0.0,0.0,
4837,1786897201.9711976,friend,,0.001,zai_amortized,0,0.7,660495580,0.0,0.0,
4838,1786897201.9995785,ollama_cloud,,0.3403472792684442,zai_amortized,0,0.7,293817539,100.0,0.0,
4839,1786897202.2768507,ppq,deepseek/deepseek-v4-flash,0.06542517205402267,ppq_ledger,1,0.40922674,1560382,0.10208826082,0.0,
4840,1786897202.2768507,ppq,moonshotai/kimi-k3,2.497018421052631,ppq_ledger,1,0.3000133,190,0.00047443349999999997,0.0,
4841,1786897202.2768507,ppq,z-ai/glm-5,1.0743845322771748,ppq_ledger,1,0.5714743499999999,3878205,4.166683465,0.0,
4842,1786897202.2768507,ppq,z-ai/glm-5.2,0.2576523643245763,ppq_ledger,1,1.0,20029486,5.160644424106,0.0,
4843,1786897202.2768507,ppq,,0.37026045252579654,ppq_ledger,1,1.0,25468263,9.429890583426001,0.0,
4844,1786897202.27884,openrouter,,0.46235408986478616,openrouter_actual,1,1.0,12792330,5.9145860944,0.0,
4845,1786897201.9711933,ours,,0.001,cold_start_fallback,0,0.0,0,0.0,0.0,
4846,1786897201.9711933,deepinfra,,1.3,cold_start_fallback,0,0.0,0,0.0,0.0,
4847,1786897502.1384351,friend,,0.001,zai_amortized,0,0.7,660495580,0.0,0.0,
4848,1786897502.1559646,ollama_cloud,,0.3403472792684442,zai_amortized,0,0.7,293817539,100.0,0.0,
4849,1786897502.4070396,ppq,deepseek/deepseek-v4-flash,0.06542517205402267,ppq_ledger,1,0.40922674,1560382,0.10208826082,0.0,
4850,1786897502.4070396,ppq,moonshotai/kimi-k3,2.497018421052631,ppq_ledger,1,0.3000133,190,0.00047443349999999997,0.0,
4851,1786897502.4070396,ppq,z-ai/glm-5,1.0743845322771748,ppq_ledger,1,0.5714743499999999,3878205,4.166683465,0.0,
4852,1786897502.4070396,ppq,z-ai/glm-5.2,0.2576523643245763,ppq_ledger,1,1.0,20029486,5.160644424106,0.0,
4853,1786897502.4070396,ppq,,0.37026045252579654,ppq_ledger,1,1.0,25468263,9.429890583426001,0.0,
4854,1786897502.4087484,openrouter,,0.46235408986478616,openrouter_actual,1,1.0,12792330,5.9145860944,0.0,
4855,1786897502.1384318,ours,,0.001,cold_start_fallback,0,0.0,0,0.0,0.0,
4856,1786897502.1384318,deepinfra,,1.3,cold_start_fallback,0,0.0,0,0.0,0.0,
4857,1786897803.2821403,friend,,0.001,zai_amortized,0,0.7,660495580,0.0,0.0,
4858,1786897803.3259366,ollama_cloud,,0.3403472792684442,zai_amortized,0,0.7,293817539,100.0,0.0,
4859,1786897803.7423887,ppq,deepseek/deepseek-v4-flash,0.06542517205402267,ppq_ledger,1,0.40922674,1560382,0.10208826082,0.0,
4860,1786897803.7423887,ppq,moonshotai/kimi-k3,2.497018421052631,ppq_ledger,1,0.3000133,190,0.00047443349999999997,0.0,
4861,1786897803.7423887,ppq,z-ai/glm-5,1.0743845322771748,ppq_ledger,1,0.5714743499999999,3878205,4.166683465,0.0,
4862,1786897803.7423887,ppq,z-ai/glm-5.2,0.2576523643245763,ppq_ledger,1,1.0,20029486,5.160644424106,0.0,
4863,1786897803.7423887,ppq,,0.37026045252579654,ppq_ledger,1,1.0,25468263,9.429890583426001,0.0,
4864,1786897803.7523983,openrouter,,0.46235408986478616,openrouter_actual,1,1.0,12792330,5.9145860944,0.0,
4865,1786897803.282136,ours,,0.001,cold_start_fallback,0,0.0,0,0.0,0.0,
4866,1786897803.282136,deepinfra,,1.3,cold_start_fallback,0,0.0,0,0.0,0.0,
4867,1786898102.4336905,friend,,0.001,zai_amortized,0,0.7,660563230,0.0,0.0,
4868,1786898102.4534795,ollama_cloud,,0.3403472792684442,zai_amortized,0,0.7,293817539,100.0,0.0,
4869,1786898102.6820457,ppq,deepseek/deepseek-v4-flash,0.06542517205402267,ppq_ledger,1,0.40922674,1560382,0.10208826082,0.0,
4870,1786898102.6820457,ppq,moonshotai/kimi-k3,2.497018421052631,ppq_ledger,1,0.3000133,190,0.00047443349999999997,0.0,
4871,1786898102.6820457,ppq,z-ai/glm-5,1.0743845322771748,ppq_ledger,1,0.5714743499999999,3878205,4.166683465,0.0,
4872,1786898102.6820457,ppq,z-ai/glm-5.2,0.2576523643245763,ppq_ledger,1,1.0,20029486,5.160644424106,0.0,
4873,1786898102.6820457,ppq,,0.37026045252579654,ppq_ledger,1,1.0,25468263,9.429890583426001,0.0,
4874,1786898102.6864526,openrouter,,0.46235408986478616,openrouter_actual,1,1.0,12792330,5.9145860944,0.0,
4875,1786898102.4336874,ours,,0.001,cold_start_fallback,0,0.0,0,0.0,0.0,
4876,1786898102.4336874,deepinfra,,1.3,cold_start_fallback,0,0.0,0,0.0,0.0,
4877,1786898401.9354672,friend,,0.001,zai_amortized,0,0.7,660563230,0.0,0.0,
4878,1786898401.962454,ollama_cloud,,0.3403472792684442,zai_amortized,0,0.7,293817539,100.0,0.0,
4879,1786898402.2241225,ppq,deepseek/deepseek-v4-flash,0.06542517205402267,ppq_ledger,1,0.40922674,1560382,0.10208826082,0.0,
4880,1786898402.2241225,ppq,moonshotai/kimi-k3,2.497018421052631,ppq_ledger,1,0.3000133,190,0.00047443349999999997,0.0,
4881,1786898402.2241225,ppq,z-ai/glm-5,1.0743845322771748,ppq_ledger,1,0.5714743499999999,3878205,4.166683465,0.0,
4882,1786898402.2241225,ppq,z-ai/glm-5.2,0.2576523643245763,ppq_ledger,1,1.0,20029486,5.160644424106,0.0,
4883,1786898402.2241225,ppq,,0.37026045252579654,ppq_ledger,1,1.0,25468263,9.429890583426001,0.0,
4884,1786898402.2260048,openrouter,,0.46235408986478616,openrouter_actual,1,1.0,12792330,5.9145860944,0.0,
4885,1786898401.9354606,ours,,0.001,cold_start_fallback,0,0.0,0,0.0,0.0,
4886,1786898401.9354606,deepinfra,,1.3,cold_start_fallback,0,0.0,0,0.0,0.0,
4887,1786898702.7677639,friend,,0.001,zai_amortized,0,0.7,660563230,0.0,0.0,
4888,1786898702.7772133,ollama_cloud,,0.3403472792684442,zai_amortized,0,0.7,293817539,100.0,0.0,
4889,1786898703.0129592,ppq,deepseek/deepseek-v4-flash,0.06542517205402267,ppq_ledger,1,0.40922674,1560382,0.10208826082,0.0,
4890,1786898703.0129592,ppq,moonshotai/kimi-k3,2.497018421052631,ppq_ledger,1,0.3000133,190,0.00047443349999999997,0.0,
4891,1786898703.0129592,ppq,z-ai/glm-5,1.0743845322771748,ppq_ledger,1,0.5714743499999999,3878205,4.166683465,0.0,
4892,1786898703.0129592,ppq,z-ai/glm-5.2,0.2576523643245763,ppq_ledger,1,1.0,20029486,5.160644424106,0.0,
4893,1786898703.0129592,ppq,,0.37026045252579654,ppq_ledger,1,1.0,25468263,9.429890583426001,0.0,
4894,1786898703.0149457,openrouter,,0.46235408986478616,openrouter_actual,1,1.0,12792330,5.9145860944,0.0,
4895,1786898702.7677615,ours,,0.001,cold_start_fallback,0,0.0,0,0.0,0.0,
4896,1786898702.7677615,deepinfra,,1.3,cold_start_fallback,0,0.0,0,0.0,0.0,
4897,1786899002.2623782,friend,,0.001,zai_amortized,0,0.7,660856630,0.0,0.0,
4898,1786899002.2794776,ollama_cloud,,0.3403472792684442,zai_amortized,0,0.7,293817539,100.0,0.0,
4899,1786899002.5410752,ppq,deepseek/deepseek-v4-flash,0.06542517205402267,ppq_ledger,1,0.40922674,1560382,0.10208826082,0.0,
4900,1786899002.5410752,ppq,moonshotai/kimi-k3,2.497018421052631,ppq_ledger,1,0.3000133,190,0.00047443349999999997,0.0,
4901,1786899002.5410752,ppq,z-ai/glm-5,1.0743845322771748,ppq_ledger,1,0.5714743499999999,3878205,4.166683465,0.0,
4902,1786899002.5410752,ppq,z-ai/glm-5.2,0.2576523643245763,ppq_ledger,1,1.0,20029486,5.160644424106,0.0,
4903,1786899002.5410752,ppq,,0.37026045252579654,ppq_ledger,1,1.0,25468263,9.429890583426001,0.0,
4904,1786899002.543521,openrouter,,0.46235408986478616,openrouter_actual,1,1.0,12792330,5.9145860944,0.0,
4905,1786899002.2623754,ours,,0.001,cold_start_fallback,0,0.0,0,0.0,0.0,
4906,1786899002.2623754,deepinfra,,1.3,cold_start_fallback,0,0.0,0,0.0,0.0,
4907,1786899301.8665712,friend,,0.001,zai_amortized,0,0.7,660948592,0.0,0.0,
4908,1786899301.884945,ollama_cloud,,0.3403472792684442,zai_amortized,0,0.7,293817539,100.0,0.0,
4909,1786899302.1279497,ppq,deepseek/deepseek-v4-flash,0.06542517205402267,ppq_ledger,1,0.40922674,1560382,0.10208826082,0.0,
4910,1786899302.1279497,ppq,moonshotai/kimi-k3,2.497018421052631,ppq_ledger,1,0.3000133,190,0.00047443349999999997,0.0,
4911,1786899302.1279497,ppq,z-ai/glm-5,1.0743845322771748,ppq_ledger,1,0.5714743499999999,3878205,4.166683465,0.0,
4912,1786899302.1279497,ppq,z-ai/glm-5.2,0.2576523643245763,ppq_ledger,1,1.0,20029486,5.160644424106,0.0,
4913,1786899302.1279497,ppq,,0.37026045252579654,ppq_ledger,1,1.0,25468263,9.429890583426001,0.0,
4914,1786899302.130038,openrouter,,0.46235408986478616,openrouter_actual,1,1.0,12792330,5.9145860944,0.0,
4915,1786899301.866567,ours,,0.001,cold_start_fallback,0,0.0,0,0.0,0.0,
4916,1786899301.866567,deepinfra,,1.3,cold_start_fallback,0,0.0,0,0.0,0.0,
4917,1786899602.860817,friend,,0.001,zai_amortized,0,0.7,660948592,0.0,0.0,
4918,1786899602.9493055,ollama_cloud,,0.3403472792684442,zai_amortized,0,0.7,293817539,100.0,0.0,
4919,1786899603.3535416,ppq,deepseek/deepseek-v4-flash,0.06542517205402267,ppq_ledger,1,0.40922674,1560382,0.10208826082,0.0,
4920,1786899603.3535416,ppq,moonshotai/kimi-k3,2.497018421052631,ppq_ledger,1,0.3000133,190,0.00047443349999999997,0.0,
4921,1786899603.3535416,ppq,z-ai/glm-5,1.0743845322771748,ppq_ledger,1,0.5714743499999999,3878205,4.166683465,0.0,
4922,1786899603.3535416,ppq,z-ai/glm-5.2,0.2576523643245763,ppq_ledger,1,1.0,20029486,5.160644424106,0.0,
4923,1786899603.3535416,ppq,,0.37026045252579654,ppq_ledger,1,1.0,25468263,9.429890583426001,0.0,
4924,1786899603.3607364,openrouter,,0.46235408986478616,openrouter_actual,1,1.0,12792330,5.9145860944,0.0,
4925,1786899602.860814,ours,,0.001,cold_start_fallback,0,0.0,0,0.0,0.0,
4926,1786899602.860814,deepinfra,,1.3,cold_start_fallback,0,0.0,0,0.0,0.0,
4927,1786899902.344356,friend,,0.001,zai_amortized,0,0.7,660948592,0.0,0.0,
4928,1786899902.3616323,ollama_cloud,,0.3403472792684442,zai_amortized,0,0.7,293817539,100.0,0.0,
4929,1786899902.6487544,ppq,deepseek/deepseek-v4-flash,0.06542517205402267,ppq_ledger,1,0.40922674,1560382,0.10208826082,0.0,
4930,1786899902.6487544,ppq,moonshotai/kimi-k3,2.497018421052631,ppq_ledger,1,0.3000133,190,0.00047443349999999997,0.0,
4931,1786899902.6487544,ppq,z-ai/glm-5,1.0743845322771748,ppq_ledger,1,0.5714743499999999,3878205,4.166683465,0.0,
4932,1786899902.6487544,ppq,z-ai/glm-5.2,0.2576523643245763,ppq_ledger,1,1.0,20029486,5.160644424106,0.0,
4933,1786899902.6487544,ppq,,0.37026045252579654,ppq_ledger,1,1.0,25468263,9.429890583426001,0.0,
4934,1786899902.6498287,openrouter,,0.46235408986478616,openrouter_actual,1,1.0,12792330,5.9145860944,0.0,
4935,1786899902.344353,ours,,0.001,cold_start_fallback,0,0.0,0,0.0,0.0,
4936,1786899902.344353,deepinfra,,1.3,cold_start_fallback,0,0.0,0,0.0,0.0,
4937,1786900201.9865508,friend,,0.001,zai_amortized,0,0.7,660948592,0.0,0.0,
4938,1786900202.0021396,ollama_cloud,,0.3403472792684442,zai_amortized,0,0.7,293817539,100.0,0.0,
4939,1786900202.2441616,ppq,deepseek/deepseek-v4-flash,0.06542517205402267,ppq_ledger,1,0.40922674,1560382,0.10208826082,0.0,
4940,1786900202.2441616,ppq,moonshotai/kimi-k3,2.497018421052631,ppq_ledger,1,0.3000133,190,0.00047443349999999997,0.0,
4941,1786900202.2441616,ppq,z-ai/glm-5,1.0743845322771748,ppq_ledger,1,0.5714743499999999,3878205,4.166683465,0.0,
4942,1786900202.2441616,ppq,z-ai/glm-5.2,0.2576523643245763,ppq_ledger,1,1.0,20029486,5.160644424106,0.0,
4943,1786900202.2441616,ppq,,0.37026045252579654,ppq_ledger,1,1.0,25468263,9.429890583426001,0.0,
4944,1786900202.2480292,openrouter,,0.46235408986478616,openrouter_actual,1,1.0,12792330,5.9145860944,0.0,
4945,1786900201.9865477,ours,,0.001,cold_start_fallback,0,0.0,0,0.0,0.0,
4946,1786900201.9865477,deepinfra,,1.3,cold_start_fallback,0,0.0,0,0.0,0.0,
4947,1786900502.6508412,friend,,0.001,zai_amortized,0,0.7,660948592,0.0,0.0,
4948,1786900502.6898522,ollama_cloud,,0.3403472792684442,zai_amortized,0,0.7,293817539,100.0,0.0,
4949,1786900502.963949,ppq,deepseek/deepseek-v4-flash,0.06542517205402267,ppq_ledger,1,0.40922674,1560382,0.10208826082,0.0,
4950,1786900502.963949,ppq,moonshotai/kimi-k3,2.497018421052631,ppq_ledger,1,0.3000133,190,0.00047443349999999997,0.0,
4951,1786900502.963949,ppq,z-ai/glm-5,1.0743845322771748,ppq_ledger,1,0.5714743499999999,3878205,4.166683465,0.0,
4952,1786900502.963949,ppq,z-ai/glm-5.2,0.2576523643245763,ppq_ledger,1,1.0,20029486,5.160644424106,0.0,
4953,1786900502.963949,ppq,,0.37026045252579654,ppq_ledger,1,1.0,25468263,9.429890583426001,0.0,
4954,1786900502.9659212,openrouter,,0.46235408986478616,openrouter_actual,1,1.0,12792330,5.9145860944,0.0,
4955,1786900502.6508386,ours,,0.001,cold_start_fallback,0,0.0,0,0.0,0.0,
4956,1786900502.6508386,deepinfra,,1.3,cold_start_fallback,0,0.0,0,0.0,0.0,
4957,1786900802.5764086,friend,,0.001,zai_amortized,0,0.7,660948592,0.0,0.0,
4958,1786900802.622208,ollama_cloud,,0.3403472792684442,zai_amortized,0,0.7,293817539,100.0,0.0,
4959,1786900802.9256446,ppq,deepseek/deepseek-v4-flash,0.06542517205402267,ppq_ledger,1,0.40922674,1560382,0.10208826082,0.0,
4960,1786900802.9256446,ppq,moonshotai/kimi-k3,2.497018421052631,ppq_ledger,1,0.3000133,190,0.00047443349999999997,0.0,
4961,1786900802.9256446,ppq,z-ai/glm-5,1.0743845322771748,ppq_ledger,1,0.5714743499999999,3878205,4.166683465,0.0,
4962,1786900802.9256446,ppq,z-ai/glm-5.2,0.2576523643245763,ppq_ledger,1,1.0,20029486,5.160644424106,0.0,
4963,1786900802.9256446,ppq,,0.37026045252579654,ppq_ledger,1,1.0,25468263,9.429890583426001,0.0,
4964,1786900802.9287858,openrouter,,0.46235408986478616,openrouter_actual,1,1.0,12792330,5.9145860944,0.0,
4965,1786900802.5764048,ours,,0.001,cold_start_fallback,0,0.0,0,0.0,0.0,
4966,1786900802.5764048,deepinfra,,1.3,cold_start_fallback,0,0.0,0,0.0,0.0,
4967,1786901102.3547573,friend,,0.001,zai_amortized,0,0.7,660948592,0.0,0.0,
4968,1786901102.376031,ollama_cloud,,0.3403472792684442,zai_amortized,0,0.7,293817539,100.0,0.0,
4969,1786901102.6258194,ppq,deepseek/deepseek-v4-flash,0.06542517205402267,ppq_ledger,1,0.40922674,1560382,0.10208826082,0.0,
4970,1786901102.6258194,ppq,moonshotai/kimi-k3,2.497018421052631,ppq_ledger,1,0.3000133,190,0.00047443349999999997,0.0,
4971,1786901102.6258194,ppq,z-ai/glm-5,1.0743845322771748,ppq_ledger,1,0.5714743499999999,3878205,4.166683465,0.0,
4972,1786901102.6258194,ppq,z-ai/glm-5.2,0.2576523643245763,ppq_ledger,1,1.0,20029486,5.160644424106,0.0,
4973,1786901102.6258194,ppq,,0.37026045252579654,ppq_ledger,1,1.0,25468263,9.429890583426001,0.0,
4974,1786901102.6278887,openrouter,,0.46235408986478616,openrouter_actual,1,1.0,12792330,5.9145860944,0.0,
4975,1786901102.3547544,ours,,0.001,cold_start_fallback,0,0.0,0,0.0,0.0,
4976,1786901102.3547544,deepinfra,,1.3,cold_start_fallback,0,0.0,0,0.0,0.0,
4977,1786901402.82146,friend,,0.001,zai_amortized,0,0.7,660948592,0.0,0.0,
4978,1786901402.9014974,ollama_cloud,,0.3403472792684442,zai_amortized,0,0.7,293817539,100.0,0.0,
4979,1786901403.226111,ppq,deepseek/deepseek-v4-flash,0.06542517205402267,ppq_ledger,1,0.40922674,1560382,0.10208826082,0.0,
4980,1786901403.226111,ppq,moonshotai/kimi-k3,2.497018421052631,ppq_ledger,1,0.3000133,190,0.00047443349999999997,0.0,
4981,1786901403.226111,ppq,z-ai/glm-5,1.0743845322771748,ppq_ledger,1,0.5714743499999999,3878205,4.166683465,0.0,
4982,1786901403.226111,ppq,z-ai/glm-5.2,0.2576523643245763,ppq_ledger,1,1.0,20029486,5.160644424106,0.0,
4983,1786901403.226111,ppq,,0.37026045252579654,ppq_ledger,1,1.0,25468263,9.429890583426001,0.0,
4984,1786901403.2308624,openrouter,,0.46235408986478616,openrouter_actual,1,1.0,12792330,5.9145860944,0.0,
4985,1786901402.8214571,ours,,0.001,cold_start_fallback,0,0.0,0,0.0,0.0,
4986,1786901402.8214571,deepinfra,,1.3,cold_start_fallback,0,0.0,0,0.0,0.0,
4987,1786901702.5303771,friend,,0.001,zai_amortized,0,0.7,660948592,0.0,0.0,
4988,1786901702.5477967,ollama_cloud,,0.3403472792684442,zai_amortized,0,0.7,293817539,100.0,0.0,
4989,1786901702.8039784,ppq,deepseek/deepseek-v4-flash,0.06542517205402267,ppq_ledger,1,0.40922674,1560382,0.10208826082,0.0,
4990,1786901702.8039784,ppq,moonshotai/kimi-k3,2.497018421052631,ppq_ledger,1,0.3000133,190,0.00047443349999999997,0.0,
4991,1786901702.8039784,ppq,z-ai/glm-5,1.0743845322771748,ppq_ledger,1,0.5714743499999999,3878205,4.166683465,0.0,
4992,1786901702.8039784,ppq,z-ai/glm-5.2,0.2576523643245763,ppq_ledger,1,1.0,20029486,5.160644424106,0.0,
4993,1786901702.8039784,ppq,,0.37026045252579654,ppq_ledger,1,1.0,25468263,9.429890583426001,0.0,
4994,1786901702.8059196,openrouter,,0.46235408986478616,openrouter_actual,1,1.0,12792330,5.9145860944,0.0,
4995,1786901702.5303738,ours,,0.001,cold_start_fallback,0,0.0,0,0.0,0.0,
4996,1786901702.5303738,deepinfra,,1.3,cold_start_fallback,0,0.0,0,0.0,0.0,
4997,1786902002.673102,friend,,0.001,zai_amortized,0,0.7,660948592,0.0,0.0,
4998,1786902002.6929228,ollama_cloud,,0.3403472792684442,zai_amortized,0,0.7,293817539,100.0,0.0,
4999,1786902002.945672,ppq,deepseek/deepseek-v4-flash,0.06542517205402267,ppq_ledger,1,0.40922674,1560382,0.10208826082,0.0,
5000,1786902002.945672,ppq,moonshotai/kimi-k3,2.497018421052631,ppq_ledger,1,0.3000133,190,0.00047443349999999997,0.0,
5001,1786902002.945672,ppq,z-ai/glm-5,1.0743845322771748,ppq_ledger,1,0.5714743499999999,3878205,4.166683465,0.0,
5002,1786902002.945672,ppq,z-ai/glm-5.2,0.2576523643245763,ppq_ledger,1,1.0,20029486,5.160644424106,0.0,
5003,1786902002.945672,ppq,,0.37026045252579654,ppq_ledger,1,1.0,25468263,9.429890583426001,0.0,
5004,1786902002.947527,openrouter,,0.46235408986478616,openrouter_actual,1,1.0,12792330,5.9145860944,0.0,
5005,1786902002.6730995,ours,,0.001,cold_start_fallback,0,0.0,0,0.0,0.0,
5006,1786902002.6730995,deepinfra,,1.3,cold_start_fallback,0,0.0,0,0.0,0.0,
5007,1786902302.1300397,friend,,0.001,zai_amortized,0,0.7,660948592,0.0,0.0,
5008,1786902302.1473498,ollama_cloud,,0.3403472792684442,zai_amortized,0,0.7,293817539,100.0,0.0,
5009,1786902302.3939538,ppq,deepseek/deepseek-v4-flash,0.06542517205402267,ppq_ledger,1,0.40922674,1560382,0.10208826082,0.0,
5010,1786902302.3939538,ppq,moonshotai/kimi-k3,2.497018421052631,ppq_ledger,1,0.3000133,190,0.00047443349999999997,0.0,
5011,1786902302.3939538,ppq,z-ai/glm-5,1.0743845322771748,ppq_ledger,1,0.5714743499999999,3878205,4.166683465,0.0,
5012,1786902302.3939538,ppq,z-ai/glm-5.2,0.2576523643245763,ppq_ledger,1,1.0,20029486,5.160644424106,0.0,
5013,1786902302.3939538,ppq,,0.37026045252579654,ppq_ledger,1,1.0,25468263,9.429890583426001,0.0,
5014,1786902302.395121,openrouter,,0.46235408986478616,openrouter_actual,1,1.0,12792330,5.9145860944,0.0,
5015,1786902302.1300366,ours,,0.001,cold_start_fallback,0,0.0,0,0.0,0.0,
5016,1786902302.1300366,deepinfra,,1.3,cold_start_fallback,0,0.0,0,0.0,0.0,
5017,1786902602.4488215,friend,,0.001,zai_amortized,0,0.7,660948592,0.0,0.0,
5018,1786902602.4880729,ollama_cloud,,0.3403472792684442,zai_amortized,0,0.7,293817539,100.0,0.0,
5019,1786902602.7941875,ppq,deepseek/deepseek-v4-flash,0.06542517205402267,ppq_ledger,1,0.40922674,1560382,0.10208826082,0.0,
5020,1786902602.7941875,ppq,moonshotai/kimi-k3,2.497018421052631,ppq_ledger,1,0.3000133,190,0.00047443349999999997,0.0,
5021,1786902602.7941875,ppq,z-ai/glm-5,1.0743845322771748,ppq_ledger,1,0.5714743499999999,3878205,4.166683465,0.0,
5022,1786902602.7941875,ppq,z-ai/glm-5.2,0.2576523643245763,ppq_ledger,1,1.0,20029486,5.160644424106,0.0,
5023,1786902602.7941875,ppq,,0.37026045252579654,ppq_ledger,1,1.0,25468263,9.429890583426001,0.0,
5024,1786902602.800597,openrouter,,0.46235408986478616,openrouter_actual,1,1.0,12792330,5.9145860944,0.0,
5025,1786902602.4488184,ours,,0.001,cold_start_fallback,0,0.0,0,0.0,0.0,
5026,1786902602.4488184,deepinfra,,1.3,cold_start_fallback,0,0.0,0,0.0,0.0,
5027,1786902902.8150473,friend,,0.001,zai_amortized,0,0.7,660948592,0.0,0.0,
5028,1786902902.8594918,ollama_cloud,,0.3403472792684442,zai_amortized,0,0.7,293817539,100.0,0.0,
5029,1786902903.120648,ppq,deepseek/deepseek-v4-flash,0.06542517205402267,ppq_ledger,1,0.40922674,1560382,0.10208826082,0.0,
5030,1786902903.120648,ppq,moonshotai/kimi-k3,2.497018421052631,ppq_ledger,1,0.3000133,190,0.00047443349999999997,0.0,
5031,1786902903.120648,ppq,z-ai/glm-5,1.0743845322771748,ppq_ledger,1,0.5714743499999999,3878205,4.166683465,0.0,
5032,1786902903.120648,ppq,z-ai/glm-5.2,0.2576523643245763,ppq_ledger,1,1.0,20029486,5.160644424106,0.0,
5033,1786902903.120648,ppq,,0.37026045252579654,ppq_ledger,1,1.0,25468263,9.429890583426001,0.0,
5034,1786902903.1226487,openrouter,,0.46235408986478616,openrouter_actual,1,1.0,12792330,5.9145860944,0.0,
5035,1786902902.8150446,ours,,0.001,cold_start_fallback,0,0.0,0,0.0,0.0,
5036,1786902902.8150446,deepinfra,,1.3,cold_start_fallback,0,0.0,0,0.0,0.0,
5037,1786903202.3449218,friend,,0.001,zai_amortized,0,0.7,660948592,0.0,0.0,
5038,1786903202.373697,ollama_cloud,,0.3403472792684442,zai_amortized,0,0.7,293817539,100.0,0.0,
5039,1786903202.6748054,ppq,deepseek/deepseek-v4-flash,0.06542517205402267,ppq_ledger,1,0.40922674,1560382,0.10208826082,0.0,
5040,1786903202.6748054,ppq,moonshotai/kimi-k3,2.497018421052631,ppq_ledger,1,0.3000133,190,0.00047443349999999997,0.0,
5041,1786903202.6748054,ppq,z-ai/glm-5,1.0743845322771748,ppq_ledger,1,0.5714743499999999,3878205,4.166683465,0.0,
5042,1786903202.6748054,ppq,z-ai/glm-5.2,0.2576523643245763,ppq_ledger,1,1.0,20029486,5.160644424106,0.0,
5043,1786903202.6748054,ppq,,0.37026045252579654,ppq_ledger,1,1.0,25468263,9.429890583426001,0.0,
5044,1786903202.6769187,openrouter,,0.46235408986478616,openrouter_actual,1,1.0,12792330,5.9145860944,0.0,
5045,1786903202.344919,ours,,0.001,cold_start_fallback,0,0.0,0,0.0,0.0,
5046,1786903202.344919,deepinfra,,1.3,cold_start_fallback,0,0.0,0,0.0,0.0,
5047,1786903502.6558988,friend,,0.001,zai_amortized,0,0.7,660948592,0.0,0.0,
5048,1786903502.679708,ollama_cloud,,0.3403472792684442,zai_amortized,0,0.7,293817539,100.0,0.0,
5049,1786903502.9376702,ppq,deepseek/deepseek-v4-flash,0.06542517205402267,ppq_ledger,1,0.40922674,1560382,0.10208826082,0.0,
5050,1786903502.9376702,ppq,moonshotai/kimi-k3,2.497018421052631,ppq_ledger,1,0.3000133,190,0.00047443349999999997,0.0,
5051,1786903502.9376702,ppq,z-ai/glm-5,1.0743845322771748,ppq_ledger,1,0.5714743499999999,3878205,4.166683465,0.0,
5052,1786903502.9376702,ppq,z-ai/glm-5.2,0.2576523643245763,ppq_ledger,1,1.0,20029486,5.160644424106,0.0,
5053,1786903502.9376702,ppq,,0.37026045252579654,ppq_ledger,1,1.0,25468263,9.429890583426001,0.0,
5054,1786903502.9398005,openrouter,,0.46235408986478616,openrouter_actual,1,1.0,12792330,5.9145860944,0.0,
5055,1786903502.6558957,ours,,0.001,cold_start_fallback,0,0.0,0,0.0,0.0,
5056,1786903502.6558957,deepinfra,,1.3,cold_start_fallback,0,0.0,0,0.0,0.0,
5057,1786903802.9660819,friend,,0.001,zai_amortized,0,0.7,660948592,0.0,0.0,
5058,1786903802.9949758,ollama_cloud,,0.3403472792684442,zai_amortized,0,0.7,293817539,100.0,0.0,
5059,1786903803.2658892,ppq,deepseek/deepseek-v4-flash,0.06542517205402267,ppq_ledger,1,0.40922674,1560382,0.10208826082,0.0,
5060,1786903803.2658892,ppq,moonshotai/kimi-k3,2.497018421052631,ppq_ledger,1,0.3000133,190,0.00047443349999999997,0.0,
5061,1786903803.2658892,ppq,z-ai/glm-5,1.0743845322771748,ppq_ledger,1,0.5714743499999999,3878205,4.166683465,0.0,
5062,1786903803.2658892,ppq,z-ai/glm-5.2,0.2576523643245763,ppq_ledger,1,1.0,20029486,5.160644424106,0.0,
5063,1786903803.2658892,ppq,,0.37026045252579654,ppq_ledger,1,1.0,25468263,9.429890583426001,0.0,
5064,1786903803.2679174,openrouter,,0.46235408986478616,openrouter_actual,1,1.0,12792330,5.9145860944,0.0,
5065,1786903802.9660785,ours,,0.001,cold_start_fallback,0,0.0,0,0.0,0.0,
5066,1786903802.9660785,deepinfra,,1.3,cold_start_fallback,0,0.0,0,0.0,0.0,
5067,1786904102.91119,friend,,0.001,zai_amortized,0,0.7,660948592,0.0,0.0,
5068,1786904102.929116,ollama_cloud,,0.3403472792684442,zai_amortized,0,0.7,293817539,100.0,0.0,
5069,1786904103.1869159,ppq,deepseek/deepseek-v4-flash,0.06542517205402267,ppq_ledger,1,0.40922674,1560382,0.10208826082,0.0,
5070,1786904103.1869159,ppq,moonshotai/kimi-k3,2.497018421052631,ppq_ledger,1,0.3000133,190,0.00047443349999999997,0.0,
5071,1786904103.1869159,ppq,z-ai/glm-5,1.0743845322771748,ppq_ledger,1,0.5714743499999999,3878205,4.166683465,0.0,
5072,1786904103.1869159,ppq,z-ai/glm-5.2,0.2576523643245763,ppq_ledger,1,1.0,20029486,5.160644424106,0.0,
5073,1786904103.1869159,ppq,,0.37026045252579654,ppq_ledger,1,1.0,25468263,9.429890583426001,0.0,
5074,1786904103.1891937,openrouter,,0.46235408986478616,openrouter_actual,1,1.0,12792330,5.9145860944,0.0,
5075,1786904102.9111874,ours,,0.001,cold_start_fallback,0,0.0,0,0.0,0.0,
5076,1786904102.9111874,deepinfra,,1.3,cold_start_fallback,0,0.0,0,0.0,0.0,
5077,1786904402.827737,friend,,0.001,zai_amortized,0,0.7,660948592,0.0,0.0,
5078,1786904402.883361,ollama_cloud,,0.3403472792684442,zai_amortized,0,0.7,293817539,100.0,0.0,
5079,1786904403.203167,ppq,deepseek/deepseek-v4-flash,0.06542517205402267,ppq_ledger,1,0.40922674,1560382,0.10208826082,0.0,
5080,1786904403.203167,ppq,moonshotai/kimi-k3,2.497018421052631,ppq_ledger,1,0.3000133,190,0.00047443349999999997,0.0,
5081,1786904403.203167,ppq,z-ai/glm-5,1.0743845322771748,ppq_ledger,1,0.5714743499999999,3878205,4.166683465,0.0,
5082,1786904403.203167,ppq,z-ai/glm-5.2,0.2576523643245763,ppq_ledger,1,1.0,20029486,5.160644424106,0.0,
5083,1786904403.203167,ppq,,0.37026045252579654,ppq_ledger,1,1.0,25468263,9.429890583426001,0.0,
5084,1786904403.205138,openrouter,,0.46235408986478616,openrouter_actual,1,1.0,12792330,5.9145860944,0.0,
5085,1786904402.8277328,ours,,0.001,cold_start_fallback,0,0.0,0,0.0,0.0,
5086,1786904402.8277328,deepinfra,,1.3,cold_start_fallback,0,0.0,0,0.0,0.0,
5087,1786904702.4194627,friend,,0.001,zai_amortized,0,0.7,660948592,0.0,0.0,
5088,1786904702.4413197,ollama_cloud,,0.3403472792684442,zai_amortized,0,0.7,293817539,100.0,0.0,
5089,1786904702.7002761,ppq,deepseek/deepseek-v4-flash,0.06542517205402267,ppq_ledger,1,0.40922674,1560382,0.10208826082,0.0,
5090,1786904702.7002761,ppq,moonshotai/kimi-k3,2.497018421052631,ppq_ledger,1,0.3000133,190,0.00047443349999999997,0.0,
5091,1786904702.7002761,ppq,z-ai/glm-5,1.0743845322771748,ppq_ledger,1,0.5714743499999999,3878205,4.166683465,0.0,
5092,1786904702.7002761,ppq,z-ai/glm-5.2,0.2576523643245763,ppq_ledger,1,1.0,20029486,5.160644424106,0.0,
5093,1786904702.7002761,ppq,,0.37026045252579654,ppq_ledger,1,1.0,25468263,9.429890583426001,0.0,
5094,1786904702.702309,openrouter,,0.46235408986478616,openrouter_actual,1,1.0,12792330,5.9145860944,0.0,
5095,1786904702.4194596,ours,,0.001,cold_start_fallback,0,0.0,0,0.0,0.0,
5096,1786904702.4194596,deepinfra,,1.3,cold_start_fallback,0,0.0,0,0.0,0.0,
5097,1786905002.9656677,friend,,0.001,zai_amortized,0,0.7,660948592,0.0,0.0,
5098,1786905003.0372257,ollama_cloud,,0.3403472792684442,zai_amortized,0,0.7,293817539,100.0,0.0,
5099,1786905003.3602245,ppq,deepseek/deepseek-v4-flash,0.06542517205402267,ppq_ledger,1,0.40922674,1560382,0.10208826082,0.0,
5100,1786905003.3602245,ppq,moonshotai/kimi-k3,2.497018421052631,ppq_ledger,1,0.3000133,190,0.00047443349999999997,0.0,
5101,1786905003.3602245,ppq,z-ai/glm-5,1.0743845322771748,ppq_ledger,1,0.5714743499999999,3878205,4.166683465,0.0,
5102,1786905003.3602245,ppq,z-ai/glm-5.2,0.2576523643245763,ppq_ledger,1,1.0,20029486,5.160644424106,0.0,
5103,1786905003.3602245,ppq,,0.37026045252579654,ppq_ledger,1,1.0,25468263,9.429890583426001,0.0,
5104,1786905003.3668067,openrouter,,0.46235408986478616,openrouter_actual,1,1.0,12792330,5.9145860944,0.0,
5105,1786905002.9656646,ours,,0.001,cold_start_fallback,0,0.0,0,0.0,0.0,
5106,1786905002.9656646,deepinfra,,1.3,cold_start_fallback,0,0.0,0,0.0,0.0,
5107,1786905301.8896365,friend,,0.001,zai_amortized,0,0.7,661043611,0.0,0.0,
5108,1786905301.9065573,ollama_cloud,,0.3403472792684442,zai_amortized,0,0.7,293817539,100.0,0.0,
5109,1786905302.12909,ppq,deepseek/deepseek-v4-flash,0.06542517205402267,ppq_ledger,1,0.40922674,1560382,0.10208826082,0.0,
5110,1786905302.12909,ppq,moonshotai/kimi-k3,2.497018421052631,ppq_ledger,1,0.3000133,190,0.00047443349999999997,0.0,
5111,1786905302.12909,ppq,z-ai/glm-5,1.0743845322771748,ppq_ledger,1,0.5714743499999999,3878205,4.166683465,0.0,
5112,1786905302.12909,ppq,z-ai/glm-5.2,0.2576523643245763,ppq_ledger,1,1.0,20029486,5.160644424106,0.0,
5113,1786905302.12909,ppq,,0.37026045252579654,ppq_ledger,1,1.0,25468263,9.429890583426001,0.0,
5114,1786905302.1347826,openrouter,,0.46235408986478616,openrouter_actual,1,1.0,12792330,5.9145860944,0.0,
5115,1786905301.889634,ours,,0.001,cold_start_fallback,0,0.0,0,0.0,0.0,
5116,1786905301.889634,deepinfra,,1.3,cold_start_fallback,0,0.0,0,0.0,0.0,
5117,1786905602.995245,friend,,0.001,zai_amortized,0,0.7,661043611,0.0,0.0,
5118,1786905603.0117414,ollama_cloud,,0.3403472792684442,zai_amortized,0,0.7,293817539,100.0,0.0,
5119,1786905603.2642505,ppq,deepseek/deepseek-v4-flash,0.06542517205402267,ppq_ledger,1,0.40922674,1560382,0.10208826082,0.0,
5120,1786905603.2642505,ppq,moonshotai/kimi-k3,2.497018421052631,ppq_ledger,1,0.3000133,190,0.00047443349999999997,0.0,
5121,1786905603.2642505,ppq,z-ai/glm-5,1.0743845322771748,ppq_ledger,1,0.5714743499999999,3878205,4.166683465,0.0,
5122,1786905603.2642505,ppq,z-ai/glm-5.2,0.2576523643245763,ppq_ledger,1,1.0,20029486,5.160644424106,0.0,
5123,1786905603.2642505,ppq,,0.37026045252579654,ppq_ledger,1,1.0,25468263,9.429890583426001,0.0,
5124,1786905603.2664764,openrouter,,0.46235408986478616,openrouter_actual,1,1.0,12792330,5.9145860944,0.0,
5125,1786905602.9952416,ours,,0.001,cold_start_fallback,0,0.0,0,0.0,0.0,
5126,1786905602.9952416,deepinfra,,1.3,cold_start_fallback,0,0.0,0,0.0,0.0,
5127,1786905901.5885425,friend,,0.001,zai_amortized,0,0.7,661043611,0.0,0.0,
5128,1786905901.6079557,ollama_cloud,,0.3403472792684442,zai_amortized,0,0.7,293817539,100.0,0.0,
5129,1786905901.8634071,ppq,deepseek/deepseek-v4-flash,0.06542517205402267,ppq_ledger,1,0.40922674,1560382,0.10208826082,0.0,
5130,1786905901.8634071,ppq,moonshotai/kimi-k3,2.497018421052631,ppq_ledger,1,0.3000133,190,0.00047443349999999997,0.0,
5131,1786905901.8634071,ppq,z-ai/glm-5,1.0743845322771748,ppq_ledger,1,0.5714743499999999,3878205,4.166683465,0.0,
5132,1786905901.8634071,ppq,z-ai/glm-5.2,0.2576523643245763,ppq_ledger,1,1.0,20029486,5.160644424106,0.0,
5133,1786905901.8634071,ppq,,0.37026045252579654,ppq_ledger,1,1.0,25468263,9.429890583426001,0.0,
5134,1786905901.8726218,openrouter,,0.46235408986478616,openrouter_actual,1,1.0,12792330,5.9145860944,0.0,
5135,1786905901.5885394,ours,,0.001,cold_start_fallback,0,0.0,0,0.0,0.0,
5136,1786905901.5885394,deepinfra,,1.3,cold_start_fallback,0,0.0,0,0.0,0.0,
5137,1786906202.8002114,friend,,0.001,zai_amortized,0,0.7,661043611,0.0,0.0,
5138,1786906202.8805432,ollama_cloud,,0.3403472792684442,zai_amortized,0,0.7,293817539,100.0,0.0,
5139,1786906203.2487423,ppq,deepseek/deepseek-v4-flash,0.06542517205402267,ppq_ledger,1,0.40922674,1560382,0.10208826082,0.0,
5140,1786906203.2487423,ppq,moonshotai/kimi-k3,2.497018421052631,ppq_ledger,1,0.3000133,190,0.00047443349999999997,0.0,
5141,1786906203.2487423,ppq,z-ai/glm-5,1.0743845322771748,ppq_ledger,1,0.5714743499999999,3878205,4.166683465,0.0,
5142,1786906203.2487423,ppq,z-ai/glm-5.2,0.2576523643245763,ppq_ledger,1,1.0,20029486,5.160644424106,0.0,
5143,1786906203.2487423,ppq,,0.37026045252579654,ppq_ledger,1,1.0,25468263,9.429890583426001,0.0,
5144,1786906203.2507405,openrouter,,0.46235408986478616,openrouter_actual,1,1.0,12792330,5.9145860944,0.0,
5145,1786906202.8002086,ours,,0.001,cold_start_fallback,0,0.0,0,0.0,0.0,
5146,1786906202.8002086,deepinfra,,1.3,cold_start_fallback,0,0.0,0,0.0,0.0,
5147,1786906502.717641,friend,,0.001,zai_amortized,0,0.7,661043611,0.0,0.0,
5148,1786906502.7365227,ollama_cloud,,0.3403472792684442,zai_amortized,0,0.7,293817539,100.0,0.0,
5149,1786906502.986589,ppq,deepseek/deepseek-v4-flash,0.06542517205402267,ppq_ledger,1,0.40922674,1560382,0.10208826082,0.0,
5150,1786906502.986589,ppq,moonshotai/kimi-k3,2.497018421052631,ppq_ledger,1,0.3000133,190,0.00047443349999999997,0.0,
5151,1786906502.986589,ppq,z-ai/glm-5,1.0743845322771748,ppq_ledger,1,0.5714743499999999,3878205,4.166683465,0.0,
5152,1786906502.986589,ppq,z-ai/glm-5.2,0.2576523643245763,ppq_ledger,1,1.0,20029486,5.160644424106,0.0,
5153,1786906502.986589,ppq,,0.37026045252579654,ppq_ledger,1,1.0,25468263,9.429890583426001,0.0,
5154,1786906502.9885364,openrouter,,0.46235408986478616,openrouter_actual,1,1.0,12792330,5.9145860944,0.0,
5155,1786906502.7176383,ours,,0.001,cold_start_fallback,0,0.0,0,0.0,0.0,
5156,1786906502.7176383,deepinfra,,1.3,cold_start_fallback,0,0.0,0,0.0,0.0,
5157,1786906802.4059749,friend,,0.001,zai_amortized,0,0.7,661043611,0.0,0.0,
5158,1786906802.484173,ollama_cloud,,0.3403472792684442,zai_amortized,0,0.7,293817539,100.0,0.0,
5159,1786906802.8911276,ppq,deepseek/deepseek-v4-flash,0.06542517205402267,ppq_ledger,1,0.40922674,1560382,0.10208826082,0.0,
5160,1786906802.8911276,ppq,moonshotai/kimi-k3,2.497018421052631,ppq_ledger,1,0.3000133,190,0.00047443349999999997,0.0,
5161,1786906802.8911276,ppq,z-ai/glm-5,1.0743845322771748,ppq_ledger,1,0.5714743499999999,3878205,4.166683465,0.0,
5162,1786906802.8911276,ppq,z-ai/glm-5.2,0.2576523643245763,ppq_ledger,1,1.0,20029486,5.160644424106,0.0,
5163,1786906802.8911276,ppq,,0.37026045252579654,ppq_ledger,1,1.0,25468263,9.429890583426001,0.0,
5164,1786906802.9013705,openrouter,,0.46235408986478616,openrouter_actual,1,1.0,12792330,5.9145860944,0.0,
5165,1786906802.4059691,ours,,0.001,cold_start_fallback,0,0.0,0,0.0,0.0,
5166,1786906802.4059691,deepinfra,,1.3,cold_start_fallback,0,0.0,0,0.0,0.0,
5167,1786907101.684729,friend,,0.001,zai_amortized,0,0.7,661043611,0.0,0.0,
5168,1786907101.702141,ollama_cloud,,0.3403472792684442,zai_amortized,0,0.7,293817539,100.0,0.0,
5169,1786907101.971418,ppq,deepseek/deepseek-v4-flash,0.06542517205402267,ppq_ledger,1,0.40922674,1560382,0.10208826082,0.0,
5170,1786907101.971418,ppq,moonshotai/kimi-k3,2.497018421052631,ppq_ledger,1,0.3000133,190,0.00047443349999999997,0.0,
5171,1786907101.971418,ppq,z-ai/glm-5,1.0743845322771748,ppq_ledger,1,0.5714743499999999,3878205,4.166683465,0.0,
5172,1786907101.971418,ppq,z-ai/glm-5.2,0.2576523643245763,ppq_ledger,1,1.0,20029486,5.160644424106,0.0,
5173,1786907101.971418,ppq,,0.37026045252579654,ppq_ledger,1,1.0,25468263,9.429890583426001,0.0,
5174,1786907101.9783905,openrouter,,0.46235408986478616,openrouter_actual,1,1.0,12792330,5.9145860944,0.0,
5175,1786907101.6847262,ours,,0.001,cold_start_fallback,0,0.0,0,0.0,0.0,
5176,1786907101.6847262,deepinfra,,1.3,cold_start_fallback,0,0.0,0,0.0,0.0,
5177,1786907402.5529156,friend,,0.001,zai_amortized,0,0.7,661043611,0.0,0.0,
5178,1786907402.621732,ollama_cloud,,0.3403472792684442,zai_amortized,0,0.7,293817539,100.0,0.0,
5179,1786907402.9653556,ppq,deepseek/deepseek-v4-flash,0.06542517205402267,ppq_ledger,1,0.40922674,1560382,0.10208826082,0.0,
5180,1786907402.9653556,ppq,moonshotai/kimi-k3,2.497018421052631,ppq_ledger,1,0.3000133,190,0.00047443349999999997,0.0,
5181,1786907402.9653556,ppq,z-ai/glm-5,1.0743845322771748,ppq_ledger,1,0.5714743499999999,3878205,4.166683465,0.0,
5182,1786907402.9653556,ppq,z-ai/glm-5.2,0.2576523643245763,ppq_ledger,1,1.0,20029486,5.160644424106,0.0,
5183,1786907402.9653556,ppq,,0.37026045252579654,ppq_ledger,1,1.0,25468263,9.429890583426001,0.0,
5184,1786907402.967285,openrouter,,0.46235408986478616,openrouter_actual,1,1.0,12792330,5.9145860944,0.0,
5185,1786907402.552911,ours,,0.001,cold_start_fallback,0,0.0,0,0.0,0.0,
5186,1786907402.552911,deepinfra,,1.3,cold_start_fallback,0,0.0,0,0.0,0.0,
5187,1786907701.9806473,friend,,0.001,zai_amortized,0,0.7,661043611,0.0,0.0,
5188,1786907702.0094385,ollama_cloud,,0.3403472792684442,zai_amortized,0,0.7,293817539,100.0,0.0,
5189,1786907702.2614408,ppq,deepseek/deepseek-v4-flash,0.06542517205402267,ppq_ledger,1,0.40922674,1560382,0.10208826082,0.0,
5190,1786907702.2614408,ppq,moonshotai/kimi-k3,2.497018421052631,ppq_ledger,1,0.3000133,190,0.00047443349999999997,0.0,
5191,1786907702.2614408,ppq,z-ai/glm-5,1.0743845322771748,ppq_ledger,1,0.5714743499999999,3878205,4.166683465,0.0,
5192,1786907702.2614408,ppq,z-ai/glm-5.2,0.2576523643245763,ppq_ledger,1,1.0,20029486,5.160644424106,0.0,
5193,1786907702.2614408,ppq,,0.37026045252579654,ppq_ledger,1,1.0,25468263,9.429890583426001,0.0,
5194,1786907702.2635927,openrouter,,0.46235408986478616,openrouter_actual,1,1.0,12792330,5.9145860944,0.0,
5195,1786907701.980644,ours,,0.001,cold_start_fallback,0,0.0,0,0.0,0.0,
5196,1786907701.980644,deepinfra,,1.3,cold_start_fallback,0,0.0,0,0.0,0.0,
5197,1786908002.096451,friend,,0.001,zai_amortized,0,0.7,661043611,0.0,0.0,
5198,1786908002.1461356,ollama_cloud,,0.3403472792684442,zai_amortized,0,0.7,293817539,100.0,0.0,
5199,1786908002.4598527,ppq,deepseek/deepseek-v4-flash,0.06542517205402267,ppq_ledger,1,0.40922674,1560382,0.10208826082,0.0,
5200,1786908002.4598527,ppq,moonshotai/kimi-k3,2.497018421052631,ppq_ledger,1,0.3000133,190,0.00047443349999999997,0.0,
5201,1786908002.4598527,ppq,z-ai/glm-5,1.0743845322771748,ppq_ledger,1,0.5714743499999999,3878205,4.166683465,0.0,
5202,1786908002.4598527,ppq,z-ai/glm-5.2,0.2576523643245763,ppq_ledger,1,1.0,20029486,5.160644424106,0.0,
5203,1786908002.4598527,ppq,,0.37026045252579654,ppq_ledger,1,1.0,25468263,9.429890583426001,0.0,
5204,1786908002.4631622,openrouter,,0.46235408986478616,openrouter_actual,1,1.0,12792330,5.9145860944,0.0,
5205,1786908002.096447,ours,,0.001,cold_start_fallback,0,0.0,0,0.0,0.0,
5206,1786908002.096447,deepinfra,,1.3,cold_start_fallback,0,0.0,0,0.0,0.0,
5207,1786908302.2222755,friend,,0.001,zai_amortized,0,0.7,661043611,0.0,0.0,
5208,1786908302.2400208,ollama_cloud,,0.3403472792684442,zai_amortized,0,0.7,293817539,100.0,0.0,
5209,1786908302.4851942,ppq,deepseek/deepseek-v4-flash,0.06542517205402267,ppq_ledger,1,0.40922674,1560382,0.10208826082,0.0,
5210,1786908302.4851942,ppq,moonshotai/kimi-k3,2.497018421052631,ppq_ledger,1,0.3000133,190,0.00047443349999999997,0.0,
5211,1786908302.4851942,ppq,z-ai/glm-5,1.0743845322771748,ppq_ledger,1,0.5714743499999999,3878205,4.166683465,0.0,
5212,1786908302.4851942,ppq,z-ai/glm-5.2,0.2576523643245763,ppq_ledger,1,1.0,20029486,5.160644424106,0.0,
5213,1786908302.4851942,ppq,,0.37026045252579654,ppq_ledger,1,1.0,25468263,9.429890583426001,0.0,
5214,1786908302.4871562,openrouter,,0.46235408986478616,openrouter_actual,1,1.0,12792330,5.9145860944,0.0,
5215,1786908302.2222729,ours,,0.001,cold_start_fallback,0,0.0,0,0.0,0.0,
5216,1786908302.2222729,deepinfra,,1.3,cold_start_fallback,0,0.0,0,0.0,0.0,
5217,1786908602.9414978,friend,,0.001,zai_amortized,0,0.7,661043611,0.0,0.0,
5218,1786908603.0851865,ollama_cloud,,0.3403472792684442,zai_amortized,0,0.7,293817539,100.0,0.0,
5219,1786908603.469868,ppq,deepseek/deepseek-v4-flash,0.06542517205402267,ppq_ledger,1,0.40922674,1560382,0.10208826082,0.0,
5220,1786908603.469868,ppq,moonshotai/kimi-k3,2.497018421052631,ppq_ledger,1,0.3000133,190,0.00047443349999999997,0.0,
5221,1786908603.469868,ppq,z-ai/glm-5,1.0743845322771748,ppq_ledger,1,0.5714743499999999,3878205,4.166683465,0.0,
5222,1786908603.469868,ppq,z-ai/glm-5.2,0.2576523643245763,ppq_ledger,1,1.0,20029486,5.160644424106,0.0,
5223,1786908603.469868,ppq,,0.37026045252579654,ppq_ledger,1,1.0,25468263,9.429890583426001,0.0,
5224,1786908603.4752524,openrouter,,0.46235408986478616,openrouter_actual,1,1.0,12792330,5.9145860944,0.0,
5225,1786908602.941495,ours,,0.001,cold_start_fallback,0,0.0,0,0.0,0.0,
5226,1786908602.941495,deepinfra,,1.3,cold_start_fallback,0,0.0,0,0.0,0.0,
5227,1786908901.9459696,friend,,0.001,zai_amortized,0,0.7,661043611,0.0,0.0,
5228,1786908901.987535,ollama_cloud,,0.3403472792684442,zai_amortized,0,0.7,293817539,100.0,0.0,
5229,1786908902.2507558,ppq,deepseek/deepseek-v4-flash,0.06542517205402267,ppq_ledger,1,0.40922674,1560382,0.10208826082,0.0,
5230,1786908902.2507558,ppq,moonshotai/kimi-k3,2.497018421052631,ppq_ledger,1,0.3000133,190,0.00047443349999999997,0.0,
5231,1786908902.2507558,ppq,z-ai/glm-5,1.0743845322771748,ppq_ledger,1,0.5714743499999999,3878205,4.166683465,0.0,
5232,1786908902.2507558,ppq,z-ai/glm-5.2,0.2576523643245763,ppq_ledger,1,1.0,20029486,5.160644424106,0.0,
5233,1786908902.2507558,ppq,,0.37026045252579654,ppq_ledger,1,1.0,25468263,9.429890583426001,0.0,
5234,1786908902.25277,openrouter,,0.46235408986478616,openrouter_actual,1,1.0,12792330,5.9145860944,0.0,
5235,1786908901.9459662,ours,,0.001,cold_start_fallback,0,0.0,0,0.0,0.0,
5236,1786908901.9459662,deepinfra,,1.3,cold_start_fallback,0,0.0,0,0.0,0.0,
5237,1786909202.0029027,friend,,0.001,zai_amortized,0,0.7,661043611,0.0,0.0,
5238,1786909202.0387423,ollama_cloud,,0.3403472792684442,zai_amortized,0,0.7,293817539,100.0,0.0,
5239,1786909202.308529,ppq,deepseek/deepseek-v4-flash,0.06542517205402267,ppq_ledger,1,0.40922674,1560382,0.10208826082,0.0,
5240,1786909202.308529,ppq,moonshotai/kimi-k3,2.497018421052631,ppq_ledger,1,0.3000133,190,0.00047443349999999997,0.0,
5241,1786909202.308529,ppq,z-ai/glm-5,1.0743845322771748,ppq_ledger,1,0.5714743499999999,3878205,4.166683465,0.0,
5242,1786909202.308529,ppq,z-ai/glm-5.2,0.2576523643245763,ppq_ledger,1,1.0,20029486,5.160644424106,0.0,
5243,1786909202.308529,ppq,,0.37026045252579654,ppq_ledger,1,1.0,25468263,9.429890583426001,0.0,
5244,1786909202.31045,openrouter,,0.46235408986478616,openrouter_actual,1,1.0,12792330,5.9145860944,0.0,
5245,1786909202.0028992,ours,,0.001,cold_start_fallback,0,0.0,0,0.0,0.0,
5246,1786909202.0028992,deepinfra,,1.3,cold_start_fallback,0,0.0,0,0.0,0.0,
5247,1786909502.1955037,friend,,0.001,zai_amortized,0,0.7,661043611,0.0,0.0,
5248,1786909502.2137675,ollama_cloud,,0.3403472792684442,zai_amortized,0,0.7,293817539,100.0,0.0,
5249,1786909502.4604287,ppq,deepseek/deepseek-v4-flash,0.06542517205402267,ppq_ledger,1,0.40922674,1560382,0.10208826082,0.0,
5250,1786909502.4604287,ppq,moonshotai/kimi-k3,2.497018421052631,ppq_ledger,1,0.3000133,190,0.00047443349999999997,0.0,
5251,1786909502.4604287,ppq,z-ai/glm-5,1.0743845322771748,ppq_ledger,1,0.5714743499999999,3878205,4.166683465,0.0,
5252,1786909502.4604287,ppq,z-ai/glm-5.2,0.2576523643245763,ppq_ledger,1,1.0,20029486,5.160644424106,0.0,
5253,1786909502.4604287,ppq,,0.37026045252579654,ppq_ledger,1,1.0,25468263,9.429890583426001,0.0,
5254,1786909502.4623575,openrouter,,0.46235408986478616,openrouter_actual,1,1.0,12792330,5.9145860944,0.0,
5255,1786909502.1954994,ours,,0.001,cold_start_fallback,0,0.0,0,0.0,0.0,
5256,1786909502.1954994,deepinfra,,1.3,cold_start_fallback,0,0.0,0,0.0,0.0,
5257,1786909801.817667,friend,,0.001,zai_amortized,0,0.7,661043611,0.0,0.0,
5258,1786909801.8348267,ollama_cloud,,0.3403472792684442,zai_amortized,0,0.7,293817539,100.0,0.0,
5259,1786909802.1699,ppq,deepseek/deepseek-v4-flash,0.06542517205402267,ppq_ledger,1,0.40922674,1560382,0.10208826082,0.0,
5260,1786909802.1699,ppq,moonshotai/kimi-k3,2.497018421052631,ppq_ledger,1,0.3000133,190,0.00047443349999999997,0.0,
5261,1786909802.1699,ppq,z-ai/glm-5,1.0743845322771748,ppq_ledger,1,0.5714743499999999,3878205,4.166683465,0.0,
5262,1786909802.1699,ppq,z-ai/glm-5.2,0.2576523643245763,ppq_ledger,1,1.0,20029486,5.160644424106,0.0,
5263,1786909802.1699,ppq,,0.37026045252579654,ppq_ledger,1,1.0,25468263,9.429890583426001,0.0,
5264,1786909802.174884,openrouter,,0.46235408986478616,openrouter_actual,1,1.0,12792330,5.9145860944,0.0,
5265,1786909801.8176641,ours,,0.001,cold_start_fallback,0,0.0,0,0.0,0.0,
5266,1786909801.8176641,deepinfra,,1.3,cold_start_fallback,0,0.0,0,0.0,0.0,
5267,1786910101.9228964,friend,,0.001,zai_amortized,0,0.7,661043611,0.0,0.0,
5268,1786910101.956549,ollama_cloud,,0.3403472792684442,zai_amortized,0,0.7,293817539,100.0,0.0,
5269,1786910102.204496,ppq,deepseek/deepseek-v4-flash,0.06542517205402267,ppq_ledger,1,0.40922674,1560382,0.10208826082,0.0,
5270,1786910102.204496,ppq,moonshotai/kimi-k3,2.497018421052631,ppq_ledger,1,0.3000133,190,0.00047443349999999997,0.0,
5271,1786910102.204496,ppq,z-ai/glm-5,1.0743845322771748,ppq_ledger,1,0.5714743499999999,3878205,4.166683465,0.0,
5272,1786910102.204496,ppq,z-ai/glm-5.2,0.2576523643245763,ppq_ledger,1,1.0,20029486,5.160644424106,0.0,
5273,1786910102.204496,ppq,,0.37026045252579654,ppq_ledger,1,1.0,25468263,9.429890583426001,0.0,
5274,1786910102.2064674,openrouter,,0.46235408986478616,openrouter_actual,1,1.0,12792330,5.9145860944,0.0,
5275,1786910101.9228919,ours,,0.001,cold_start_fallback,0,0.0,0,0.0,0.0,
5276,1786910101.9228919,deepinfra,,1.3,cold_start_fallback,0,0.0,0,0.0,0.0,
5277,1786910403.0158184,friend,,0.001,zai_amortized,0,0.7,661043611,0.0,0.0,
5278,1786910403.0563712,ollama_cloud,,0.3403472792684442,zai_amortized,0,0.7,293817539,100.0,0.0,
5279,1786910403.4044492,ppq,deepseek/deepseek-v4-flash,0.06542517205402267,ppq_ledger,1,0.40922674,1560382,0.10208826082,0.0,
5280,1786910403.4044492,ppq,moonshotai/kimi-k3,2.497018421052631,ppq_ledger,1,0.3000133,190,0.00047443349999999997,0.0,
5281,1786910403.4044492,ppq,z-ai/glm-5,1.0743845322771748,ppq_ledger,1,0.5714743499999999,3878205,4.166683465,0.0,
5282,1786910403.4044492,ppq,z-ai/glm-5.2,0.2576523643245763,ppq_ledger,1,1.0,20029486,5.160644424106,0.0,
5283,1786910403.4044492,ppq,,0.37026045252579654,ppq_ledger,1,1.0,25468263,9.429890583426001,0.0,
5284,1786910403.4094517,openrouter,,0.46235408986478616,openrouter_actual,1,1.0,12792330,5.9145860944,0.0,
5285,1786910403.0158145,ours,,0.001,cold_start_fallback,0,0.0,0,0.0,0.0,
5286,1786910403.0158145,deepinfra,,1.3,cold_start_fallback,0,0.0,0,0.0,0.0,
5287,1786910702.130163,friend,,0.001,zai_amortized,0,0.7,661043611,0.0,0.0,
5288,1786910702.1471553,ollama_cloud,,0.3403472792684442,zai_amortized,0,0.7,293817539,100.0,0.0,
5289,1786910702.4063373,ppq,deepseek/deepseek-v4-flash,0.06542517205402267,ppq_ledger,1,0.40922674,1560382,0.10208826082,0.0,
5290,1786910702.4063373,ppq,moonshotai/kimi-k3,2.497018421052631,ppq_ledger,1,0.3000133,190,0.00047443349999999997,0.0,
5291,1786910702.4063373,ppq,z-ai/glm-5,1.0743845322771748,ppq_ledger,1,0.5714743499999999,3878205,4.166683465,0.0,
5292,1786910702.4063373,ppq,z-ai/glm-5.2,0.2576523643245763,ppq_ledger,1,1.0,20029486,5.160644424106,0.0,
5293,1786910702.4063373,ppq,,0.37026045252579654,ppq_ledger,1,1.0,25468263,9.429890583426001,0.0,
5294,1786910702.4080799,openrouter,,0.46235408986478616,openrouter_actual,1,1.0,12792330,5.9145860944,0.0,
5295,1786910702.1301599,ours,,0.001,cold_start_fallback,0,0.0,0,0.0,0.0,
5296,1786910702.1301599,deepinfra,,1.3,cold_start_fallback,0,0.0,0,0.0,0.0,
5297,1786911002.0903625,friend,,0.001,zai_amortized,0,0.7,661043611,0.0,0.0,
5298,1786911002.1124706,ollama_cloud,,0.3403472792684442,zai_amortized,0,0.7,293817539,100.0,0.0,
5299,1786911002.3721738,ppq,deepseek/deepseek-v4-flash,0.06542517205402267,ppq_ledger,1,0.40922674,1560382,0.10208826082,0.0,
5300,1786911002.3721738,ppq,moonshotai/kimi-k3,2.497018421052631,ppq_ledger,1,0.3000133,190,0.00047443349999999997,0.0,
5301,1786911002.3721738,ppq,z-ai/glm-5,1.0743845322771748,ppq_ledger,1,0.5714743499999999,3878205,4.166683465,0.0,
5302,1786911002.3721738,ppq,z-ai/glm-5.2,0.2576523643245763,ppq_ledger,1,1.0,20029486,5.160644424106,0.0,
5303,1786911002.3721738,ppq,,0.37026045252579654,ppq_ledger,1,1.0,25468263,9.429890583426001,0.0,
5304,1786911002.3741274,openrouter,,0.46235408986478616,openrouter_actual,1,1.0,12792330,5.9145860944,0.0,
5305,1786911002.0903594,ours,,0.001,cold_start_fallback,0,0.0,0,0.0,0.0,
5306,1786911002.0903594,deepinfra,,1.3,cold_start_fallback,0,0.0,0,0.0,0.0,
5307,1786911303.1125278,friend,,0.001,zai_amortized,0,0.7,661043611,0.0,0.0,
5308,1786911303.1394653,ollama_cloud,,0.3403472792684442,zai_amortized,0,0.7,293817539,100.0,0.0,
5309,1786911303.3789732,ppq,deepseek/deepseek-v4-flash,0.06542517205402267,ppq_ledger,1,0.40922674,1560382,0.10208826082,0.0,
5310,1786911303.3789732,ppq,moonshotai/kimi-k3,2.497018421052631,ppq_ledger,1,0.3000133,190,0.00047443349999999997,0.0,
5311,1786911303.3789732,ppq,z-ai/glm-5,1.0743845322771748,ppq_ledger,1,0.5714743499999999,3878205,4.166683465,0.0,
5312,1786911303.3789732,ppq,z-ai/glm-5.2,0.2576523643245763,ppq_ledger,1,1.0,20029486,5.160644424106,0.0,
5313,1786911303.3789732,ppq,,0.37026045252579654,ppq_ledger,1,1.0,25468263,9.429890583426001,0.0,
5314,1786911303.3808694,openrouter,,0.46235408986478616,openrouter_actual,1,1.0,12792330,5.9145860944,0.0,
5315,1786911303.1125233,ours,,0.001,cold_start_fallback,0,0.0,0,0.0,0.0,
5316,1786911303.1125233,deepinfra,,1.3,cold_start_fallback,0,0.0,0,0.0,0.0,
5317,1786911602.0452826,friend,,0.001,zai_amortized,0,0.7,661043611,0.0,0.0,
5318,1786911602.070174,ollama_cloud,,0.3403472792684442,zai_amortized,0,0.7,293817539,100.0,0.0,
5319,1786911602.3202772,ppq,deepseek/deepseek-v4-flash,0.06542517205402267,ppq_ledger,1,0.40922674,1560382,0.10208826082,0.0,
5320,1786911602.3202772,ppq,moonshotai/kimi-k3,2.497018421052631,ppq_ledger,1,0.3000133,190,0.00047443349999999997,0.0,
5321,1786911602.3202772,ppq,z-ai/glm-5,1.0743845322771748,ppq_ledger,1,0.5714743499999999,3878205,4.166683465,0.0,
5322,1786911602.3202772,ppq,z-ai/glm-5.2,0.2576523643245763,ppq_ledger,1,1.0,20029486,5.160644424106,0.0,
5323,1786911602.3202772,ppq,,0.37026045252579654,ppq_ledger,1,1.0,25468263,9.429890583426001,0.0,
5324,1786911602.3222766,openrouter,,0.46235408986478616,openrouter_actual,1,1.0,12792330,5.9145860944,0.0,
5325,1786911602.0452793,ours,,0.001,cold_start_fallback,0,0.0,0,0.0,0.0,
5326,1786911602.0452793,deepinfra,,1.3,cold_start_fallback,0,0.0,0,0.0,0.0,
5327,1786911901.693671,friend,,0.001,zai_amortized,0,0.7,661043611,0.0,0.0,
5328,1786911901.7042012,ollama_cloud,,0.3403472792684442,zai_amortized,0,0.7,293817539,100.0,0.0,
5329,1786911901.9323468,ppq,deepseek/deepseek-v4-flash,0.06542517205402267,ppq_ledger,1,0.40922674,1560382,0.10208826082,0.0,
5330,1786911901.9323468,ppq,moonshotai/kimi-k3,2.497018421052631,ppq_ledger,1,0.3000133,190,0.00047443349999999997,0.0,
5331,1786911901.9323468,ppq,z-ai/glm-5,1.0743845322771748,ppq_ledger,1,0.5714743499999999,3878205,4.166683465,0.0,
5332,1786911901.9323468,ppq,z-ai/glm-5.2,0.2576523643245763,ppq_ledger,1,1.0,20029486,5.160644424106,0.0,
5333,1786911901.9323468,ppq,,0.37026045252579654,ppq_ledger,1,1.0,25468263,9.429890583426001,0.0,
5334,1786911901.9335456,openrouter,,0.46235408986478616,openrouter_actual,1,1.0,12792330,5.9145860944,0.0,
5335,1786911901.6936681,ours,,0.001,cold_start_fallback,0,0.0,0,0.0,0.0,
5336,1786911901.6936681,deepinfra,,1.3,cold_start_fallback,0,0.0,0,0.0,0.0,
5337,1786912203.9487062,friend,,0.001,zai_amortized,0,0.7,661043611,0.0,0.0,
5338,1786912204.078423,ollama_cloud,,0.3403472792684442,zai_amortized,0,0.7,293817539,100.0,0.0,
5339,1786912204.6913626,ppq,deepseek/deepseek-v4-flash,0.06542517205402267,ppq_ledger,1,0.40922674,1560382,0.10208826082,0.0,
5340,1786912204.6913626,ppq,moonshotai/kimi-k3,2.497018421052631,ppq_ledger,1,0.3000133,190,0.00047443349999999997,0.0,
5341,1786912204.6913626,ppq,z-ai/glm-5,1.0743845322771748,ppq_ledger,1,0.5714743499999999,3878205,4.166683465,0.0,
5342,1786912204.6913626,ppq,z-ai/glm-5.2,0.2576523643245763,ppq_ledger,1,1.0,20029486,5.160644424106,0.0,
5343,1786912204.6913626,ppq,,0.37026045252579654,ppq_ledger,1,1.0,25468263,9.429890583426001,0.0,
5344,1786912204.6996207,openrouter,,0.46235408986478616,openrouter_actual,1,1.0,12792330,5.9145860944,0.0,
5345,1786912203.9487026,ours,,0.001,cold_start_fallback,0,0.0,0,0.0,0.0,
5346,1786912203.9487026,deepinfra,,1.3,cold_start_fallback,0,0.0,0,0.0,0.0,
5347,1786912502.7467961,friend,,0.001,zai_amortized,0,0.7,661956571,0.0,0.0,
5348,1786912502.7652729,ollama_cloud,,0.3403472792684442,zai_amortized,0,0.7,293817539,100.0,0.0,
5349,1786912503.014079,ppq,deepseek/deepseek-v4-flash,0.06542517205402267,ppq_ledger,1,0.40922674,1560382,0.10208826082,0.0,
5350,1786912503.014079,ppq,moonshotai/kimi-k3,2.497018421052631,ppq_ledger,1,0.3000133,190,0.00047443349999999997,0.0,
5351,1786912503.014079,ppq,z-ai/glm-5,1.0743845322771748,ppq_ledger,1,0.5714743499999999,3878205,4.166683465,0.0,
5352,1786912503.014079,ppq,z-ai/glm-5.2,0.2576523643245763,ppq_ledger,1,1.0,20029486,5.160644424106,0.0,
5353,1786912503.014079,ppq,,0.37026045252579654,ppq_ledger,1,1.0,25468263,9.429890583426001,0.0,
5354,1786912503.0191472,openrouter,,0.46235408986478616,openrouter_actual,1,1.0,12792330,5.9145860944,0.0,
5355,1786912502.7467935,ours,,0.001,cold_start_fallback,0,0.0,0,0.0,0.0,
5356,1786912502.7467935,deepinfra,,1.3,cold_start_fallback,0,0.0,0,0.0,0.0,
5357,1786912802.3814907,friend,,0.001,zai_amortized,0,0.7,661956571,0.0,0.0,
5358,1786912802.4327183,ollama_cloud,,0.3403472792684442,zai_amortized,0,0.7,293817539,100.0,0.0,
5359,1786912802.7073789,ppq,deepseek/deepseek-v4-flash,0.06542517205402267,ppq_ledger,1,0.40922674,1560382,0.10208826082,0.0,
5360,1786912802.7073789,ppq,moonshotai/kimi-k3,2.497018421052631,ppq_ledger,1,0.3000133,190,0.00047443349999999997,0.0,
5361,1786912802.7073789,ppq,z-ai/glm-5,1.0743845322771748,ppq_ledger,1,0.5714743499999999,3878205,4.166683465,0.0,
5362,1786912802.7073789,ppq,z-ai/glm-5.2,0.2576523643245763,ppq_ledger,1,1.0,20029486,5.160644424106,0.0,
5363,1786912802.7073789,ppq,,0.37026045252579654,ppq_ledger,1,1.0,25468263,9.429890583426001,0.0,
5364,1786912802.7167585,openrouter,,0.46235408986478616,openrouter_actual,1,1.0,12792330,5.9145860944,0.0,
5365,1786912802.3814874,ours,,0.001,cold_start_fallback,0,0.0,0,0.0,0.0,
5366,1786912802.3814874,deepinfra,,1.3,cold_start_fallback,0,0.0,0,0.0,0.0,
5367,1786913102.5956697,friend,,0.001,zai_amortized,0,0.7,662009155,0.0,0.0,
5368,1786913102.6333244,ollama_cloud,,0.3403472792684442,zai_amortized,0,0.7,293817539,100.0,0.0,
5369,1786913102.9345999,ppq,deepseek/deepseek-v4-flash,0.06542517205402267,ppq_ledger,1,0.40922674,1560382,0.10208826082,0.0,
5370,1786913102.9345999,ppq,moonshotai/kimi-k3,2.497018421052631,ppq_ledger,1,0.3000133,190,0.00047443349999999997,0.0,
5371,1786913102.9345999,ppq,z-ai/glm-5,1.0743845322771748,ppq_ledger,1,0.5714743499999999,3878205,4.166683465,0.0,
5372,1786913102.9345999,ppq,z-ai/glm-5.2,0.2576523643245763,ppq_ledger,1,1.0,20029486,5.160644424106,0.0,
5373,1786913102.9345999,ppq,,0.37026045252579654,ppq_ledger,1,1.0,25468263,9.429890583426001,0.0,
5374,1786913102.9367926,openrouter,,0.46235408986478616,openrouter_actual,1,1.0,12792330,5.9145860944,0.0,
5375,1786913102.5956664,ours,,0.001,cold_start_fallback,0,0.0,0,0.0,0.0,
5376,1786913102.5956664,deepinfra,,1.3,cold_start_fallback,0,0.0,0,0.0,0.0,
5377,1786913402.705375,friend,,0.001,zai_amortized,0,0.7,662098683,0.0,0.0,
5378,1786913402.7296395,ollama_cloud,,0.3403472792684442,zai_amortized,0,0.7,293817539,100.0,0.0,
5379,1786913402.9808602,ppq,deepseek/deepseek-v4-flash,0.06542517205402267,ppq_ledger,1,0.40922674,1560382,0.10208826082,0.0,
5380,1786913402.9808602,ppq,moonshotai/kimi-k3,2.497018421052631,ppq_ledger,1,0.3000133,190,0.00047443349999999997,0.0,
5381,1786913402.9808602,ppq,z-ai/glm-5,1.0743845322771748,ppq_ledger,1,0.5714743499999999,3878205,4.166683465,0.0,
5382,1786913402.9808602,ppq,z-ai/glm-5.2,0.2576523643245763,ppq_ledger,1,1.0,20029486,5.160644424106,0.0,
5383,1786913402.9808602,ppq,,0.37026045252579654,ppq_ledger,1,1.0,25468263,9.429890583426001,0.0,
5384,1786913402.9823644,openrouter,,0.46235408986478616,openrouter_actual,1,1.0,12792330,5.9145860944,0.0,
5385,1786913402.7053723,ours,,0.001,cold_start_fallback,0,0.0,0,0.0,0.0,
5386,1786913402.7053723,deepinfra,,1.3,cold_start_fallback,0,0.0,0,0.0,0.0,
5387,1786913702.2996082,friend,,0.001,zai_amortized,0,0.7,662098683,0.0,0.0,
5388,1786913702.3201547,ollama_cloud,,0.3403472792684442,zai_amortized,0,0.7,293817539,100.0,0.0,
5389,1786913702.6041377,ppq,deepseek/deepseek-v4-flash,0.06542517205402267,ppq_ledger,1,0.40922674,1560382,0.10208826082,0.0,
5390,1786913702.6041377,ppq,moonshotai/kimi-k3,2.497018421052631,ppq_ledger,1,0.3000133,190,0.00047443349999999997,0.0,
5391,1786913702.6041377,ppq,z-ai/glm-5,1.0743845322771748,ppq_ledger,1,0.5714743499999999,3878205,4.166683465,0.0,
5392,1786913702.6041377,ppq,z-ai/glm-5.2,0.2576523643245763,ppq_ledger,1,1.0,20029486,5.160644424106,0.0,
5393,1786913702.6041377,ppq,,0.37026045252579654,ppq_ledger,1,1.0,25468263,9.429890583426001,0.0,
5394,1786913702.6061966,openrouter,,0.46235408986478616,openrouter_actual,1,1.0,12792330,5.9145860944,0.0,
5395,1786913702.2996056,ours,,0.001,cold_start_fallback,0,0.0,0,0.0,0.0,
5396,1786913702.2996056,deepinfra,,1.3,cold_start_fallback,0,0.0,0,0.0,0.0,
5397,1786914002.7382083,friend,,0.001,zai_amortized,0,0.7,662098683,0.0,0.0,
5398,1786914002.7606814,ollama_cloud,,0.3403472792684442,zai_amortized,0,0.7,293817539,100.0,0.0,
5399,1786914003.0331137,ppq,deepseek/deepseek-v4-flash,0.06542517205402267,ppq_ledger,1,0.40922674,1560382,0.10208826082,0.0,
5400,1786914003.0331137,ppq,moonshotai/kimi-k3,2.497018421052631,ppq_ledger,1,0.3000133,190,0.00047443349999999997,0.0,
5401,1786914003.0331137,ppq,z-ai/glm-5,1.0743845322771748,ppq_ledger,1,0.5714743499999999,3878205,4.166683465,0.0,
5402,1786914003.0331137,ppq,z-ai/glm-5.2,0.2576523643245763,ppq_ledger,1,1.0,20029486,5.160644424106,0.0,
5403,1786914003.0331137,ppq,,0.37026045252579654,ppq_ledger,1,1.0,25468263,9.429890583426001,0.0,
5404,1786914003.0394282,openrouter,,0.46235408986478616,openrouter_actual,1,1.0,12792330,5.9145860944,0.0,
5405,1786914002.7382023,ours,,0.001,cold_start_fallback,0,0.0,0,0.0,0.0,
5406,1786914002.7382023,deepinfra,,1.3,cold_start_fallback,0,0.0,0,0.0,0.0,
5407,1786914302.2994552,friend,,0.001,zai_amortized,0,0.7,662098683,0.0,0.0,
5408,1786914302.3358898,ollama_cloud,,0.3403472792684442,zai_amortized,0,0.7,293817539,100.0,0.0,
5409,1786914302.5997024,ppq,deepseek/deepseek-v4-flash,0.06542517205402267,ppq_ledger,1,0.40922674,1560382,0.10208826082,0.0,
5410,1786914302.5997024,ppq,moonshotai/kimi-k3,2.497018421052631,ppq_ledger,1,0.3000133,190,0.00047443349999999997,0.0,
5411,1786914302.5997024,ppq,z-ai/glm-5,1.0743845322771748,ppq_ledger,1,0.5714743499999999,3878205,4.166683465,0.0,
5412,1786914302.5997024,ppq,z-ai/glm-5.2,0.2576523643245763,ppq_ledger,1,1.0,20029486,5.160644424106,0.0,
5413,1786914302.5997024,ppq,,0.37026045252579654,ppq_ledger,1,1.0,25468263,9.429890583426001,0.0,
5414,1786914302.610239,openrouter,,0.46235408986478616,openrouter_actual,1,1.0,12792330,5.9145860944,0.0,
5415,1786914302.2994523,ours,,0.001,cold_start_fallback,0,0.0,0,0.0,0.0,
5416,1786914302.2994523,deepinfra,,1.3,cold_start_fallback,0,0.0,0,0.0,0.0,
5417,1786914602.490284,friend,,0.001,zai_amortized,0,0.7,662098683,0.0,0.0,
5418,1786914602.5080807,ollama_cloud,,0.3403472792684442,zai_amortized,0,0.7,293817539,100.0,0.0,
5419,1786914602.7859747,ppq,deepseek/deepseek-v4-flash,0.06542517205402267,ppq_ledger,1,0.40922674,1560382,0.10208826082,0.0,
5420,1786914602.7859747,ppq,moonshotai/kimi-k3,2.497018421052631,ppq_ledger,1,0.3000133,190,0.00047443349999999997,0.0,
5421,1786914602.7859747,ppq,z-ai/glm-5,1.0743845322771748,ppq_ledger,1,0.5714743499999999,3878205,4.166683465,0.0,
5422,1786914602.7859747,ppq,z-ai/glm-5.2,0.2576523643245763,ppq_ledger,1,1.0,20029486,5.160644424106,0.0,
5423,1786914602.7859747,ppq,,0.37026045252579654,ppq_ledger,1,1.0,25468263,9.429890583426001,0.0,
5424,1786914602.7879682,openrouter,,0.46235408986478616,openrouter_actual,1,1.0,12792330,5.9145860944,0.0,
5425,1786914602.4902809,ours,,0.001,cold_start_fallback,0,0.0,0,0.0,0.0,
5426,1786914602.4902809,deepinfra,,1.3,cold_start_fallback,0,0.0,0,0.0,0.0,
5427,1786914902.7354288,friend,,0.001,zai_amortized,0,0.7,662098683,0.0,0.0,
5428,1786914902.7545018,ollama_cloud,,0.3403472792684442,zai_amortized,0,0.7,293817539,100.0,0.0,
5429,1786914903.0149431,ppq,deepseek/deepseek-v4-flash,0.06542517205402267,ppq_ledger,1,0.40922674,1560382,0.10208826082,0.0,
5430,1786914903.0149431,ppq,moonshotai/kimi-k3,2.497018421052631,ppq_ledger,1,0.3000133,190,0.00047443349999999997,0.0,
5431,1786914903.0149431,ppq,z-ai/glm-5,1.0743845322771748,ppq_ledger,1,0.5714743499999999,3878205,4.166683465,0.0,
5432,1786914903.0149431,ppq,z-ai/glm-5.2,0.2576523643245763,ppq_ledger,1,1.0,20029486,5.160644424106,0.0,
5433,1786914903.0149431,ppq,,0.37026045252579654,ppq_ledger,1,1.0,25468263,9.429890583426001,0.0,
5434,1786914903.0168593,openrouter,,0.46235408986478616,openrouter_actual,1,1.0,12792330,5.9145860944,0.0,
5435,1786914902.735426,ours,,0.001,cold_start_fallback,0,0.0,0,0.0,0.0,
5436,1786914902.735426,deepinfra,,1.3,cold_start_fallback,0,0.0,0,0.0,0.0,
5437,1786915202.370228,friend,,0.001,zai_amortized,0,0.7,662098683,0.0,0.0,
5438,1786915202.41107,ollama_cloud,,0.3403472792684442,zai_amortized,0,0.7,293817539,100.0,0.0,
5439,1786915202.6895368,ppq,deepseek/deepseek-v4-flash,0.06542517205402267,ppq_ledger,1,0.40922674,1560382,0.10208826082,0.0,
5440,1786915202.6895368,ppq,moonshotai/kimi-k3,2.497018421052631,ppq_ledger,1,0.3000133,190,0.00047443349999999997,0.0,
5441,1786915202.6895368,ppq,z-ai/glm-5,1.0743845322771748,ppq_ledger,1,0.5714743499999999,3878205,4.166683465,0.0,
5442,1786915202.6895368,ppq,z-ai/glm-5.2,0.2576523643245763,ppq_ledger,1,1.0,20029486,5.160644424106,0.0,
5443,1786915202.6895368,ppq,,0.37026045252579654,ppq_ledger,1,1.0,25468263,9.429890583426001,0.0,
5444,1786915202.7562137,openrouter,,0.46235408986478616,openrouter_actual,1,1.0,12792330,5.9145860944,0.0,
5445,1786915202.3702242,ours,,0.001,cold_start_fallback,0,0.0,0,0.0,0.0,
5446,1786915202.3702242,deepinfra,,1.3,cold_start_fallback,0,0.0,0,0.0,0.0,
5447,1786915501.955629,friend,,0.001,zai_amortized,0,0.7,662098683,0.0,0.0,
5448,1786915501.9729145,ollama_cloud,,0.3403472792684442,zai_amortized,0,0.7,293817539,100.0,0.0,
5449,1786915502.223318,ppq,deepseek/deepseek-v4-flash,0.06542517205402267,ppq_ledger,1,0.40922674,1560382,0.10208826082,0.0,
5450,1786915502.223318,ppq,moonshotai/kimi-k3,2.497018421052631,ppq_ledger,1,0.3000133,190,0.00047443349999999997,0.0,
5451,1786915502.223318,ppq,z-ai/glm-5,1.0743845322771748,ppq_ledger,1,0.5714743499999999,3878205,4.166683465,0.0,
5452,1786915502.223318,ppq,z-ai/glm-5.2,0.2576523643245763,ppq_ledger,1,1.0,20029486,5.160644424106,0.0,
5453,1786915502.223318,ppq,,0.37026045252579654,ppq_ledger,1,1.0,25468263,9.429890583426001,0.0,
5454,1786915502.2243788,openrouter,,0.46235408986478616,openrouter_actual,1,1.0,12792330,5.9145860944,0.0,
5455,1786915501.955626,ours,,0.001,cold_start_fallback,0,0.0,0,0.0,0.0,
5456,1786915501.955626,deepinfra,,1.3,cold_start_fallback,0,0.0,0,0.0,0.0,
5457,1786915803.0918205,friend,,0.001,zai_amortized,0,0.7,662098683,0.0,0.0,
5458,1786915803.1402593,ollama_cloud,,0.3403472792684442,zai_amortized,0,0.7,293817539,100.0,0.0,
5459,1786915803.4218433,ppq,deepseek/deepseek-v4-flash,0.06542517205402267,ppq_ledger,1,0.40922674,1560382,0.10208826082,0.0,
5460,1786915803.4218433,ppq,moonshotai/kimi-k3,2.497018421052631,ppq_ledger,1,0.3000133,190,0.00047443349999999997,0.0,
5461,1786915803.4218433,ppq,z-ai/glm-5,1.0743845322771748,ppq_ledger,1,0.5714743499999999,3878205,4.166683465,0.0,
5462,1786915803.4218433,ppq,z-ai/glm-5.2,0.2576523643245763,ppq_ledger,1,1.0,20029486,5.160644424106,0.0,
5463,1786915803.4218433,ppq,,0.37026045252579654,ppq_ledger,1,1.0,25468263,9.429890583426001,0.0,
5464,1786915803.4234846,openrouter,,0.46235408986478616,openrouter_actual,1,1.0,12792330,5.9145860944,0.0,
5465,1786915803.0918171,ours,,0.001,cold_start_fallback,0,0.0,0,0.0,0.0,
5466,1786915803.0918171,deepinfra,,1.3,cold_start_fallback,0,0.0,0,0.0,0.0,
5467,1786916102.3994865,friend,,0.001,zai_amortized,0,0.7,662307808,0.0,0.0,
5468,1786916102.4321415,ollama_cloud,,0.3403472792684442,zai_amortized,0,0.7,293817539,100.0,0.0,
5469,1786916102.6740475,ppq,deepseek/deepseek-v4-flash,0.06542517205402267,ppq_ledger,1,0.40922674,1560382,0.10208826082,0.0,
5470,1786916102.6740475,ppq,moonshotai/kimi-k3,2.497018421052631,ppq_ledger,1,0.3000133,190,0.00047443349999999997,0.0,
5471,1786916102.6740475,ppq,z-ai/glm-5,1.0743845322771748,ppq_ledger,1,0.5714743499999999,3878205,4.166683465,0.0,
5472,1786916102.6740475,ppq,z-ai/glm-5.2,0.2576523643245763,ppq_ledger,1,1.0,20029486,5.160644424106,0.0,
5473,1786916102.6740475,ppq,,0.37026045252579654,ppq_ledger,1,1.0,25468263,9.429890583426001,0.0,
5474,1786916102.676679,openrouter,,0.46235408986478616,openrouter_actual,1,1.0,12792330,5.9145860944,0.0,
5475,1786916102.3994837,ours,,0.001,cold_start_fallback,0,0.0,0,0.0,0.0,
5476,1786916102.3994837,deepinfra,,1.3,cold_start_fallback,0,0.0,0,0.0,0.0,
5477,1786916401.9350479,friend,,0.001,zai_amortized,0,0.7,665712703,0.0,0.0,
5478,1786916401.9725893,ollama_cloud,,0.3403472792684442,zai_amortized,0,0.7,293817539,100.0,0.0,
5479,1786916402.2388613,ppq,deepseek/deepseek-v4-flash,0.06542517205402267,ppq_ledger,1,0.40922674,1560382,0.10208826082,0.0,
5480,1786916402.2388613,ppq,moonshotai/kimi-k3,2.497018421052631,ppq_ledger,1,0.3000133,190,0.00047443349999999997,0.0,
5481,1786916402.2388613,ppq,z-ai/glm-5,1.0743845322771748,ppq_ledger,1,0.5714743499999999,3878205,4.166683465,0.0,
5482,1786916402.2388613,ppq,z-ai/glm-5.2,0.2576523643245763,ppq_ledger,1,1.0,20029486,5.160644424106,0.0,
5483,1786916402.2388613,ppq,,0.37026045252579654,ppq_ledger,1,1.0,25468263,9.429890583426001,0.0,
5484,1786916402.2412577,openrouter,,0.46235408986478616,openrouter_actual,1,1.0,12792330,5.9145860944,0.0,
5485,1786916401.9350455,ours,,0.001,cold_start_fallback,0,0.0,0,0.0,0.0,
5486,1786916401.9350455,deepinfra,,1.3,cold_start_fallback,0,0.0,0,0.0,0.0,
5487,1786916702.8627658,friend,,0.001,zai_amortized,0,0.7,670298872,0.0,0.0,
5488,1786916702.8886588,ollama_cloud,,0.3403472792684442,zai_amortized,0,0.7,293817539,100.0,0.0,
5489,1786916703.1513743,ppq,deepseek/deepseek-v4-flash,0.06542517205402267,ppq_ledger,1,0.40922674,1560382,0.10208826082,0.0,
5490,1786916703.1513743,ppq,moonshotai/kimi-k3,2.497018421052631,ppq_ledger,1,0.3000133,190,0.00047443349999999997,0.0,
5491,1786916703.1513743,ppq,z-ai/glm-5,1.0743845322771748,ppq_ledger,1,0.5714743499999999,3878205,4.166683465,0.0,
5492,1786916703.1513743,ppq,z-ai/glm-5.2,0.2576523643245763,ppq_ledger,1,1.0,20029486,5.160644424106,0.0,
5493,1786916703.1513743,ppq,,0.37026045252579654,ppq_ledger,1,1.0,25468263,9.429890583426001,0.0,
5494,1786916703.1556888,openrouter,,0.46235408986478616,openrouter_actual,1,1.0,12792330,5.9145860944,0.0,
5495,1786916702.8627625,ours,,0.001,cold_start_fallback,0,0.0,0,0.0,0.0,
5496,1786916702.8627625,deepinfra,,1.3,cold_start_fallback,0,0.0,0,0.0,0.0,
5497,1786917002.7421732,friend,,0.001,zai_amortized,0,0.7,672363399,0.0,0.0,
5498,1786917002.7672114,ollama_cloud,,0.3403472792684442,zai_amortized,0,0.7,293817539,100.0,0.0,
5499,1786917003.0827973,ppq,deepseek/deepseek-v4-flash,0.06542517205402267,ppq_ledger,1,0.40922674,1560382,0.10208826082,0.0,
5500,1786917003.0827973,ppq,moonshotai/kimi-k3,2.497018421052631,ppq_ledger,1,0.3000133,190,0.00047443349999999997,0.0,
5501,1786917003.0827973,ppq,z-ai/glm-5,1.0743845322771748,ppq_ledger,1,0.5714743499999999,3878205,4.166683465,0.0,
5502,1786917003.0827973,ppq,z-ai/glm-5.2,0.2576523643245763,ppq_ledger,1,1.0,20029486,5.160644424106,0.0,
5503,1786917003.0827973,ppq,,0.37026045252579654,ppq_ledger,1,1.0,25468263,9.429890583426001,0.0,
5504,1786917003.0849621,openrouter,,0.46235408986478616,openrouter_actual,1,1.0,12792330,5.9145860944,0.0,
5505,1786917002.7421696,ours,,0.001,cold_start_fallback,0,0.0,0,0.0,0.0,
5506,1786917002.7421696,deepinfra,,1.3,cold_start_fallback,0,0.0,0,0.0,0.0,
5507,1786917302.3466792,friend,,0.001,zai_amortized,0,0.7,673857993,0.0,0.0,
5508,1786917302.3655078,ollama_cloud,,0.3403472792684442,zai_amortized,0,0.7,293817539,100.0,0.0,
5509,1786917302.635631,ppq,deepseek/deepseek-v4-flash,0.06542517205402267,ppq_ledger,1,0.40922674,1560382,0.10208826082,0.0,
5510,1786917302.635631,ppq,moonshotai/kimi-k3,2.497018421052631,ppq_ledger,1,0.3000133,190,0.00047443349999999997,0.0,
5511,1786917302.635631,ppq,z-ai/glm-5,1.0743845322771748,ppq_ledger,1,0.5714743499999999,3878205,4.166683465,0.0,
5512,1786917302.635631,ppq,z-ai/glm-5.2,0.2576523643245763,ppq_ledger,1,1.0,20029486,5.160644424106,0.0,
5513,1786917302.635631,ppq,,0.37026045252579654,ppq_ledger,1,1.0,25468263,9.429890583426001,0.0,
5514,1786917302.6376684,openrouter,,0.46235408986478616,openrouter_actual,1,1.0,12792330,5.9145860944,0.0,
5515,1786917302.3466766,ours,,0.001,cold_start_fallback,0,0.0,0,0.0,0.0,
5516,1786917302.3466766,deepinfra,,1.3,cold_start_fallback,0,0.0,0,0.0,0.0,
5517,1786917602.951028,friend,,0.001,zai_amortized,0,0.7,675831194,0.0,0.0,
5518,1786917603.0649645,ollama_cloud,,0.3403472792684442,zai_amortized,0,0.7,293817539,100.0,0.0,
5519,1786917603.4517093,ppq,deepseek/deepseek-v4-flash,0.06542517205402267,ppq_ledger,1,0.40922674,1560382,0.10208826082,0.0,
5520,1786917603.4517093,ppq,moonshotai/kimi-k3,2.497018421052631,ppq_ledger,1,0.3000133,190,0.00047443349999999997,0.0,
5521,1786917603.4517093,ppq,z-ai/glm-5,1.0743845322771748,ppq_ledger,1,0.5714743499999999,3878205,4.166683465,0.0,
5522,1786917603.4517093,ppq,z-ai/glm-5.2,0.2576523643245763,ppq_ledger,1,1.0,20029486,5.160644424106,0.0,
5523,1786917603.4517093,ppq,,0.37026045252579654,ppq_ledger,1,1.0,25468263,9.429890583426001,0.0,
5524,1786917603.4542618,openrouter,,0.46235408986478616,openrouter_actual,1,1.0,12792330,5.9145860944,0.0,
5525,1786917602.9510245,ours,,0.001,cold_start_fallback,0,0.0,0,0.0,0.0,
5526,1786917602.9510245,deepinfra,,1.3,cold_start_fallback,0,0.0,0,0.0,0.0,
5527,1786917902.423637,friend,,0.001,zai_amortized,0,0.7,677853414,0.0,0.0,
5528,1786917902.4425833,ollama_cloud,,0.3403472792684442,zai_amortized,0,0.7,293817539,100.0,0.0,
5529,1786917902.6724288,ppq,deepseek/deepseek-v4-flash,0.06542517205402267,ppq_ledger,1,0.40922674,1560382,0.10208826082,0.0,
5530,1786917902.6724288,ppq,moonshotai/kimi-k3,2.497018421052631,ppq_ledger,1,0.3000133,190,0.00047443349999999997,0.0,
5531,1786917902.6724288,ppq,z-ai/glm-5,1.0743845322771748,ppq_ledger,1,0.5714743499999999,3878205,4.166683465,0.0,
5532,1786917902.6724288,ppq,z-ai/glm-5.2,0.2576523643245763,ppq_ledger,1,1.0,20029486,5.160644424106,0.0,
5533,1786917902.6724288,ppq,,0.37026045252579654,ppq_ledger,1,1.0,25468263,9.429890583426001,0.0,
5534,1786917902.7080383,openrouter,,0.46235408986478616,openrouter_actual,1,1.0,12792330,5.9145860944,0.0,
5535,1786917902.4236336,ours,,0.001,cold_start_fallback,0,0.0,0,0.0,0.0,
5536,1786917902.4236336,deepinfra,,1.3,cold_start_fallback,0,0.0,0,0.0,0.0,
5537,1786918202.3199165,friend,,0.001,zai_amortized,0,0.7,679311257,0.0,0.0,
5538,1786918202.3387668,ollama_cloud,,0.3403472792684442,zai_amortized,0,0.7,293817539,100.0,0.0,
5539,1786918202.5950253,ppq,deepseek/deepseek-v4-flash,0.06542517205402267,ppq_ledger,1,0.40922674,1560382,0.10208826082,0.0,
5540,1786918202.5950253,ppq,moonshotai/kimi-k3,2.497018421052631,ppq_ledger,1,0.3000133,190,0.00047443349999999997,0.0,
5541,1786918202.5950253,ppq,z-ai/glm-5,1.0743845322771748,ppq_ledger,1,0.5714743499999999,3878205,4.166683465,0.0,
5542,1786918202.5950253,ppq,z-ai/glm-5.2,0.2576523643245763,ppq_ledger,1,1.0,20029486,5.160644424106,0.0,
5543,1786918202.5950253,ppq,,0.37026045252579654,ppq_ledger,1,1.0,25468263,9.429890583426001,0.0,
5544,1786918202.596885,openrouter,,0.46235408986478616,openrouter_actual,1,1.0,12792330,5.9145860944,0.0,
5545,1786918202.3199136,ours,,0.001,cold_start_fallback,0,0.0,0,0.0,0.0,
5546,1786918202.3199136,deepinfra,,1.3,cold_start_fallback,0,0.0,0,0.0,0.0,
5547,1786918502.406531,friend,,0.001,zai_amortized,0,0.7,679869022,0.0,0.0,
5548,1786918502.4291027,ollama_cloud,,0.3403472792684442,zai_amortized,0,0.7,293817539,100.0,0.0,
5549,1786918502.6735513,ppq,deepseek/deepseek-v4-flash,0.06542517205402267,ppq_ledger,1,0.40922674,1560382,0.10208826082,0.0,
5550,1786918502.6735513,ppq,moonshotai/kimi-k3,2.497018421052631,ppq_ledger,1,0.3000133,190,0.00047443349999999997,0.0,
5551,1786918502.6735513,ppq,z-ai/glm-5,1.0743845322771748,ppq_ledger,1,0.5714743499999999,3878205,4.166683465,0.0,
5552,1786918502.6735513,ppq,z-ai/glm-5.2,0.2576523643245763,ppq_ledger,1,1.0,20029486,5.160644424106,0.0,
5553,1786918502.6735513,ppq,,0.37026045252579654,ppq_ledger,1,1.0,25468263,9.429890583426001,0.0,
5554,1786918502.6772163,openrouter,,0.46235408986478616,openrouter_actual,1,1.0,12792330,5.9145860944,0.0,
5555,1786918502.406528,ours,,0.001,cold_start_fallback,0,0.0,0,0.0,0.0,
5556,1786918502.406528,deepinfra,,1.3,cold_start_fallback,0,0.0,0,0.0,0.0,
5557,1786918802.1075375,friend,,0.001,zai_amortized,0,0.7,680899737,0.0,0.0,
5558,1786918802.1246474,ollama_cloud,,0.3403472792684442,zai_amortized,0,0.7,293817539,100.0,0.0,
5559,1786918802.3848782,ppq,deepseek/deepseek-v4-flash,0.06542517205402267,ppq_ledger,1,0.40922674,1560382,0.10208826082,0.0,
5560,1786918802.3848782,ppq,moonshotai/kimi-k3,2.497018421052631,ppq_ledger,1,0.3000133,190,0.00047443349999999997,0.0,
5561,1786918802.3848782,ppq,z-ai/glm-5,1.0743845322771748,ppq_ledger,1,0.5714743499999999,3878205,4.166683465,0.0,
5562,1786918802.3848782,ppq,z-ai/glm-5.2,0.2576523643245763,ppq_ledger,1,1.0,20029486,5.160644424106,0.0,
5563,1786918802.3848782,ppq,,0.37026045252579654,ppq_ledger,1,1.0,25468263,9.429890583426001,0.0,
5564,1786918802.3887138,openrouter,,0.46235408986478616,openrouter_actual,1,1.0,12792330,5.9145860944,0.0,
5565,1786918802.1075342,ours,,0.001,cold_start_fallback,0,0.0,0,0.0,0.0,
5566,1786918802.1075342,deepinfra,,1.3,cold_start_fallback,0,0.0,0,0.0,0.0,
5567,1786919102.5142937,friend,,0.001,zai_amortized,0,0.7,681954921,0.0,0.0,
5568,1786919102.5431015,ollama_cloud,,0.3403472792684442,zai_amortized,0,0.7,293817539,100.0,0.0,
5569,1786919102.7815495,ppq,deepseek/deepseek-v4-flash,0.06542517205402267,ppq_ledger,1,0.40922674,1560382,0.10208826082,0.0,
5570,1786919102.7815495,ppq,moonshotai/kimi-k3,2.497018421052631,ppq_ledger,1,0.3000133,190,0.00047443349999999997,0.0,
5571,1786919102.7815495,ppq,z-ai/glm-5,1.0743845322771748,ppq_ledger,1,0.5714743499999999,3878205,4.166683465,0.0,
5572,1786919102.7815495,ppq,z-ai/glm-5.2,0.2576523643245763,ppq_ledger,1,1.0,20029486,5.160644424106,0.0,
5573,1786919102.7815495,ppq,,0.37026045252579654,ppq_ledger,1,1.0,25468263,9.429890583426001,0.0,
5574,1786919102.783628,openrouter,,0.46235408986478616,openrouter_actual,1,1.0,12792330,5.9145860944,0.0,
5575,1786919102.51429,ours,,0.001,cold_start_fallback,0,0.0,0,0.0,0.0,
5576,1786919102.51429,deepinfra,,1.3,cold_start_fallback,0,0.0,0,0.0,0.0,
5577,1786919402.1996908,friend,,0.001,zai_amortized,0,0.7,683142417,0.0,0.0,
5578,1786919402.2472532,ollama_cloud,,0.3403472792684442,zai_amortized,0,0.7,293817539,100.0,0.0,
5579,1786919402.5956602,ppq,deepseek/deepseek-v4-flash,0.06542517205402267,ppq_ledger,1,0.40922674,1560382,0.10208826082,0.0,
5580,1786919402.5956602,ppq,moonshotai/kimi-k3,2.497018421052631,ppq_ledger,1,0.3000133,190,0.00047443349999999997,0.0,
5581,1786919402.5956602,ppq,z-ai/glm-5,1.0743845322771748,ppq_ledger,1,0.5714743499999999,3878205,4.166683465,0.0,
5582,1786919402.5956602,ppq,z-ai/glm-5.2,0.2576523643245763,ppq_ledger,1,1.0,20029486,5.160644424106,0.0,
5583,1786919402.5956602,ppq,,0.37026045252579654,ppq_ledger,1,1.0,25468263,9.429890583426001,0.0,
5584,1786919402.6012316,openrouter,,0.46235408986478616,openrouter_actual,1,1.0,12792330,5.9145860944,0.0,
5585,1786919402.1996875,ours,,0.001,cold_start_fallback,0,0.0,0,0.0,0.0,
5586,1786919402.1996875,deepinfra,,1.3,cold_start_fallback,0,0.0,0,0.0,0.0,
5587,1786919701.659947,friend,,0.001,zai_amortized,0,0.7,683929692,0.0,0.0,
5588,1786919701.6728399,ollama_cloud,,0.3403472792684442,zai_amortized,0,0.7,293817539,100.0,0.0,
5589,1786919701.937873,ppq,deepseek/deepseek-v4-flash,0.06542517205402267,ppq_ledger,1,0.40922674,1560382,0.10208826082,0.0,
5590,1786919701.937873,ppq,moonshotai/kimi-k3,2.497018421052631,ppq_ledger,1,0.3000133,190,0.00047443349999999997,0.0,
5591,1786919701.937873,ppq,z-ai/glm-5,1.0743845322771748,ppq_ledger,1,0.5714743499999999,3878205,4.166683465,0.0,
5592,1786919701.937873,ppq,z-ai/glm-5.2,0.2576523643245763,ppq_ledger,1,1.0,20029486,5.160644424106,0.0,
5593,1786919701.937873,ppq,,0.37026045252579654,ppq_ledger,1,1.0,25468263,9.429890583426001,0.0,
5594,1786919701.9488053,openrouter,,0.46235408986478616,openrouter_actual,1,1.0,12792330,5.9145860944,0.0,
5595,1786919701.6599445,ours,,0.001,cold_start_fallback,0,0.0,0,0.0,0.0,
5596,1786919701.6599445,deepinfra,,1.3,cold_start_fallback,0,0.0,0,0.0,0.0,
5597,1786920002.61533,friend,,0.001,zai_amortized,0,0.7,685228852,0.0,0.0,
5598,1786920002.6600928,ollama_cloud,,0.3403472792684442,zai_amortized,0,0.7,293817539,100.0,0.0,
5599,1786920002.935341,ppq,deepseek/deepseek-v4-flash,0.06542517205402267,ppq_ledger,1,0.40922674,1560382,0.10208826082,0.0,
5600,1786920002.935341,ppq,moonshotai/kimi-k3,2.497018421052631,ppq_ledger,1,0.3000133,190,0.00047443349999999997,0.0,
5601,1786920002.935341,ppq,z-ai/glm-5,1.0743845322771748,ppq_ledger,1,0.5714743499999999,3878205,4.166683465,0.0,
5602,1786920002.935341,ppq,z-ai/glm-5.2,0.2576523643245763,ppq_ledger,1,1.0,20029486,5.160644424106,0.0,
5603,1786920002.935341,ppq,,0.37026045252579654,ppq_ledger,1,1.0,25468263,9.429890583426001,0.0,
5604,1786920002.9373145,openrouter,,0.46235408986478616,openrouter_actual,1,1.0,12792330,5.9145860944,0.0,
5605,1786920002.615327,ours,,0.001,cold_start_fallback,0,0.0,0,0.0,0.0,
5606,1786920002.615327,deepinfra,,1.3,cold_start_fallback,0,0.0,0,0.0,0.0,
5607,1786920301.9223795,friend,,0.001,zai_amortized,0,0.7,685772749,0.0,0.0,
5608,1786920301.9402778,ollama_cloud,,0.3403472792684442,zai_amortized,0,0.7,293817539,100.0,0.0,
5609,1786920302.171631,ppq,deepseek/deepseek-v4-flash,0.06542517205402267,ppq_ledger,1,0.40922674,1560382,0.10208826082,0.0,
5610,1786920302.171631,ppq,moonshotai/kimi-k3,2.497018421052631,ppq_ledger,1,0.3000133,190,0.00047443349999999997,0.0,
5611,1786920302.171631,ppq,z-ai/glm-5,1.0743845322771748,ppq_ledger,1,0.5714743499999999,3878205,4.166683465,0.0,
5612,1786920302.171631,ppq,z-ai/glm-5.2,0.2576523643245763,ppq_ledger,1,1.0,20029486,5.160644424106,0.0,
5613,1786920302.171631,ppq,,0.37026045252579654,ppq_ledger,1,1.0,25468263,9.429890583426001,0.0,
5614,1786920302.173582,openrouter,,0.46235408986478616,openrouter_actual,1,1.0,12792330,5.9145860944,0.0,
5615,1786920301.9223764,ours,,0.001,cold_start_fallback,0,0.0,0,0.0,0.0,
5616,1786920301.9223764,deepinfra,,1.3,cold_start_fallback,0,0.0,0,0.0,0.0,
5617,1786920602.4881518,friend,,0.001,zai_amortized,0,0.7,685772749,0.0,0.0,
5618,1786920602.506015,ollama_cloud,,0.3403472792684442,zai_amortized,0,0.7,293817539,100.0,0.0,
5619,1786920602.7522192,ppq,deepseek/deepseek-v4-flash,0.06542517205402267,ppq_ledger,1,0.40922674,1560382,0.10208826082,0.0,
5620,1786920602.7522192,ppq,moonshotai/kimi-k3,2.497018421052631,ppq_ledger,1,0.3000133,190,0.00047443349999999997,0.0,
5621,1786920602.7522192,ppq,z-ai/glm-5,1.0743845322771748,ppq_ledger,1,0.5714743499999999,3878205,4.166683465,0.0,
5622,1786920602.7522192,ppq,z-ai/glm-5.2,0.2576523643245763,ppq_ledger,1,1.0,20029486,5.160644424106,0.0,
5623,1786920602.7522192,ppq,,0.37026045252579654,ppq_ledger,1,1.0,25468263,9.429890583426001,0.0,
5624,1786920602.7561812,openrouter,,0.46235408986478616,openrouter_actual,1,1.0,12792330,5.9145860944,0.0,
5625,1786920602.4881487,ours,,0.001,cold_start_fallback,0,0.0,0,0.0,0.0,
5626,1786920602.4881487,deepinfra,,1.3,cold_start_fallback,0,0.0,0,0.0,0.0,
5627,1786920902.2361026,friend,,0.001,zai_amortized,0,0.7,685931240,0.0,0.0,
5628,1786920902.2541916,ollama_cloud,,0.3403472792684442,zai_amortized,0,0.7,293817539,100.0,0.0,
5629,1786920902.4647474,ppq,deepseek/deepseek-v4-flash,0.06542517205402267,ppq_ledger,1,0.40922674,1560382,0.10208826082,0.0,
5630,1786920902.4647474,ppq,moonshotai/kimi-k3,2.497018421052631,ppq_ledger,1,0.3000133,190,0.00047443349999999997,0.0,
5631,1786920902.4647474,ppq,z-ai/glm-5,1.0743845322771748,ppq_ledger,1,0.5714743499999999,3878205,4.166683465,0.0,
5632,1786920902.4647474,ppq,z-ai/glm-5.2,0.2576523643245763,ppq_ledger,1,1.0,20029486,5.160644424106,0.0,
5633,1786920902.4647474,ppq,,0.37026045252579654,ppq_ledger,1,1.0,25468263,9.429890583426001,0.0,
5634,1786920902.465925,openrouter,,0.46235408986478616,openrouter_actual,1,1.0,12792330,5.9145860944,0.0,
5635,1786920902.2360985,ours,,0.001,cold_start_fallback,0,0.0,0,0.0,0.0,
5636,1786920902.2360985,deepinfra,,1.3,cold_start_fallback,0,0.0,0,0.0,0.0,
5637,1786921202.1136801,friend,,0.001,zai_amortized,0,0.7,685931240,0.0,0.0,
5638,1786921202.1511662,ollama_cloud,,0.3403472792684442,zai_amortized,0,0.7,293817539,100.0,0.0,
5639,1786921202.440087,ppq,deepseek/deepseek-v4-flash,0.06542517205402267,ppq_ledger,1,0.40922674,1560382,0.10208826082,0.0,
5640,1786921202.440087,ppq,moonshotai/kimi-k3,2.497018421052631,ppq_ledger,1,0.3000133,190,0.00047443349999999997,0.0,
5641,1786921202.440087,ppq,z-ai/glm-5,1.0743845322771748,ppq_ledger,1,0.5714743499999999,3878205,4.166683465,0.0,
5642,1786921202.440087,ppq,z-ai/glm-5.2,0.2576523643245763,ppq_ledger,1,1.0,20029486,5.160644424106,0.0,
5643,1786921202.440087,ppq,,0.37026045252579654,ppq_ledger,1,1.0,25468263,9.429890583426001,0.0,
5644,1786921202.448314,openrouter,,0.46235408986478616,openrouter_actual,1,1.0,12792330,5.9145860944,0.0,
5645,1786921202.1136773,ours,,0.001,cold_start_fallback,0,0.0,0,0.0,0.0,
5646,1786921202.1136773,deepinfra,,1.3,cold_start_fallback,0,0.0,0,0.0,0.0,
5647,1786921502.8789387,friend,,0.001,zai_amortized,0,0.7,685931240,0.0,0.0,
5648,1786921502.8977716,ollama_cloud,,0.3403472792684442,zai_amortized,0,0.7,293817539,100.0,0.0,
5649,1786921503.1429548,ppq,deepseek/deepseek-v4-flash,0.06542517205402267,ppq_ledger,1,0.40922674,1560382,0.10208826082,0.0,
5650,1786921503.1429548,ppq,moonshotai/kimi-k3,2.497018421052631,ppq_ledger,1,0.3000133,190,0.00047443349999999997,0.0,
5651,1786921503.1429548,ppq,z-ai/glm-5,1.0743845322771748,ppq_ledger,1,0.5714743499999999,3878205,4.166683465,0.0,
5652,1786921503.1429548,ppq,z-ai/glm-5.2,0.2576523643245763,ppq_ledger,1,1.0,20029486,5.160644424106,0.0,
5653,1786921503.1429548,ppq,,0.37026045252579654,ppq_ledger,1,1.0,25468263,9.429890583426001,0.0,
5654,1786921503.1449442,openrouter,,0.46235408986478616,openrouter_actual,1,1.0,12792330,5.9145860944,0.0,
5655,1786921502.8789356,ours,,0.001,cold_start_fallback,0,0.0,0,0.0,0.0,
5656,1786921502.8789356,deepinfra,,1.3,cold_start_fallback,0,0.0,0,0.0,0.0,
5657,1786921802.4233856,friend,,0.001,zai_amortized,0,0.7,685931240,0.0,0.0,
5658,1786921802.4408655,ollama_cloud,,0.3403472792684442,zai_amortized,0,0.7,293817539,100.0,0.0,
5659,1786921802.6858528,ppq,deepseek/deepseek-v4-flash,0.06542517205402267,ppq_ledger,1,0.40922674,1560382,0.10208826082,0.0,
5660,1786921802.6858528,ppq,moonshotai/kimi-k3,2.497018421052631,ppq_ledger,1,0.3000133,190,0.00047443349999999997,0.0,
5661,1786921802.6858528,ppq,z-ai/glm-5,1.0743845322771748,ppq_ledger,1,0.5714743499999999,3878205,4.166683465,0.0,
5662,1786921802.6858528,ppq,z-ai/glm-5.2,0.2576523643245763,ppq_ledger,1,1.0,20029486,5.160644424106,0.0,
5663,1786921802.6858528,ppq,,0.37026045252579654,ppq_ledger,1,1.0,25468263,9.429890583426001,0.0,
5664,1786921802.6876292,openrouter,,0.46235408986478616,openrouter_actual,1,1.0,12792330,5.9145860944,0.0,
5665,1786921802.4233825,ours,,0.001,cold_start_fallback,0,0.0,0,0.0,0.0,
5666,1786921802.4233825,deepinfra,,1.3,cold_start_fallback,0,0.0,0,0.0,0.0,
5667,1786922102.504345,friend,,0.001,zai_amortized,0,0.7,685931240,0.0,0.0,
5668,1786922102.5233166,ollama_cloud,,0.3403472792684442,zai_amortized,0,0.7,293817539,100.0,0.0,
5669,1786922102.8947966,ppq,deepseek/deepseek-v4-flash,0.06542517205402267,ppq_ledger,1,0.40922674,1560382,0.10208826082,0.0,
5670,1786922102.8947966,ppq,moonshotai/kimi-k3,2.497018421052631,ppq_ledger,1,0.3000133,190,0.00047443349999999997,0.0,
5671,1786922102.8947966,ppq,z-ai/glm-5,1.0743845322771748,ppq_ledger,1,0.5714743499999999,3878205,4.166683465,0.0,
5672,1786922102.8947966,ppq,z-ai/glm-5.2,0.2576523643245763,ppq_ledger,1,1.0,20029486,5.160644424106,0.0,
5673,1786922102.8947966,ppq,,0.37026045252579654,ppq_ledger,1,1.0,25468263,9.429890583426001,0.0,
5674,1786922102.8969004,openrouter,,0.46235408986478616,openrouter_actual,1,1.0,12792330,5.9145860944,0.0,
5675,1786922102.5043423,ours,,0.001,cold_start_fallback,0,0.0,0,0.0,0.0,
5676,1786922102.5043423,deepinfra,,1.3,cold_start_fallback,0,0.0,0,0.0,0.0,
5677,1786922402.305012,friend,,0.001,zai_amortized,0,0.7,685931240,0.0,0.0,
5678,1786922402.347727,ollama_cloud,,0.3403472792684442,zai_amortized,0,0.7,293817539,100.0,0.0,
5679,1786922402.6579447,ppq,deepseek/deepseek-v4-flash,0.06542517205402267,ppq_ledger,1,0.40922674,1560382,0.10208826082,0.0,
5680,1786922402.6579447,ppq,moonshotai/kimi-k3,2.497018421052631,ppq_ledger,1,0.3000133,190,0.00047443349999999997,0.0,
5681,1786922402.6579447,ppq,z-ai/glm-5,1.0743845322771748,ppq_ledger,1,0.5714743499999999,3878205,4.166683465,0.0,
5682,1786922402.6579447,ppq,z-ai/glm-5.2,0.2576523643245763,ppq_ledger,1,1.0,20029486,5.160644424106,0.0,
5683,1786922402.6579447,ppq,,0.37026045252579654,ppq_ledger,1,1.0,25468263,9.429890583426001,0.0,
5684,1786922402.6631672,openrouter,,0.46235408986478616,openrouter_actual,1,1.0,12792330,5.9145860944,0.0,
5685,1786922402.305009,ours,,0.001,cold_start_fallback,0,0.0,0,0.0,0.0,
5686,1786922402.305009,deepinfra,,1.3,cold_start_fallback,0,0.0,0,0.0,0.0,
5687,1786922702.1071646,friend,,0.001,zai_amortized,0,0.7,685931240,0.0,0.0,
5688,1786922702.1300945,ollama_cloud,,0.3403472792684442,zai_amortized,0,0.7,293817539,100.0,0.0,
5689,1786922702.3761902,ppq,deepseek/deepseek-v4-flash,0.06542517205402267,ppq_ledger,1,0.40922674,1560382,0.10208826082,0.0,
5690,1786922702.3761902,ppq,moonshotai/kimi-k3,2.497018421052631,ppq_ledger,1,0.3000133,190,0.00047443349999999997,0.0,
5691,1786922702.3761902,ppq,z-ai/glm-5,1.0743845322771748,ppq_ledger,1,0.5714743499999999,3878205,4.166683465,0.0,
5692,1786922702.3761902,ppq,z-ai/glm-5.2,0.2576523643245763,ppq_ledger,1,1.0,20029486,5.160644424106,0.0,
5693,1786922702.3761902,ppq,,0.37026045252579654,ppq_ledger,1,1.0,25468263,9.429890583426001,0.0,
5694,1786922702.3776793,openrouter,,0.46235408986478616,openrouter_actual,1,1.0,12792330,5.9145860944,0.0,
5695,1786922702.1071615,ours,,0.001,cold_start_fallback,0,0.0,0,0.0,0.0,
5696,1786922702.1071615,deepinfra,,1.3,cold_start_fallback,0,0.0,0,0.0,0.0,
5697,1786923003.1514313,friend,,0.001,zai_amortized,0,0.7,685931240,0.0,0.0,
5698,1786923003.178806,ollama_cloud,,0.3403472792684442,zai_amortized,0,0.7,293817539,100.0,0.0,
5699,1786923003.4291017,ppq,deepseek/deepseek-v4-flash,0.06542517205402267,ppq_ledger,1,0.40922674,1560382,0.10208826082,0.0,
5700,1786923003.4291017,ppq,moonshotai/kimi-k3,2.497018421052631,ppq_ledger,1,0.3000133,190,0.00047443349999999997,0.0,
5701,1786923003.4291017,ppq,z-ai/glm-5,1.0743845322771748,ppq_ledger,1,0.5714743499999999,3878205,4.166683465,0.0,
5702,1786923003.4291017,ppq,z-ai/glm-5.2,0.2576523643245763,ppq_ledger,1,1.0,20029486,5.160644424106,0.0,
5703,1786923003.4291017,ppq,,0.37026045252579654,ppq_ledger,1,1.0,25468263,9.429890583426001,0.0,
5704,1786923003.4310293,openrouter,,0.46235408986478616,openrouter_actual,1,1.0,12792330,5.9145860944,0.0,
5705,1786923003.1514287,ours,,0.001,cold_start_fallback,0,0.0,0,0.0,0.0,
5706,1786923003.1514287,deepinfra,,1.3,cold_start_fallback,0,0.0,0,0.0,0.0,
5707,1786923301.9741788,friend,,0.001,zai_amortized,0,0.7,686362797,0.0,0.0,
5708,1786923301.9995143,ollama_cloud,,0.3403472792684442,zai_amortized,0,0.7,293817539,100.0,0.0,
5709,1786923302.2330937,ppq,deepseek/deepseek-v4-flash,0.06542517205402267,ppq_ledger,1,0.40922674,1560382,0.10208826082,0.0,
5710,1786923302.2330937,ppq,moonshotai/kimi-k3,2.497018421052631,ppq_ledger,1,0.3000133,190,0.00047443349999999997,0.0,
5711,1786923302.2330937,ppq,z-ai/glm-5,1.0743845322771748,ppq_ledger,1,0.5714743499999999,3878205,4.166683465,0.0,
5712,1786923302.2330937,ppq,z-ai/glm-5.2,0.2576523643245763,ppq_ledger,1,1.0,20029486,5.160644424106,0.0,
5713,1786923302.2330937,ppq,,0.37026045252579654,ppq_ledger,1,1.0,25468263,9.429890583426001,0.0,
5714,1786923302.2350998,openrouter,,0.46235408986478616,openrouter_actual,1,1.0,12792330,5.9145860944,0.0,
5715,1786923301.9741762,ours,,0.001,cold_start_fallback,0,0.0,0,0.0,0.0,
5716,1786923301.9741762,deepinfra,,1.3,cold_start_fallback,0,0.0,0,0.0,0.0,
5717,1786923601.881248,friend,,0.001,zai_amortized,0,0.7,687489998,0.0,0.0,
5718,1786923601.9174647,ollama_cloud,,0.3403472792684442,zai_amortized,0,0.7,293817539,100.0,0.0,
5719,1786923602.1724176,ppq,deepseek/deepseek-v4-flash,0.06542517205402267,ppq_ledger,1,0.40922674,1560382,0.10208826082,0.0,
5720,1786923602.1724176,ppq,moonshotai/kimi-k3,2.497018421052631,ppq_ledger,1,0.3000133,190,0.00047443349999999997,0.0,
5721,1786923602.1724176,ppq,z-ai/glm-5,1.0743845322771748,ppq_ledger,1,0.5714743499999999,3878205,4.166683465,0.0,
5722,1786923602.1724176,ppq,z-ai/glm-5.2,0.2576523643245763,ppq_ledger,1,1.0,20029486,5.160644424106,0.0,
5723,1786923602.1724176,ppq,,0.37026045252579654,ppq_ledger,1,1.0,25468263,9.429890583426001,0.0,
5724,1786923602.180972,openrouter,,0.46235408986478616,openrouter_actual,1,1.0,12792330,5.9145860944,0.0,
5725,1786923601.8812447,ours,,0.001,cold_start_fallback,0,0.0,0,0.0,0.0,
5726,1786923601.8812447,deepinfra,,1.3,cold_start_fallback,0,0.0,0,0.0,0.0,
5727,1786923902.3814902,friend,,0.001,zai_amortized,0,0.7,688883729,0.0,0.0,
5728,1786923902.4543257,ollama_cloud,,0.3403472792684442,zai_amortized,0,0.7,293817539,100.0,0.0,
5729,1786923902.7377782,ppq,deepseek/deepseek-v4-flash,0.06542517205402267,ppq_ledger,1,0.40922674,1560382,0.10208826082,0.0,
5730,1786923902.7377782,ppq,moonshotai/kimi-k3,2.497018421052631,ppq_ledger,1,0.3000133,190,0.00047443349999999997,0.0,
5731,1786923902.7377782,ppq,z-ai/glm-5,1.0743845322771748,ppq_ledger,1,0.5714743499999999,3878205,4.166683465,0.0,
5732,1786923902.7377782,ppq,z-ai/glm-5.2,0.2576523643245763,ppq_ledger,1,1.0,20029486,5.160644424106,0.0,
5733,1786923902.7377782,ppq,,0.37026045252579654,ppq_ledger,1,1.0,25468263,9.429890583426001,0.0,
5734,1786923902.7434523,openrouter,,0.46235408986478616,openrouter_actual,1,1.0,12792330,5.9145860944,0.0,
5735,1786923902.3814867,ours,,0.001,cold_start_fallback,0,0.0,0,0.0,0.0,
5736,1786923902.3814867,deepinfra,,1.3,cold_start_fallback,0,0.0,0,0.0,0.0,
5737,1786924202.3196282,friend,,0.001,zai_amortized,0,0.7,689489108,0.0,0.0,
5738,1786924202.3478801,ollama_cloud,,0.3403472792684442,zai_amortized,0,0.7,293817539,100.0,0.0,
5739,1786924202.6038527,ppq,deepseek/deepseek-v4-flash,0.06542517205402267,ppq_ledger,1,0.40922674,1560382,0.10208826082,0.0,
5740,1786924202.6038527,ppq,moonshotai/kimi-k3,2.497018421052631,ppq_ledger,1,0.3000133,190,0.00047443349999999997,0.0,
5741,1786924202.6038527,ppq,z-ai/glm-5,1.0743845322771748,ppq_ledger,1,0.5714743499999999,3878205,4.166683465,0.0,
5742,1786924202.6038527,ppq,z-ai/glm-5.2,0.2576523643245763,ppq_ledger,1,1.0,20029486,5.160644424106,0.0,
5743,1786924202.6038527,ppq,,0.37026045252579654,ppq_ledger,1,1.0,25468263,9.429890583426001,0.0,
5744,1786924202.6078167,openrouter,,0.46235408986478616,openrouter_actual,1,1.0,12792330,5.9145860944,0.0,
5745,1786924202.3196247,ours,,0.001,cold_start_fallback,0,0.0,0,0.0,0.0,
5746,1786924202.3196247,deepinfra,,1.3,cold_start_fallback,0,0.0,0,0.0,0.0,
5747,1786924502.2732706,friend,,0.001,zai_amortized,0,0.7,689840488,0.0,0.0,
5748,1786924502.2934983,ollama_cloud,,0.3403472792684442,zai_amortized,0,0.7,293817539,100.0,0.0,
5749,1786924502.5233243,ppq,deepseek/deepseek-v4-flash,0.06542517205402267,ppq_ledger,1,0.40922674,1560382,0.10208826082,0.0,
5750,1786924502.5233243,ppq,moonshotai/kimi-k3,2.497018421052631,ppq_ledger,1,0.3000133,190,0.00047443349999999997,0.0,
5751,1786924502.5233243,ppq,z-ai/glm-5,1.0743845322771748,ppq_ledger,1,0.5714743499999999,3878205,4.166683465,0.0,
5752,1786924502.5233243,ppq,z-ai/glm-5.2,0.2576523643245763,ppq_ledger,1,1.0,20029486,5.160644424106,0.0,
5753,1786924502.5233243,ppq,,0.37026045252579654,ppq_ledger,1,1.0,25468263,9.429890583426001,0.0,
5754,1786924502.5253253,openrouter,,0.46235408986478616,openrouter_actual,1,1.0,12792330,5.9145860944,0.0,
5755,1786924502.273268,ours,,0.001,cold_start_fallback,0,0.0,0,0.0,0.0,
5756,1786924502.273268,deepinfra,,1.3,cold_start_fallback,0,0.0,0,0.0,0.0,
5757,1786924802.560469,friend,,0.001,zai_amortized,0,0.7,689840488,0.0,0.0,
5758,1786924802.6142213,ollama_cloud,,0.3403472792684442,zai_amortized,0,0.7,293817539,100.0,0.0,
5759,1786924802.970521,ppq,deepseek/deepseek-v4-flash,0.06542517205402267,ppq_ledger,1,0.40922674,1560382,0.10208826082,0.0,
5760,1786924802.970521,ppq,moonshotai/kimi-k3,2.497018421052631,ppq_ledger,1,0.3000133,190,0.00047443349999999997,0.0,
5761,1786924802.970521,ppq,z-ai/glm-5,1.0743845322771748,ppq_ledger,1,0.5714743499999999,3878205,4.166683465,0.0,
5762,1786924802.970521,ppq,z-ai/glm-5.2,0.2576523643245763,ppq_ledger,1,1.0,20029486,5.160644424106,0.0,
5763,1786924802.970521,ppq,,0.37026045252579654,ppq_ledger,1,1.0,25468263,9.429890583426001,0.0,
5764,1786924802.9789786,openrouter,,0.46235408986478616,openrouter_actual,1,1.0,12792330,5.9145860944,0.0,
5765,1786924802.5604653,ours,,0.001,cold_start_fallback,0,0.0,0,0.0,0.0,
5766,1786924802.5604653,deepinfra,,1.3,cold_start_fallback,0,0.0,0,0.0,0.0,
5767,1786925101.8818467,friend,,0.001,zai_amortized,0,0.7,689840488,0.0,0.0,
5768,1786925101.8957586,ollama_cloud,,0.3403472792684442,zai_amortized,0,0.7,293817539,100.0,0.0,
5769,1786925102.1151268,ppq,deepseek/deepseek-v4-flash,0.06542517205402267,ppq_ledger,1,0.40922674,1560382,0.10208826082,0.0,
5770,1786925102.1151268,ppq,moonshotai/kimi-k3,2.497018421052631,ppq_ledger,1,0.3000133,190,0.00047443349999999997,0.0,
5771,1786925102.1151268,ppq,z-ai/glm-5,1.0743845322771748,ppq_ledger,1,0.5714743499999999,3878205,4.166683465,0.0,
5772,1786925102.1151268,ppq,z-ai/glm-5.2,0.2576523643245763,ppq_ledger,1,1.0,20029486,5.160644424106,0.0,
5773,1786925102.1151268,ppq,,0.37026045252579654,ppq_ledger,1,1.0,25468263,9.429890583426001,0.0,
5774,1786925102.116383,openrouter,,0.46235408986478616,openrouter_actual,1,1.0,12792330,5.9145860944,0.0,
5775,1786925101.8818445,ours,,0.001,cold_start_fallback,0,0.0,0,0.0,0.0,
5776,1786925101.8818445,deepinfra,,1.3,cold_start_fallback,0,0.0,0,0.0,0.0,
5777,1786925401.9153306,friend,,0.001,zai_amortized,0,0.7,689840488,0.0,0.0,
5778,1786925401.9374292,ollama_cloud,,0.3403472792684442,zai_amortized,0,0.7,293817539,100.0,0.0,
5779,1786925402.2098436,ppq,deepseek/deepseek-v4-flash,0.06542517205402267,ppq_ledger,1,0.40922674,1560382,0.10208826082,0.0,
5780,1786925402.2098436,ppq,moonshotai/kimi-k3,2.497018421052631,ppq_ledger,1,0.3000133,190,0.00047443349999999997,0.0,
5781,1786925402.2098436,ppq,z-ai/glm-5,1.0743845322771748,ppq_ledger,1,0.5714743499999999,3878205,4.166683465,0.0,
5782,1786925402.2098436,ppq,z-ai/glm-5.2,0.2576523643245763,ppq_ledger,1,1.0,20029486,5.160644424106,0.0,
5783,1786925402.2098436,ppq,,0.37026045252579654,ppq_ledger,1,1.0,25468263,9.429890583426001,0.0,
5784,1786925402.2393363,openrouter,,0.46235408986478616,openrouter_actual,1,1.0,12792330,5.9145860944,0.0,
5785,1786925401.9153275,ours,,0.001,cold_start_fallback,0,0.0,0,0.0,0.0,
5786,1786925401.9153275,deepinfra,,1.3,cold_start_fallback,0,0.0,0,0.0,0.0,
5787,1786925702.8856435,friend,,0.001,zai_amortized,0,0.7,689840488,0.0,0.0,
5788,1786925702.9380069,ollama_cloud,,0.3403472792684442,zai_amortized,0,0.7,293817539,100.0,0.0,
5789,1786925703.2173111,ppq,deepseek/deepseek-v4-flash,0.06542517205402267,ppq_ledger,1,0.40922674,1560382,0.10208826082,0.0,
5790,1786925703.2173111,ppq,moonshotai/kimi-k3,2.497018421052631,ppq_ledger,1,0.3000133,190,0.00047443349999999997,0.0,
5791,1786925703.2173111,ppq,z-ai/glm-5,1.0743845322771748,ppq_ledger,1,0.5714743499999999,3878205,4.166683465,0.0,
5792,1786925703.2173111,ppq,z-ai/glm-5.2,0.2576523643245763,ppq_ledger,1,1.0,20029486,5.160644424106,0.0,
5793,1786925703.2173111,ppq,,0.37026045252579654,ppq_ledger,1,1.0,25468263,9.429890583426001,0.0,
5794,1786925703.2192755,openrouter,,0.46235408986478616,openrouter_actual,1,1.0,12792330,5.9145860944,0.0,
5795,1786925702.8856404,ours,,0.001,cold_start_fallback,0,0.0,0,0.0,0.0,
5796,1786925702.8856404,deepinfra,,1.3,cold_start_fallback,0,0.0,0,0.0,0.0,
5797,1786926002.882089,friend,,0.001,zai_amortized,0,0.7,689840488,0.0,0.0,
5798,1786926002.9014719,ollama_cloud,,0.3403472792684442,zai_amortized,0,0.7,293817539,100.0,0.0,
5799,1786926003.1883779,ppq,deepseek/deepseek-v4-flash,0.06542517205402267,ppq_ledger,1,0.40922674,1560382,0.10208826082,0.0,
5800,1786926003.1883779,ppq,moonshotai/kimi-k3,2.497018421052631,ppq_ledger,1,0.3000133,190,0.00047443349999999997,0.0,
5801,1786926003.1883779,ppq,z-ai/glm-5,1.0743845322771748,ppq_ledger,1,0.5714743499999999,3878205,4.166683465,0.0,
5802,1786926003.1883779,ppq,z-ai/glm-5.2,0.2576523643245763,ppq_ledger,1,1.0,20029486,5.160644424106,0.0,
5803,1786926003.1883779,ppq,,0.37026045252579654,ppq_ledger,1,1.0,25468263,9.429890583426001,0.0,
5804,1786926003.1996212,openrouter,,0.46235408986478616,openrouter_actual,1,1.0,12792330,5.9145860944,0.0,
5805,1786926002.882086,ours,,0.001,cold_start_fallback,0,0.0,0,0.0,0.0,
5806,1786926002.882086,deepinfra,,1.3,cold_start_fallback,0,0.0,0,0.0,0.0,
5807,1786926301.8335447,friend,,0.001,zai_amortized,0,0.7,689840488,0.0,0.0,
5808,1786926301.851394,ollama_cloud,,0.3403472792684442,zai_amortized,0,0.7,293817539,100.0,0.0,
5809,1786926302.0900702,ppq,deepseek/deepseek-v4-flash,0.06542517205402267,ppq_ledger,1,0.40922674,1560382,0.10208826082,0.0,
5810,1786926302.0900702,ppq,moonshotai/kimi-k3,2.497018421052631,ppq_ledger,1,0.3000133,190,0.00047443349999999997,0.0,
5811,1786926302.0900702,ppq,z-ai/glm-5,1.0743845322771748,ppq_ledger,1,0.5714743499999999,3878205,4.166683465,0.0,
5812,1786926302.0900702,ppq,z-ai/glm-5.2,0.2576523643245763,ppq_ledger,1,1.0,20029486,5.160644424106,0.0,
5813,1786926302.0900702,ppq,,0.37026045252579654,ppq_ledger,1,1.0,25468263,9.429890583426001,0.0,
5814,1786926302.0920794,openrouter,,0.46235408986478616,openrouter_actual,1,1.0,12792330,5.9145860944,0.0,
5815,1786926301.8335416,ours,,0.001,cold_start_fallback,0,0.0,0,0.0,0.0,
5816,1786926301.8335416,deepinfra,,1.3,cold_start_fallback,0,0.0,0,0.0,0.0,
5817,1786926602.6293337,friend,,0.001,zai_amortized,0,0.7,689840488,0.0,0.0,
5818,1786926602.6692724,ollama_cloud,,0.3403472792684442,zai_amortized,0,0.7,293817539,100.0,0.0,
5819,1786926602.9775846,ppq,deepseek/deepseek-v4-flash,0.06542517205402267,ppq_ledger,1,0.40922674,1560382,0.10208826082,0.0,
5820,1786926602.9775846,ppq,moonshotai/kimi-k3,2.497018421052631,ppq_ledger,1,0.3000133,190,0.00047443349999999997,0.0,
5821,1786926602.9775846,ppq,z-ai/glm-5,1.0743845322771748,ppq_ledger,1,0.5714743499999999,3878205,4.166683465,0.0,
5822,1786926602.9775846,ppq,z-ai/glm-5.2,0.2576523643245763,ppq_ledger,1,1.0,20029486,5.160644424106,0.0,
5823,1786926602.9775846,ppq,,0.37026045252579654,ppq_ledger,1,1.0,25468263,9.429890583426001,0.0,
5824,1786926602.9808848,openrouter,,0.46235408986478616,openrouter_actual,1,1.0,12792330,5.9145860944,0.0,
5825,1786926602.62933,ours,,0.001,cold_start_fallback,0,0.0,0,0.0,0.0,
5826,1786926602.62933,deepinfra,,1.3,cold_start_fallback,0,0.0,0,0.0,0.0,
5827,1786926901.8518865,friend,,0.001,zai_amortized,0,0.7,690476783,0.0,0.0,
5828,1786926901.8753166,ollama_cloud,,0.3403472792684442,zai_amortized,0,0.7,293817539,100.0,0.0,
5829,1786926902.0978508,ppq,deepseek/deepseek-v4-flash,0.06542517205402267,ppq_ledger,1,0.40922674,1560382,0.10208826082,0.0,
5830,1786926902.0978508,ppq,moonshotai/kimi-k3,2.497018421052631,ppq_ledger,1,0.3000133,190,0.00047443349999999997,0.0,
5831,1786926902.0978508,ppq,z-ai/glm-5,1.0743845322771748,ppq_ledger,1,0.5714743499999999,3878205,4.166683465,0.0,
5832,1786926902.0978508,ppq,z-ai/glm-5.2,0.2576523643245763,ppq_ledger,1,1.0,20029486,5.160644424106,0.0,
5833,1786926902.0978508,ppq,,0.37026045252579654,ppq_ledger,1,1.0,25468263,9.429890583426001,0.0,
5834,1786926902.0998626,openrouter,,0.46235408986478616,openrouter_actual,1,1.0,12792330,5.9145860944,0.0,
5835,1786926901.851883,ours,,0.001,cold_start_fallback,0,0.0,0,0.0,0.0,
5836,1786926901.851883,deepinfra,,1.3,cold_start_fallback,0,0.0,0,0.0,0.0,
5837,1786927201.7845118,friend,,0.001,zai_amortized,0,0.7,690476783,0.0,0.0,
5838,1786927201.8060513,ollama_cloud,,0.3403472792684442,zai_amortized,0,0.7,293817539,100.0,0.0,
5839,1786927202.0512278,ppq,deepseek/deepseek-v4-flash,0.06542517205402267,ppq_ledger,1,0.40922674,1560382,0.10208826082,0.0,
5840,1786927202.0512278,ppq,moonshotai/kimi-k3,2.497018421052631,ppq_ledger,1,0.3000133,190,0.00047443349999999997,0.0,
5841,1786927202.0512278,ppq,z-ai/glm-5,1.0743845322771748,ppq_ledger,1,0.5714743499999999,3878205,4.166683465,0.0,
5842,1786927202.0512278,ppq,z-ai/glm-5.2,0.2576523643245763,ppq_ledger,1,1.0,20029486,5.160644424106,0.0,
5843,1786927202.0512278,ppq,,0.37026045252579654,ppq_ledger,1,1.0,25468263,9.429890583426001,0.0,
5844,1786927202.0529428,openrouter,,0.46235408986478616,openrouter_actual,1,1.0,12792330,5.9145860944,0.0,
5845,1786927201.7845087,ours,,0.001,cold_start_fallback,0,0.0,0,0.0,0.0,
5846,1786927201.7845087,deepinfra,,1.3,cold_start_fallback,0,0.0,0,0.0,0.0,
5847,1786927502.6293082,friend,,0.001,zai_amortized,0,0.7,690476783,0.0,0.0,
5848,1786927502.6483295,ollama_cloud,,0.3403472792684442,zai_amortized,0,0.7,293817539,100.0,0.0,
5849,1786927502.9048197,ppq,deepseek/deepseek-v4-flash,0.06542517205402267,ppq_ledger,1,0.40922674,1560382,0.10208826082,0.0,
5850,1786927502.9048197,ppq,moonshotai/kimi-k3,2.497018421052631,ppq_ledger,1,0.3000133,190,0.00047443349999999997,0.0,
5851,1786927502.9048197,ppq,z-ai/glm-5,1.0743845322771748,ppq_ledger,1,0.5714743499999999,3878205,4.166683465,0.0,
5852,1786927502.9048197,ppq,z-ai/glm-5.2,0.2576523643245763,ppq_ledger,1,1.0,20029486,5.160644424106,0.0,
5853,1786927502.9048197,ppq,,0.37026045252579654,ppq_ledger,1,1.0,25468263,9.429890583426001,0.0,
5854,1786927502.9068887,openrouter,,0.46235408986478616,openrouter_actual,1,1.0,12792330,5.9145860944,0.0,
5855,1786927502.6293054,ours,,0.001,cold_start_fallback,0,0.0,0,0.0,0.0,
5856,1786927502.6293054,deepinfra,,1.3,cold_start_fallback,0,0.0,0,0.0,0.0,
5857,1786927802.2916603,friend,,0.001,zai_amortized,0,0.7,690476783,0.0,0.0,
5858,1786927802.3241086,ollama_cloud,,0.3403472792684442,zai_amortized,0,0.7,293817539,100.0,0.0,
5859,1786927802.5920892,ppq,deepseek/deepseek-v4-flash,0.06542517205402267,ppq_ledger,1,0.40922674,1560382,0.10208826082,0.0,
5860,1786927802.5920892,ppq,moonshotai/kimi-k3,2.497018421052631,ppq_ledger,1,0.3000133,190,0.00047443349999999997,0.0,
5861,1786927802.5920892,ppq,z-ai/glm-5,1.0743845322771748,ppq_ledger,1,0.5714743499999999,3878205,4.166683465,0.0,
5862,1786927802.5920892,ppq,z-ai/glm-5.2,0.2576523643245763,ppq_ledger,1,1.0,20029486,5.160644424106,0.0,
5863,1786927802.5920892,ppq,,0.37026045252579654,ppq_ledger,1,1.0,25468263,9.429890583426001,0.0,
5864,1786927802.5939472,openrouter,,0.46235408986478616,openrouter_actual,1,1.0,12792330,5.9145860944,0.0,
5865,1786927802.2916572,ours,,0.001,cold_start_fallback,0,0.0,0,0.0,0.0,
5866,1786927802.2916572,deepinfra,,1.3,cold_start_fallback,0,0.0,0,0.0,0.0,
5867,1786928102.4899533,friend,,0.001,zai_amortized,0,0.7,690476783,0.0,0.0,
5868,1786928102.5078313,ollama_cloud,,0.3403472792684442,zai_amortized,0,0.7,293817539,100.0,0.0,
5869,1786928102.748117,ppq,deepseek/deepseek-v4-flash,0.06542517205402267,ppq_ledger,1,0.40922674,1560382,0.10208826082,0.0,
5870,1786928102.748117,ppq,moonshotai/kimi-k3,2.497018421052631,ppq_ledger,1,0.3000133,190,0.00047443349999999997,0.0,
5871,1786928102.748117,ppq,z-ai/glm-5,1.0743845322771748,ppq_ledger,1,0.5714743499999999,3878205,4.166683465,0.0,
5872,1786928102.748117,ppq,z-ai/glm-5.2,0.2576523643245763,ppq_ledger,1,1.0,20029486,5.160644424106,0.0,
5873,1786928102.748117,ppq,,0.37026045252579654,ppq_ledger,1,1.0,25468263,9.429890583426001,0.0,
5874,1786928102.7499504,openrouter,,0.46235408986478616,openrouter_actual,1,1.0,12792330,5.9145860944,0.0,
5875,1786928102.4899497,ours,,0.001,cold_start_fallback,0,0.0,0,0.0,0.0,
5876,1786928102.4899497,deepinfra,,1.3,cold_start_fallback,0,0.0,0,0.0,0.0,
5877,1786928402.3587842,friend,,0.001,zai_amortized,0,0.7,690476783,0.0,0.0,
5878,1786928402.398876,ollama_cloud,,0.3403472792684442,zai_amortized,0,0.7,293817539,100.0,0.0,
5879,1786928402.7106202,ppq,deepseek/deepseek-v4-flash,0.06542517205402267,ppq_ledger,1,0.40922674,1560382,0.10208826082,0.0,
5880,1786928402.7106202,ppq,moonshotai/kimi-k3,2.497018421052631,ppq_ledger,1,0.3000133,190,0.00047443349999999997,0.0,
5881,1786928402.7106202,ppq,z-ai/glm-5,1.0743845322771748,ppq_ledger,1,0.5714743499999999,3878205,4.166683465,0.0,
5882,1786928402.7106202,ppq,z-ai/glm-5.2,0.2576523643245763,ppq_ledger,1,1.0,20029486,5.160644424106,0.0,
5883,1786928402.7106202,ppq,,0.37026045252579654,ppq_ledger,1,1.0,25468263,9.429890583426001,0.0,
5884,1786928402.7127006,openrouter,,0.46235408986478616,openrouter_actual,1,1.0,12792330,5.9145860944,0.0,
5885,1786928402.3587806,ours,,0.001,cold_start_fallback,0,0.0,0,0.0,0.0,
5886,1786928402.3587806,deepinfra,,1.3,cold_start_fallback,0,0.0,0,0.0,0.0,
5887,1786928702.1817722,friend,,0.001,zai_amortized,0,0.7,690476783,0.0,0.0,
5888,1786928702.2207332,ollama_cloud,,0.3403472792684442,zai_amortized,0,0.7,293817539,100.0,0.0,
5889,1786928702.5074046,ppq,deepseek/deepseek-v4-flash,0.06542517205402267,ppq_ledger,1,0.40922674,1560382,0.10208826082,0.0,
5890,1786928702.5074046,ppq,moonshotai/kimi-k3,2.497018421052631,ppq_ledger,1,0.3000133,190,0.00047443349999999997,0.0,
5891,1786928702.5074046,ppq,z-ai/glm-5,1.0743845322771748,ppq_ledger,1,0.5714743499999999,3878205,4.166683465,0.0,
5892,1786928702.5074046,ppq,z-ai/glm-5.2,0.2576523643245763,ppq_ledger,1,1.0,20029486,5.160644424106,0.0,
5893,1786928702.5074046,ppq,,0.37026045252579654,ppq_ledger,1,1.0,25468263,9.429890583426001,0.0,
5894,1786928702.5093343,openrouter,,0.46235408986478616,openrouter_actual,1,1.0,12792330,5.9145860944,0.0,
5895,1786928702.1817691,ours,,0.001,cold_start_fallback,0,0.0,0,0.0,0.0,
5896,1786928702.1817691,deepinfra,,1.3,cold_start_fallback,0,0.0,0,0.0,0.0,
5897,1786929001.7000828,friend,,0.001,zai_amortized,0,0.7,690476783,0.0,0.0,
5898,1786929001.736668,ollama_cloud,,0.3403472792684442,zai_amortized,0,0.7,293817539,100.0,0.0,
5899,1786929002.0116303,ppq,deepseek/deepseek-v4-flash,0.06542517205402267,ppq_ledger,1,0.40922674,1560382,0.10208826082,0.0,
5900,1786929002.0116303,ppq,moonshotai/kimi-k3,2.497018421052631,ppq_ledger,1,0.3000133,190,0.00047443349999999997,0.0,
5901,1786929002.0116303,ppq,z-ai/glm-5,1.0743845322771748,ppq_ledger,1,0.5714743499999999,3878205,4.166683465,0.0,
5902,1786929002.0116303,ppq,z-ai/glm-5.2,0.2576523643245763,ppq_ledger,1,1.0,20029486,5.160644424106,0.0,
5903,1786929002.0116303,ppq,,0.37026045252579654,ppq_ledger,1,1.0,25468263,9.429890583426001,0.0,
5904,1786929002.0139558,openrouter,,0.46235408986478616,openrouter_actual,1,1.0,12792330,5.9145860944,0.0,
5905,1786929001.7000797,ours,,0.001,cold_start_fallback,0,0.0,0,0.0,0.0,
5906,1786929001.7000797,deepinfra,,1.3,cold_start_fallback,0,0.0,0,0.0,0.0,
5907,1786929302.252384,friend,,0.001,zai_amortized,0,0.7,690476783,0.0,0.0,
5908,1786929302.2966056,ollama_cloud,,0.3403472792684442,zai_amortized,0,0.7,293817539,100.0,0.0,
5909,1786929302.5487342,ppq,deepseek/deepseek-v4-flash,0.06542517205402267,ppq_ledger,1,0.40922674,1560382,0.10208826082,0.0,
5910,1786929302.5487342,ppq,moonshotai/kimi-k3,2.497018421052631,ppq_ledger,1,0.3000133,190,0.00047443349999999997,0.0,
5911,1786929302.5487342,ppq,z-ai/glm-5,1.0743845322771748,ppq_ledger,1,0.5714743499999999,3878205,4.166683465,0.0,
5912,1786929302.5487342,ppq,z-ai/glm-5.2,0.2576523643245763,ppq_ledger,1,1.0,20029486,5.160644424106,0.0,
5913,1786929302.5487342,ppq,,0.37026045252579654,ppq_ledger,1,1.0,25468263,9.429890583426001,0.0,
5914,1786929302.5506947,openrouter,,0.46235408986478616,openrouter_actual,1,1.0,12792330,5.9145860944,0.0,
5915,1786929302.2523808,ours,,0.001,cold_start_fallback,0,0.0,0,0.0,0.0,
5916,1786929302.2523808,deepinfra,,1.3,cold_start_fallback,0,0.0,0,0.0,0.0,
5917,1786929601.7791219,friend,,0.001,zai_amortized,0,0.7,690476783,0.0,0.0,
5918,1786929601.7977142,ollama_cloud,,0.3403472792684442,zai_amortized,0,0.7,293817539,100.0,0.0,
5919,1786929602.0545857,ppq,deepseek/deepseek-v4-flash,0.06542517205402267,ppq_ledger,1,0.40922674,1560382,0.10208826082,0.0,
5920,1786929602.0545857,ppq,moonshotai/kimi-k3,2.497018421052631,ppq_ledger,1,0.3000133,190,0.00047443349999999997,0.0,
5921,1786929602.0545857,ppq,z-ai/glm-5,1.0743845322771748,ppq_ledger,1,0.5714743499999999,3878205,4.166683465,0.0,
5922,1786929602.0545857,ppq,z-ai/glm-5.2,0.2576523643245763,ppq_ledger,1,1.0,20029486,5.160644424106,0.0,
5923,1786929602.0545857,ppq,,0.37026045252579654,ppq_ledger,1,1.0,25468263,9.429890583426001,0.0,
5924,1786929602.05659,openrouter,,0.46235408986478616,openrouter_actual,1,1.0,12792330,5.9145860944,0.0,
5925,1786929601.7791183,ours,,0.001,cold_start_fallback,0,0.0,0,0.0,0.0,
5926,1786929601.7791183,deepinfra,,1.3,cold_start_fallback,0,0.0,0,0.0,0.0,
5927,1786929902.5092733,friend,,0.001,zai_amortized,0,0.7,690476783,0.0,0.0,
5928,1786929902.5288208,ollama_cloud,,0.3403472792684442,zai_amortized,0,0.7,293817539,100.0,0.0,
5929,1786929902.7861195,ppq,deepseek/deepseek-v4-flash,0.06542517205402267,ppq_ledger,1,0.40922674,1560382,0.10208826082,0.0,
5930,1786929902.7861195,ppq,moonshotai/kimi-k3,2.497018421052631,ppq_ledger,1,0.3000133,190,0.00047443349999999997,0.0,
5931,1786929902.7861195,ppq,z-ai/glm-5,1.0743845322771748,ppq_ledger,1,0.5714743499999999,3878205,4.166683465,0.0,
5932,1786929902.7861195,ppq,z-ai/glm-5.2,0.2576523643245763,ppq_ledger,1,1.0,20029486,5.160644424106,0.0,
5933,1786929902.7861195,ppq,,0.37026045252579654,ppq_ledger,1,1.0,25468263,9.429890583426001,0.0,
5934,1786929902.7906108,openrouter,,0.46235408986478616,openrouter_actual,1,1.0,12792330,5.9145860944,0.0,
5935,1786929902.509269,ours,,0.001,cold_start_fallback,0,0.0,0,0.0,0.0,
5936,1786929902.509269,deepinfra,,1.3,cold_start_fallback,0,0.0,0,0.0,0.0,
5937,1786930202.547873,friend,,0.001,zai_amortized,0,0.7,690476783,0.0,0.0,
5938,1786930202.5691504,ollama_cloud,,0.3403472792684442,zai_amortized,0,0.7,293817539,100.0,0.0,
5939,1786930202.8224397,ppq,deepseek/deepseek-v4-flash,0.06542517205402267,ppq_ledger,1,0.40922674,1560382,0.10208826082,0.0,
5940,1786930202.8224397,ppq,moonshotai/kimi-k3,2.497018421052631,ppq_ledger,1,0.3000133,190,0.00047443349999999997,0.0,
5941,1786930202.8224397,ppq,z-ai/glm-5,1.0743845322771748,ppq_ledger,1,0.5714743499999999,3878205,4.166683465,0.0,
5942,1786930202.8224397,ppq,z-ai/glm-5.2,0.2576523643245763,ppq_ledger,1,1.0,20029486,5.160644424106,0.0,
5943,1786930202.8224397,ppq,,0.37026045252579654,ppq_ledger,1,1.0,25468263,9.429890583426001,0.0,
5944,1786930202.8328764,openrouter,,0.46235408986478616,openrouter_actual,1,1.0,12792330,5.9145860944,0.0,
5945,1786930202.5478704,ours,,0.001,cold_start_fallback,0,0.0,0,0.0,0.0,
5946,1786930202.5478704,deepinfra,,1.3,cold_start_fallback,0,0.0,0,0.0,0.0,
5947,1786930502.0493648,friend,,0.001,zai_amortized,0,0.7,690696115,0.0,0.0,
5948,1786930502.08242,ollama_cloud,,0.3403472792684442,zai_amortized,0,0.7,293817539,100.0,0.0,
5949,1786930502.3138788,ppq,deepseek/deepseek-v4-flash,0.06542517205402267,ppq_ledger,1,0.40922674,1560382,0.10208826082,0.0,
5950,1786930502.3138788,ppq,moonshotai/kimi-k3,2.497018421052631,ppq_ledger,1,0.3000133,190,0.00047443349999999997,0.0,
5951,1786930502.3138788,ppq,z-ai/glm-5,1.0743845322771748,ppq_ledger,1,0.5714743499999999,3878205,4.166683465,0.0,
5952,1786930502.3138788,ppq,z-ai/glm-5.2,0.2576523643245763,ppq_ledger,1,1.0,20029486,5.160644424106,0.0,
5953,1786930502.3138788,ppq,,0.37026045252579654,ppq_ledger,1,1.0,25468263,9.429890583426001,0.0,
5954,1786930502.316107,openrouter,,0.46235408986478616,openrouter_actual,1,1.0,12792330,5.9145860944,0.0,
5955,1786930502.0493624,ours,,0.001,cold_start_fallback,0,0.0,0,0.0,0.0,
5956,1786930502.0493624,deepinfra,,1.3,cold_start_fallback,0,0.0,0,0.0,0.0,
5957,1786930801.9915442,friend,,0.001,zai_amortized,0,0.7,690740152,0.0,0.0,
5958,1786930802.0083447,ollama_cloud,,0.3403472792684442,zai_amortized,0,0.7,293817539,100.0,0.0,
5959,1786930802.24374,ppq,deepseek/deepseek-v4-flash,0.06542517205402267,ppq_ledger,1,0.40922674,1560382,0.10208826082,0.0,
5960,1786930802.24374,ppq,moonshotai/kimi-k3,2.497018421052631,ppq_ledger,1,0.3000133,190,0.00047443349999999997,0.0,
5961,1786930802.24374,ppq,z-ai/glm-5,1.0743845322771748,ppq_ledger,1,0.5714743499999999,3878205,4.166683465,0.0,
5962,1786930802.24374,ppq,z-ai/glm-5.2,0.2576523643245763,ppq_ledger,1,1.0,20029486,5.160644424106,0.0,
5963,1786930802.24374,ppq,,0.37026045252579654,ppq_ledger,1,1.0,25468263,9.429890583426001,0.0,
5964,1786930802.2448869,openrouter,,0.46235408986478616,openrouter_actual,1,1.0,12792330,5.9145860944,0.0,
5965,1786930801.991542,ours,,0.001,cold_start_fallback,0,0.0,0,0.0,0.0,
5966,1786930801.991542,deepinfra,,1.3,cold_start_fallback,0,0.0,0,0.0,0.0,
5967,1786931101.9438405,friend,,0.001,zai_amortized,0,0.7,690740152,0.0,0.0,
5968,1786931101.9657652,ollama_cloud,,0.3403472792684442,zai_amortized,0,0.7,293817539,100.0,0.0,
5969,1786931102.2122252,ppq,deepseek/deepseek-v4-flash,0.06542517205402267,ppq_ledger,1,0.40922674,1560382,0.10208826082,0.0,
5970,1786931102.2122252,ppq,moonshotai/kimi-k3,2.497018421052631,ppq_ledger,1,0.3000133,190,0.00047443349999999997,0.0,
5971,1786931102.2122252,ppq,z-ai/glm-5,1.0743845322771748,ppq_ledger,1,0.5714743499999999,3878205,4.166683465,0.0,
5972,1786931102.2122252,ppq,z-ai/glm-5.2,0.2576523643245763,ppq_ledger,1,1.0,20029486,5.160644424106,0.0,
5973,1786931102.2122252,ppq,,0.37026045252579654,ppq_ledger,1,1.0,25468263,9.429890583426001,0.0,
5974,1786931102.2136467,openrouter,,0.46235408986478616,openrouter_actual,1,1.0,12792330,5.9145860944,0.0,
5975,1786931101.9438357,ours,,0.001,cold_start_fallback,0,0.0,0,0.0,0.0,
5976,1786931101.9438357,deepinfra,,1.3,cold_start_fallback,0,0.0,0,0.0,0.0,
5977,1786931402.6604187,friend,,0.001,zai_amortized,0,0.7,690740152,0.0,0.0,
5978,1786931402.6970558,ollama_cloud,,0.3403472792684442,zai_amortized,0,0.7,293817539,100.0,0.0,
5979,1786931403.2692308,ppq,deepseek/deepseek-v4-flash,0.06542517205402267,ppq_ledger,1,0.40922674,1560382,0.10208826082,0.0,
5980,1786931403.2692308,ppq,moonshotai/kimi-k3,2.497018421052631,ppq_ledger,1,0.3000133,190,0.00047443349999999997,0.0,
5981,1786931403.2692308,ppq,z-ai/glm-5,1.0743845322771748,ppq_ledger,1,0.5714743499999999,3878205,4.166683465,0.0,
5982,1786931403.2692308,ppq,z-ai/glm-5.2,0.2576523643245763,ppq_ledger,1,1.0,20029486,5.160644424106,0.0,
5983,1786931403.2692308,ppq,,0.37026045252579654,ppq_ledger,1,1.0,25468263,9.429890583426001,0.0,
5984,1786931403.2710927,openrouter,,0.46235408986478616,openrouter_actual,1,1.0,12792330,5.9145860944,0.0,
5985,1786931402.6604154,ours,,0.001,cold_start_fallback,0,0.0,0,0.0,0.0,
5986,1786931402.6604154,deepinfra,,1.3,cold_start_fallback,0,0.0,0,0.0,0.0,
5987,1786931701.654575,friend,,0.001,zai_amortized,0,0.7,690740152,0.0,0.0,
5988,1786931701.6734407,ollama_cloud,,0.3403472792684442,zai_amortized,0,0.7,293817539,100.0,0.0,
5989,1786931701.9186938,ppq,deepseek/deepseek-v4-flash,0.06542517205402267,ppq_ledger,1,0.40922674,1560382,0.10208826082,0.0,
5990,1786931701.9186938,ppq,moonshotai/kimi-k3,2.497018421052631,ppq_ledger,1,0.3000133,190,0.00047443349999999997,0.0,
5991,1786931701.9186938,ppq,z-ai/glm-5,1.0743845322771748,ppq_ledger,1,0.5714743499999999,3878205,4.166683465,0.0,
5992,1786931701.9186938,ppq,z-ai/glm-5.2,0.2576523643245763,ppq_ledger,1,1.0,20029486,5.160644424106,0.0,
5993,1786931701.9186938,ppq,,0.37026045252579654,ppq_ledger,1,1.0,25468263,9.429890583426001,0.0,
5994,1786931701.9199595,openrouter,,0.46235408986478616,openrouter_actual,1,1.0,12792330,5.9145860944,0.0,
5995,1786931701.6545727,ours,,0.001,cold_start_fallback,0,0.0,0,0.0,0.0,
5996,1786931701.6545727,deepinfra,,1.3,cold_start_fallback,0,0.0,0,0.0,0.0,
5997,1786932002.5018964,friend,,0.001,zai_amortized,0,0.7,690740152,0.0,0.0,
5998,1786932002.5187783,ollama_cloud,,0.3403472792684442,zai_amortized,0,0.7,293817539,100.0,0.0,
5999,1786932002.7862303,ppq,deepseek/deepseek-v4-flash,0.06542517205402267,ppq_ledger,1,0.40922674,1560382,0.10208826082,0.0,
6000,1786932002.7862303,ppq,moonshotai/kimi-k3,2.497018421052631,ppq_ledger,1,0.3000133,190,0.00047443349999999997,0.0,
6001,1786932002.7862303,ppq,z-ai/glm-5,1.0743845322771748,ppq_ledger,1,0.5714743499999999,3878205,4.166683465,0.0,
6002,1786932002.7862303,ppq,z-ai/glm-5.2,0.2576523643245763,ppq_ledger,1,1.0,20029486,5.160644424106,0.0,
6003,1786932002.7862303,ppq,,0.37026045252579654,ppq_ledger,1,1.0,25468263,9.429890583426001,0.0,
6004,1786932002.7942748,openrouter,,0.46235408986478616,openrouter_actual,1,1.0,12792330,5.9145860944,0.0,
6005,1786932002.5018933,ours,,0.001,cold_start_fallback,0,0.0,0,0.0,0.0,
6006,1786932002.5018933,deepinfra,,1.3,cold_start_fallback,0,0.0,0,0.0,0.0,
6007,1786932302.2202559,friend,,0.001,zai_amortized,0,0.7,690740152,0.0,0.0,
6008,1786932302.2390726,ollama_cloud,,0.3403472792684442,zai_amortized,0,0.7,293817539,100.0,0.0,
6009,1786932302.4741561,ppq,deepseek/deepseek-v4-flash,0.06542517205402267,ppq_ledger,1,0.40922674,1560382,0.10208826082,0.0,
6010,1786932302.4741561,ppq,moonshotai/kimi-k3,2.497018421052631,ppq_ledger,1,0.3000133,190,0.00047443349999999997,0.0,
6011,1786932302.4741561,ppq,z-ai/glm-5,1.0743845322771748,ppq_ledger,1,0.5714743499999999,3878205,4.166683465,0.0,
6012,1786932302.4741561,ppq,z-ai/glm-5.2,0.2576523643245763,ppq_ledger,1,1.0,20029486,5.160644424106,0.0,
6013,1786932302.4741561,ppq,,0.37026045252579654,ppq_ledger,1,1.0,25468263,9.429890583426001,0.0,
6014,1786932302.4763377,openrouter,,0.46235408986478616,openrouter_actual,1,1.0,12792330,5.9145860944,0.0,
6015,1786932302.220253,ours,,0.001,cold_start_fallback,0,0.0,0,0.0,0.0,
6016,1786932302.220253,deepinfra,,1.3,cold_start_fallback,0,0.0,0,0.0,0.0,
6017,1786932602.1232882,friend,,0.001,zai_amortized,0,0.7,690740152,0.0,0.0,
6018,1786932602.1429632,ollama_cloud,,0.3403472792684442,zai_amortized,0,0.7,293817539,100.0,0.0,
6019,1786932602.419725,ppq,deepseek/deepseek-v4-flash,0.06542517205402267,ppq_ledger,1,0.40922674,1560382,0.10208826082,0.0,
6020,1786932602.419725,ppq,moonshotai/kimi-k3,2.497018421052631,ppq_ledger,1,0.3000133,190,0.00047443349999999997,0.0,
6021,1786932602.419725,ppq,z-ai/glm-5,1.0743845322771748,ppq_ledger,1,0.5714743499999999,3878205,4.166683465,0.0,
6022,1786932602.419725,ppq,z-ai/glm-5.2,0.2576523643245763,ppq_ledger,1,1.0,20029486,5.160644424106,0.0,
6023,1786932602.419725,ppq,,0.37026045252579654,ppq_ledger,1,1.0,25468263,9.429890583426001,0.0,
6024,1786932602.4215322,openrouter,,0.46235408986478616,openrouter_actual,1,1.0,12792330,5.9145860944,0.0,
6025,1786932602.1232848,ours,,0.001,cold_start_fallback,0,0.0,0,0.0,0.0,
6026,1786932602.1232848,deepinfra,,1.3,cold_start_fallback,0,0.0,0,0.0,0.0,
6027,1786932902.5412376,friend,,0.001,zai_amortized,0,0.7,690740152,0.0,0.0,
6028,1786932902.5726197,ollama_cloud,,0.3403472792684442,zai_amortized,0,0.7,293817539,100.0,0.0,
6029,1786932902.8300073,ppq,deepseek/deepseek-v4-flash,0.06542517205402267,ppq_ledger,1,0.40922674,1560382,0.10208826082,0.0,
6030,1786932902.8300073,ppq,moonshotai/kimi-k3,2.497018421052631,ppq_ledger,1,0.3000133,190,0.00047443349999999997,0.0,
6031,1786932902.8300073,ppq,z-ai/glm-5,1.0743845322771748,ppq_ledger,1,0.5714743499999999,3878205,4.166683465,0.0,
6032,1786932902.8300073,ppq,z-ai/glm-5.2,0.2576523643245763,ppq_ledger,1,1.0,20029486,5.160644424106,0.0,
6033,1786932902.8300073,ppq,,0.37026045252579654,ppq_ledger,1,1.0,25468263,9.429890583426001,0.0,
6034,1786932902.84025,openrouter,,0.46235408986478616,openrouter_actual,1,1.0,12792330,5.9145860944,0.0,
6035,1786932902.5412345,ours,,0.001,cold_start_fallback,0,0.0,0,0.0,0.0,
6036,1786932902.5412345,deepinfra,,1.3,cold_start_fallback,0,0.0,0,0.0,0.0,
6037,1786933201.668089,friend,,0.001,zai_amortized,0,0.7,690740152,0.0,0.0,
6038,1786933201.6797152,ollama_cloud,,0.3403472792684442,zai_amortized,0,0.7,293817539,100.0,0.0,
6039,1786933201.9052954,ppq,deepseek/deepseek-v4-flash,0.06542517205402267,ppq_ledger,1,0.40922674,1560382,0.10208826082,0.0,
6040,1786933201.9052954,ppq,moonshotai/kimi-k3,2.497018421052631,ppq_ledger,1,0.3000133,190,0.00047443349999999997,0.0,
6041,1786933201.9052954,ppq,z-ai/glm-5,1.0743845322771748,ppq_ledger,1,0.5714743499999999,3878205,4.166683465,0.0,
6042,1786933201.9052954,ppq,z-ai/glm-5.2,0.2576523643245763,ppq_ledger,1,1.0,20029486,5.160644424106,0.0,
6043,1786933201.9052954,ppq,,0.37026045252579654,ppq_ledger,1,1.0,25468263,9.429890583426001,0.0,
6044,1786933201.9070718,openrouter,,0.46235408986478616,openrouter_actual,1,1.0,12792330,5.9145860944,0.0,
6045,1786933201.668086,ours,,0.001,cold_start_fallback,0,0.0,0,0.0,0.0,
6046,1786933201.668086,deepinfra,,1.3,cold_start_fallback,0,0.0,0,0.0,0.0,
6047,1786933502.2483916,friend,,0.001,zai_amortized,0,0.7,690740152,0.0,0.0,
6048,1786933502.2710137,ollama_cloud,,0.3403472792684442,zai_amortized,0,0.7,293817539,100.0,0.0,
6049,1786933502.5158458,ppq,deepseek/deepseek-v4-flash,0.06542517205402267,ppq_ledger,1,0.40922674,1560382,0.10208826082,0.0,
6050,1786933502.5158458,ppq,moonshotai/kimi-k3,2.497018421052631,ppq_ledger,1,0.3000133,190,0.00047443349999999997,0.0,
6051,1786933502.5158458,ppq,z-ai/glm-5,1.0743845322771748,ppq_ledger,1,0.5714743499999999,3878205,4.166683465,0.0,
6052,1786933502.5158458,ppq,z-ai/glm-5.2,0.2576523643245763,ppq_ledger,1,1.0,20029486,5.160644424106,0.0,
6053,1786933502.5158458,ppq,,0.37026045252579654,ppq_ledger,1,1.0,25468263,9.429890583426001,0.0,
6054,1786933502.5171022,openrouter,,0.46235408986478616,openrouter_actual,1,1.0,12792330,5.9145860944,0.0,
6055,1786933502.2483885,ours,,0.001,cold_start_fallback,0,0.0,0,0.0,0.0,
6056,1786933502.2483885,deepinfra,,1.3,cold_start_fallback,0,0.0,0,0.0,0.0,
6057,1786933802.5555143,friend,,0.001,zai_amortized,0,0.7,690740152,0.0,0.0,
6058,1786933802.6252534,ollama_cloud,,0.3403472792684442,zai_amortized,0,0.7,293817539,100.0,0.0,
6059,1786933802.9588559,ppq,deepseek/deepseek-v4-flash,0.06542517205402267,ppq_ledger,1,0.40922674,1560382,0.10208826082,0.0,
6060,1786933802.9588559,ppq,moonshotai/kimi-k3,2.497018421052631,ppq_ledger,1,0.3000133,190,0.00047443349999999997,0.0,
6061,1786933802.9588559,ppq,z-ai/glm-5,1.0743845322771748,ppq_ledger,1,0.5714743499999999,3878205,4.166683465,0.0,
6062,1786933802.9588559,ppq,z-ai/glm-5.2,0.2576523643245763,ppq_ledger,1,1.0,20029486,5.160644424106,0.0,
6063,1786933802.9588559,ppq,,0.37026045252579654,ppq_ledger,1,1.0,25468263,9.429890583426001,0.0,
6064,1786933802.967111,openrouter,,0.46235408986478616,openrouter_actual,1,1.0,12792330,5.9145860944,0.0,
6065,1786933802.555511,ours,,0.001,cold_start_fallback,0,0.0,0,0.0,0.0,
6066,1786933802.555511,deepinfra,,1.3,cold_start_fallback,0,0.0,0,0.0,0.0,
6067,1786934101.8853848,friend,,0.001,zai_amortized,0,0.7,690754665,0.0,0.0,
6068,1786934101.9037375,ollama_cloud,,0.3403472792684442,zai_amortized,0,0.7,293817539,100.0,0.0,
6069,1786934102.129702,ppq,deepseek/deepseek-v4-flash,0.06542517205402267,ppq_ledger,1,0.40922674,1560382,0.10208826082,0.0,
6070,1786934102.129702,ppq,moonshotai/kimi-k3,2.497018421052631,ppq_ledger,1,0.3000133,190,0.00047443349999999997,0.0,
6071,1786934102.129702,ppq,z-ai/glm-5,1.0743845322771748,ppq_ledger,1,0.5714743499999999,3878205,4.166683465,0.0,
6072,1786934102.129702,ppq,z-ai/glm-5.2,0.2576523643245763,ppq_ledger,1,1.0,20029486,5.160644424106,0.0,
6073,1786934102.129702,ppq,,0.37026045252579654,ppq_ledger,1,1.0,25468263,9.429890583426001,0.0,
6074,1786934102.130817,openrouter,,0.4631521625118696,openrouter_actual,1,1.0,12806843,5.931517030399999,0.0,
6075,1786934101.8853815,ours,,0.001,cold_start_fallback,0,0.0,0,0.0,0.0,
6076,1786934101.8853815,deepinfra,,1.3,cold_start_fallback,0,0.0,0,0.0,0.0,
6077,1786934402.4238305,friend,,0.001,zai_amortized,0,0.7,690813449,0.0,0.0,
6078,1786934402.4422996,ollama_cloud,,0.3403472792684442,zai_amortized,0,0.7,293817539,100.0,0.0,
6079,1786934402.9544494,ppq,deepseek/deepseek-v4-flash,0.06542517205402267,ppq_ledger,1,0.40922674,1560382,0.10208826082,0.0,
6080,1786934402.9544494,ppq,moonshotai/kimi-k3,2.497018421052631,ppq_ledger,1,0.3000133,190,0.00047443349999999997,0.0,
6081,1786934402.9544494,ppq,z-ai/glm-5,1.0743845322771748,ppq_ledger,1,0.5714743499999999,3878205,4.166683465,0.0,
6082,1786934402.9544494,ppq,z-ai/glm-5.2,0.2576523643245763,ppq_ledger,1,1.0,20029486,5.160644424106,0.0,
6083,1786934402.9544494,ppq,,0.37026045252579654,ppq_ledger,1,1.0,25468263,9.429890583426001,0.0,
6084,1786934402.9555922,openrouter,,0.4647237461818616,openrouter_actual,1,1.0,12892081,5.9912561784,0.0,
6085,1786934402.4238281,ours,,0.001,cold_start_fallback,0,0.0,0,0.0,0.0,
6086,1786934402.4238281,deepinfra,,1.3,cold_start_fallback,0,0.0,0,0.0,0.0,
6087,1786934702.6637342,friend,,0.001,zai_amortized,0,0.7,690813449,0.0,0.0,
6088,1786934702.7107766,ollama_cloud,,0.3403472792684442,zai_amortized,0,0.7,293817539,100.0,0.0,
6089,1786934702.9304745,ppq,deepseek/deepseek-v4-flash,0.06542517205402267,ppq_ledger,1,0.40922674,1560382,0.10208826082,0.0,
6090,1786934702.9304745,ppq,moonshotai/kimi-k3,2.497018421052631,ppq_ledger,1,0.3000133,190,0.00047443349999999997,0.0,
6091,1786934702.9304745,ppq,z-ai/glm-5,1.0743845322771748,ppq_ledger,1,0.5714743499999999,3878205,4.166683465,0.0,
6092,1786934702.9304745,ppq,z-ai/glm-5.2,0.2576523643245763,ppq_ledger,1,1.0,20029486,5.160644424106,0.0,
6093,1786934702.9304745,ppq,,0.37026045252579654,ppq_ledger,1,1.0,25468263,9.429890583426001,0.0,
6094,1786934702.9316056,openrouter,,0.4647237461818616,openrouter_actual,1,1.0,12892081,5.9912561784,0.0,
6095,1786934702.6637316,ours,,0.001,cold_start_fallback,0,0.0,0,0.0,0.0,
6096,1786934702.6637316,deepinfra,,1.3,cold_start_fallback,0,0.0,0,0.0,0.0,
6097,1786935001.8277712,friend,,0.001,zai_amortized,0,0.7,690828399,0.0,0.0,
6098,1786935001.8489137,ollama_cloud,,0.3403472792684442,zai_amortized,0,0.7,293817539,100.0,0.0,
6099,1786935002.0805445,ppq,deepseek/deepseek-v4-flash,0.06542517205402267,ppq_ledger,1,0.40922674,1560382,0.10208826082,0.0,
6100,1786935002.0805445,ppq,moonshotai/kimi-k3,2.497018421052631,ppq_ledger,1,0.3000133,190,0.00047443349999999997,0.0,
6101,1786935002.0805445,ppq,z-ai/glm-5,1.0743845322771748,ppq_ledger,1,0.5714743499999999,3878205,4.166683465,0.0,
6102,1786935002.0805445,ppq,z-ai/glm-5.2,0.2576523643245763,ppq_ledger,1,1.0,20029486,5.160644424106,0.0,
6103,1786935002.0805445,ppq,,0.37026045252579654,ppq_ledger,1,1.0,25468263,9.429890583426001,0.0,
6104,1786935002.082216,openrouter,,0.4648638543132034,openrouter_actual,1,1.0,12907031,6.0000121784,0.0,
6105,1786935001.8277686,ours,,0.001,cold_start_fallback,0,0.0,0,0.0,0.0,
6106,1786935001.8277686,deepinfra,,1.3,cold_start_fallback,0,0.0,0,0.0,0.0,
6107,1786935302.4117858,friend,,0.001,zai_amortized,0,0.7,690851272,0.0,0.0,
6108,1786935302.428202,ollama_cloud,,0.3403472792684442,zai_amortized,0,0.7,293817539,100.0,0.0,
6109,1786935302.6477923,ppq,deepseek/deepseek-v4-flash,0.06542517205402267,ppq_ledger,1,0.40922674,1560382,0.10208826082,0.0,
6110,1786935302.6477923,ppq,moonshotai/kimi-k3,2.497018421052631,ppq_ledger,1,0.3000133,190,0.00047443349999999997,0.0,
6111,1786935302.6477923,ppq,z-ai/glm-5,1.0743845322771748,ppq_ledger,1,0.5714743499999999,3878205,4.166683465,0.0,
6112,1786935302.6477923,ppq,z-ai/glm-5.2,0.2576523643245763,ppq_ledger,1,1.0,20029486,5.160644424106,0.0,
6113,1786935302.6477923,ppq,,0.37026045252579654,ppq_ledger,1,1.0,25468263,9.429890583426001,0.0,
6114,1786935302.6488447,openrouter,,0.464921050334171,openrouter_actual,1,1.0,12929904,6.0113845484,0.0,
6115,1786935302.4117832,ours,,0.001,cold_start_fallback,0,0.0,0,0.0,0.0,
6116,1786935302.4117832,deepinfra,,1.3,cold_start_fallback,0,0.0,0,0.0,0.0,
6117,1786935602.0664625,friend,,0.001,zai_amortized,0,0.7,690869865,0.0,0.0,
6118,1786935602.0839663,ollama_cloud,,0.3403472792684442,zai_amortized,0,0.7,293817539,100.0,0.0,
6119,1786935602.3071544,ppq,deepseek/deepseek-v4-flash,0.06542517205402267,ppq_ledger,1,0.40922674,1560382,0.10208826082,0.0,
6120,1786935602.3071544,ppq,moonshotai/kimi-k3,2.497018421052631,ppq_ledger,1,0.3000133,190,0.00047443349999999997,0.0,
6121,1786935602.3071544,ppq,z-ai/glm-5,1.0743845322771748,ppq_ledger,1,0.5714743499999999,3878205,4.166683465,0.0,
6122,1786935602.3071544,ppq,z-ai/glm-5.2,0.2576523643245763,ppq_ledger,1,1.0,20029486,5.160644424106,0.0,
6123,1786935602.3071544,ppq,,0.37026045252579654,ppq_ledger,1,1.0,25468263,9.429890583426001,0.0,
6124,1786935602.309085,openrouter,,0.46463874366268143,openrouter_actual,1,1.0,12948497,6.016373378399999,0.0,
6125,1786935602.0664592,ours,,0.001,cold_start_fallback,0,0.0,0,0.0,0.0,
6126,1786935602.0664592,deepinfra,,1.3,cold_start_fallback,0,0.0,0,0.0,0.0,
6127,1786935902.2222924,friend,,0.001,zai_amortized,0,0.7,690879953,0.0,0.0,
6128,1786935902.2380428,ollama_cloud,,0.3403472792684442,zai_amortized,0,0.7,293817539,100.0,0.0,
6129,1786935902.478996,ppq,deepseek/deepseek-v4-flash,0.06542517205402267,ppq_ledger,1,0.40922674,1560382,0.10208826082,0.0,
6130,1786935902.478996,ppq,moonshotai/kimi-k3,2.497018421052631,ppq_ledger,1,0.3000133,190,0.00047443349999999997,0.0,
6131,1786935902.478996,ppq,z-ai/glm-5,1.0743845322771748,ppq_ledger,1,0.5714743499999999,3878205,4.166683465,0.0,
6132,1786935902.478996,ppq,z-ai/glm-5.2,0.2576523643245763,ppq_ledger,1,1.0,20029486,5.160644424106,0.0,
6133,1786935902.478996,ppq,,0.37026045252579654,ppq_ledger,1,1.0,25468263,9.429890583426001,0.0,
6134,1786935902.4806309,openrouter,,0.4644075490032284,openrouter_actual,1,1.0,12958585,6.0180646984,0.0,
6135,1786935902.2222903,ours,,0.001,cold_start_fallback,0,0.0,0,0.0,0.0,
6136,1786935902.2222903,deepinfra,,1.3,cold_start_fallback,0,0.0,0,0.0,0.0,
6137,1786936202.028129,friend,,0.001,zai_amortized,0,0.7,690943495,0.0,0.0,
6138,1786936202.037522,ollama_cloud,,0.3403472792684442,zai_amortized,0,0.7,293817539,100.0,0.0,
6139,1786936202.2557878,ppq,deepseek/deepseek-v4-flash,0.06542517205402267,ppq_ledger,1,0.40922674,1560382,0.10208826082,0.0,
6140,1786936202.2557878,ppq,moonshotai/kimi-k3,2.497018421052631,ppq_ledger,1,0.3000133,190,0.00047443349999999997,0.0,
6141,1786936202.2557878,ppq,z-ai/glm-5,1.0743845322771748,ppq_ledger,1,0.5714743499999999,3878205,4.166683465,0.0,
6142,1786936202.2557878,ppq,z-ai/glm-5.2,0.2576523643245763,ppq_ledger,1,1.0,20029486,5.160644424106,0.0,
6143,1786936202.2557878,ppq,,0.37026045252579654,ppq_ledger,1,1.0,25468263,9.429890583426001,0.0,
6144,1786936202.2659461,openrouter,,0.46639290711878323,openrouter_actual,1,1.0,13022127,6.073427668399999,0.0,
6145,1786936202.0281265,ours,,0.001,cold_start_fallback,0,0.0,0,0.0,0.0,
6146,1786936202.0281265,deepinfra,,1.3,cold_start_fallback,0,0.0,0,0.0,0.0,
6147,1786936502.078051,friend,,0.001,zai_amortized,0,0.7,690976169,0.0,0.0,
6148,1786936502.0941482,ollama_cloud,,0.3403472792684442,zai_amortized,0,0.7,293817539,100.0,0.0,
6149,1786936502.301054,ppq,deepseek/deepseek-v4-flash,0.06542517205402267,ppq_ledger,1,0.40922674,1560382,0.10208826082,0.0,
6150,1786936502.301054,ppq,moonshotai/kimi-k3,2.497018421052631,ppq_ledger,1,0.3000133,190,0.00047443349999999997,0.0,
6151,1786936502.301054,ppq,z-ai/glm-5,1.0743845322771748,ppq_ledger,1,0.5714743499999999,3878205,4.166683465,0.0,
6152,1786936502.301054,ppq,z-ai/glm-5.2,0.2576523643245763,ppq_ledger,1,1.0,20029486,5.160644424106,0.0,
6153,1786936502.301054,ppq,,0.37026045252579654,ppq_ledger,1,1.0,25468263,9.429890583426001,0.0,
6154,1786936502.3026626,openrouter,,0.46588674299975924,openrouter_actual,1,1.0,13054801,6.0820587184,0.0,
6155,1786936502.0780478,ours,,0.001,cold_start_fallback,0,0.0,0,0.0,0.0,
6156,1786936502.0780478,deepinfra,,1.3,cold_start_fallback,0,0.0,0,0.0,0.0,
6157,1786936802.4009173,friend,,0.001,zai_amortized,0,0.7,690994150,0.0,0.0,
6158,1786936802.4190311,ollama_cloud,,0.3403472792684442,zai_amortized,0,0.7,293817539,100.0,0.0,
6159,1786936802.630295,ppq,deepseek/deepseek-v4-flash,0.06542517205402267,ppq_ledger,1,0.40922674,1560382,0.10208826082,0.0,
6160,1786936802.630295,ppq,moonshotai/kimi-k3,2.497018421052631,ppq_ledger,1,0.3000133,190,0.00047443349999999997,0.0,
6161,1786936802.630295,ppq,z-ai/glm-5,1.0743845322771748,ppq_ledger,1,0.5714743499999999,3878205,4.166683465,0.0,
6162,1786936802.630295,ppq,z-ai/glm-5.2,0.2576523643245763,ppq_ledger,1,1.0,20029486,5.160644424106,0.0,
6163,1786936802.630295,ppq,,0.37026045252579654,ppq_ledger,1,1.0,25468263,9.429890583426001,0.0,
6164,1786936802.6313872,openrouter,,0.4659313540453745,openrouter_actual,1,1.0,13072782,6.091019018399999,0.0,
6165,1786936802.400914,ours,,0.001,cold_start_fallback,0,0.0,0,0.0,0.0,
6166,1786936802.400914,deepinfra,,1.3,cold_start_fallback,0,0.0,0,0.0,0.0,
6167,1786937101.620204,friend,,0.001,zai_amortized,0,0.7,691032918,0.0,0.0,
6168,1786937101.6364427,ollama_cloud,,0.3403472792684442,zai_amortized,0,0.7,293817539,100.0,0.0,
6169,1786937101.8573942,ppq,deepseek/deepseek-v4-flash,0.06542517205402267,ppq_ledger,1,0.40922674,1560382,0.10208826082,0.0,
6170,1786937101.8573942,ppq,moonshotai/kimi-k3,2.497018421052631,ppq_ledger,1,0.3000133,190,0.00047443349999999997,0.0,
6171,1786937101.8573942,ppq,z-ai/glm-5,1.0743845322771748,ppq_ledger,1,0.5714743499999999,3878205,4.166683465,0.0,
6172,1786937101.8573942,ppq,z-ai/glm-5.2,0.2576523643245763,ppq_ledger,1,1.0,20029486,5.160644424106,0.0,
6173,1786937101.8573942,ppq,,0.37026045252579654,ppq_ledger,1,1.0,25468263,9.429890583426001,0.0,
6174,1786937101.8584852,openrouter,,0.46513465901438045,openrouter_actual,1,1.0,13111550,6.0986363383999995,0.0,
6175,1786937101.6202009,ours,,0.001,cold_start_fallback,0,0.0,0,0.0,0.0,
6176,1786937101.6202009,deepinfra,,1.3,cold_start_fallback,0,0.0,0,0.0,0.0,
6177,1786937402.9124062,friend,,0.001,zai_amortized,0,0.7,691074260,0.0,0.0,
6178,1786937402.9421353,ollama_cloud,,0.3403472792684442,zai_amortized,0,0.7,293817539,100.0,0.0,
6179,1786937403.1885371,ppq,deepseek/deepseek-v4-flash,0.06542517205402267,ppq_ledger,1,0.40922674,1560382,0.10208826082,0.0,
6180,1786937403.1885371,ppq,moonshotai/kimi-k3,2.497018421052631,ppq_ledger,1,0.3000133,190,0.00047443349999999997,0.0,
6181,1786937403.1885371,ppq,z-ai/glm-5,1.0743845322771748,ppq_ledger,1,0.5714743499999999,3878205,4.166683465,0.0,
6182,1786937403.1885371,ppq,z-ai/glm-5.2,0.2576523643245763,ppq_ledger,1,1.0,20029486,5.160644424106,0.0,
6183,1786937403.1885371,ppq,,0.37026045252579654,ppq_ledger,1,1.0,25468263,9.429890583426001,0.0,
6184,1786937403.190578,openrouter,,0.4652591071530124,openrouter_actual,1,1.0,13152892,6.119502788399999,0.0,
6185,1786937402.9124026,ours,,0.001,cold_start_fallback,0,0.0,0,0.0,0.0,
6186,1786937402.9124026,deepinfra,,1.3,cold_start_fallback,0,0.0,0,0.0,0.0,
6187,1786937702.5008934,friend,,0.001,zai_amortized,0,0.7,691074260,0.0,0.0,
6188,1786937702.520153,ollama_cloud,,0.3403472792684442,zai_amortized,0,0.7,293817539,100.0,0.0,
6189,1786937702.7450964,ppq,deepseek/deepseek-v4-flash,0.06542517205402267,ppq_ledger,1,0.40922674,1560382,0.10208826082,0.0,
6190,1786937702.7450964,ppq,moonshotai/kimi-k3,2.497018421052631,ppq_ledger,1,0.3000133,190,0.00047443349999999997,0.0,
6191,1786937702.7450964,ppq,z-ai/glm-5,1.0743845322771748,ppq_ledger,1,0.5714743499999999,3878205,4.166683465,0.0,
6192,1786937702.7450964,ppq,z-ai/glm-5.2,0.2576523643245763,ppq_ledger,1,1.0,20029486,5.160644424106,0.0,
6193,1786937702.7450964,ppq,,0.37026045252579654,ppq_ledger,1,1.0,25468263,9.429890583426001,0.0,
6194,1786937702.7462318,openrouter,,0.4652591071530124,openrouter_actual,1,1.0,13152892,6.119502788399999,0.0,
6195,1786937702.5008903,ours,,0.001,cold_start_fallback,0,0.0,0,0.0,0.0,
6196,1786937702.5008903,deepinfra,,1.3,cold_start_fallback,0,0.0,0,0.0,0.0,
6197,1786938002.6547728,friend,,0.001,zai_amortized,0,0.7,691074260,0.0,0.0,
6198,1786938002.6740923,ollama_cloud,,0.3403472792684442,zai_amortized,0,0.7,293817539,100.0,0.0,
6199,1786938002.9257982,ppq,deepseek/deepseek-v4-flash,0.06542517205402267,ppq_ledger,1,0.40922674,1560382,0.10208826082,0.0,
6200,1786938002.9257982,ppq,moonshotai/kimi-k3,2.497018421052631,ppq_ledger,1,0.3000133,190,0.00047443349999999997,0.0,
6201,1786938002.9257982,ppq,z-ai/glm-5,1.0743845322771748,ppq_ledger,1,0.5714743499999999,3878205,4.166683465,0.0,
6202,1786938002.9257982,ppq,z-ai/glm-5.2,0.2576523643245763,ppq_ledger,1,1.0,20029486,5.160644424106,0.0,
6203,1786938002.9257982,ppq,,0.37026045252579654,ppq_ledger,1,1.0,25468263,9.429890583426001,0.0,
6204,1786938002.9277725,openrouter,,0.4652591071530124,openrouter_actual,1,1.0,13152892,6.119502788399999,0.0,
6205,1786938002.65477,ours,,0.001,cold_start_fallback,0,0.0,0,0.0,0.0,
6206,1786938002.65477,deepinfra,,1.3,cold_start_fallback,0,0.0,0,0.0,0.0,
6207,1786938303.05684,friend,,0.001,zai_amortized,0,0.7,691074260,0.0,0.0,
6208,1786938303.0969987,ollama_cloud,,0.3403472792684442,zai_amortized,0,0.7,293817539,100.0,0.0,
6209,1786938303.369489,ppq,deepseek/deepseek-v4-flash,0.06542517205402267,ppq_ledger,1,0.40922674,1560382,0.10208826082,0.0,
6210,1786938303.369489,ppq,moonshotai/kimi-k3,2.497018421052631,ppq_ledger,1,0.3000133,190,0.00047443349999999997,0.0,
6211,1786938303.369489,ppq,z-ai/glm-5,1.0743845322771748,ppq_ledger,1,0.5714743499999999,3878205,4.166683465,0.0,
6212,1786938303.369489,ppq,z-ai/glm-5.2,0.2576523643245763,ppq_ledger,1,1.0,20029486,5.160644424106,0.0,
6213,1786938303.369489,ppq,,0.37026045252579654,ppq_ledger,1,1.0,25468263,9.429890583426001,0.0,
6214,1786938303.3737006,openrouter,,0.4652591071530124,openrouter_actual,1,1.0,13152892,6.119502788399999,0.0,
6215,1786938303.0568366,ours,,0.001,cold_start_fallback,0,0.0,0,0.0,0.0,
6216,1786938303.0568366,deepinfra,,1.3,cold_start_fallback,0,0.0,0,0.0,0.0,
6217,1786938602.6177628,friend,,0.001,zai_amortized,0,0.7,691074260,0.0,0.0,
6218,1786938602.6374161,ollama_cloud,,0.3403472792684442,zai_amortized,0,0.7,293817539,100.0,0.0,
6219,1786938602.8693013,ppq,deepseek/deepseek-v4-flash,0.06542517205402267,ppq_ledger,1,0.40922674,1560382,0.10208826082,0.0,
6220,1786938602.8693013,ppq,moonshotai/kimi-k3,2.497018421052631,ppq_ledger,1,0.3000133,190,0.00047443349999999997,0.0,
6221,1786938602.8693013,ppq,z-ai/glm-5,1.0743845322771748,ppq_ledger,1,0.5714743499999999,3878205,4.166683465,0.0,
6222,1786938602.8693013,ppq,z-ai/glm-5.2,0.2576523643245763,ppq_ledger,1,1.0,20029486,5.160644424106,0.0,
6223,1786938602.8693013,ppq,,0.37026045252579654,ppq_ledger,1,1.0,25468263,9.429890583426001,0.0,
6224,1786938602.8711984,openrouter,,0.4652591071530124,openrouter_actual,1,1.0,13152892,6.119502788399999,0.0,
6225,1786938602.6177597,ours,,0.001,cold_start_fallback,0,0.0,0,0.0,0.0,
6226,1786938602.6177597,deepinfra,,1.3,cold_start_fallback,0,0.0,0,0.0,0.0,
6227,1786938902.649934,friend,,0.001,zai_amortized,0,0.7,691074260,0.0,0.0,
6228,1786938902.6903195,ollama_cloud,,0.3403472792684442,zai_amortized,0,0.7,293817539,100.0,0.0,
6229,1786938902.9474673,ppq,deepseek/deepseek-v4-flash,0.06542517205402267,ppq_ledger,1,0.40922674,1560382,0.10208826082,0.0,
6230,1786938902.9474673,ppq,moonshotai/kimi-k3,2.497018421052631,ppq_ledger,1,0.3000133,190,0.00047443349999999997,0.0,
6231,1786938902.9474673,ppq,z-ai/glm-5,1.0743845322771748,ppq_ledger,1,0.5714743499999999,3878205,4.166683465,0.0,
6232,1786938902.9474673,ppq,z-ai/glm-5.2,0.2576523643245763,ppq_ledger,1,1.0,20029486,5.160644424106,0.0,
6233,1786938902.9474673,ppq,,0.37026045252579654,ppq_ledger,1,1.0,25468263,9.429890583426001,0.0,
6234,1786938902.949342,openrouter,,0.4652591071530124,openrouter_actual,1,1.0,13152892,6.119502788399999,0.0,
6235,1786938902.6499307,ours,,0.001,cold_start_fallback,0,0.0,0,0.0,0.0,
6236,1786938902.6499307,deepinfra,,1.3,cold_start_fallback,0,0.0,0,0.0,0.0,
6237,1786939202.6257327,friend,,0.001,zai_amortized,0,0.7,691074260,0.0,0.0,
6238,1786939202.6841433,ollama_cloud,,0.3403472792684442,zai_amortized,0,0.7,293817539,100.0,0.0,
6239,1786939202.970474,ppq,deepseek/deepseek-v4-flash,0.06542517205402267,ppq_ledger,1,0.40922674,1560382,0.10208826082,0.0,
6240,1786939202.970474,ppq,moonshotai/kimi-k3,2.497018421052631,ppq_ledger,1,0.3000133,190,0.00047443349999999997,0.0,
6241,1786939202.970474,ppq,z-ai/glm-5,1.0743845322771748,ppq_ledger,1,0.5714743499999999,3878205,4.166683465,0.0,
6242,1786939202.970474,ppq,z-ai/glm-5.2,0.2576523643245763,ppq_ledger,1,1.0,20029486,5.160644424106,0.0,
6243,1786939202.970474,ppq,,0.37026045252579654,ppq_ledger,1,1.0,25468263,9.429890583426001,0.0,
6244,1786939202.9778953,openrouter,,0.4652591071530124,openrouter_actual,1,1.0,13152892,6.119502788399999,0.0,
6245,1786939202.6257296,ours,,0.001,cold_start_fallback,0,0.0,0,0.0,0.0,
6246,1786939202.6257296,deepinfra,,1.3,cold_start_fallback,0,0.0,0,0.0,0.0,
6247,1786939501.9958048,friend,,0.001,zai_amortized,0,0.7,691074260,0.0,0.0,
6248,1786939502.0343573,ollama_cloud,,0.3403472792684442,zai_amortized,0,0.7,293817539,100.0,0.0,
6249,1786939502.3166857,ppq,deepseek/deepseek-v4-flash,0.06542517205402267,ppq_ledger,1,0.40922674,1560382,0.10208826082,0.0,
6250,1786939502.3166857,ppq,moonshotai/kimi-k3,2.497018421052631,ppq_ledger,1,0.3000133,190,0.00047443349999999997,0.0,
6251,1786939502.3166857,ppq,z-ai/glm-5,1.0743845322771748,ppq_ledger,1,0.5714743499999999,3878205,4.166683465,0.0,
6252,1786939502.3166857,ppq,z-ai/glm-5.2,0.2576523643245763,ppq_ledger,1,1.0,20029486,5.160644424106,0.0,
6253,1786939502.3166857,ppq,,0.37026045252579654,ppq_ledger,1,1.0,25468263,9.429890583426001,0.0,
6254,1786939502.3187745,openrouter,,0.4652591071530124,openrouter_actual,1,1.0,13152892,6.119502788399999,0.0,
6255,1786939501.9958022,ours,,0.001,cold_start_fallback,0,0.0,0,0.0,0.0,
6256,1786939501.9958022,deepinfra,,1.3,cold_start_fallback,0,0.0,0,0.0,0.0,
6257,1786939802.333068,friend,,0.001,zai_amortized,0,0.7,691074260,0.0,0.0,
6258,1786939802.3736346,ollama_cloud,,0.3403472792684442,zai_amortized,0,0.7,293817539,100.0,0.0,
6259,1786939802.8851385,ppq,deepseek/deepseek-v4-flash,0.06542517205402267,ppq_ledger,1,0.40922674,1560382,0.10208826082,0.0,
6260,1786939802.8851385,ppq,moonshotai/kimi-k3,2.497018421052631,ppq_ledger,1,0.3000133,190,0.00047443349999999997,0.0,
6261,1786939802.8851385,ppq,z-ai/glm-5,1.0743845322771748,ppq_ledger,1,0.5714743499999999,3878205,4.166683465,0.0,
6262,1786939802.8851385,ppq,z-ai/glm-5.2,0.2576523643245763,ppq_ledger,1,1.0,20029486,5.160644424106,0.0,
6263,1786939802.8851385,ppq,,0.37026045252579654,ppq_ledger,1,1.0,25468263,9.429890583426001,0.0,
6264,1786939802.8870823,openrouter,,0.4652591071530124,openrouter_actual,1,1.0,13152892,6.119502788399999,0.0,
6265,1786939802.3330646,ours,,0.001,cold_start_fallback,0,0.0,0,0.0,0.0,
6266,1786939802.3330646,deepinfra,,1.3,cold_start_fallback,0,0.0,0,0.0,0.0,
6267,1786940102.9149742,friend,,0.001,zai_amortized,0,0.7,691074260,0.0,0.0,
6268,1786940102.9349222,ollama_cloud,,0.3403472792684442,zai_amortized,0,0.7,293817539,100.0,0.0,
6269,1786940103.2005332,ppq,deepseek/deepseek-v4-flash,0.06542517205402267,ppq_ledger,1,0.40922674,1560382,0.10208826082,0.0,
6270,1786940103.2005332,ppq,moonshotai/kimi-k3,2.497018421052631,ppq_ledger,1,0.3000133,190,0.00047443349999999997,0.0,
6271,1786940103.2005332,ppq,z-ai/glm-5,1.0743845322771748,ppq_ledger,1,0.5714743499999999,3878205,4.166683465,0.0,
6272,1786940103.2005332,ppq,z-ai/glm-5.2,0.2576523643245763,ppq_ledger,1,1.0,20029486,5.160644424106,0.0,
6273,1786940103.2005332,ppq,,0.37026045252579654,ppq_ledger,1,1.0,25468263,9.429890583426001,0.0,
6274,1786940103.2047918,openrouter,,0.4652591071530124,openrouter_actual,1,1.0,13152892,6.119502788399999,0.0,
6275,1786940102.9149709,ours,,0.001,cold_start_fallback,0,0.0,0,0.0,0.0,
6276,1786940102.9149709,deepinfra,,1.3,cold_start_fallback,0,0.0,0,0.0,0.0,
6277,1786940402.709515,friend,,0.001,zai_amortized,0,0.7,691074260,0.0,0.0,
6278,1786940402.7513406,ollama_cloud,,0.3403472792684442,zai_amortized,0,0.7,293817539,100.0,0.0,
6279,1786940403.0109565,ppq,deepseek/deepseek-v4-flash,0.06542517205402267,ppq_ledger,1,0.40922674,1560382,0.10208826082,0.0,
6280,1786940403.0109565,ppq,moonshotai/kimi-k3,2.497018421052631,ppq_ledger,1,0.3000133,190,0.00047443349999999997,0.0,
6281,1786940403.0109565,ppq,z-ai/glm-5,1.0743845322771748,ppq_ledger,1,0.5714743499999999,3878205,4.166683465,0.0,
6282,1786940403.0109565,ppq,z-ai/glm-5.2,0.2576523643245763,ppq_ledger,1,1.0,20029486,5.160644424106,0.0,
6283,1786940403.0109565,ppq,,0.37026045252579654,ppq_ledger,1,1.0,25468263,9.429890583426001,0.0,
6284,1786940403.0132656,openrouter,,0.4652591071530124,openrouter_actual,1,1.0,13152892,6.119502788399999,0.0,
6285,1786940402.7095122,ours,,0.001,cold_start_fallback,0,0.0,0,0.0,0.0,
6286,1786940402.7095122,deepinfra,,1.3,cold_start_fallback,0,0.0,0,0.0,0.0,
6287,1786940702.14478,friend,,0.001,zai_amortized,0,0.7,691074260,0.0,0.0,
6288,1786940702.1666598,ollama_cloud,,0.3403472792684442,zai_amortized,0,0.7,293817539,100.0,0.0,
6289,1786940702.4123247,ppq,deepseek/deepseek-v4-flash,0.06542517205402267,ppq_ledger,1,0.40922674,1560382,0.10208826082,0.0,
6290,1786940702.4123247,ppq,moonshotai/kimi-k3,2.497018421052631,ppq_ledger,1,0.3000133,190,0.00047443349999999997,0.0,
6291,1786940702.4123247,ppq,z-ai/glm-5,1.0743845322771748,ppq_ledger,1,0.5714743499999999,3878205,4.166683465,0.0,
6292,1786940702.4123247,ppq,z-ai/glm-5.2,0.2576523643245763,ppq_ledger,1,1.0,20029486,5.160644424106,0.0,
6293,1786940702.4123247,ppq,,0.37026045252579654,ppq_ledger,1,1.0,25468263,9.429890583426001,0.0,
6294,1786940702.4142537,openrouter,,0.4652591071530124,openrouter_actual,1,1.0,13152892,6.119502788399999,0.0,
6295,1786940702.1447773,ours,,0.001,cold_start_fallback,0,0.0,0,0.0,0.0,
6296,1786940702.1447773,deepinfra,,1.3,cold_start_fallback,0,0.0,0,0.0,0.0,
6297,1786941003.6937423,friend,,0.001,zai_amortized,0,0.7,691074260,0.0,0.0,
6298,1786941003.820962,ollama_cloud,,0.3403472792684442,zai_amortized,0,0.7,293817539,100.0,0.0,
6299,1786941004.2983377,ppq,deepseek/deepseek-v4-flash,0.06542517205402267,ppq_ledger,1,0.40922674,1560382,0.10208826082,0.0,
6300,1786941004.2983377,ppq,moonshotai/kimi-k3,2.497018421052631,ppq_ledger,1,0.3000133,190,0.00047443349999999997,0.0,
6301,1786941004.2983377,ppq,z-ai/glm-5,1.0743845322771748,ppq_ledger,1,0.5714743499999999,3878205,4.166683465,0.0,
6302,1786941004.2983377,ppq,z-ai/glm-5.2,0.2576523643245763,ppq_ledger,1,1.0,20029486,5.160644424106,0.0,
6303,1786941004.2983377,ppq,,0.37026045252579654,ppq_ledger,1,1.0,25468263,9.429890583426001,0.0,
6304,1786941004.3362856,openrouter,,0.4652591071530124,openrouter_actual,1,1.0,13152892,6.119502788399999,0.0,
6305,1786941003.693739,ours,,0.001,cold_start_fallback,0,0.0,0,0.0,0.0,
6306,1786941003.693739,deepinfra,,1.3,cold_start_fallback,0,0.0,0,0.0,0.0,
6307,1786941301.8934836,friend,,0.001,zai_amortized,0,0.7,691915635,0.0,0.0,
6308,1786941301.9132566,ollama_cloud,,0.3403472792684442,zai_amortized,0,0.7,293817539,100.0,0.0,
6309,1786941302.1657314,ppq,deepseek/deepseek-v4-flash,0.06542517205402267,ppq_ledger,1,0.40922674,1560382,0.10208826082,0.0,
6310,1786941302.1657314,ppq,moonshotai/kimi-k3,2.497018421052631,ppq_ledger,1,0.3000133,190,0.00047443349999999997,0.0,
6311,1786941302.1657314,ppq,z-ai/glm-5,1.0743845322771748,ppq_ledger,1,0.5714743499999999,3878205,4.166683465,0.0,
6312,1786941302.1657314,ppq,z-ai/glm-5.2,0.2576523643245763,ppq_ledger,1,1.0,20029486,5.160644424106,0.0,
6313,1786941302.1657314,ppq,,0.37026045252579654,ppq_ledger,1,1.0,25468263,9.429890583426001,0.0,
6314,1786941302.1680834,openrouter,,0.4652591071530124,openrouter_actual,1,1.0,13152892,6.119502788399999,0.0,
6315,1786941301.893479,ours,,0.001,cold_start_fallback,0,0.0,0,0.0,0.0,
6316,1786941301.893479,deepinfra,,1.3,cold_start_fallback,0,0.0,0,0.0,0.0,
6317,1786941602.134081,friend,,0.001,zai_amortized,0,0.7,691915635,0.0,0.0,
6318,1786941602.1583788,ollama_cloud,,0.3403472792684442,zai_amortized,0,0.7,293817539,100.0,0.0,
6319,1786941602.4164147,ppq,deepseek/deepseek-v4-flash,0.06542517205402267,ppq_ledger,1,0.40922674,1560382,0.10208826082,0.0,
6320,1786941602.4164147,ppq,moonshotai/kimi-k3,2.497018421052631,ppq_ledger,1,0.3000133,190,0.00047443349999999997,0.0,
6321,1786941602.4164147,ppq,z-ai/glm-5,1.0743845322771748,ppq_ledger,1,0.5714743499999999,3878205,4.166683465,0.0,
6322,1786941602.4164147,ppq,z-ai/glm-5.2,0.2576523643245763,ppq_ledger,1,1.0,20029486,5.160644424106,0.0,
6323,1786941602.4164147,ppq,,0.37026045252579654,ppq_ledger,1,1.0,25468263,9.429890583426001,0.0,
6324,1786941602.420346,openrouter,,0.4652591071530124,openrouter_actual,1,1.0,13152892,6.119502788399999,0.0,
6325,1786941602.1340775,ours,,0.001,cold_start_fallback,0,0.0,0,0.0,0.0,
6326,1786941602.1340775,deepinfra,,1.3,cold_start_fallback,0,0.0,0,0.0,0.0,
6327,1786941901.8560896,friend,,0.001,zai_amortized,0,0.7,691915635,0.0,0.0,
6328,1786941901.8759146,ollama_cloud,,0.3403472792684442,zai_amortized,0,0.7,293817539,100.0,0.0,
6329,1786941902.1712973,ppq,deepseek/deepseek-v4-flash,0.06542517205402267,ppq_ledger,1,0.40922674,1560382,0.10208826082,0.0,
6330,1786941902.1712973,ppq,moonshotai/kimi-k3,2.497018421052631,ppq_ledger,1,0.3000133,190,0.00047443349999999997,0.0,
6331,1786941902.1712973,ppq,z-ai/glm-5,1.0743845322771748,ppq_ledger,1,0.5714743499999999,3878205,4.166683465,0.0,
6332,1786941902.1712973,ppq,z-ai/glm-5.2,0.2576523643245763,ppq_ledger,1,1.0,20029486,5.160644424106,0.0,
6333,1786941902.1712973,ppq,,0.37026045252579654,ppq_ledger,1,1.0,25468263,9.429890583426001,0.0,
6334,1786941902.1732419,openrouter,,0.4652591071530124,openrouter_actual,1,1.0,13152892,6.119502788399999,0.0,
6335,1786941901.8560865,ours,,0.001,cold_start_fallback,0,0.0,0,0.0,0.0,
6336,1786941901.8560865,deepinfra,,1.3,cold_start_fallback,0,0.0,0,0.0,0.0,
6337,1786942202.4208543,friend,,0.001,zai_amortized,0,0.7,691915635,0.0,0.0,
6338,1786942202.4411452,ollama_cloud,,0.3403472792684442,zai_amortized,0,0.7,293817539,100.0,0.0,
6339,1786942202.685714,ppq,deepseek/deepseek-v4-flash,0.06542517205402267,ppq_ledger,1,0.40922674,1560382,0.10208826082,0.0,
6340,1786942202.685714,ppq,moonshotai/kimi-k3,2.497018421052631,ppq_ledger,1,0.3000133,190,0.00047443349999999997,0.0,
6341,1786942202.685714,ppq,z-ai/glm-5,1.0743845322771748,ppq_ledger,1,0.5714743499999999,3878205,4.166683465,0.0,
6342,1786942202.685714,ppq,z-ai/glm-5.2,0.2576523643245763,ppq_ledger,1,1.0,20029486,5.160644424106,0.0,
6343,1786942202.685714,ppq,,0.37026045252579654,ppq_ledger,1,1.0,25468263,9.429890583426001,0.0,
6344,1786942202.6876261,openrouter,,0.4652591071530124,openrouter_actual,1,1.0,13152892,6.119502788399999,0.0,
6345,1786942202.4208512,ours,,0.001,cold_start_fallback,0,0.0,0,0.0,0.0,
6346,1786942202.4208512,deepinfra,,1.3,cold_start_fallback,0,0.0,0,0.0,0.0,
6347,1786942502.363012,friend,,0.001,zai_amortized,0,0.7,692004557,0.0,0.0,
6348,1786942502.3843994,ollama_cloud,,0.3403472792684442,zai_amortized,0,0.7,293817539,100.0,0.0,
6349,1786942502.6296468,ppq,deepseek/deepseek-v4-flash,0.06542517205402267,ppq_ledger,1,0.40922674,1560382,0.10208826082,0.0,
6350,1786942502.6296468,ppq,moonshotai/kimi-k3,2.497018421052631,ppq_ledger,1,0.3000133,190,0.00047443349999999997,0.0,
6351,1786942502.6296468,ppq,z-ai/glm-5,1.0743845322771748,ppq_ledger,1,0.5714743499999999,3878205,4.166683465,0.0,
6352,1786942502.6296468,ppq,z-ai/glm-5.2,0.2576523643245763,ppq_ledger,1,1.0,20029486,5.160644424106,0.0,
6353,1786942502.6296468,ppq,,0.37026045252579654,ppq_ledger,1,1.0,25468263,9.429890583426001,0.0,
6354,1786942502.6318038,openrouter,,0.4652591071530124,openrouter_actual,1,1.0,13152892,6.119502788399999,0.0,
6355,1786942502.3630083,ours,,0.001,cold_start_fallback,0,0.0,0,0.0,0.0,
6356,1786942502.3630083,deepinfra,,1.3,cold_start_fallback,0,0.0,0,0.0,0.0,
6357,1786942802.0331945,friend,,0.001,zai_amortized,0,0.7,692403319,0.0,0.0,
6358,1786942802.054059,ollama_cloud,,0.3403472792684442,zai_amortized,0,0.7,293817539,100.0,0.0,
6359,1786942802.3273747,ppq,deepseek/deepseek-v4-flash,0.06542517205402267,ppq_ledger,1,0.40922674,1560382,0.10208826082,0.0,
6360,1786942802.3273747,ppq,moonshotai/kimi-k3,2.497018421052631,ppq_ledger,1,0.3000133,190,0.00047443349999999997,0.0,
6361,1786942802.3273747,ppq,z-ai/glm-5,1.0743845322771748,ppq_ledger,1,0.5714743499999999,3878205,4.166683465,0.0,
6362,1786942802.3273747,ppq,z-ai/glm-5.2,0.2576523643245763,ppq_ledger,1,1.0,20029486,5.160644424106,0.0,
6363,1786942802.3273747,ppq,,0.37026045252579654,ppq_ledger,1,1.0,25468263,9.429890583426001,0.0,
6364,1786942802.336069,openrouter,,0.4652591071530124,openrouter_actual,1,1.0,13152892,6.119502788399999,0.0,
6365,1786942802.0331886,ours,,0.001,cold_start_fallback,0,0.0,0,0.0,0.0,
6366,1786942802.0331886,deepinfra,,1.3,cold_start_fallback,0,0.0,0,0.0,0.0,
6367,1786943102.3754883,friend,,0.001,zai_amortized,0,0.7,692403319,0.0,0.0,
6368,1786943102.3943315,ollama_cloud,,0.3403472792684442,zai_amortized,0,0.7,293817539,100.0,0.0,
6369,1786943102.6324155,ppq,deepseek/deepseek-v4-flash,0.06542517205402267,ppq_ledger,1,0.40922674,1560382,0.10208826082,0.0,
6370,1786943102.6324155,ppq,moonshotai/kimi-k3,2.497018421052631,ppq_ledger,1,0.3000133,190,0.00047443349999999997,0.0,
6371,1786943102.6324155,ppq,z-ai/glm-5,1.0743845322771748,ppq_ledger,1,0.5714743499999999,3878205,4.166683465,0.0,
6372,1786943102.6324155,ppq,z-ai/glm-5.2,0.2576523643245763,ppq_ledger,1,1.0,20029486,5.160644424106,0.0,
6373,1786943102.6324155,ppq,,0.37026045252579654,ppq_ledger,1,1.0,25468263,9.429890583426001,0.0,
6374,1786943102.6375747,openrouter,,0.4652591071530124,openrouter_actual,1,1.0,13152892,6.119502788399999,0.0,
6375,1786943102.3754842,ours,,0.001,cold_start_fallback,0,0.0,0,0.0,0.0,
6376,1786943102.3754842,deepinfra,,1.3,cold_start_fallback,0,0.0,0,0.0,0.0,
6377,1786943402.1144772,friend,,0.001,zai_amortized,0,0.7,692403319,0.0,0.0,
6378,1786943402.1336393,ollama_cloud,,0.3403472792684442,zai_amortized,0,0.7,293817539,100.0,0.0,
6379,1786943402.416584,ppq,deepseek/deepseek-v4-flash,0.06542517205402267,ppq_ledger,1,0.40922674,1560382,0.10208826082,0.0,
6380,1786943402.416584,ppq,moonshotai/kimi-k3,2.497018421052631,ppq_ledger,1,0.3000133,190,0.00047443349999999997,0.0,
6381,1786943402.416584,ppq,z-ai/glm-5,1.0743845322771748,ppq_ledger,1,0.5714743499999999,3878205,4.166683465,0.0,
6382,1786943402.416584,ppq,z-ai/glm-5.2,0.2576523643245763,ppq_ledger,1,1.0,20029486,5.160644424106,0.0,
6383,1786943402.416584,ppq,,0.37026045252579654,ppq_ledger,1,1.0,25468263,9.429890583426001,0.0,
6384,1786943402.4184914,openrouter,,0.4652591071530124,openrouter_actual,1,1.0,13152892,6.119502788399999,0.0,
6385,1786943402.1144745,ours,,0.001,cold_start_fallback,0,0.0,0,0.0,0.0,
6386,1786943402.1144745,deepinfra,,1.3,cold_start_fallback,0,0.0,0,0.0,0.0,
6387,1786943702.2860198,friend,,0.001,zai_amortized,0,0.7,692403319,0.0,0.0,
6388,1786943702.3084238,ollama_cloud,,0.3403472792684442,zai_amortized,0,0.7,293817539,100.0,0.0,
6389,1786943702.5789697,ppq,deepseek/deepseek-v4-flash,0.06542517205402267,ppq_ledger,1,0.40922674,1560382,0.10208826082,0.0,
6390,1786943702.5789697,ppq,moonshotai/kimi-k3,2.497018421052631,ppq_ledger,1,0.3000133,190,0.00047443349999999997,0.0,
6391,1786943702.5789697,ppq,z-ai/glm-5,1.0743845322771748,ppq_ledger,1,0.5714743499999999,3878205,4.166683465,0.0,
6392,1786943702.5789697,ppq,z-ai/glm-5.2,0.2576523643245763,ppq_ledger,1,1.0,20029486,5.160644424106,0.0,
6393,1786943702.5789697,ppq,,0.37026045252579654,ppq_ledger,1,1.0,25468263,9.429890583426001,0.0,
6394,1786943702.5808313,openrouter,,0.4652591071530124,openrouter_actual,1,1.0,13152892,6.119502788399999,0.0,
6395,1786943702.2860162,ours,,0.001,cold_start_fallback,0,0.0,0,0.0,0.0,
6396,1786943702.2860162,deepinfra,,1.3,cold_start_fallback,0,0.0,0,0.0,0.0,
6397,1786944002.1288018,friend,,0.001,zai_amortized,0,0.7,692403319,0.0,0.0,
6398,1786944002.1468647,ollama_cloud,,0.3403472792684442,zai_amortized,0,0.7,293817539,100.0,0.0,
6399,1786944002.3986773,ppq,deepseek/deepseek-v4-flash,0.06542517205402267,ppq_ledger,1,0.40922674,1560382,0.10208826082,0.0,
6400,1786944002.3986773,ppq,moonshotai/kimi-k3,2.497018421052631,ppq_ledger,1,0.3000133,190,0.00047443349999999997,0.0,
6401,1786944002.3986773,ppq,z-ai/glm-5,1.0743845322771748,ppq_ledger,1,0.5714743499999999,3878205,4.166683465,0.0,
6402,1786944002.3986773,ppq,z-ai/glm-5.2,0.2576523643245763,ppq_ledger,1,1.0,20029486,5.160644424106,0.0,
6403,1786944002.3986773,ppq,,0.37026045252579654,ppq_ledger,1,1.0,25468263,9.429890583426001,0.0,
6404,1786944002.400865,openrouter,,0.4652591071530124,openrouter_actual,1,1.0,13152892,6.119502788399999,0.0,
6405,1786944002.1287987,ours,,0.001,cold_start_fallback,0,0.0,0,0.0,0.0,
6406,1786944002.1287987,deepinfra,,1.3,cold_start_fallback,0,0.0,0,0.0,0.0,
6407,1786944302.245979,friend,,0.001,zai_amortized,0,0.7,692403319,0.0,0.0,
6408,1786944302.2726362,ollama_cloud,,0.3403472792684442,zai_amortized,0,0.7,293817539,100.0,0.0,
6409,1786944302.5344179,ppq,deepseek/deepseek-v4-flash,0.06542517205402267,ppq_ledger,1,0.40922674,1560382,0.10208826082,0.0,
6410,1786944302.5344179,ppq,moonshotai/kimi-k3,2.497018421052631,ppq_ledger,1,0.3000133,190,0.00047443349999999997,0.0,
6411,1786944302.5344179,ppq,z-ai/glm-5,1.0743845322771748,ppq_ledger,1,0.5714743499999999,3878205,4.166683465,0.0,
6412,1786944302.5344179,ppq,z-ai/glm-5.2,0.2576523643245763,ppq_ledger,1,1.0,20029486,5.160644424106,0.0,
6413,1786944302.5344179,ppq,,0.37026045252579654,ppq_ledger,1,1.0,25468263,9.429890583426001,0.0,
6414,1786944302.536319,openrouter,,0.4652591071530124,openrouter_actual,1,1.0,13152892,6.119502788399999,0.0,
6415,1786944302.2459755,ours,,0.001,cold_start_fallback,0,0.0,0,0.0,0.0,
6416,1786944302.2459755,deepinfra,,1.3,cold_start_fallback,0,0.0,0,0.0,0.0,
6417,1786944602.501141,friend,,0.001,zai_amortized,0,0.7,692403319,0.0,0.0,
6418,1786944602.575506,ollama_cloud,,0.3403472792684442,zai_amortized,0,0.7,293817539,100.0,0.0,
6419,1786944602.8892083,ppq,deepseek/deepseek-v4-flash,0.06542517205402267,ppq_ledger,1,0.40922674,1560382,0.10208826082,0.0,
6420,1786944602.8892083,ppq,moonshotai/kimi-k3,2.497018421052631,ppq_ledger,1,0.3000133,190,0.00047443349999999997,0.0,
6421,1786944602.8892083,ppq,z-ai/glm-5,1.0743845322771748,ppq_ledger,1,0.5714743499999999,3878205,4.166683465,0.0,
6422,1786944602.8892083,ppq,z-ai/glm-5.2,0.2576523643245763,ppq_ledger,1,1.0,20029486,5.160644424106,0.0,
6423,1786944602.8892083,ppq,,0.37026045252579654,ppq_ledger,1,1.0,25468263,9.429890583426001,0.0,
6424,1786944602.894943,openrouter,,0.4652591071530124,openrouter_actual,1,1.0,13152892,6.119502788399999,0.0,
6425,1786944602.5011375,ours,,0.001,cold_start_fallback,0,0.0,0,0.0,0.0,
6426,1786944602.5011375,deepinfra,,1.3,cold_start_fallback,0,0.0,0,0.0,0.0,
6427,1786944902.261565,friend,,0.001,zai_amortized,0,0.7,692403319,0.0,0.0,
6428,1786944902.3535943,ollama_cloud,,0.3403472792684442,zai_amortized,0,0.7,293817539,100.0,0.0,
6429,1786944902.6088288,ppq,deepseek/deepseek-v4-flash,0.06542517205402267,ppq_ledger,1,0.40922674,1560382,0.10208826082,0.0,
6430,1786944902.6088288,ppq,moonshotai/kimi-k3,2.497018421052631,ppq_ledger,1,0.3000133,190,0.00047443349999999997,0.0,
6431,1786944902.6088288,ppq,z-ai/glm-5,1.0743845322771748,ppq_ledger,1,0.5714743499999999,3878205,4.166683465,0.0,
6432,1786944902.6088288,ppq,z-ai/glm-5.2,0.2576523643245763,ppq_ledger,1,1.0,20029486,5.160644424106,0.0,
6433,1786944902.6088288,ppq,,0.37026045252579654,ppq_ledger,1,1.0,25468263,9.429890583426001,0.0,
6434,1786944902.6100311,openrouter,,0.4652591071530124,openrouter_actual,1,1.0,13152892,6.119502788399999,0.0,
6435,1786944902.2615614,ours,,0.001,cold_start_fallback,0,0.0,0,0.0,0.0,
6436,1786944902.2615614,deepinfra,,1.3,cold_start_fallback,0,0.0,0,0.0,0.0,
6437,1786945202.7356424,friend,,0.001,zai_amortized,0,0.7,692403319,0.0,0.0,
6438,1786945202.8045087,ollama_cloud,,0.3403472792684442,zai_amortized,0,0.7,293817539,100.0,0.0,
6439,1786945203.2023678,ppq,deepseek/deepseek-v4-flash,0.06542517205402267,ppq_ledger,1,0.40922674,1560382,0.10208826082,0.0,
6440,1786945203.2023678,ppq,moonshotai/kimi-k3,2.497018421052631,ppq_ledger,1,0.3000133,190,0.00047443349999999997,0.0,
6441,1786945203.2023678,ppq,z-ai/glm-5,1.0743845322771748,ppq_ledger,1,0.5714743499999999,3878205,4.166683465,0.0,
6442,1786945203.2023678,ppq,z-ai/glm-5.2,0.2576523643245763,ppq_ledger,1,1.0,20029486,5.160644424106,0.0,
6443,1786945203.2023678,ppq,,0.37026045252579654,ppq_ledger,1,1.0,25468263,9.429890583426001,0.0,
6444,1786945203.2044103,openrouter,,0.4652591071530124,openrouter_actual,1,1.0,13152892,6.119502788399999,0.0,
6445,1786945202.7356393,ours,,0.001,cold_start_fallback,0,0.0,0,0.0,0.0,
6446,1786945202.7356393,deepinfra,,1.3,cold_start_fallback,0,0.0,0,0.0,0.0,
6447,1786945501.928612,friend,,0.001,zai_amortized,0,0.7,692403319,0.0,0.0,
6448,1786945501.9461107,ollama_cloud,,0.3403472792684442,zai_amortized,0,0.7,293817539,100.0,0.0,
6449,1786945502.1852808,ppq,deepseek/deepseek-v4-flash,0.06542517205402267,ppq_ledger,1,0.40922674,1560382,0.10208826082,0.0,
6450,1786945502.1852808,ppq,moonshotai/kimi-k3,2.497018421052631,ppq_ledger,1,0.3000133,190,0.00047443349999999997,0.0,
6451,1786945502.1852808,ppq,z-ai/glm-5,1.0743845322771748,ppq_ledger,1,0.5714743499999999,3878205,4.166683465,0.0,
6452,1786945502.1852808,ppq,z-ai/glm-5.2,0.2576523643245763,ppq_ledger,1,1.0,20029486,5.160644424106,0.0,
6453,1786945502.1852808,ppq,,0.37026045252579654,ppq_ledger,1,1.0,25468263,9.429890583426001,0.0,
6454,1786945502.1870549,openrouter,,0.4652591071530124,openrouter_actual,1,1.0,13152892,6.119502788399999,0.0,
6455,1786945501.9286091,ours,,0.001,cold_start_fallback,0,0.0,0,0.0,0.0,
6456,1786945501.9286091,deepinfra,,1.3,cold_start_fallback,0,0.0,0,0.0,0.0,
6457,1786945802.656918,friend,,0.001,zai_amortized,0,0.7,692403319,0.0,0.0,
6458,1786945802.6757782,ollama_cloud,,0.3403472792684442,zai_amortized,0,0.7,293817539,100.0,0.0,
6459,1786945802.920128,ppq,deepseek/deepseek-v4-flash,0.06542517205402267,ppq_ledger,1,0.40922674,1560382,0.10208826082,0.0,
6460,1786945802.920128,ppq,moonshotai/kimi-k3,2.497018421052631,ppq_ledger,1,0.3000133,190,0.00047443349999999997,0.0,
6461,1786945802.920128,ppq,z-ai/glm-5,1.0743845322771748,ppq_ledger,1,0.5714743499999999,3878205,4.166683465,0.0,
6462,1786945802.920128,ppq,z-ai/glm-5.2,0.2576523643245763,ppq_ledger,1,1.0,20029486,5.160644424106,0.0,
6463,1786945802.920128,ppq,,0.37026045252579654,ppq_ledger,1,1.0,25468263,9.429890583426001,0.0,
6464,1786945802.9220479,openrouter,,0.4652591071530124,openrouter_actual,1,1.0,13152892,6.119502788399999,0.0,
6465,1786945802.6569152,ours,,0.001,cold_start_fallback,0,0.0,0,0.0,0.0,
6466,1786945802.6569152,deepinfra,,1.3,cold_start_fallback,0,0.0,0,0.0,0.0,
6467,1786946101.7447703,friend,,0.001,zai_amortized,0,0.7,692403319,0.0,0.0,
6468,1786946101.7646706,ollama_cloud,,0.3403472792684442,zai_amortized,0,0.7,293817539,100.0,0.0,
6469,1786946102.0111058,ppq,deepseek/deepseek-v4-flash,0.06542517205402267,ppq_ledger,1,0.40922674,1560382,0.10208826082,0.0,
6470,1786946102.0111058,ppq,moonshotai/kimi-k3,2.497018421052631,ppq_ledger,1,0.3000133,190,0.00047443349999999997,0.0,
6471,1786946102.0111058,ppq,z-ai/glm-5,1.0743845322771748,ppq_ledger,1,0.5714743499999999,3878205,4.166683465,0.0,
6472,1786946102.0111058,ppq,z-ai/glm-5.2,0.2576523643245763,ppq_ledger,1,1.0,20029486,5.160644424106,0.0,
6473,1786946102.0111058,ppq,,0.37026045252579654,ppq_ledger,1,1.0,25468263,9.429890583426001,0.0,
6474,1786946102.013224,openrouter,,0.4652591071530124,openrouter_actual,1,1.0,13152892,6.119502788399999,0.0,
6475,1786946101.7447674,ours,,0.001,cold_start_fallback,0,0.0,0,0.0,0.0,
6476,1786946101.7447674,deepinfra,,1.3,cold_start_fallback,0,0.0,0,0.0,0.0,
6477,1786946402.7282884,friend,,0.001,zai_amortized,0,0.7,692403319,0.0,0.0,
6478,1786946402.7719235,ollama_cloud,,0.3403472792684442,zai_amortized,0,0.7,293817539,100.0,0.0,
6479,1786946403.20458,ppq,deepseek/deepseek-v4-flash,0.06542517205402267,ppq_ledger,1,0.40922674,1560382,0.10208826082,0.0,
6480,1786946403.20458,ppq,moonshotai/kimi-k3,2.497018421052631,ppq_ledger,1,0.3000133,190,0.00047443349999999997,0.0,
6481,1786946403.20458,ppq,z-ai/glm-5,1.0743845322771748,ppq_ledger,1,0.5714743499999999,3878205,4.166683465,0.0,
6482,1786946403.20458,ppq,z-ai/glm-5.2,0.2576523643245763,ppq_ledger,1,1.0,20029486,5.160644424106,0.0,
6483,1786946403.20458,ppq,,0.37026045252579654,ppq_ledger,1,1.0,25468263,9.429890583426001,0.0,
6484,1786946403.209831,openrouter,,0.4652591071530124,openrouter_actual,1,1.0,13152892,6.119502788399999,0.0,
6485,1786946402.728285,ours,,0.001,cold_start_fallback,0,0.0,0,0.0,0.0,
6486,1786946402.728285,deepinfra,,1.3,cold_start_fallback,0,0.0,0,0.0,0.0,
6487,1786946701.8320642,friend,,0.001,zai_amortized,0,0.7,692403319,0.0,0.0,
6488,1786946701.8523538,ollama_cloud,,0.3403472792684442,zai_amortized,0,0.7,293817539,100.0,0.0,
6489,1786946702.0932815,ppq,deepseek/deepseek-v4-flash,0.06542517205402267,ppq_ledger,1,0.40922674,1560382,0.10208826082,0.0,
6490,1786946702.0932815,ppq,moonshotai/kimi-k3,2.497018421052631,ppq_ledger,1,0.3000133,190,0.00047443349999999997,0.0,
6491,1786946702.0932815,ppq,z-ai/glm-5,1.0743845322771748,ppq_ledger,1,0.5714743499999999,3878205,4.166683465,0.0,
6492,1786946702.0932815,ppq,z-ai/glm-5.2,0.2576523643245763,ppq_ledger,1,1.0,20029486,5.160644424106,0.0,
6493,1786946702.0932815,ppq,,0.37026045252579654,ppq_ledger,1,1.0,25468263,9.429890583426001,0.0,
6494,1786946702.0953116,openrouter,,0.4652591071530124,openrouter_actual,1,1.0,13152892,6.119502788399999,0.0,
6495,1786946701.832062,ours,,0.001,cold_start_fallback,0,0.0,0,0.0,0.0,
6496,1786946701.832062,deepinfra,,1.3,cold_start_fallback,0,0.0,0,0.0,0.0,
6497,1786947002.6966324,friend,,0.001,zai_amortized,0,0.7,692403319,0.0,0.0,
6498,1786947002.733542,ollama_cloud,,0.3403472792684442,zai_amortized,0,0.7,293817539,100.0,0.0,
6499,1786947003.0420249,ppq,deepseek/deepseek-v4-flash,0.06542517205402267,ppq_ledger,1,0.40922674,1560382,0.10208826082,0.0,
6500,1786947003.0420249,ppq,moonshotai/kimi-k3,2.497018421052631,ppq_ledger,1,0.3000133,190,0.00047443349999999997,0.0,
6501,1786947003.0420249,ppq,z-ai/glm-5,1.0743845322771748,ppq_ledger,1,0.5714743499999999,3878205,4.166683465,0.0,
6502,1786947003.0420249,ppq,z-ai/glm-5.2,0.2576523643245763,ppq_ledger,1,1.0,20029486,5.160644424106,0.0,
6503,1786947003.0420249,ppq,,0.37026045252579654,ppq_ledger,1,1.0,25468263,9.429890583426001,0.0,
6504,1786947003.043897,openrouter,,0.4652591071530124,openrouter_actual,1,1.0,13152892,6.119502788399999,0.0,
6505,1786947002.6966295,ours,,0.001,cold_start_fallback,0,0.0,0,0.0,0.0,
6506,1786947002.6966295,deepinfra,,1.3,cold_start_fallback,0,0.0,0,0.0,0.0,
6507,1786947302.1801288,friend,,0.001,zai_amortized,0,0.7,692403319,0.0,0.0,
6508,1786947302.198878,ollama_cloud,,0.3403472792684442,zai_amortized,0,0.7,293817539,100.0,0.0,
6509,1786947302.4517624,ppq,deepseek/deepseek-v4-flash,0.06542517205402267,ppq_ledger,1,0.40922674,1560382,0.10208826082,0.0,
6510,1786947302.4517624,ppq,moonshotai/kimi-k3,2.497018421052631,ppq_ledger,1,0.3000133,190,0.00047443349999999997,0.0,
6511,1786947302.4517624,ppq,z-ai/glm-5,1.0743845322771748,ppq_ledger,1,0.5714743499999999,3878205,4.166683465,0.0,
6512,1786947302.4517624,ppq,z-ai/glm-5.2,0.2576523643245763,ppq_ledger,1,1.0,20029486,5.160644424106,0.0,
6513,1786947302.4517624,ppq,,0.37026045252579654,ppq_ledger,1,1.0,25468263,9.429890583426001,0.0,
6514,1786947302.4570117,openrouter,,0.4652591071530124,openrouter_actual,1,1.0,13152892,6.119502788399999,0.0,
6515,1786947302.180126,ours,,0.001,cold_start_fallback,0,0.0,0,0.0,0.0,
6516,1786947302.180126,deepinfra,,1.3,cold_start_fallback,0,0.0,0,0.0,0.0,
6517,1786947602.3255353,friend,,0.001,zai_amortized,0,0.7,692403319,0.0,0.0,
6518,1786947602.3452857,ollama_cloud,,0.3403472792684442,zai_amortized,0,0.7,293817539,100.0,0.0,
6519,1786947602.58888,ppq,deepseek/deepseek-v4-flash,0.06542517205402267,ppq_ledger,1,0.40922674,1560382,0.10208826082,0.0,
6520,1786947602.58888,ppq,moonshotai/kimi-k3,2.497018421052631,ppq_ledger,1,0.3000133,190,0.00047443349999999997,0.0,
6521,1786947602.58888,ppq,z-ai/glm-5,1.0743845322771748,ppq_ledger,1,0.5714743499999999,3878205,4.166683465,0.0,
6522,1786947602.58888,ppq,z-ai/glm-5.2,0.2576523643245763,ppq_ledger,1,1.0,20029486,5.160644424106,0.0,
6523,1786947602.58888,ppq,,0.37026045252579654,ppq_ledger,1,1.0,25468263,9.429890583426001,0.0,
6524,1786947602.5920012,openrouter,,0.4652591071530124,openrouter_actual,1,1.0,13152892,6.119502788399999,0.0,
6525,1786947602.3255317,ours,,0.001,cold_start_fallback,0,0.0,0,0.0,0.0,
6526,1786947602.3255317,deepinfra,,1.3,cold_start_fallback,0,0.0,0,0.0,0.0,
6527,1786947902.671363,friend,,0.001,zai_amortized,0,0.7,692403319,0.0,0.0,
6528,1786947902.7118783,ollama_cloud,,0.3403472792684442,zai_amortized,0,0.7,293817539,100.0,0.0,
6529,1786947902.9517944,ppq,deepseek/deepseek-v4-flash,0.06542517205402267,ppq_ledger,1,0.40922674,1560382,0.10208826082,0.0,
6530,1786947902.9517944,ppq,moonshotai/kimi-k3,2.497018421052631,ppq_ledger,1,0.3000133,190,0.00047443349999999997,0.0,
6531,1786947902.9517944,ppq,z-ai/glm-5,1.0743845322771748,ppq_ledger,1,0.5714743499999999,3878205,4.166683465,0.0,
6532,1786947902.9517944,ppq,z-ai/glm-5.2,0.2576523643245763,ppq_ledger,1,1.0,20029486,5.160644424106,0.0,
6533,1786947902.9517944,ppq,,0.37026045252579654,ppq_ledger,1,1.0,25468263,9.429890583426001,0.0,
6534,1786947902.9539034,openrouter,,0.4652591071530124,openrouter_actual,1,1.0,13152892,6.119502788399999,0.0,
6535,1786947902.67136,ours,,0.001,cold_start_fallback,0,0.0,0,0.0,0.0,
6536,1786947902.67136,deepinfra,,1.3,cold_start_fallback,0,0.0,0,0.0,0.0,
6537,1786948202.7962003,friend,,0.001,zai_amortized,0,0.7,692403319,0.0,0.0,
6538,1786948202.9411414,ollama_cloud,,0.3403472792684442,zai_amortized,0,0.7,293817539,100.0,0.0,
6539,1786948203.3661842,ppq,deepseek/deepseek-v4-flash,0.06542517205402267,ppq_ledger,1,0.40922674,1560382,0.10208826082,0.0,
6540,1786948203.3661842,ppq,moonshotai/kimi-k3,2.497018421052631,ppq_ledger,1,0.3000133,190,0.00047443349999999997,0.0,
6541,1786948203.3661842,ppq,z-ai/glm-5,1.0743845322771748,ppq_ledger,1,0.5714743499999999,3878205,4.166683465,0.0,
6542,1786948203.3661842,ppq,z-ai/glm-5.2,0.2576523643245763,ppq_ledger,1,1.0,20029486,5.160644424106,0.0,
6543,1786948203.3661842,ppq,,0.37026045252579654,ppq_ledger,1,1.0,25468263,9.429890583426001,0.0,
6544,1786948203.3775134,openrouter,,0.4652591071530124,openrouter_actual,1,1.0,13152892,6.119502788399999,0.0,
6545,1786948202.7961972,ours,,0.001,cold_start_fallback,0,0.0,0,0.0,0.0,
6546,1786948202.7961972,deepinfra,,1.3,cold_start_fallback,0,0.0,0,0.0,0.0,
6547,1786948502.2432008,friend,,0.001,zai_amortized,0,0.7,692403319,0.0,0.0,
6548,1786948502.2810152,ollama_cloud,,0.34031327313751913,zai_amortized,0,0.7,293846899,100.0,0.0,
6549,1786948502.5313797,ppq,deepseek/deepseek-v4-flash,0.06542517205402267,ppq_ledger,1,0.40922674,1560382,0.10208826082,0.0,
6550,1786948502.5313797,ppq,moonshotai/kimi-k3,2.497018421052631,ppq_ledger,1,0.3000133,190,0.00047443349999999997,0.0,
6551,1786948502.5313797,ppq,z-ai/glm-5,1.0743845322771748,ppq_ledger,1,0.5714743499999999,3878205,4.166683465,0.0,
6552,1786948502.5313797,ppq,z-ai/glm-5.2,0.2576523643245763,ppq_ledger,1,1.0,20029486,5.160644424106,0.0,
6553,1786948502.5313797,ppq,,0.37026045252579654,ppq_ledger,1,1.0,25468263,9.429890583426001,0.0,
6554,1786948502.5332577,openrouter,,0.4652591071530124,openrouter_actual,1,1.0,13152892,6.119502788399999,0.0,
6555,1786948502.2431974,ours,,0.001,cold_start_fallback,0,0.0,0,0.0,0.0,
6556,1786948502.2431974,deepinfra,,1.3,cold_start_fallback,0,0.0,0,0.0,0.0,
6557,1786948802.7033322,friend,,0.001,zai_amortized,0,0.7,692403319,0.0,0.0,
6558,1786948802.728455,ollama_cloud,,0.34031327313751913,zai_amortized,0,0.7,293846899,100.0,0.0,
6559,1786948802.965419,ppq,deepseek/deepseek-v4-flash,0.06542517205402267,ppq_ledger,1,0.40922674,1560382,0.10208826082,0.0,
6560,1786948802.965419,ppq,moonshotai/kimi-k3,2.497018421052631,ppq_ledger,1,0.3000133,190,0.00047443349999999997,0.0,
6561,1786948802.965419,ppq,z-ai/glm-5,1.0743845322771748,ppq_ledger,1,0.5714743499999999,3878205,4.166683465,0.0,
6562,1786948802.965419,ppq,z-ai/glm-5.2,0.2576523643245763,ppq_ledger,1,1.0,20029486,5.160644424106,0.0,
6563,1786948802.965419,ppq,,0.37026045252579654,ppq_ledger,1,1.0,25468263,9.429890583426001,0.0,
6564,1786948802.9674995,openrouter,,0.4652591071530124,openrouter_actual,1,1.0,13152892,6.119502788399999,0.0,
6565,1786948802.7033293,ours,,0.001,cold_start_fallback,0,0.0,0,0.0,0.0,
6566,1786948802.7033293,deepinfra,,1.3,cold_start_fallback,0,0.0,0,0.0,0.0,
6567,1786949102.3601153,friend,,0.001,zai_amortized,0,0.7,692403319,0.0,0.0,
6568,1786949102.393851,ollama_cloud,,0.34031327313751913,zai_amortized,0,0.7,293846899,100.0,0.0,
6569,1786949102.6413202,ppq,deepseek/deepseek-v4-flash,0.06542517205402267,ppq_ledger,1,0.40922674,1560382,0.10208826082,0.0,
6570,1786949102.6413202,ppq,moonshotai/kimi-k3,2.497018421052631,ppq_ledger,1,0.3000133,190,0.00047443349999999997,0.0,
6571,1786949102.6413202,ppq,z-ai/glm-5,1.0743845322771748,ppq_ledger,1,0.5714743499999999,3878205,4.166683465,0.0,
6572,1786949102.6413202,ppq,z-ai/glm-5.2,0.2576523643245763,ppq_ledger,1,1.0,20029486,5.160644424106,0.0,
6573,1786949102.6413202,ppq,,0.37026045252579654,ppq_ledger,1,1.0,25468263,9.429890583426001,0.0,
6574,1786949102.6432924,openrouter,,0.4652591071530124,openrouter_actual,1,1.0,13152892,6.119502788399999,0.0,
6575,1786949102.3601115,ours,,0.001,cold_start_fallback,0,0.0,0,0.0,0.0,
6576,1786949102.3601115,deepinfra,,1.3,cold_start_fallback,0,0.0,0,0.0,0.0,
6577,1786949402.7367842,friend,,0.001,zai_amortized,0,0.7,692403319,0.0,0.0,
6578,1786949402.7607262,ollama_cloud,,0.34031327313751913,zai_amortized,0,0.7,293846899,100.0,0.0,
6579,1786949403.0050294,ppq,deepseek/deepseek-v4-flash,0.06542517205402267,ppq_ledger,1,0.40922674,1560382,0.10208826082,0.0,
6580,1786949403.0050294,ppq,moonshotai/kimi-k3,2.497018421052631,ppq_ledger,1,0.3000133,190,0.00047443349999999997,0.0,
6581,1786949403.0050294,ppq,z-ai/glm-5,1.0743845322771748,ppq_ledger,1,0.5714743499999999,3878205,4.166683465,0.0,
6582,1786949403.0050294,ppq,z-ai/glm-5.2,0.2576523643245763,ppq_ledger,1,1.0,20029486,5.160644424106,0.0,
6583,1786949403.0050294,ppq,,0.37026045252579654,ppq_ledger,1,1.0,25468263,9.429890583426001,0.0,
6584,1786949403.006834,openrouter,,0.4652591071530124,openrouter_actual,1,1.0,13152892,6.119502788399999,0.0,
6585,1786949402.7367814,ours,,0.001,cold_start_fallback,0,0.0,0,0.0,0.0,
6586,1786949402.7367814,deepinfra,,1.3,cold_start_fallback,0,0.0,0,0.0,0.0,
6587,1786949702.5116684,friend,,0.001,zai_amortized,0,0.7,692403319,0.0,0.0,
6588,1786949702.5486937,ollama_cloud,,0.3401746781324175,zai_amortized,0,0.7,293966619,100.0,0.0,
6589,1786949702.7828567,ppq,deepseek/deepseek-v4-flash,0.06542517205402267,ppq_ledger,1,0.40922674,1560382,0.10208826082,0.0,
6590,1786949702.7828567,ppq,moonshotai/kimi-k3,2.497018421052631,ppq_ledger,1,0.3000133,190,0.00047443349999999997,0.0,
6591,1786949702.7828567,ppq,z-ai/glm-5,1.0743845322771748,ppq_ledger,1,0.5714743499999999,3878205,4.166683465,0.0,
6592,1786949702.7828567,ppq,z-ai/glm-5.2,0.2576523643245763,ppq_ledger,1,1.0,20029486,5.160644424106,0.0,
6593,1786949702.7828567,ppq,,0.37026045252579654,ppq_ledger,1,1.0,25468263,9.429890583426001,0.0,
6594,1786949702.7847795,openrouter,,0.4652591071530124,openrouter_actual,1,1.0,13152892,6.119502788399999,0.0,
6595,1786949702.511665,ours,,0.001,cold_start_fallback,0,0.0,0,0.0,0.0,
6596,1786949702.511665,deepinfra,,1.3,cold_start_fallback,0,0.0,0,0.0,0.0,
6597,1786950002.8067458,friend,,0.001,zai_amortized,0,0.7,692403319,0.0,0.0,
6598,1786950002.852959,ollama_cloud,,0.3396158022879604,zai_amortized,0,0.7,294450374,100.0,0.0,
6599,1786950003.1084685,ppq,deepseek/deepseek-v4-flash,0.06542517205402267,ppq_ledger,1,0.40922674,1560382,0.10208826082,0.0,
6600,1786950003.1084685,ppq,moonshotai/kimi-k3,2.497018421052631,ppq_ledger,1,0.3000133,190,0.00047443349999999997,0.0,
6601,1786950003.1084685,ppq,z-ai/glm-5,1.0743845322771748,ppq_ledger,1,0.5714743499999999,3878205,4.166683465,0.0,
6602,1786950003.1084685,ppq,z-ai/glm-5.2,0.2576523643245763,ppq_ledger,1,1.0,20029486,5.160644424106,0.0,
6603,1786950003.1084685,ppq,,0.37026045252579654,ppq_ledger,1,1.0,25468263,9.429890583426001,0.0,
6604,1786950003.1127222,openrouter,,0.4652591071530124,openrouter_actual,1,1.0,13152892,6.119502788399999,0.0,
6605,1786950002.8067424,ours,,0.001,cold_start_fallback,0,0.0,0,0.0,0.0,
6606,1786950002.8067424,deepinfra,,1.3,cold_start_fallback,0,0.0,0,0.0,0.0,
6607,1786950302.5668325,friend,,0.001,zai_amortized,0,0.7,692403319,0.0,0.0,
6608,1786950302.595222,ollama_cloud,,0.33783652872128905,zai_amortized,0,0.7,296001147,100.0,0.0,
6609,1786950302.8329778,ppq,deepseek/deepseek-v4-flash,0.06542517205402267,ppq_ledger,1,0.40922674,1560382,0.10208826082,0.0,
6610,1786950302.8329778,ppq,moonshotai/kimi-k3,2.497018421052631,ppq_ledger,1,0.3000133,190,0.00047443349999999997,0.0,
6611,1786950302.8329778,ppq,z-ai/glm-5,1.0743845322771748,ppq_ledger,1,0.5714743499999999,3878205,4.166683465,0.0,
6612,1786950302.8329778,ppq,z-ai/glm-5.2,0.2576523643245763,ppq_ledger,1,1.0,20029486,5.160644424106,0.0,
6613,1786950302.8329778,ppq,,0.37026045252579654,ppq_ledger,1,1.0,25468263,9.429890583426001,0.0,
6614,1786950302.8344162,openrouter,,0.4652591071530124,openrouter_actual,1,1.0,13152892,6.119502788399999,0.0,
6615,1786950302.5668292,ours,,0.001,cold_start_fallback,0,0.0,0,0.0,0.0,
6616,1786950302.5668292,deepinfra,,1.3,cold_start_fallback,0,0.0,0,0.0,0.0,
6617,1786950602.5239706,friend,,0.001,zai_amortized,0,0.7,692403319,0.0,0.0,
6618,1786950602.54841,ollama_cloud,,0.33243307685844425,zai_amortized,0,0.7,300812425,100.0,0.0,
6619,1786950602.8137736,ppq,deepseek/deepseek-v4-flash,0.06542517205402267,ppq_ledger,1,0.40922674,1560382,0.10208826082,0.0,
6620,1786950602.8137736,ppq,moonshotai/kimi-k3,2.497018421052631,ppq_ledger,1,0.3000133,190,0.00047443349999999997,0.0,
6621,1786950602.8137736,ppq,z-ai/glm-5,1.0743845322771748,ppq_ledger,1,0.5714743499999999,3878205,4.166683465,0.0,
6622,1786950602.8137736,ppq,z-ai/glm-5.2,0.2576523643245763,ppq_ledger,1,1.0,20029486,5.160644424106,0.0,
6623,1786950602.8137736,ppq,,0.37026045252579654,ppq_ledger,1,1.0,25468263,9.429890583426001,0.0,
6624,1786950602.818104,openrouter,,0.4652591071530124,openrouter_actual,1,1.0,13152892,6.119502788399999,0.0,
6625,1786950602.5239673,ours,,0.001,cold_start_fallback,0,0.0,0,0.0,0.0,
6626,1786950602.5239673,deepinfra,,1.3,cold_start_fallback,0,0.0,0,0.0,0.0,
6627,1786950902.6710134,friend,,0.001,zai_amortized,0,0.7,692403319,0.0,0.0,
6628,1786950902.7087522,ollama_cloud,,0.33107606225878733,zai_amortized,0,0.7,302045395,100.0,0.0,
6629,1786950902.9702704,ppq,deepseek/deepseek-v4-flash,0.06542517205402267,ppq_ledger,1,0.40922674,1560382,0.10208826082,0.0,
6630,1786950902.9702704,ppq,moonshotai/kimi-k3,2.497018421052631,ppq_ledger,1,0.3000133,190,0.00047443349999999997,0.0,
6631,1786950902.9702704,ppq,z-ai/glm-5,1.0743845322771748,ppq_ledger,1,0.5714743499999999,3878205,4.166683465,0.0,
6632,1786950902.9702704,ppq,z-ai/glm-5.2,0.2576523643245763,ppq_ledger,1,1.0,20029486,5.160644424106,0.0,
6633,1786950902.9702704,ppq,,0.37026045252579654,ppq_ledger,1,1.0,25468263,9.429890583426001,0.0,
6634,1786950902.9726403,openrouter,,0.4652591071530124,openrouter_actual,1,1.0,13152892,6.119502788399999,0.0,
6635,1786950902.6710107,ours,,0.001,cold_start_fallback,0,0.0,0,0.0,0.0,
6636,1786950902.6710107,deepinfra,,1.3,cold_start_fallback,0,0.0,0,0.0,0.0,
6637,1786951202.0442107,friend,,0.001,zai_amortized,0,0.7,692403319,0.0,0.0,
6638,1786951202.0729184,ollama_cloud,,0.33107606225878733,zai_amortized,0,0.7,302045395,100.0,0.0,
6639,1786951202.3274705,ppq,deepseek/deepseek-v4-flash,0.06542517205402267,ppq_ledger,1,0.40922674,1560382,0.10208826082,0.0,
6640,1786951202.3274705,ppq,moonshotai/kimi-k3,2.497018421052631,ppq_ledger,1,0.3000133,190,0.00047443349999999997,0.0,
6641,1786951202.3274705,ppq,z-ai/glm-5,1.0743845322771748,ppq_ledger,1,0.5714743499999999,3878205,4.166683465,0.0,
6642,1786951202.3274705,ppq,z-ai/glm-5.2,0.2576523643245763,ppq_ledger,1,1.0,20029486,5.160644424106,0.0,
6643,1786951202.3274705,ppq,,0.37026045252579654,ppq_ledger,1,1.0,25468263,9.429890583426001,0.0,
6644,1786951202.3294022,openrouter,,0.4652591071530124,openrouter_actual,1,1.0,13152892,6.119502788399999,0.0,
6645,1786951202.0442069,ours,,0.001,cold_start_fallback,0,0.0,0,0.0,0.0,
6646,1786951202.0442069,deepinfra,,1.3,cold_start_fallback,0,0.0,0,0.0,0.0,
6647,1786951501.8573651,friend,,0.001,zai_amortized,0,0.7,692403319,0.0,0.0,
6648,1786951501.8794286,ollama_cloud,,0.33107606225878733,zai_amortized,0,0.7,302045395,100.0,0.0,
6649,1786951502.162544,ppq,deepseek/deepseek-v4-flash,0.06542517205402267,ppq_ledger,1,0.40922674,1560382,0.10208826082,0.0,
6650,1786951502.162544,ppq,moonshotai/kimi-k3,2.497018421052631,ppq_ledger,1,0.3000133,190,0.00047443349999999997,0.0,
6651,1786951502.162544,ppq,z-ai/glm-5,1.0743845322771748,ppq_ledger,1,0.5714743499999999,3878205,4.166683465,0.0,
6652,1786951502.162544,ppq,z-ai/glm-5.2,0.2576523643245763,ppq_ledger,1,1.0,20029486,5.160644424106,0.0,
6653,1786951502.162544,ppq,,0.37026045252579654,ppq_ledger,1,1.0,25468263,9.429890583426001,0.0,
6654,1786951502.163841,openrouter,,0.4652591071530124,openrouter_actual,1,1.0,13152892,6.119502788399999,0.0,
6655,1786951501.8573613,ours,,0.001,cold_start_fallback,0,0.0,0,0.0,0.0,
6656,1786951501.8573613,deepinfra,,1.3,cold_start_fallback,0,0.0,0,0.0,0.0,
6657,1786951802.8810062,friend,,0.001,zai_amortized,0,0.7,692403319,0.0,0.0,
6658,1786951802.91012,ollama_cloud,,0.33107606225878733,zai_amortized,0,0.7,302045395,100.0,0.0,
6659,1786951803.1711783,ppq,deepseek/deepseek-v4-flash,0.06542517205402267,ppq_ledger,1,0.40922674,1560382,0.10208826082,0.0,
6660,1786951803.1711783,ppq,moonshotai/kimi-k3,2.497018421052631,ppq_ledger,1,0.3000133,190,0.00047443349999999997,0.0,
6661,1786951803.1711783,ppq,z-ai/glm-5,1.0743845322771748,ppq_ledger,1,0.5714743499999999,3878205,4.166683465,0.0,
6662,1786951803.1711783,ppq,z-ai/glm-5.2,0.2576523643245763,ppq_ledger,1,1.0,20029486,5.160644424106,0.0,
6663,1786951803.1711783,ppq,,0.37026045252579654,ppq_ledger,1,1.0,25468263,9.429890583426001,0.0,
6664,1786951803.1746926,openrouter,,0.4652591071530124,openrouter_actual,1,1.0,13152892,6.119502788399999,0.0,
6665,1786951802.881004,ours,,0.001,cold_start_fallback,0,0.0,0,0.0,0.0,
6666,1786951802.881004,deepinfra,,1.3,cold_start_fallback,0,0.0,0,0.0,0.0,
6667,1786952101.6210725,friend,,0.001,zai_amortized,0,0.7,692403319,0.0,0.0,
6668,1786952101.6379368,ollama_cloud,,0.33107606225878733,zai_amortized,0,0.7,302045395,100.0,0.0,
6669,1786952101.8651881,ppq,deepseek/deepseek-v4-flash,0.06542517205402267,ppq_ledger,1,0.40922674,1560382,0.10208826082,0.0,
6670,1786952101.8651881,ppq,moonshotai/kimi-k3,2.497018421052631,ppq_ledger,1,0.3000133,190,0.00047443349999999997,0.0,
6671,1786952101.8651881,ppq,z-ai/glm-5,1.0743845322771748,ppq_ledger,1,0.5714743499999999,3878205,4.166683465,0.0,
6672,1786952101.8651881,ppq,z-ai/glm-5.2,0.2576523643245763,ppq_ledger,1,1.0,20029486,5.160644424106,0.0,
6673,1786952101.8651881,ppq,,0.37026045252579654,ppq_ledger,1,1.0,25468263,9.429890583426001,0.0,
6674,1786952101.8669367,openrouter,,0.4652591071530124,openrouter_actual,1,1.0,13152892,6.119502788399999,0.0,
6675,1786952101.621069,ours,,0.001,cold_start_fallback,0,0.0,0,0.0,0.0,
6676,1786952101.621069,deepinfra,,1.3,cold_start_fallback,0,0.0,0,0.0,0.0,
6677,1786952402.7397704,friend,,0.001,zai_amortized,0,0.7,692403319,0.0,0.0,
6678,1786952402.7604058,ollama_cloud,,0.33107606225878733,zai_amortized,0,0.7,302045395,100.0,0.0,
6679,1786952403.0195174,ppq,deepseek/deepseek-v4-flash,0.06542517205402267,ppq_ledger,1,0.40922674,1560382,0.10208826082,0.0,
6680,1786952403.0195174,ppq,moonshotai/kimi-k3,2.497018421052631,ppq_ledger,1,0.3000133,190,0.00047443349999999997,0.0,
6681,1786952403.0195174,ppq,z-ai/glm-5,1.0743845322771748,ppq_ledger,1,0.5714743499999999,3878205,4.166683465,0.0,
6682,1786952403.0195174,ppq,z-ai/glm-5.2,0.2576523643245763,ppq_ledger,1,1.0,20029486,5.160644424106,0.0,
6683,1786952403.0195174,ppq,,0.37026045252579654,ppq_ledger,1,1.0,25468263,9.429890583426001,0.0,
6684,1786952403.028353,openrouter,,0.4652591071530124,openrouter_actual,1,1.0,13152892,6.119502788399999,0.0,
6685,1786952402.7397673,ours,,0.001,cold_start_fallback,0,0.0,0,0.0,0.0,
6686,1786952402.7397673,deepinfra,,1.3,cold_start_fallback,0,0.0,0,0.0,0.0,
6687,1786955402.1953132,friend,,0.001,zai_amortized,0,0.7,692403319,0.0,0.0,
6688,1786955402.2279775,ollama_cloud,,0.33107606225878733,zai_amortized,0,0.7,302045395,100.0,0.0,
6689,1786955402.311761,ppq,deepseek/deepseek-v4-flash,0.06542517205402267,ppq_ledger,1,0.40922674,1560382,0.10208826082,0.0,
6690,1786955402.311761,ppq,moonshotai/kimi-k3,2.497018421052631,ppq_ledger,1,0.3000133,190,0.00047443349999999997,0.0,
6691,1786955402.311761,ppq,z-ai/glm-5,1.0743845322771748,ppq_ledger,1,0.5714743499999999,3878205,4.166683465,0.0,
6692,1786955402.311761,ppq,z-ai/glm-5.2,0.2576523643245763,ppq_ledger,1,1.0,20029486,5.160644424106,0.0,
6693,1786955402.311761,ppq,,0.37026045252579654,ppq_ledger,1,1.0,25468263,9.429890583426001,0.0,
6694,1786955402.3172739,openrouter,,0.4652591071530124,openrouter_actual,1,1.0,13152892,6.119502788399999,0.0,
6695,1786955402.19531,ours,,0.001,cold_start_fallback,0,0.0,0,0.0,0.0,
6696,1786955402.19531,deepinfra,,1.3,cold_start_fallback,0,0.0,0,0.0,0.0,
6697,1786955701.9429212,friend,,0.001,zai_amortized,0,0.7,692403319,0.0,0.0,
6698,1786955701.9605322,ollama_cloud,,0.33107606225878733,zai_amortized,0,0.7,302045395,100.0,0.0,
6699,1786955702.2319376,ppq,deepseek/deepseek-v4-flash,0.06542517205402267,ppq_ledger,1,0.40922674,1560382,0.10208826082,0.0,
6700,1786955702.2319376,ppq,moonshotai/kimi-k3,2.497018421052631,ppq_ledger,1,0.3000133,190,0.00047443349999999997,0.0,
6701,1786955702.2319376,ppq,z-ai/glm-5,1.0743845322771748,ppq_ledger,1,0.5714743499999999,3878205,4.166683465,0.0,
6702,1786955702.2319376,ppq,z-ai/glm-5.2,0.2576523643245763,ppq_ledger,1,1.0,20029486,5.160644424106,0.0,
6703,1786955702.2319376,ppq,,0.37026045252579654,ppq_ledger,1,1.0,25468263,9.429890583426001,0.0,
6704,1786955702.2335544,openrouter,,0.4652591071530124,openrouter_actual,1,1.0,13152892,6.119502788399999,0.0,
6705,1786955701.9429185,ours,,0.001,cold_start_fallback,0,0.0,0,0.0,0.0,
6706,1786955701.9429185,deepinfra,,1.3,cold_start_fallback,0,0.0,0,0.0,0.0,
6707,1786956002.5502362,friend,,0.001,zai_amortized,0,0.7,692403319,0.0,0.0,
6708,1786956002.575589,ollama_cloud,,0.33107606225878733,zai_amortized,0,0.7,302045395,100.0,0.0,
6709,1786956002.8430495,ppq,deepseek/deepseek-v4-flash,0.06542517205402267,ppq_ledger,1,0.40922674,1560382,0.10208826082,0.0,
6710,1786956002.8430495,ppq,moonshotai/kimi-k3,2.497018421052631,ppq_ledger,1,0.3000133,190,0.00047443349999999997,0.0,
6711,1786956002.8430495,ppq,z-ai/glm-5,1.0743845322771748,ppq_ledger,1,0.5714743499999999,3878205,4.166683465,0.0,
6712,1786956002.8430495,ppq,z-ai/glm-5.2,0.2576523643245763,ppq_ledger,1,1.0,20029486,5.160644424106,0.0,
6713,1786956002.8430495,ppq,,0.37026045252579654,ppq_ledger,1,1.0,25468263,9.429890583426001,0.0,
6714,1786956002.844805,openrouter,,0.4652591071530124,openrouter_actual,1,1.0,13152892,6.119502788399999,0.0,
6715,1786956002.5502322,ours,,0.001,cold_start_fallback,0,0.0,0,0.0,0.0,
6716,1786956002.5502322,deepinfra,,1.3,cold_start_fallback,0,0.0,0,0.0,0.0,
6717,1786956302.882327,friend,,0.001,zai_amortized,0,0.7,692403319,0.0,0.0,
6718,1786956302.9008653,ollama_cloud,,0.33107606225878733,zai_amortized,0,0.7,302045395,100.0,0.0,
6719,1786956303.151013,ppq,deepseek/deepseek-v4-flash,0.06542517205402267,ppq_ledger,1,0.40922674,1560382,0.10208826082,0.0,
6720,1786956303.151013,ppq,moonshotai/kimi-k3,2.497018421052631,ppq_ledger,1,0.3000133,190,0.00047443349999999997,0.0,
6721,1786956303.151013,ppq,z-ai/glm-5,1.0743845322771748,ppq_ledger,1,0.5714743499999999,3878205,4.166683465,0.0,
6722,1786956303.151013,ppq,z-ai/glm-5.2,0.2576523643245763,ppq_ledger,1,1.0,20029486,5.160644424106,0.0,
6723,1786956303.151013,ppq,,0.37026045252579654,ppq_ledger,1,1.0,25468263,9.429890583426001,0.0,
6724,1786956303.1529188,openrouter,,0.4652591071530124,openrouter_actual,1,1.0,13152892,6.119502788399999,0.0,
6725,1786956302.8823245,ours,,0.001,cold_start_fallback,0,0.0,0,0.0,0.0,
6726,1786956302.8823245,deepinfra,,1.3,cold_start_fallback,0,0.0,0,0.0,0.0,
6727,1786956602.3131561,friend,,0.001,zai_amortized,0,0.7,692403319,0.0,0.0,
6728,1786956602.3346567,ollama_cloud,,0.33107606225878733,zai_amortized,0,0.7,302045395,100.0,0.0,
6729,1786956602.5912917,ppq,deepseek/deepseek-v4-flash,0.06542517205402267,ppq_ledger,1,0.40922674,1560382,0.10208826082,0.0,
6730,1786956602.5912917,ppq,moonshotai/kimi-k3,2.497018421052631,ppq_ledger,1,0.3000133,190,0.00047443349999999997,0.0,
6731,1786956602.5912917,ppq,z-ai/glm-5,1.0743845322771748,ppq_ledger,1,0.5714743499999999,3878205,4.166683465,0.0,
6732,1786956602.5912917,ppq,z-ai/glm-5.2,0.2576523643245763,ppq_ledger,1,1.0,20029486,5.160644424106,0.0,
6733,1786956602.5912917,ppq,,0.37026045252579654,ppq_ledger,1,1.0,25468263,9.429890583426001,0.0,
6734,1786956602.593406,openrouter,,0.4652591071530124,openrouter_actual,1,1.0,13152892,6.119502788399999,0.0,
6735,1786956602.313153,ours,,0.001,cold_start_fallback,0,0.0,0,0.0,0.0,
6736,1786956602.313153,deepinfra,,1.3,cold_start_fallback,0,0.0,0,0.0,0.0,
6737,1786956902.2846935,friend,,0.001,zai_amortized,0,0.7,692403319,0.0,0.0,
6738,1786956902.301377,ollama_cloud,,0.33107606225878733,zai_amortized,0,0.7,302045395,100.0,0.0,
6739,1786956902.5801182,ppq,deepseek/deepseek-v4-flash,0.06542517205402267,ppq_ledger,1,0.40922674,1560382,0.10208826082,0.0,
6740,1786956902.5801182,ppq,moonshotai/kimi-k3,2.497018421052631,ppq_ledger,1,0.3000133,190,0.00047443349999999997,0.0,
6741,1786956902.5801182,ppq,z-ai/glm-5,1.0743845322771748,ppq_ledger,1,0.5714743499999999,3878205,4.166683465,0.0,
6742,1786956902.5801182,ppq,z-ai/glm-5.2,0.2576523643245763,ppq_ledger,1,1.0,20029486,5.160644424106,0.0,
6743,1786956902.5801182,ppq,,0.37026045252579654,ppq_ledger,1,1.0,25468263,9.429890583426001,0.0,
6744,1786956902.58204,openrouter,,0.4652591071530124,openrouter_actual,1,1.0,13152892,6.119502788399999,0.0,
6745,1786956902.2846904,ours,,0.001,cold_start_fallback,0,0.0,0,0.0,0.0,
6746,1786956902.2846904,deepinfra,,1.3,cold_start_fallback,0,0.0,0,0.0,0.0,
6747,1786957203.0038178,friend,,0.001,zai_amortized,0,0.7,692403319,0.0,0.0,
6748,1786957203.0296435,ollama_cloud,,0.33107606225878733,zai_amortized,0,0.7,302045395,100.0,0.0,
6749,1786957203.340437,ppq,deepseek/deepseek-v4-flash,0.06542517205402267,ppq_ledger,1,0.40922674,1560382,0.10208826082,0.0,
6750,1786957203.340437,ppq,moonshotai/kimi-k3,2.497018421052631,ppq_ledger,1,0.3000133,190,0.00047443349999999997,0.0,
6751,1786957203.340437,ppq,z-ai/glm-5,1.0743845322771748,ppq_ledger,1,0.5714743499999999,3878205,4.166683465,0.0,
6752,1786957203.340437,ppq,z-ai/glm-5.2,0.2576523643245763,ppq_ledger,1,1.0,20029486,5.160644424106,0.0,
6753,1786957203.340437,ppq,,0.37026045252579654,ppq_ledger,1,1.0,25468263,9.429890583426001,0.0,
6754,1786957203.3495603,openrouter,,0.4652591071530124,openrouter_actual,1,1.0,13152892,6.119502788399999,0.0,
6755,1786957203.003815,ours,,0.001,cold_start_fallback,0,0.0,0,0.0,0.0,
6756,1786957203.003815,deepinfra,,1.3,cold_start_fallback,0,0.0,0,0.0,0.0,
6757,1786957501.9386334,friend,,0.001,zai_amortized,0,0.7,692403319,0.0,0.0,
6758,1786957501.956789,ollama_cloud,,0.33107606225878733,zai_amortized,0,0.7,302045395,100.0,0.0,
6759,1786957502.2295218,ppq,deepseek/deepseek-v4-flash,0.06542517205402267,ppq_ledger,1,0.40922674,1560382,0.10208826082,0.0,
6760,1786957502.2295218,ppq,moonshotai/kimi-k3,2.497018421052631,ppq_ledger,1,0.3000133,190,0.00047443349999999997,0.0,
6761,1786957502.2295218,ppq,z-ai/glm-5,1.0743845322771748,ppq_ledger,1,0.5714743499999999,3878205,4.166683465,0.0,
6762,1786957502.2295218,ppq,z-ai/glm-5.2,0.2576523643245763,ppq_ledger,1,1.0,20029486,5.160644424106,0.0,
6763,1786957502.2295218,ppq,,0.37026045252579654,ppq_ledger,1,1.0,25468263,9.429890583426001,0.0,
6764,1786957502.2314372,openrouter,,0.4652591071530124,openrouter_actual,1,1.0,13152892,6.119502788399999,0.0,
6765,1786957501.9386306,ours,,0.001,cold_start_fallback,0,0.0,0,0.0,0.0,
6766,1786957501.9386306,deepinfra,,1.3,cold_start_fallback,0,0.0,0,0.0,0.0,
6767,1786957802.6665568,friend,,0.001,zai_amortized,0,0.7,692403319,0.0,0.0,
6768,1786957802.6933608,ollama_cloud,,0.33102362810575847,zai_amortized,0,0.7,302093239,100.0,0.0,
6769,1786957802.949755,ppq,deepseek/deepseek-v4-flash,0.06542517205402267,ppq_ledger,1,0.40922674,1560382,0.10208826082,0.0,
6770,1786957802.949755,ppq,moonshotai/kimi-k3,2.497018421052631,ppq_ledger,1,0.3000133,190,0.00047443349999999997,0.0,
6771,1786957802.949755,ppq,z-ai/glm-5,1.0743845322771748,ppq_ledger,1,0.5714743499999999,3878205,4.166683465,0.0,
6772,1786957802.949755,ppq,z-ai/glm-5.2,0.2576523643245763,ppq_ledger,1,1.0,20029486,5.160644424106,0.0,
6773,1786957802.949755,ppq,,0.37026045252579654,ppq_ledger,1,1.0,25468263,9.429890583426001,0.0,
6774,1786957802.9516687,openrouter,,0.4652591071530124,openrouter_actual,1,1.0,13152892,6.119502788399999,0.0,
6775,1786957802.6665545,ours,,0.001,cold_start_fallback,0,0.0,0,0.0,0.0,
6776,1786957802.6665545,deepinfra,,1.3,cold_start_fallback,0,0.0,0,0.0,0.0,
6777,1786958101.972853,friend,,0.001,zai_amortized,0,0.7,692403319,0.0,0.0,
6778,1786958101.996504,ollama_cloud,,0.33102362810575847,zai_amortized,0,0.7,302093239,100.0,0.0,
6779,1786958102.327774,ppq,deepseek/deepseek-v4-flash,0.06542517205402267,ppq_ledger,1,0.40922674,1560382,0.10208826082,0.0,
6780,1786958102.327774,ppq,moonshotai/kimi-k3,2.497018421052631,ppq_ledger,1,0.3000133,190,0.00047443349999999997,0.0,
6781,1786958102.327774,ppq,z-ai/glm-5,1.0743845322771748,ppq_ledger,1,0.5714743499999999,3878205,4.166683465,0.0,
6782,1786958102.327774,ppq,z-ai/glm-5.2,0.2576523643245763,ppq_ledger,1,1.0,20029486,5.160644424106,0.0,
6783,1786958102.327774,ppq,,0.37026045252579654,ppq_ledger,1,1.0,25468263,9.429890583426001,0.0,
6784,1786958102.3318987,openrouter,,0.4652591071530124,openrouter_actual,1,1.0,13152892,6.119502788399999,0.0,
6785,1786958101.9728498,ours,,0.001,cold_start_fallback,0,0.0,0,0.0,0.0,
6786,1786958101.9728498,deepinfra,,1.3,cold_start_fallback,0,0.0,0,0.0,0.0,
6787,1786958402.3738089,friend,,0.001,zai_amortized,0,0.7,692403319,0.0,0.0,
6788,1786958402.3910353,ollama_cloud,,0.33102362810575847,zai_amortized,0,0.7,302093239,100.0,0.0,
6789,1786958402.66393,ppq,deepseek/deepseek-v4-flash,0.06542517205402267,ppq_ledger,1,0.40922674,1560382,0.10208826082,0.0,
6790,1786958402.66393,ppq,moonshotai/kimi-k3,2.497018421052631,ppq_ledger,1,0.3000133,190,0.00047443349999999997,0.0,
6791,1786958402.66393,ppq,z-ai/glm-5,1.0743845322771748,ppq_ledger,1,0.5714743499999999,3878205,4.166683465,0.0,
6792,1786958402.66393,ppq,z-ai/glm-5.2,0.2576523643245763,ppq_ledger,1,1.0,20029486,5.160644424106,0.0,
6793,1786958402.66393,ppq,,0.37026045252579654,ppq_ledger,1,1.0,25468263,9.429890583426001,0.0,
6794,1786958402.665626,openrouter,,0.4652591071530124,openrouter_actual,1,1.0,13152892,6.119502788399999,0.0,
6795,1786958402.3738055,ours,,0.001,cold_start_fallback,0,0.0,0,0.0,0.0,
6796,1786958402.3738055,deepinfra,,1.3,cold_start_fallback,0,0.0,0,0.0,0.0,
6797,1786958701.9549153,friend,,0.001,zai_amortized,0,0.7,692403319,0.0,0.0,
6798,1786958701.9707384,ollama_cloud,,0.33102362810575847,zai_amortized,0,0.7,302093239,100.0,0.0,
6799,1786958702.2438562,ppq,deepseek/deepseek-v4-flash,0.06542517205402267,ppq_ledger,1,0.40922674,1560382,0.10208826082,0.0,
6800,1786958702.2438562,ppq,moonshotai/kimi-k3,2.497018421052631,ppq_ledger,1,0.3000133,190,0.00047443349999999997,0.0,
6801,1786958702.2438562,ppq,z-ai/glm-5,1.0743845322771748,ppq_ledger,1,0.5714743499999999,3878205,4.166683465,0.0,
6802,1786958702.2438562,ppq,z-ai/glm-5.2,0.2576523643245763,ppq_ledger,1,1.0,20029486,5.160644424106,0.0,
6803,1786958702.2438562,ppq,,0.37026045252579654,ppq_ledger,1,1.0,25468263,9.429890583426001,0.0,
6804,1786958702.245663,openrouter,,0.4652591071530124,openrouter_actual,1,1.0,13152892,6.119502788399999,0.0,
6805,1786958701.9549124,ours,,0.001,cold_start_fallback,0,0.0,0,0.0,0.0,
6806,1786958701.9549124,deepinfra,,1.3,cold_start_fallback,0,0.0,0,0.0,0.0,
6807,1786959002.5068178,friend,,0.001,zai_amortized,0,0.7,692403319,0.0,0.0,
6808,1786959002.525457,ollama_cloud,,0.3309155868422271,zai_amortized,0,0.7,302191870,100.0,0.0,
6809,1786959002.8283608,ppq,deepseek/deepseek-v4-flash,0.06542517205402267,ppq_ledger,1,0.40922674,1560382,0.10208826082,0.0,
6810,1786959002.8283608,ppq,moonshotai/kimi-k3,2.497018421052631,ppq_ledger,1,0.3000133,190,0.00047443349999999997,0.0,
6811,1786959002.8283608,ppq,z-ai/glm-5,1.0743845322771748,ppq_ledger,1,0.5714743499999999,3878205,4.166683465,0.0,
6812,1786959002.8283608,ppq,z-ai/glm-5.2,0.2576523643245763,ppq_ledger,1,1.0,20029486,5.160644424106,0.0,
6813,1786959002.8283608,ppq,,0.37026045252579654,ppq_ledger,1,1.0,25468263,9.429890583426001,0.0,
6814,1786959002.8304186,openrouter,,0.4652591071530124,openrouter_actual,1,1.0,13152892,6.119502788399999,0.0,
6815,1786959002.5068145,ours,,0.001,cold_start_fallback,0,0.0,0,0.0,0.0,
6816,1786959002.5068145,deepinfra,,1.3,cold_start_fallback,0,0.0,0,0.0,0.0,
6817,1786959301.6160378,friend,,0.001,zai_amortized,0,0.7,692403319,0.0,0.0,
6818,1786959301.63384,ollama_cloud,,0.33069324382128606,zai_amortized,0,0.7,302395050,100.0,0.0,
6819,1786959301.8963053,ppq,deepseek/deepseek-v4-flash,0.06542517205402267,ppq_ledger,1,0.40922674,1560382,0.10208826082,0.0,
6820,1786959301.8963053,ppq,moonshotai/kimi-k3,2.497018421052631,ppq_ledger,1,0.3000133,190,0.00047443349999999997,0.0,
6821,1786959301.8963053,ppq,z-ai/glm-5,1.0743845322771748,ppq_ledger,1,0.5714743499999999,3878205,4.166683465,0.0,
6822,1786959301.8963053,ppq,z-ai/glm-5.2,0.2576523643245763,ppq_ledger,1,1.0,20029486,5.160644424106,0.0,
6823,1786959301.8963053,ppq,,0.37026045252579654,ppq_ledger,1,1.0,25468263,9.429890583426001,0.0,
6824,1786959301.8985271,openrouter,,0.4652591071530124,openrouter_actual,1,1.0,13152892,6.119502788399999,0.0,
6825,1786959301.6160352,ours,,0.001,cold_start_fallback,0,0.0,0,0.0,0.0,
6826,1786959301.6160352,deepinfra,,1.3,cold_start_fallback,0,0.0,0,0.0,0.0,
6827,1786959602.4461534,friend,,0.001,zai_amortized,0,0.7,692403319,0.0,0.0,
6828,1786959602.4636433,ollama_cloud,,0.33069324382128606,zai_amortized,0,0.7,302395050,100.0,0.0,
6829,1786959602.7230752,ppq,deepseek/deepseek-v4-flash,0.06542517205402267,ppq_ledger,1,0.40922674,1560382,0.10208826082,0.0,
6830,1786959602.7230752,ppq,moonshotai/kimi-k3,2.497018421052631,ppq_ledger,1,0.3000133,190,0.00047443349999999997,0.0,
6831,1786959602.7230752,ppq,z-ai/glm-5,1.0743845322771748,ppq_ledger,1,0.5714743499999999,3878205,4.166683465,0.0,
6832,1786959602.7230752,ppq,z-ai/glm-5.2,0.2576523643245763,ppq_ledger,1,1.0,20029486,5.160644424106,0.0,
6833,1786959602.7230752,ppq,,0.37026045252579654,ppq_ledger,1,1.0,25468263,9.429890583426001,0.0,
6834,1786959602.7248673,openrouter,,0.4652591071530124,openrouter_actual,1,1.0,13152892,6.119502788399999,0.0,
6835,1786959602.446151,ours,,0.001,cold_start_fallback,0,0.0,0,0.0,0.0,
6836,1786959602.446151,deepinfra,,1.3,cold_start_fallback,0,0.0,0,0.0,0.0,
6837,1786959902.2980845,friend,,0.001,zai_amortized,0,0.7,692403319,0.0,0.0,
6838,1786959902.3164744,ollama_cloud,,0.33069324382128606,zai_amortized,0,0.7,302395050,100.0,0.0,
6839,1786959902.5986989,ppq,deepseek/deepseek-v4-flash,0.06542517205402267,ppq_ledger,1,0.40922674,1560382,0.10208826082,0.0,
6840,1786959902.5986989,ppq,moonshotai/kimi-k3,2.497018421052631,ppq_ledger,1,0.3000133,190,0.00047443349999999997,0.0,
6841,1786959902.5986989,ppq,z-ai/glm-5,1.0743845322771748,ppq_ledger,1,0.5714743499999999,3878205,4.166683465,0.0,
6842,1786959902.5986989,ppq,z-ai/glm-5.2,0.2576523643245763,ppq_ledger,1,1.0,20029486,5.160644424106,0.0,
6843,1786959902.5986989,ppq,,0.37026045252579654,ppq_ledger,1,1.0,25468263,9.429890583426001,0.0,
6844,1786959902.6004984,openrouter,,0.4652591071530124,openrouter_actual,1,1.0,13152892,6.119502788399999,0.0,
6845,1786959902.2980819,ours,,0.001,cold_start_fallback,0,0.0,0,0.0,0.0,
6846,1786959902.2980819,deepinfra,,1.3,cold_start_fallback,0,0.0,0,0.0,0.0,
6847,1786960202.6136913,friend,,0.001,zai_amortized,0,0.7,692403319,0.0,0.0,
6848,1786960202.6253164,ollama_cloud,,0.33069324382128606,zai_amortized,0,0.7,302395050,100.0,0.0,
6849,1786960202.8895528,ppq,deepseek/deepseek-v4-flash,0.06542517205402267,ppq_ledger,1,0.40922674,1560382,0.10208826082,0.0,
6850,1786960202.8895528,ppq,moonshotai/kimi-k3,2.497018421052631,ppq_ledger,1,0.3000133,190,0.00047443349999999997,0.0,
6851,1786960202.8895528,ppq,z-ai/glm-5,1.0743845322771748,ppq_ledger,1,0.5714743499999999,3878205,4.166683465,0.0,
6852,1786960202.8895528,ppq,z-ai/glm-5.2,0.2576523643245763,ppq_ledger,1,1.0,20029486,5.160644424106,0.0,
6853,1786960202.8895528,ppq,,0.37026045252579654,ppq_ledger,1,1.0,25468263,9.429890583426001,0.0,
6854,1786960202.8906538,openrouter,,0.4652591071530124,openrouter_actual,1,1.0,13152892,6.119502788399999,0.0,
6855,1786960202.61369,ours,,0.001,cold_start_fallback,0,0.0,0,0.0,0.0,
6856,1786960202.61369,deepinfra,,1.3,cold_start_fallback,0,0.0,0,0.0,0.0,
6857,1786960501.711052,friend,,0.001,zai_amortized,0,0.7,692403319,0.0,0.0,
6858,1786960501.7209058,ollama_cloud,,0.33069324382128606,zai_amortized,0,0.7,302395050,100.0,0.0,
6859,1786960501.9864738,ppq,deepseek/deepseek-v4-flash,0.06542517205402267,ppq_ledger,1,0.40922674,1560382,0.10208826082,0.0,
6860,1786960501.9864738,ppq,moonshotai/kimi-k3,2.497018421052631,ppq_ledger,1,0.3000133,190,0.00047443349999999997,0.0,
6861,1786960501.9864738,ppq,z-ai/glm-5,1.0743845322771748,ppq_ledger,1,0.5714743499999999,3878205,4.166683465,0.0,
6862,1786960501.9864738,ppq,z-ai/glm-5.2,0.2576523643245763,ppq_ledger,1,1.0,20029486,5.160644424106,0.0,
6863,1786960501.9864738,ppq,,0.37026045252579654,ppq_ledger,1,1.0,25468263,9.429890583426001,0.0,
6864,1786960501.9877133,openrouter,,0.4652591071530124,openrouter_actual,1,1.0,13152892,6.119502788399999,0.0,
6865,1786960501.7110503,ours,,0.001,cold_start_fallback,0,0.0,0,0.0,0.0,
6866,1786960501.7110503,deepinfra,,1.3,cold_start_fallback,0,0.0,0,0.0,0.0,
6867,1786960802.2464962,friend,,0.001,zai_amortized,0,0.7,692403319,0.0,0.0,
6868,1786960802.2676194,ollama_cloud,,0.33069324382128606,zai_amortized,0,0.7,302395050,100.0,0.0,
6869,1786960802.5636313,ppq,deepseek/deepseek-v4-flash,0.06542517205402267,ppq_ledger,1,0.40922674,1560382,0.10208826082,0.0,
6870,1786960802.5636313,ppq,moonshotai/kimi-k3,2.497018421052631,ppq_ledger,1,0.3000133,190,0.00047443349999999997,0.0,
6871,1786960802.5636313,ppq,z-ai/glm-5,1.0743845322771748,ppq_ledger,1,0.5714743499999999,3878205,4.166683465,0.0,
6872,1786960802.5636313,ppq,z-ai/glm-5.2,0.2576523643245763,ppq_ledger,1,1.0,20029486,5.160644424106,0.0,
6873,1786960802.5636313,ppq,,0.37026045252579654,ppq_ledger,1,1.0,25468263,9.429890583426001,0.0,
6874,1786960802.5664363,openrouter,,0.4652591071530124,openrouter_actual,1,1.0,13152892,6.119502788399999,0.0,
6875,1786960802.2464936,ours,,0.001,cold_start_fallback,0,0.0,0,0.0,0.0,
6876,1786960802.2464936,deepinfra,,1.3,cold_start_fallback,0,0.0,0,0.0,0.0,
6877,1786961101.819945,friend,,0.001,zai_amortized,0,0.7,692403319,0.0,0.0,
6878,1786961101.8397224,ollama_cloud,,0.33069324382128606,zai_amortized,0,0.7,302395050,100.0,0.0,
6879,1786961102.3637812,ppq,deepseek/deepseek-v4-flash,0.06542517205402267,ppq_ledger,1,0.40922674,1560382,0.10208826082,0.0,
6880,1786961102.3637812,ppq,moonshotai/kimi-k3,2.497018421052631,ppq_ledger,1,0.3000133,190,0.00047443349999999997,0.0,
6881,1786961102.3637812,ppq,z-ai/glm-5,1.0743845322771748,ppq_ledger,1,0.5714743499999999,3878205,4.166683465,0.0,
6882,1786961102.3637812,ppq,z-ai/glm-5.2,0.2576523643245763,ppq_ledger,1,1.0,20029486,5.160644424106,0.0,
6883,1786961102.3637812,ppq,,0.37026045252579654,ppq_ledger,1,1.0,25468263,9.429890583426001,0.0,
6884,1786961102.3649585,openrouter,,0.4652591071530124,openrouter_actual,1,1.0,13152892,6.119502788399999,0.0,
6885,1786961101.819942,ours,,0.001,cold_start_fallback,0,0.0,0,0.0,0.0,
6886,1786961101.819942,deepinfra,,1.3,cold_start_fallback,0,0.0,0,0.0,0.0,
6887,1786961401.7570043,friend,,0.001,zai_amortized,0,0.7,692403319,0.0,0.0,
6888,1786961401.7667172,ollama_cloud,,0.33069324382128606,zai_amortized,0,0.7,302395050,100.0,0.0,
6889,1786961402.0084956,ppq,deepseek/deepseek-v4-flash,0.06542517205402267,ppq_ledger,1,0.40922674,1560382,0.10208826082,0.0,
6890,1786961402.0084956,ppq,moonshotai/kimi-k3,2.497018421052631,ppq_ledger,1,0.3000133,190,0.00047443349999999997,0.0,
6891,1786961402.0084956,ppq,z-ai/glm-5,1.0743845322771748,ppq_ledger,1,0.5714743499999999,3878205,4.166683465,0.0,
6892,1786961402.0084956,ppq,z-ai/glm-5.2,0.2576523643245763,ppq_ledger,1,1.0,20029486,5.160644424106,0.0,
6893,1786961402.0084956,ppq,,0.37026045252579654,ppq_ledger,1,1.0,25468263,9.429890583426001,0.0,
6894,1786961402.0095446,openrouter,,0.4652591071530124,openrouter_actual,1,1.0,13152892,6.119502788399999,0.0,
6895,1786961401.7570026,ours,,0.001,cold_start_fallback,0,0.0,0,0.0,0.0,
6896,1786961401.7570026,deepinfra,,1.3,cold_start_fallback,0,0.0,0,0.0,0.0,
6897,1786961702.352685,friend,,0.001,zai_amortized,0,0.7,692403319,0.0,0.0,
6898,1786961702.3758714,ollama_cloud,,0.33069324382128606,zai_amortized,0,0.7,302395050,100.0,0.0,
6899,1786961702.6811242,ppq,deepseek/deepseek-v4-flash,0.06542517205402267,ppq_ledger,1,0.40922674,1560382,0.10208826082,0.0,
6900,1786961702.6811242,ppq,moonshotai/kimi-k3,2.497018421052631,ppq_ledger,1,0.3000133,190,0.00047443349999999997,0.0,
6901,1786961702.6811242,ppq,z-ai/glm-5,1.0743845322771748,ppq_ledger,1,0.5714743499999999,3878205,4.166683465,0.0,
6902,1786961702.6811242,ppq,z-ai/glm-5.2,0.2576523643245763,ppq_ledger,1,1.0,20029486,5.160644424106,0.0,
6903,1786961702.6811242,ppq,,0.37026045252579654,ppq_ledger,1,1.0,25468263,9.429890583426001,0.0,
6904,1786961702.682268,openrouter,,0.4652591071530124,openrouter_actual,1,1.0,13152892,6.119502788399999,0.0,
6905,1786961702.3526824,ours,,0.001,cold_start_fallback,0,0.0,0,0.0,0.0,
6906,1786961702.3526824,deepinfra,,1.3,cold_start_fallback,0,0.0,0,0.0,0.0,
6907,1786962002.1799586,friend,,0.001,zai_amortized,0,0.7,692403319,0.0,0.0,
6908,1786962002.190229,ollama_cloud,,0.33069324382128606,zai_amortized,0,0.7,302395050,100.0,0.0,
6909,1786962002.445686,ppq,deepseek/deepseek-v4-flash,0.06542517205402267,ppq_ledger,1,0.40922674,1560382,0.10208826082,0.0,
6910,1786962002.445686,ppq,moonshotai/kimi-k3,2.497018421052631,ppq_ledger,1,0.3000133,190,0.00047443349999999997,0.0,
6911,1786962002.445686,ppq,z-ai/glm-5,1.0743845322771748,ppq_ledger,1,0.5714743499999999,3878205,4.166683465,0.0,
6912,1786962002.445686,ppq,z-ai/glm-5.2,0.2576523643245763,ppq_ledger,1,1.0,20029486,5.160644424106,0.0,
6913,1786962002.445686,ppq,,0.37026045252579654,ppq_ledger,1,1.0,25468263,9.429890583426001,0.0,
6914,1786962002.4467857,openrouter,,0.4652591071530124,openrouter_actual,1,1.0,13152892,6.119502788399999,0.0,
6915,1786962002.179957,ours,,0.001,cold_start_fallback,0,0.0,0,0.0,0.0,
6916,1786962002.179957,deepinfra,,1.3,cold_start_fallback,0,0.0,0,0.0,0.0,
6917,1786962301.9980867,friend,,0.001,zai_amortized,0,0.7,692403319,0.0,0.0,
6918,1786962302.0144823,ollama_cloud,,0.33069324382128606,zai_amortized,0,0.7,302395050,100.0,0.0,
6919,1786962302.2690513,ppq,deepseek/deepseek-v4-flash,0.06542517205402267,ppq_ledger,1,0.40922674,1560382,0.10208826082,0.0,
6920,1786962302.2690513,ppq,moonshotai/kimi-k3,2.497018421052631,ppq_ledger,1,0.3000133,190,0.00047443349999999997,0.0,
6921,1786962302.2690513,ppq,z-ai/glm-5,1.0743845322771748,ppq_ledger,1,0.5714743499999999,3878205,4.166683465,0.0,
6922,1786962302.2690513,ppq,z-ai/glm-5.2,0.2576523643245763,ppq_ledger,1,1.0,20029486,5.160644424106,0.0,
6923,1786962302.2690513,ppq,,0.37026045252579654,ppq_ledger,1,1.0,25468263,9.429890583426001,0.0,
6924,1786962302.2706678,openrouter,,0.4652591071530124,openrouter_actual,1,1.0,13152892,6.119502788399999,0.0,
6925,1786962301.9980829,ours,,0.001,cold_start_fallback,0,0.0,0,0.0,0.0,
6926,1786962301.9980829,deepinfra,,1.3,cold_start_fallback,0,0.0,0,0.0,0.0,
6927,1786962602.9703279,friend,,0.001,zai_amortized,0,0.7,692403319,0.0,0.0,
6928,1786962602.9889019,ollama_cloud,,0.33069324382128606,zai_amortized,0,0.7,302395050,100.0,0.0,
6929,1786962603.247812,ppq,deepseek/deepseek-v4-flash,0.06542517205402267,ppq_ledger,1,0.40922674,1560382,0.10208826082,0.0,
6930,1786962603.247812,ppq,moonshotai/kimi-k3,2.497018421052631,ppq_ledger,1,0.3000133,190,0.00047443349999999997,0.0,
6931,1786962603.247812,ppq,z-ai/glm-5,1.0743845322771748,ppq_ledger,1,0.5714743499999999,3878205,4.166683465,0.0,
6932,1786962603.247812,ppq,z-ai/glm-5.2,0.2576523643245763,ppq_ledger,1,1.0,20029486,5.160644424106,0.0,
6933,1786962603.247812,ppq,,0.37026045252579654,ppq_ledger,1,1.0,25468263,9.429890583426001,0.0,
6934,1786962603.2500255,openrouter,,0.4652591071530124,openrouter_actual,1,1.0,13152892,6.119502788399999,0.0,
6935,1786962602.9703243,ours,,0.001,cold_start_fallback,0,0.0,0,0.0,0.0,
6936,1786962602.9703243,deepinfra,,1.3,cold_start_fallback,0,0.0,0,0.0,0.0,
6937,1786962902.2668874,friend,,0.001,zai_amortized,0,0.7,692403319,0.0,0.0,
6938,1786962902.2853599,ollama_cloud,,0.329597840601514,zai_amortized,0,0.7,303400046,100.0,0.0,
6939,1786962902.5505228,ppq,deepseek/deepseek-v4-flash,0.06542517205402267,ppq_ledger,1,0.40922674,1560382,0.10208826082,0.0,
6940,1786962902.5505228,ppq,moonshotai/kimi-k3,2.497018421052631,ppq_ledger,1,0.3000133,190,0.00047443349999999997,0.0,
6941,1786962902.5505228,ppq,z-ai/glm-5,1.0743845322771748,ppq_ledger,1,0.5714743499999999,3878205,4.166683465,0.0,
6942,1786962902.5505228,ppq,z-ai/glm-5.2,0.2576523643245763,ppq_ledger,1,1.0,20029486,5.160644424106,0.0,
6943,1786962902.5505228,ppq,,0.37026045252579654,ppq_ledger,1,1.0,25468263,9.429890583426001,0.0,
6944,1786962902.5515797,openrouter,,0.4652591071530124,openrouter_actual,1,1.0,13152892,6.119502788399999,0.0,
6945,1786962902.266884,ours,,0.001,cold_start_fallback,0,0.0,0,0.0,0.0,
6946,1786962902.266884,deepinfra,,1.3,cold_start_fallback,0,0.0,0,0.0,0.0,
6947,1786963201.7895074,friend,,0.001,zai_amortized,0,0.7,692403319,0.0,0.0,
6948,1786963201.8085186,ollama_cloud,,0.3266639423329428,zai_amortized,0,0.7,306125002,100.0,0.0,
6949,1786963202.075036,ppq,deepseek/deepseek-v4-flash,0.06542517205402267,ppq_ledger,1,0.40922674,1560382,0.10208826082,0.0,
6950,1786963202.075036,ppq,moonshotai/kimi-k3,2.497018421052631,ppq_ledger,1,0.3000133,190,0.00047443349999999997,0.0,
6951,1786963202.075036,ppq,z-ai/glm-5,1.0743845322771748,ppq_ledger,1,0.5714743499999999,3878205,4.166683465,0.0,
6952,1786963202.075036,ppq,z-ai/glm-5.2,0.2576523643245763,ppq_ledger,1,1.0,20029486,5.160644424106,0.0,
6953,1786963202.075036,ppq,,0.37026045252579654,ppq_ledger,1,1.0,25468263,9.429890583426001,0.0,
6954,1786963202.077852,openrouter,,0.4652591071530124,openrouter_actual,1,1.0,13152892,6.119502788399999,0.0,
6955,1786963201.7895038,ours,,0.001,cold_start_fallback,0,0.0,0,0.0,0.0,
6956,1786963201.7895038,deepinfra,,1.3,cold_start_fallback,0,0.0,0,0.0,0.0,
6957,1786963502.5742872,friend,,0.001,zai_amortized,0,0.7,692403319,0.0,0.0,
6958,1786963502.5915966,ollama_cloud,,0.32635308469196733,zai_amortized,0,0.7,306416592,100.0,0.0,
6959,1786963502.9571784,ppq,deepseek/deepseek-v4-flash,0.06542517205402267,ppq_ledger,1,0.40922674,1560382,0.10208826082,0.0,
6960,1786963502.9571784,ppq,moonshotai/kimi-k3,2.497018421052631,ppq_ledger,1,0.3000133,190,0.00047443349999999997,0.0,
6961,1786963502.9571784,ppq,z-ai/glm-5,1.0743845322771748,ppq_ledger,1,0.5714743499999999,3878205,4.166683465,0.0,
6962,1786963502.9571784,ppq,z-ai/glm-5.2,0.2576523643245763,ppq_ledger,1,1.0,20029486,5.160644424106,0.0,
6963,1786963502.9571784,ppq,,0.37026045252579654,ppq_ledger,1,1.0,25468263,9.429890583426001,0.0,
6964,1786963502.9598706,openrouter,,0.4652591071530124,openrouter_actual,1,1.0,13152892,6.119502788399999,0.0,
6965,1786963502.574284,ours,,0.001,cold_start_fallback,0,0.0,0,0.0,0.0,
6966,1786963502.574284,deepinfra,,1.3,cold_start_fallback,0,0.0,0,0.0,0.0,
6967,1786963802.2949758,friend,,0.001,zai_amortized,0,0.7,692403319,0.0,0.0,
6968,1786963802.3152764,ollama_cloud,,0.32635308469196733,zai_amortized,0,0.7,306416592,100.0,0.0,
6969,1786963802.5921118,ppq,deepseek/deepseek-v4-flash,0.06542517205402267,ppq_ledger,1,0.40922674,1560382,0.10208826082,0.0,
6970,1786963802.5921118,ppq,moonshotai/kimi-k3,2.497018421052631,ppq_ledger,1,0.3000133,190,0.00047443349999999997,0.0,
6971,1786963802.5921118,ppq,z-ai/glm-5,1.0743845322771748,ppq_ledger,1,0.5714743499999999,3878205,4.166683465,0.0,
6972,1786963802.5921118,ppq,z-ai/glm-5.2,0.2576523643245763,ppq_ledger,1,1.0,20029486,5.160644424106,0.0,
6973,1786963802.5921118,ppq,,0.37026045252579654,ppq_ledger,1,1.0,25468263,9.429890583426001,0.0,
6974,1786963802.593739,openrouter,,0.4652591071530124,openrouter_actual,1,1.0,13152892,6.119502788399999,0.0,
6975,1786963802.2949724,ours,,0.001,cold_start_fallback,0,0.0,0,0.0,0.0,
6976,1786963802.2949724,deepinfra,,1.3,cold_start_fallback,0,0.0,0,0.0,0.0,
6977,1786964101.7840798,friend,,0.001,zai_amortized,0,0.7,692403319,0.0,0.0,
6978,1786964101.8033419,ollama_cloud,,0.32635308469196733,zai_amortized,0,0.7,306416592,100.0,0.0,
6979,1786964102.1539268,ppq,deepseek/deepseek-v4-flash,0.06542517205402267,ppq_ledger,1,0.40922674,1560382,0.10208826082,0.0,
6980,1786964102.1539268,ppq,moonshotai/kimi-k3,2.497018421052631,ppq_ledger,1,0.3000133,190,0.00047443349999999997,0.0,
6981,1786964102.1539268,ppq,z-ai/glm-5,1.0743845322771748,ppq_ledger,1,0.5714743499999999,3878205,4.166683465,0.0,
6982,1786964102.1539268,ppq,z-ai/glm-5.2,0.2576523643245763,ppq_ledger,1,1.0,20029486,5.160644424106,0.0,
6983,1786964102.1539268,ppq,,0.37026045252579654,ppq_ledger,1,1.0,25468263,9.429890583426001,0.0,
6984,1786964102.1550653,openrouter,,0.4652591071530124,openrouter_actual,1,1.0,13152892,6.119502788399999,0.0,
6985,1786964101.7840774,ours,,0.001,cold_start_fallback,0,0.0,0,0.0,0.0,
6986,1786964101.7840774,deepinfra,,1.3,cold_start_fallback,0,0.0,0,0.0,0.0,
6987,1786964402.3893015,friend,,0.001,zai_amortized,0,0.7,692403319,0.0,0.0,
6988,1786964402.4474628,ollama_cloud,,0.32635308469196733,zai_amortized,0,0.7,306416592,100.0,0.0,
6989,1786964402.7941709,ppq,deepseek/deepseek-v4-flash,0.06542517205402267,ppq_ledger,1,0.40922674,1560382,0.10208826082,0.0,
6990,1786964402.7941709,ppq,moonshotai/kimi-k3,2.497018421052631,ppq_ledger,1,0.3000133,190,0.00047443349999999997,0.0,
6991,1786964402.7941709,ppq,z-ai/glm-5,1.0743845322771748,ppq_ledger,1,0.5714743499999999,3878205,4.166683465,0.0,
6992,1786964402.7941709,ppq,z-ai/glm-5.2,0.2576523643245763,ppq_ledger,1,1.0,20029486,5.160644424106,0.0,
6993,1786964402.7941709,ppq,,0.37026045252579654,ppq_ledger,1,1.0,25468263,9.429890583426001,0.0,
6994,1786964402.798335,openrouter,,0.4652591071530124,openrouter_actual,1,1.0,13152892,6.119502788399999,0.0,
6995,1786964402.389298,ours,,0.001,cold_start_fallback,0,0.0,0,0.0,0.0,
6996,1786964402.389298,deepinfra,,1.3,cold_start_fallback,0,0.0,0,0.0,0.0,
6997,1786964702.0507913,friend,,0.001,zai_amortized,0,0.7,692420198,0.0,0.0,
6998,1786964702.067233,ollama_cloud,,0.3262858706735999,zai_amortized,0,0.7,306479713,100.0,0.0,
6999,1786964702.3411603,ppq,deepseek/deepseek-v4-flash,0.06542517205402267,ppq_ledger,1,0.40922674,1560382,0.10208826082,0.0,
7000,1786964702.3411603,ppq,moonshotai/kimi-k3,2.497018421052631,ppq_ledger,1,0.3000133,190,0.00047443349999999997,0.0,
7001,1786964702.3411603,ppq,z-ai/glm-5,1.0743845322771748,ppq_ledger,1,0.5714743499999999,3878205,4.166683465,0.0,
7002,1786964702.3411603,ppq,z-ai/glm-5.2,0.2576523643245763,ppq_ledger,1,1.0,20029486,5.160644424106,0.0,
7003,1786964702.3411603,ppq,,0.37026045252579654,ppq_ledger,1,1.0,25468263,9.429890583426001,0.0,
7004,1786964702.3422532,openrouter,,0.4652591071530124,openrouter_actual,1,1.0,13152892,6.119502788399999,0.0,
7005,1786964702.0507889,ours,,0.001,cold_start_fallback,0,0.0,0,0.0,0.0,
7006,1786964702.0507889,deepinfra,,1.3,cold_start_fallback,0,0.0,0,0.0,0.0,
7007,1786965001.7297916,friend,,0.001,zai_amortized,0,0.7,692656878,0.0,0.0,
7008,1786965001.7455468,ollama_cloud,,0.3256878522554317,zai_amortized,0,0.7,307042462,100.0,0.0,
7009,1786965002.0889373,ppq,deepseek/deepseek-v4-flash,0.06542517205402267,ppq_ledger,1,0.40922674,1560382,0.10208826082,0.0,
7010,1786965002.0889373,ppq,moonshotai/kimi-k3,2.497018421052631,ppq_ledger,1,0.3000133,190,0.00047443349999999997,0.0,
7011,1786965002.0889373,ppq,z-ai/glm-5,1.0743845322771748,ppq_ledger,1,0.5714743499999999,3878205,4.166683465,0.0,
7012,1786965002.0889373,ppq,z-ai/glm-5.2,0.2576523643245763,ppq_ledger,1,1.0,20029486,5.160644424106,0.0,
7013,1786965002.0889373,ppq,,0.37026045252579654,ppq_ledger,1,1.0,25468263,9.429890583426001,0.0,
7014,1786965002.0906553,openrouter,,0.4652591071530124,openrouter_actual,1,1.0,13152892,6.119502788399999,0.0,
7015,1786965001.7297895,ours,,0.001,cold_start_fallback,0,0.0,0,0.0,0.0,
7016,1786965001.7297895,deepinfra,,1.3,cold_start_fallback,0,0.0,0,0.0,0.0,
7017,1786965302.8751838,friend,,0.001,zai_amortized,0,0.7,692856943,0.0,0.0,
7018,1786965302.902804,ollama_cloud,,0.32419073425988576,zai_amortized,0,0.7,308460389,100.0,0.0,
7019,1786965303.1631818,ppq,deepseek/deepseek-v4-flash,0.06542517205402267,ppq_ledger,1,0.40922674,1560382,0.10208826082,0.0,
7020,1786965303.1631818,ppq,moonshotai/kimi-k3,2.497018421052631,ppq_ledger,1,0.3000133,190,0.00047443349999999997,0.0,
7021,1786965303.1631818,ppq,z-ai/glm-5,1.0743845322771748,ppq_ledger,1,0.5714743499999999,3878205,4.166683465,0.0,
7022,1786965303.1631818,ppq,z-ai/glm-5.2,0.2576523643245763,ppq_ledger,1,1.0,20029486,5.160644424106,0.0,
7023,1786965303.1631818,ppq,,0.37026045252579654,ppq_ledger,1,1.0,25468263,9.429890583426001,0.0,
7024,1786965303.2335796,openrouter,,0.4652591071530124,openrouter_actual,1,1.0,13152892,6.119502788399999,0.0,
7025,1786965302.8751793,ours,,0.001,cold_start_fallback,0,0.0,0,0.0,0.0,
7026,1786965302.8751793,deepinfra,,1.3,cold_start_fallback,0,0.0,0,0.0,0.0,
7027,1786965602.324935,friend,,0.001,zai_amortized,0,0.7,693240074,0.0,0.0,
7028,1786965602.342037,ollama_cloud,,0.3235846866912304,zai_amortized,0,0.7,309038110,100.0,0.0,
7029,1786965602.618303,ppq,deepseek/deepseek-v4-flash,0.06542517205402267,ppq_ledger,1,0.40922674,1560382,0.10208826082,0.0,
7030,1786965602.618303,ppq,moonshotai/kimi-k3,2.497018421052631,ppq_ledger,1,0.3000133,190,0.00047443349999999997,0.0,
7031,1786965602.618303,ppq,z-ai/glm-5,1.0743845322771748,ppq_ledger,1,0.5714743499999999,3878205,4.166683465,0.0,
7032,1786965602.618303,ppq,z-ai/glm-5.2,0.2576523643245763,ppq_ledger,1,1.0,20029486,5.160644424106,0.0,
7033,1786965602.618303,ppq,,0.37026045252579654,ppq_ledger,1,1.0,25468263,9.429890583426001,0.0,
7034,1786965602.6202817,openrouter,,0.4652591071530124,openrouter_actual,1,1.0,13152892,6.119502788399999,0.0,
7035,1786965602.3249288,ours,,0.001,cold_start_fallback,0,0.0,0,0.0,0.0,
7036,1786965602.3249288,deepinfra,,1.3,cold_start_fallback,0,0.0,0,0.0,0.0,
7037,1786965902.5543687,friend,,0.001,zai_amortized,0,0.7,693808671,0.0,0.0,
7038,1786965902.586324,ollama_cloud,,0.3216931487630044,zai_amortized,0,0.7,310855237,100.0,0.0,
7039,1786965908.0598276,ppq,deepseek/deepseek-v4-flash,0.06542517205402267,ppq_ledger,1,0.40922674,1560382,0.10208826082,0.0,
7040,1786965908.0598276,ppq,moonshotai/kimi-k3,2.497018421052631,ppq_ledger,1,0.3000133,190,0.00047443349999999997,0.0,
7041,1786965908.0598276,ppq,z-ai/glm-5,1.0743845322771748,ppq_ledger,1,0.5714743499999999,3878205,4.166683465,0.0,
7042,1786965908.0598276,ppq,z-ai/glm-5.2,0.2576523643245763,ppq_ledger,1,1.0,20029486,5.160644424106,0.0,
7043,1786965908.0598276,ppq,,0.37026045252579654,ppq_ledger,1,1.0,25468263,9.429890583426001,0.0,
7044,1786965908.0661647,openrouter,,0.4652591071530124,openrouter_actual,1,1.0,13152892,6.119502788399999,0.0,
7045,1786965902.554365,ours,,0.001,cold_start_fallback,0,0.0,0,0.0,0.0,
7046,1786965902.554365,deepinfra,,1.3,cold_start_fallback,0,0.0,0,0.0,0.0,
7047,1786966202.8780422,friend,,0.001,zai_amortized,0,0.7,694320128,0.0,0.0,
7048,1786966202.9159513,ollama_cloud,,0.319475241724632,zai_amortized,0,0.7,313013301,100.0,0.0,
7049,1786966203.197946,ppq,deepseek/deepseek-v4-flash,0.06542517205402267,ppq_ledger,1,0.40922674,1560382,0.10208826082,0.0,
7050,1786966203.197946,ppq,moonshotai/kimi-k3,2.497018421052631,ppq_ledger,1,0.3000133,190,0.00047443349999999997,0.0,
7051,1786966203.197946,ppq,z-ai/glm-5,1.0743845322771748,ppq_ledger,1,0.5714743499999999,3878205,4.166683465,0.0,
7052,1786966203.197946,ppq,z-ai/glm-5.2,0.2576523643245763,ppq_ledger,1,1.0,20029486,5.160644424106,0.0,
7053,1786966203.197946,ppq,,0.37026045252579654,ppq_ledger,1,1.0,25468263,9.429890583426001,0.0,
7054,1786966203.203068,openrouter,,0.4652591071530124,openrouter_actual,1,1.0,13152892,6.119502788399999,0.0,
7055,1786966202.8780394,ours,,0.001,cold_start_fallback,0,0.0,0,0.0,0.0,
7056,1786966202.8780394,deepinfra,,1.3,cold_start_fallback,0,0.0,0,0.0,0.0,
7057,1786966502.7928014,friend,,0.001,zai_amortized,0,0.7,695951214,0.0,0.0,
7058,1786966502.8317869,ollama_cloud,,0.31875028874791783,zai_amortized,0,0.7,313725206,100.0,0.0,
7059,1786966504.9244425,ppq,deepseek/deepseek-v4-flash,0.06542517205402267,ppq_ledger,1,0.40922674,1560382,0.10208826082,0.0,
7060,1786966504.9244425,ppq,moonshotai/kimi-k3,2.497018421052631,ppq_ledger,1,0.3000133,190,0.00047443349999999997,0.0,
7061,1786966504.9244425,ppq,z-ai/glm-5,1.0743845322771748,ppq_ledger,1,0.5714743499999999,3878205,4.166683465,0.0,
7062,1786966504.9244425,ppq,z-ai/glm-5.2,0.2576523643245763,ppq_ledger,1,1.0,20029486,5.160644424106,0.0,
7063,1786966504.9244425,ppq,,0.37026045252579654,ppq_ledger,1,1.0,25468263,9.429890583426001,0.0,
7064,1786966504.9270892,openrouter,,0.4652591071530124,openrouter_actual,1,1.0,13152892,6.119502788399999,0.0,
7065,1786966502.7927988,ours,,0.001,cold_start_fallback,0,0.0,0,0.0,0.0,
7066,1786966502.7927988,deepinfra,,1.3,cold_start_fallback,0,0.0,0,0.0,0.0,
7067,1786966803.1246016,friend,,0.001,zai_amortized,0,0.7,696656149,0.0,0.0,
7068,1786966803.1471593,ollama_cloud,,0.3182943507154759,zai_amortized,0,0.7,314174599,100.0,0.0,
7069,1786966803.427358,ppq,deepseek/deepseek-v4-flash,0.06542517205402267,ppq_ledger,1,0.40922674,1560382,0.10208826082,0.0,
7070,1786966803.427358,ppq,moonshotai/kimi-k3,2.497018421052631,ppq_ledger,1,0.3000133,190,0.00047443349999999997,0.0,
7071,1786966803.427358,ppq,z-ai/glm-5,1.0743845322771748,ppq_ledger,1,0.5714743499999999,3878205,4.166683465,0.0,
7072,1786966803.427358,ppq,z-ai/glm-5.2,0.2576523643245763,ppq_ledger,1,1.0,20029486,5.160644424106,0.0,
7073,1786966803.427358,ppq,,0.37026045252579654,ppq_ledger,1,1.0,25468263,9.429890583426001,0.0,
7074,1786966803.4319296,openrouter,,0.4652591071530124,openrouter_actual,1,1.0,13152892,6.119502788399999,0.0,
7075,1786966803.1245987,ours,,0.001,cold_start_fallback,0,0.0,0,0.0,0.0,
7076,1786966803.1245987,deepinfra,,1.3,cold_start_fallback,0,0.0,0,0.0,0.0,
7077,1786967102.5972726,friend,,0.001,zai_amortized,0,0.7,700540227,0.0,0.0,
7078,1786967102.6337166,ollama_cloud,,0.3182444536086117,zai_amortized,0,0.7,314223858,100.0,0.0,
7079,1786967102.921766,ppq,deepseek/deepseek-v4-flash,0.06542517205402267,ppq_ledger,1,0.40922674,1560382,0.10208826082,0.0,
7080,1786967102.921766,ppq,moonshotai/kimi-k3,2.497018421052631,ppq_ledger,1,0.3000133,190,0.00047443349999999997,0.0,
7081,1786967102.921766,ppq,z-ai/glm-5,1.0743845322771748,ppq_ledger,1,0.5714743499999999,3878205,4.166683465,0.0,
7082,1786967102.921766,ppq,z-ai/glm-5.2,0.2576523643245763,ppq_ledger,1,1.0,20029486,5.160644424106,0.0,
7083,1786967102.921766,ppq,,0.37026045252579654,ppq_ledger,1,1.0,25468263,9.429890583426001,0.0,
7084,1786967102.9256043,openrouter,,0.4652591071530124,openrouter_actual,1,1.0,13152892,6.119502788399999,0.0,
7085,1786967102.597269,ours,,0.001,cold_start_fallback,0,0.0,0,0.0,0.0,
7086,1786967102.597269,deepinfra,,1.3,cold_start_fallback,0,0.0,0,0.0,0.0,
7087,1786967402.4860523,friend,,0.001,zai_amortized,0,0.7,702978995,0.0,0.0,
7088,1786967402.5703282,ollama_cloud,,0.3182444536086117,zai_amortized,0,0.7,314223858,100.0,0.0,
7089,1786967402.9117477,ppq,deepseek/deepseek-v4-flash,0.06542517205402267,ppq_ledger,1,0.40922674,1560382,0.10208826082,0.0,
7090,1786967402.9117477,ppq,moonshotai/kimi-k3,2.497018421052631,ppq_ledger,1,0.3000133,190,0.00047443349999999997,0.0,
7091,1786967402.9117477,ppq,z-ai/glm-5,1.0743845322771748,ppq_ledger,1,0.5714743499999999,3878205,4.166683465,0.0,
7092,1786967402.9117477,ppq,z-ai/glm-5.2,0.2576523643245763,ppq_ledger,1,1.0,20029486,5.160644424106,0.0,
7093,1786967402.9117477,ppq,,0.37026045252579654,ppq_ledger,1,1.0,25468263,9.429890583426001,0.0,
7094,1786967402.916202,openrouter,,0.4652591071530124,openrouter_actual,1,1.0,13152892,6.119502788399999,0.0,
7095,1786967402.4860485,ours,,0.001,cold_start_fallback,0,0.0,0,0.0,0.0,
7096,1786967402.4860485,deepinfra,,1.3,cold_start_fallback,0,0.0,0,0.0,0.0,
7097,1786967702.4171255,friend,,0.001,zai_amortized,0,0.7,705959564,0.0,0.0,
7098,1786967702.440299,ollama_cloud,,0.3182444536086117,zai_amortized,0,0.7,314223858,100.0,0.0,
7099,1786967702.7122996,ppq,deepseek/deepseek-v4-flash,0.06542517205402267,ppq_ledger,1,0.40922674,1560382,0.10208826082,0.0,
7100,1786967702.7122996,ppq,moonshotai/kimi-k3,2.497018421052631,ppq_ledger,1,0.3000133,190,0.00047443349999999997,0.0,
7101,1786967702.7122996,ppq,z-ai/glm-5,1.0743845322771748,ppq_ledger,1,0.5714743499999999,3878205,4.166683465,0.0,
7102,1786967702.7122996,ppq,z-ai/glm-5.2,0.2576523643245763,ppq_ledger,1,1.0,20029486,5.160644424106,0.0,
7103,1786967702.7122996,ppq,,0.37026045252579654,ppq_ledger,1,1.0,25468263,9.429890583426001,0.0,
7104,1786967702.7165523,openrouter,,0.4652591071530124,openrouter_actual,1,1.0,13152892,6.119502788399999,0.0,
7105,1786967702.4171226,ours,,0.001,cold_start_fallback,0,0.0,0,0.0,0.0,
7106,1786967702.4171226,deepinfra,,1.3,cold_start_fallback,0,0.0,0,0.0,0.0,
7107,1786968002.978195,friend,,0.001,zai_amortized,0,0.7,708253107,0.0,0.0,
7108,1786968003.0496774,ollama_cloud,,0.3182444536086117,zai_amortized,0,0.7,314223858,100.0,0.0,
7109,1786968003.390431,ppq,deepseek/deepseek-v4-flash,0.06542517205402267,ppq_ledger,1,0.40922674,1560382,0.10208826082,0.0,
7110,1786968003.390431,ppq,moonshotai/kimi-k3,2.497018421052631,ppq_ledger,1,0.3000133,190,0.00047443349999999997,0.0,
7111,1786968003.390431,ppq,z-ai/glm-5,1.0743845322771748,ppq_ledger,1,0.5714743499999999,3878205,4.166683465,0.0,
7112,1786968003.390431,ppq,z-ai/glm-5.2,0.2576523643245763,ppq_ledger,1,1.0,20029486,5.160644424106,0.0,
7113,1786968003.390431,ppq,,0.37026045252579654,ppq_ledger,1,1.0,25468263,9.429890583426001,0.0,
7114,1786968003.395484,openrouter,,0.4652591071530124,openrouter_actual,1,1.0,13152892,6.119502788399999,0.0,
7115,1786968002.9781916,ours,,0.001,cold_start_fallback,0,0.0,0,0.0,0.0,
7116,1786968002.9781916,deepinfra,,1.3,cold_start_fallback,0,0.0,0,0.0,0.0,
7117,1786968302.107325,friend,,0.001,zai_amortized,0,0.7,708946332,0.0,0.0,
7118,1786968302.1609044,ollama_cloud,,0.31818179113636597,zai_amortized,0,0.7,314285741,100.0,0.0,
7119,1786968302.4961896,ppq,deepseek/deepseek-v4-flash,0.06542517205402267,ppq_ledger,1,0.40922674,1560382,0.10208826082,0.0,
7120,1786968302.4961896,ppq,moonshotai/kimi-k3,2.497018421052631,ppq_ledger,1,0.3000133,190,0.00047443349999999997,0.0,
7121,1786968302.4961896,ppq,z-ai/glm-5,1.0743845322771748,ppq_ledger,1,0.5714743499999999,3878205,4.166683465,0.0,
7122,1786968302.4961896,ppq,z-ai/glm-5.2,0.2576523643245763,ppq_ledger,1,1.0,20029486,5.160644424106,0.0,
7123,1786968302.4961896,ppq,,0.37026045252579654,ppq_ledger,1,1.0,25468263,9.429890583426001,0.0,
7124,1786968302.4982097,openrouter,,0.4652591071530124,openrouter_actual,1,1.0,13152892,6.119502788399999,0.0,
7125,1786968302.1073225,ours,,0.001,cold_start_fallback,0,0.0,0,0.0,0.0,
7126,1786968302.1073225,deepinfra,,1.3,cold_start_fallback,0,0.0,0,0.0,0.0,
7127,1786968602.4437423,friend,,0.001,zai_amortized,0,0.7,709792482,0.0,0.0,
7128,1786968602.505833,ollama_cloud,,0.31818179113636597,zai_amortized,0,0.7,314285741,100.0,0.0,
7129,1786968602.7667394,ppq,deepseek/deepseek-v4-flash,0.06542517205402267,ppq_ledger,1,0.40922674,1560382,0.10208826082,0.0,
7130,1786968602.7667394,ppq,moonshotai/kimi-k3,2.497018421052631,ppq_ledger,1,0.3000133,190,0.00047443349999999997,0.0,
7131,1786968602.7667394,ppq,z-ai/glm-5,1.0743845322771748,ppq_ledger,1,0.5714743499999999,3878205,4.166683465,0.0,
7132,1786968602.7667394,ppq,z-ai/glm-5.2,0.2576523643245763,ppq_ledger,1,1.0,20029486,5.160644424106,0.0,
7133,1786968602.7667394,ppq,,0.37026045252579654,ppq_ledger,1,1.0,25468263,9.429890583426001,0.0,
7134,1786968602.7680304,openrouter,,0.4652591071530124,openrouter_actual,1,1.0,13152892,6.119502788399999,0.0,
7135,1786968602.443739,ours,,0.001,cold_start_fallback,0,0.0,0,0.0,0.0,
7136,1786968602.443739,deepinfra,,1.3,cold_start_fallback,0,0.0,0,0.0,0.0,
7137,1786968902.9618685,friend,,0.001,zai_amortized,0,0.7,711557280,0.0,0.0,
7138,1786968902.9910111,ollama_cloud,,0.31818179113636597,zai_amortized,0,0.7,314285741,100.0,0.0,
7139,1786968903.2899125,ppq,deepseek/deepseek-v4-flash,0.06542517205402267,ppq_ledger,1,0.40922674,1560382,0.10208826082,0.0,
7140,1786968903.2899125,ppq,moonshotai/kimi-k3,2.497018421052631,ppq_ledger,1,0.3000133,190,0.00047443349999999997,0.0,
7141,1786968903.2899125,ppq,z-ai/glm-5,1.0743845322771748,ppq_ledger,1,0.5714743499999999,3878205,4.166683465,0.0,
7142,1786968903.2899125,ppq,z-ai/glm-5.2,0.2576523643245763,ppq_ledger,1,1.0,20029486,5.160644424106,0.0,
7143,1786968903.2899125,ppq,,0.37026045252579654,ppq_ledger,1,1.0,25468263,9.429890583426001,0.0,
7144,1786968903.3067615,openrouter,,0.4652591071530124,openrouter_actual,1,1.0,13152892,6.119502788399999,0.0,
7145,1786968902.9618652,ours,,0.001,cold_start_fallback,0,0.0,0,0.0,0.0,
7146,1786968902.9618652,deepinfra,,1.3,cold_start_fallback,0,0.0,0,0.0,0.0,
7147,1786969202.5661767,friend,,0.001,zai_amortized,0,0.7,714384589,0.0,0.0,
7148,1786969202.5789328,ollama_cloud,,0.3181736941950345,zai_amortized,0,0.7,314293739,100.0,0.0,
7149,1786969202.8368394,ppq,deepseek/deepseek-v4-flash,0.06542517205402267,ppq_ledger,1,0.40922674,1560382,0.10208826082,0.0,
7150,1786969202.8368394,ppq,moonshotai/kimi-k3,2.497018421052631,ppq_ledger,1,0.3000133,190,0.00047443349999999997,0.0,
7151,1786969202.8368394,ppq,z-ai/glm-5,1.0743845322771748,ppq_ledger,1,0.5714743499999999,3878205,4.166683465,0.0,
7152,1786969202.8368394,ppq,z-ai/glm-5.2,0.2576523643245763,ppq_ledger,1,1.0,20029486,5.160644424106,0.0,
7153,1786969202.8368394,ppq,,0.37026045252579654,ppq_ledger,1,1.0,25468263,9.429890583426001,0.0,
7154,1786969202.8400147,openrouter,,0.4652591071530124,openrouter_actual,1,1.0,13152892,6.119502788399999,0.0,
7155,1786969202.5661736,ours,,0.001,cold_start_fallback,0,0.0,0,0.0,0.0,
7156,1786969202.5661736,deepinfra,,1.3,cold_start_fallback,0,0.0,0,0.0,0.0,
7157,1786969502.3838217,friend,,0.001,zai_amortized,0,0.7,719452342,0.0,0.0,
7158,1786969502.4048507,ollama_cloud,,0.3179277641286796,zai_amortized,0,0.7,314536858,100.0,0.0,
7159,1786969502.6843333,ppq,deepseek/deepseek-v4-flash,0.06542517205402267,ppq_ledger,1,0.40922674,1560382,0.10208826082,0.0,
7160,1786969502.6843333,ppq,moonshotai/kimi-k3,2.497018421052631,ppq_ledger,1,0.3000133,190,0.00047443349999999997,0.0,
7161,1786969502.6843333,ppq,z-ai/glm-5,1.0743845322771748,ppq_ledger,1,0.5714743499999999,3878205,4.166683465,0.0,
7162,1786969502.6843333,ppq,z-ai/glm-5.2,0.2576523643245763,ppq_ledger,1,1.0,20029486,5.160644424106,0.0,
7163,1786969502.6843333,ppq,,0.37026045252579654,ppq_ledger,1,1.0,25468263,9.429890583426001,0.0,
7164,1786969502.6920037,openrouter,,0.4652591071530124,openrouter_actual,1,1.0,13152892,6.119502788399999,0.0,
7165,1786969502.383819,ours,,0.001,cold_start_fallback,0,0.0,0,0.0,0.0,
7166,1786969502.383819,deepinfra,,1.3,cold_start_fallback,0,0.0,0,0.0,0.0,
7167,1786969803.28267,friend,,0.001,zai_amortized,0,0.7,722461825,0.0,0.0,
7168,1786969803.348981,ollama_cloud,,0.3177300955280951,zai_amortized,0,0.7,314732540,100.0,0.0,
7169,1786969803.693806,ppq,deepseek/deepseek-v4-flash,0.06542517205402267,ppq_ledger,1,0.40922674,1560382,0.10208826082,0.0,
7170,1786969803.693806,ppq,moonshotai/kimi-k3,2.497018421052631,ppq_ledger,1,0.3000133,190,0.00047443349999999997,0.0,
7171,1786969803.693806,ppq,z-ai/glm-5,1.0743845322771748,ppq_ledger,1,0.5714743499999999,3878205,4.166683465,0.0,
7172,1786969803.693806,ppq,z-ai/glm-5.2,0.2576523643245763,ppq_ledger,1,1.0,20029486,5.160644424106,0.0,
7173,1786969803.693806,ppq,,0.37026045252579654,ppq_ledger,1,1.0,25468263,9.429890583426001,0.0,
7174,1786969803.7015076,openrouter,,0.4652591071530124,openrouter_actual,1,1.0,13152892,6.119502788399999,0.0,
7175,1786969803.2826657,ours,,0.001,cold_start_fallback,0,0.0,0,0.0,0.0,
7176,1786969803.2826657,deepinfra,,1.3,cold_start_fallback,0,0.0,0,0.0,0.0,
7177,1786970102.1329486,friend,,0.001,zai_amortized,0,0.7,726513006,0.0,0.0,
7178,1786970102.1707518,ollama_cloud,,0.3172589869215598,zai_amortized,0,0.7,315199897,100.0,0.0,
7179,1786970102.4817653,ppq,deepseek/deepseek-v4-flash,0.06542517205402267,ppq_ledger,1,0.40922674,1560382,0.10208826082,0.0,
7180,1786970102.4817653,ppq,moonshotai/kimi-k3,2.497018421052631,ppq_ledger,1,0.3000133,190,0.00047443349999999997,0.0,
7181,1786970102.4817653,ppq,z-ai/glm-5,1.0743845322771748,ppq_ledger,1,0.5714743499999999,3878205,4.166683465,0.0,
7182,1786970102.4817653,ppq,z-ai/glm-5.2,0.2576523643245763,ppq_ledger,1,1.0,20029486,5.160644424106,0.0,
7183,1786970102.4817653,ppq,,0.37026045252579654,ppq_ledger,1,1.0,25468263,9.429890583426001,0.0,
7184,1786970102.483648,openrouter,,0.4652591071530124,openrouter_actual,1,1.0,13152892,6.119502788399999,0.0,
7185,1786970102.1329458,ours,,0.001,cold_start_fallback,0,0.0,0,0.0,0.0,
7186,1786970102.1329458,deepinfra,,1.3,cold_start_fallback,0,0.0,0,0.0,0.0,
7187,1786970402.7996385,friend,,0.001,zai_amortized,0,0.7,731065269,0.0,0.0,
7188,1786970402.849314,ollama_cloud,,0.31686785102954834,zai_amortized,0,0.7,315588974,100.0,0.0,
7189,1786970403.1398463,ppq,deepseek/deepseek-v4-flash,0.06542517205402267,ppq_ledger,1,0.40922674,1560382,0.10208826082,0.0,
7190,1786970403.1398463,ppq,moonshotai/kimi-k3,2.497018421052631,ppq_ledger,1,0.3000133,190,0.00047443349999999997,0.0,
7191,1786970403.1398463,ppq,z-ai/glm-5,1.0743845322771748,ppq_ledger,1,0.5714743499999999,3878205,4.166683465,0.0,
7192,1786970403.1398463,ppq,z-ai/glm-5.2,0.2576523643245763,ppq_ledger,1,1.0,20029486,5.160644424106,0.0,
7193,1786970403.1398463,ppq,,0.37026045252579654,ppq_ledger,1,1.0,25468263,9.429890583426001,0.0,
7194,1786970403.1445153,openrouter,,0.4652591071530124,openrouter_actual,1,1.0,13152892,6.119502788399999,0.0,
7195,1786970402.7996356,ours,,0.001,cold_start_fallback,0,0.0,0,0.0,0.0,
7196,1786970402.7996356,deepinfra,,1.3,cold_start_fallback,0,0.0,0,0.0,0.0,
7197,1786970704.022343,friend,,0.001,zai_amortized,0,0.7,737730791,0.0,0.0,
7198,1786970704.055334,ollama_cloud,,0.3164285694621939,zai_amortized,0,0.7,316027090,100.0,0.0,
7199,1786970704.3457391,ppq,deepseek/deepseek-v4-flash,0.06542517205402267,ppq_ledger,1,0.40922674,1560382,0.10208826082,0.0,
7200,1786970704.3457391,ppq,moonshotai/kimi-k3,2.497018421052631,ppq_ledger,1,0.3000133,190,0.00047443349999999997,0.0,
7201,1786970704.3457391,ppq,z-ai/glm-5,1.0743845322771748,ppq_ledger,1,0.5714743499999999,3878205,4.166683465,0.0,
7202,1786970704.3457391,ppq,z-ai/glm-5.2,0.2576523643245763,ppq_ledger,1,1.0,20029486,5.160644424106,0.0,
7203,1786970704.3457391,ppq,,0.37026045252579654,ppq_ledger,1,1.0,25468263,9.429890583426001,0.0,
7204,1786970704.3505418,openrouter,,0.4652591071530124,openrouter_actual,1,1.0,13152892,6.119502788399999,0.0,
7205,1786970704.02234,ours,,0.001,cold_start_fallback,0,0.0,0,0.0,0.0,
7206,1786970704.02234,deepinfra,,1.3,cold_start_fallback,0,0.0,0,0.0,0.0,
7207,1786971002.0977666,friend,,0.001,zai_amortized,0,0.7,741115822,0.0,0.0,
7208,1786971002.1256351,ollama_cloud,,0.3164285694621939,zai_amortized,0,0.7,316027090,100.0,0.0,
7209,1786971002.4290817,ppq,deepseek/deepseek-v4-flash,0.06542517205402267,ppq_ledger,1,0.40922674,1560382,0.10208826082,0.0,
7210,1786971002.4290817,ppq,moonshotai/kimi-k3,2.497018421052631,ppq_ledger,1,0.3000133,190,0.00047443349999999997,0.0,
7211,1786971002.4290817,ppq,z-ai/glm-5,1.0743845322771748,ppq_ledger,1,0.5714743499999999,3878205,4.166683465,0.0,
7212,1786971002.4290817,ppq,z-ai/glm-5.2,0.2576523643245763,ppq_ledger,1,1.0,20029486,5.160644424106,0.0,
7213,1786971002.4290817,ppq,,0.37026045252579654,ppq_ledger,1,1.0,25468263,9.429890583426001,0.0,
7214,1786971002.4338396,openrouter,,0.4652591071530124,openrouter_actual,1,1.0,13152892,6.119502788399999,0.0,
7215,1786971002.0977633,ours,,0.001,cold_start_fallback,0,0.0,0,0.0,0.0,
7216,1786971002.0977633,deepinfra,,1.3,cold_start_fallback,0,0.0,0,0.0,0.0,
7217,1786971302.239603,friend,,0.001,zai_amortized,0,0.7,743246593,0.0,0.0,
7218,1786971302.2625792,ollama_cloud,,0.3164285694621939,zai_amortized,0,0.7,316027090,100.0,0.0,
7219,1786971302.5332031,ppq,deepseek/deepseek-v4-flash,0.06542517205402267,ppq_ledger,1,0.40922674,1560382,0.10208826082,0.0,
7220,1786971302.5332031,ppq,moonshotai/kimi-k3,2.497018421052631,ppq_ledger,1,0.3000133,190,0.00047443349999999997,0.0,
7221,1786971302.5332031,ppq,z-ai/glm-5,1.0743845322771748,ppq_ledger,1,0.5714743499999999,3878205,4.166683465,0.0,
7222,1786971302.5332031,ppq,z-ai/glm-5.2,0.2576523643245763,ppq_ledger,1,1.0,20029486,5.160644424106,0.0,
7223,1786971302.5332031,ppq,,0.37026045252579654,ppq_ledger,1,1.0,25468263,9.429890583426001,0.0,
7224,1786971302.5353084,openrouter,,0.4652591071530124,openrouter_actual,1,1.0,13152892,6.119502788399999,0.0,
7225,1786971302.2395997,ours,,0.001,cold_start_fallback,0,0.0,0,0.0,0.0,
7226,1786971302.2395997,deepinfra,,1.3,cold_start_fallback,0,0.0,0,0.0,0.0,
7227,1786971603.5546308,friend,,0.001,zai_amortized,0,0.7,744299062,0.0,0.0,
7228,1786971603.5775852,ollama_cloud,,0.3164285694621939,zai_amortized,0,0.7,316027090,100.0,0.0,
7229,1786971603.9310992,ppq,deepseek/deepseek-v4-flash,0.06542517205402267,ppq_ledger,1,0.40922674,1560382,0.10208826082,0.0,
7230,1786971603.9310992,ppq,moonshotai/kimi-k3,2.497018421052631,ppq_ledger,1,0.3000133,190,0.00047443349999999997,0.0,
7231,1786971603.9310992,ppq,z-ai/glm-5,1.0743845322771748,ppq_ledger,1,0.5714743499999999,3878205,4.166683465,0.0,
7232,1786971603.9310992,ppq,z-ai/glm-5.2,0.2576523643245763,ppq_ledger,1,1.0,20029486,5.160644424106,0.0,
7233,1786971603.9310992,ppq,,0.37026045252579654,ppq_ledger,1,1.0,25468263,9.429890583426001,0.0,
7234,1786971603.9370737,openrouter,,0.4652591071530124,openrouter_actual,1,1.0,13152892,6.119502788399999,0.0,
7235,1786971603.5546281,ours,,0.001,cold_start_fallback,0,0.0,0,0.0,0.0,
7236,1786971603.5546281,deepinfra,,1.3,cold_start_fallback,0,0.0,0,0.0,0.0,
7237,1786971902.3142083,friend,,0.001,zai_amortized,0,0.7,746567843,0.0,0.0,
7238,1786971902.336384,ollama_cloud,,0.3162574318164078,zai_amortized,0,0.7,316198103,100.0,0.0,
7239,1786971902.6123667,ppq,deepseek/deepseek-v4-flash,0.06542517205402267,ppq_ledger,1,0.40922674,1560382,0.10208826082,0.0,
7240,1786971902.6123667,ppq,moonshotai/kimi-k3,2.497018421052631,ppq_ledger,1,0.3000133,190,0.00047443349999999997,0.0,
7241,1786971902.6123667,ppq,z-ai/glm-5,1.0743845322771748,ppq_ledger,1,0.5714743499999999,3878205,4.166683465,0.0,
7242,1786971902.6123667,ppq,z-ai/glm-5.2,0.2576523643245763,ppq_ledger,1,1.0,20029486,5.160644424106,0.0,
7243,1786971902.6123667,ppq,,0.37026045252579654,ppq_ledger,1,1.0,25468263,9.429890583426001,0.0,
7244,1786971902.6233997,openrouter,,0.4652591071530124,openrouter_actual,1,1.0,13152892,6.119502788399999,0.0,
7245,1786971902.314205,ours,,0.001,cold_start_fallback,0,0.0,0,0.0,0.0,
7246,1786971902.314205,deepinfra,,1.3,cold_start_fallback,0,0.0,0,0.0,0.0,
7247,1786972202.2109258,friend,,0.001,zai_amortized,0,0.7,750165446,0.0,0.0,
7248,1786972202.2344277,ollama_cloud,,0.3162574318164078,zai_amortized,0,0.7,316198103,100.0,0.0,
7249,1786972202.525166,ppq,deepseek/deepseek-v4-flash,0.06542517205402267,ppq_ledger,1,0.40922674,1560382,0.10208826082,0.0,
7250,1786972202.525166,ppq,moonshotai/kimi-k3,2.497018421052631,ppq_ledger,1,0.3000133,190,0.00047443349999999997,0.0,
7251,1786972202.525166,ppq,z-ai/glm-5,1.0743845322771748,ppq_ledger,1,0.5714743499999999,3878205,4.166683465,0.0,
7252,1786972202.525166,ppq,z-ai/glm-5.2,0.2576523643245763,ppq_ledger,1,1.0,20029486,5.160644424106,0.0,
7253,1786972202.525166,ppq,,0.37026045252579654,ppq_ledger,1,1.0,25468263,9.429890583426001,0.0,
7254,1786972202.5288537,openrouter,,0.4652591071530124,openrouter_actual,1,1.0,13152892,6.119502788399999,0.0,
7255,1786972202.210923,ours,,0.001,cold_start_fallback,0,0.0,0,0.0,0.0,
7256,1786972202.210923,deepinfra,,1.3,cold_start_fallback,0,0.0,0,0.0,0.0,
7257,1786972502.1037476,friend,,0.001,zai_amortized,0,0.7,752134090,0.0,0.0,
7258,1786972502.1289752,ollama_cloud,,0.3162574318164078,zai_amortized,0,0.7,316198103,100.0,0.0,
7259,1786972502.3885067,ppq,deepseek/deepseek-v4-flash,0.06542517205402267,ppq_ledger,1,0.40922674,1560382,0.10208826082,0.0,
7260,1786972502.3885067,ppq,moonshotai/kimi-k3,2.497018421052631,ppq_ledger,1,0.3000133,190,0.00047443349999999997,0.0,
7261,1786972502.3885067,ppq,z-ai/glm-5,1.0743845322771748,ppq_ledger,1,0.5714743499999999,3878205,4.166683465,0.0,
7262,1786972502.3885067,ppq,z-ai/glm-5.2,0.2576523643245763,ppq_ledger,1,1.0,20029486,5.160644424106,0.0,
7263,1786972502.3885067,ppq,,0.37026045252579654,ppq_ledger,1,1.0,25468263,9.429890583426001,0.0,
7264,1786972502.3895895,openrouter,,0.4652591071530124,openrouter_actual,1,1.0,13152892,6.119502788399999,0.0,
7265,1786972502.1037445,ours,,0.001,cold_start_fallback,0,0.0,0,0.0,0.0,
7266,1786972502.1037445,deepinfra,,1.3,cold_start_fallback,0,0.0,0,0.0,0.0,
7267,1786972802.8889189,friend,,0.001,zai_amortized,0,0.7,754953526,0.0,0.0,
7268,1786972802.935753,ollama_cloud,,0.3162574318164078,zai_amortized,0,0.7,316198103,100.0,0.0,
7269,1786972803.2184973,ppq,deepseek/deepseek-v4-flash,0.06542517205402267,ppq_ledger,1,0.40922674,1560382,0.10208826082,0.0,
7270,1786972803.2184973,ppq,moonshotai/kimi-k3,2.497018421052631,ppq_ledger,1,0.3000133,190,0.00047443349999999997,0.0,
7271,1786972803.2184973,ppq,z-ai/glm-5,1.0743845322771748,ppq_ledger,1,0.5714743499999999,3878205,4.166683465,0.0,
7272,1786972803.2184973,ppq,z-ai/glm-5.2,0.2576523643245763,ppq_ledger,1,1.0,20029486,5.160644424106,0.0,
7273,1786972803.2184973,ppq,,0.37026045252579654,ppq_ledger,1,1.0,25468263,9.429890583426001,0.0,
7274,1786972803.2283194,openrouter,,0.4652591071530124,openrouter_actual,1,1.0,13152892,6.119502788399999,0.0,
7275,1786972802.8889155,ours,,0.001,cold_start_fallback,0,0.0,0,0.0,0.0,
7276,1786972802.8889155,deepinfra,,1.3,cold_start_fallback,0,0.0,0,0.0,0.0,
7277,1786973102.5721567,friend,,0.001,zai_amortized,0,0.7,758272818,0.0,0.0,
7278,1786973102.5968993,ollama_cloud,,0.3162574318164078,zai_amortized,0,0.7,316198103,100.0,0.0,
7279,1786973102.853629,ppq,deepseek/deepseek-v4-flash,0.06542517205402267,ppq_ledger,1,0.40922674,1560382,0.10208826082,0.0,
7280,1786973102.853629,ppq,moonshotai/kimi-k3,2.497018421052631,ppq_ledger,1,0.3000133,190,0.00047443349999999997,0.0,
7281,1786973102.853629,ppq,z-ai/glm-5,1.0743845322771748,ppq_ledger,1,0.5714743499999999,3878205,4.166683465,0.0,
7282,1786973102.853629,ppq,z-ai/glm-5.2,0.2576523643245763,ppq_ledger,1,1.0,20029486,5.160644424106,0.0,
7283,1786973102.853629,ppq,,0.37026045252579654,ppq_ledger,1,1.0,25468263,9.429890583426001,0.0,
7284,1786973102.855499,openrouter,,0.4652591071530124,openrouter_actual,1,1.0,13152892,6.119502788399999,0.0,
7285,1786973102.5721533,ours,,0.001,cold_start_fallback,0,0.0,0,0.0,0.0,
7286,1786973102.5721533,deepinfra,,1.3,cold_start_fallback,0,0.0,0,0.0,0.0,
7287,1786973403.1600747,friend,,0.001,zai_amortized,0,0.7,759580317,0.0,0.0,
7288,1786973403.1919582,ollama_cloud,,0.3162009243122179,zai_amortized,0,0.7,316254610,100.0,0.0,
7289,1786973403.4827058,ppq,deepseek/deepseek-v4-flash,0.06542517205402267,ppq_ledger,1,0.40922674,1560382,0.10208826082,0.0,
7290,1786973403.4827058,ppq,moonshotai/kimi-k3,2.497018421052631,ppq_ledger,1,0.3000133,190,0.00047443349999999997,0.0,
7291,1786973403.4827058,ppq,z-ai/glm-5,1.0743845322771748,ppq_ledger,1,0.5714743499999999,3878205,4.166683465,0.0,
7292,1786973403.4827058,ppq,z-ai/glm-5.2,0.2576523643245763,ppq_ledger,1,1.0,20029486,5.160644424106,0.0,
7293,1786973403.4827058,ppq,,0.37026045252579654,ppq_ledger,1,1.0,25468263,9.429890583426001,0.0,
7294,1786973403.4908795,openrouter,,0.4652591071530124,openrouter_actual,1,1.0,13152892,6.119502788399999,0.0,
7295,1786973403.160071,ours,,0.001,cold_start_fallback,0,0.0,0,0.0,0.0,
7296,1786973403.160071,deepinfra,,1.3,cold_start_fallback,0,0.0,0,0.0,0.0,
7297,1786973702.4510605,friend,,0.001,zai_amortized,0,0.7,760725301,0.0,0.0,
7298,1786973702.4710393,ollama_cloud,,0.3162009243122179,zai_amortized,0,0.7,316254610,100.0,0.0,
7299,1786973702.719767,ppq,deepseek/deepseek-v4-flash,0.06542517205402267,ppq_ledger,1,0.40922674,1560382,0.10208826082,0.0,
7300,1786973702.719767,ppq,moonshotai/kimi-k3,2.497018421052631,ppq_ledger,1,0.3000133,190,0.00047443349999999997,0.0,
7301,1786973702.719767,ppq,z-ai/glm-5,1.0743845322771748,ppq_ledger,1,0.5714743499999999,3878205,4.166683465,0.0,
7302,1786973702.719767,ppq,z-ai/glm-5.2,0.2576523643245763,ppq_ledger,1,1.0,20029486,5.160644424106,0.0,
7303,1786973702.719767,ppq,,0.37026045252579654,ppq_ledger,1,1.0,25468263,9.429890583426001,0.0,
7304,1786973702.7232838,openrouter,,0.4652591071530124,openrouter_actual,1,1.0,13152892,6.119502788399999,0.0,
7305,1786973702.451057,ours,,0.001,cold_start_fallback,0,0.0,0,0.0,0.0,
7306,1786973702.451057,deepinfra,,1.3,cold_start_fallback,0,0.0,0,0.0,0.0,
7307,1786974002.34219,friend,,0.001,zai_amortized,0,0.7,762530526,0.0,0.0,
7308,1786974002.3671227,ollama_cloud,,0.3160857218661724,zai_amortized,0,0.7,316369874,100.0,0.0,
7309,1786974002.6399727,ppq,deepseek/deepseek-v4-flash,0.06542517205402267,ppq_ledger,1,0.40922674,1560382,0.10208826082,0.0,
7310,1786974002.6399727,ppq,moonshotai/kimi-k3,2.497018421052631,ppq_ledger,1,0.3000133,190,0.00047443349999999997,0.0,
7311,1786974002.6399727,ppq,z-ai/glm-5,1.0743845322771748,ppq_ledger,1,0.5714743499999999,3878205,4.166683465,0.0,
7312,1786974002.6399727,ppq,z-ai/glm-5.2,0.2576523643245763,ppq_ledger,1,1.0,20029486,5.160644424106,0.0,
7313,1786974002.6399727,ppq,,0.37026045252579654,ppq_ledger,1,1.0,25468263,9.429890583426001,0.0,
7314,1786974002.6464875,openrouter,,0.4652591071530124,openrouter_actual,1,1.0,13152892,6.119502788399999,0.0,
7315,1786974002.3421872,ours,,0.001,cold_start_fallback,0,0.0,0,0.0,0.0,
7316,1786974002.3421872,deepinfra,,1.3,cold_start_fallback,0,0.0,0,0.0,0.0,
7317,1786974302.3460128,friend,,0.001,zai_amortized,0,0.7,765238897,0.0,0.0,
7318,1786974302.381262,ollama_cloud,,0.3160857218661724,zai_amortized,0,0.7,316369874,100.0,0.0,
7319,1786974302.6531792,ppq,deepseek/deepseek-v4-flash,0.06542517205402267,ppq_ledger,1,0.40922674,1560382,0.10208826082,0.0,
7320,1786974302.6531792,ppq,moonshotai/kimi-k3,2.497018421052631,ppq_ledger,1,0.3000133,190,0.00047443349999999997,0.0,
7321,1786974302.6531792,ppq,z-ai/glm-5,1.0743845322771748,ppq_ledger,1,0.5714743499999999,3878205,4.166683465,0.0,
7322,1786974302.6531792,ppq,z-ai/glm-5.2,0.2576523643245763,ppq_ledger,1,1.0,20029486,5.160644424106,0.0,
7323,1786974302.6531792,ppq,,0.37026045252579654,ppq_ledger,1,1.0,25468263,9.429890583426001,0.0,
7324,1786974302.657221,openrouter,,0.4652591071530124,openrouter_actual,1,1.0,13152892,6.119502788399999,0.0,
7325,1786974302.3460104,ours,,0.001,cold_start_fallback,0,0.0,0,0.0,0.0,
7326,1786974302.3460104,deepinfra,,1.3,cold_start_fallback,0,0.0,0,0.0,0.0,
7327,1786974602.8377013,friend,,0.001,zai_amortized,0,0.7,768445261,0.0,0.0,
7328,1786974602.859234,ollama_cloud,,0.31586660997282173,zai_amortized,0,0.7,316589335,100.0,0.0,
7329,1786974603.1377628,ppq,deepseek/deepseek-v4-flash,0.06542517205402267,ppq_ledger,1,0.40922674,1560382,0.10208826082,0.0,
7330,1786974603.1377628,ppq,moonshotai/kimi-k3,2.497018421052631,ppq_ledger,1,0.3000133,190,0.00047443349999999997,0.0,
7331,1786974603.1377628,ppq,z-ai/glm-5,1.0743845322771748,ppq_ledger,1,0.5714743499999999,3878205,4.166683465,0.0,
7332,1786974603.1377628,ppq,z-ai/glm-5.2,0.2576523643245763,ppq_ledger,1,1.0,20029486,5.160644424106,0.0,
7333,1786974603.1377628,ppq,,0.37026045252579654,ppq_ledger,1,1.0,25468263,9.429890583426001,0.0,
7334,1786974603.1402457,openrouter,,0.4652591071530124,openrouter_actual,1,1.0,13152892,6.119502788399999,0.0,
7335,1786974602.8376982,ours,,0.001,cold_start_fallback,0,0.0,0,0.0,0.0,
7336,1786974602.8376982,deepinfra,,1.3,cold_start_fallback,0,0.0,0,0.0,0.0,
7337,1786974902.2335815,friend,,0.001,zai_amortized,0,0.7,771611903,0.0,0.0,
7338,1786974902.256738,ollama_cloud,,0.3157660641177582,zai_amortized,0,0.7,316690143,100.0,0.0,
7339,1786974902.5315285,ppq,deepseek/deepseek-v4-flash,0.06542517205402267,ppq_ledger,1,0.40922674,1560382,0.10208826082,0.0,
7340,1786974902.5315285,ppq,moonshotai/kimi-k3,2.497018421052631,ppq_ledger,1,0.3000133,190,0.00047443349999999997,0.0,
7341,1786974902.5315285,ppq,z-ai/glm-5,1.0743845322771748,ppq_ledger,1,0.5714743499999999,3878205,4.166683465,0.0,
7342,1786974902.5315285,ppq,z-ai/glm-5.2,0.2576523643245763,ppq_ledger,1,1.0,20029486,5.160644424106,0.0,
7343,1786974902.5315285,ppq,,0.37026045252579654,ppq_ledger,1,1.0,25468263,9.429890583426001,0.0,
7344,1786974902.5356598,openrouter,,0.4652591071530124,openrouter_actual,1,1.0,13152892,6.119502788399999,0.0,
7345,1786974902.2335787,ours,,0.001,cold_start_fallback,0,0.0,0,0.0,0.0,
7346,1786974902.2335787,deepinfra,,1.3,cold_start_fallback,0,0.0,0,0.0,0.0,
