id,ts,inter_arrival,consecutive,wait_used,source
1,1786711991.5703456,,1,,zai_proxy
2,1786712403.2504678,411.6801221370697,1,,zai_proxy
3,1786712406.6109433,3.360475540161133,2,,zai_proxy
4,1786712496.3348837,89.72394037246704,1,,zai_proxy
5,1786712989.542541,493.2076573371887,1,,zai_proxy
6,1786713029.4019787,39.859437704086304,1,,zai_proxy
7,1786713140.839494,111.43751525878906,1,,zai_proxy
8,1786713206.8731132,66.03361916542053,1,,zai_proxy
9,1786713457.3353586,250.46224546432495,1,,zai_proxy
10,1786713510.9902935,53.654934883117676,1,,zai_proxy
11,1786713569.5219164,58.531622886657715,1,,zai_proxy
12,1786713693.9718206,124.44990420341492,1,,zai_proxy
13,1786713950.0660858,256.09426522254944,1,,zai_proxy
14,1786713983.292906,33.22682023048401,1,,zai_proxy
15,1786714247.6076381,,1,,zai_proxy
16,1786714345.5864394,97.97880125045776,1,,zai_proxy
17,1786714380.3436472,34.7572078704834,1,,zai_proxy
18,1786714642.0290577,261.68541049957275,1,,zai_proxy
19,1786714787.47653,145.44747233390808,1,,zai_proxy
20,1786715050.8405845,263.364054441452,1,,zai_proxy
21,1786715080.0686083,29.228023767471313,1,,zai_proxy
22,1786715122.236626,42.168017625808716,1,,zai_proxy
23,1786715596.1971931,473.96056723594666,1,,zai_proxy
24,1786715637.1556273,40.958434104919434,1,,zai_proxy
25,1786715732.5674617,95.4118344783783,1,,zai_proxy
26,1786715818.080571,85.51310920715332,1,,zai_proxy
27,1786715847.9169261,29.836355209350586,1,,zai_proxy
28,1786715897.2124922,49.29556608200073,1,,zai_proxy
29,1786716006.5700767,109.35758447647095,1,,zai_proxy
30,1786716007.2900484,0.7199716567993164,2,,zai_proxy
31,1786716011.3024046,4.012356281280518,3,,zai_proxy
32,1786716020.2152295,8.912824869155884,1,,zai_proxy
33,1786716020.5877323,0.37250280380249023,2,,zai_proxy
34,1786716112.0953157,91.50758337974548,1,,zai_proxy
35,1786716129.1292663,17.033950567245483,1,,zai_proxy
36,1786716129.2713165,0.14205026626586914,2,,zai_proxy
37,1786716144.6184597,15.347143173217773,3,,zai_proxy
38,1786716171.6674445,27.04898476600647,1,,zai_proxy
39,1786716177.9284782,6.261033773422241,2,,zai_proxy
40,1786716227.1454244,49.21694612503052,1,,zai_proxy
41,1786717112.2870126,885.1415882110596,1,,zai_proxy
42,1786717298.978793,186.6917803287506,1,,zai_proxy
43,1786717706.7940927,407.8152997493744,1,,zai_proxy
44,1786717871.5965316,164.8024389743805,1,,zai_proxy
45,1786718168.298229,296.70169734954834,1,,zai_proxy
46,1786718210.306707,42.00847792625427,1,,zai_proxy
47,1786719016.814162,,1,,zai_proxy
48,1786719436.1470716,419.3329095840454,1,,zai_proxy
49,1786719502.44872,66.30164837837219,1,,zai_proxy
50,1786719650.5820706,148.13335061073303,1,,zai_proxy
51,1786719679.2940662,28.711995601654053,2,,zai_proxy
52,1786721148.273223,1468.9791567325592,1,,zai_proxy
53,1786721197.020309,48.74708604812622,1,,zai_proxy
54,1786721197.0209036,0.0005946159362792969,2,,zai_proxy
55,1786721197.0209177,1.4066696166992188e-05,3,,zai_proxy
56,1786721197.0213048,0.0003871917724609375,4,,zai_proxy
57,1786721197.077362,0.05605721473693848,5,,zai_proxy
58,1786721250.1801648,53.102802753448486,1,,zai_proxy
59,1786721274.2351038,24.054939031600952,1,,zai_proxy
60,1786721330.142258,55.90715408325195,1,,zai_proxy
61,1786721460.521635,130.37937712669373,1,,zai_proxy
62,1786721465.3627355,4.841100454330444,1,,zai_proxy
63,1786721691.4076214,226.04488587379456,1,,zai_proxy
64,1786721709.5722349,18.164613485336304,1,,zai_proxy
65,1786721723.134342,13.56210708618164,1,,zai_proxy
66,1786721761.9594634,38.82512140274048,1,,zai_proxy
67,1786721895.4517074,133.49224400520325,1,,zai_proxy
68,1786722190.9523292,295.5006217956543,1,,zai_proxy
69,1786722249.47568,58.523350954055786,1,,zai_proxy
70,1786722393.250133,143.7744529247284,1,,zai_proxy
71,1786722478.6432514,85.39311838150024,1,,zai_proxy
72,1786722490.4660711,11.822819709777832,1,,zai_proxy
73,1786723231.75161,741.2855389118195,1,,zai_proxy
74,1786723231.9181104,0.16650032997131348,2,,zai_proxy
75,1786723246.7772527,14.859142303466797,3,,zai_proxy
76,1786723264.9597445,18.182491779327393,1,,zai_proxy
77,1786723318.1442547,53.184510231018066,2,,zai_proxy
78,1786723955.3086689,637.1644141674042,1,,zai_proxy
79,1786724380.522588,425.21391916275024,1,,zai_proxy
80,1786725036.7908487,656.268260717392,1,,zai_proxy
81,1786725077.4005995,40.609750747680664,1,,zai_proxy
82,1786725146.8481226,69.44752311706543,1,,zai_proxy
83,1786725253.7187734,106.87065076828003,1,,zai_proxy
84,1786725790.1648498,536.4460763931274,1,,zai_proxy
85,1786747246.4889455,,1,,zai_proxy
86,1786747266.5607712,10.030079126358032,3,,zai_proxy
87,1786747276.770143,10.20937180519104,4,,zai_proxy
88,1786747276.7831244,0.012981414794921875,5,,zai_proxy
89,1786747276.809366,0.026241540908813477,6,,zai_proxy
90,1786747276.8129678,0.0036017894744873047,7,,zai_proxy
91,1786747276.8538566,0.04088878631591797,8,,zai_proxy
92,1786747276.8530476,,9,,zai_proxy
93,1786747276.8538888,0.0008411407470703125,10,,zai_proxy
94,1786747276.9085546,0.05466580390930176,11,,zai_proxy
95,1786747276.9095306,0.0009760856628417969,12,,zai_proxy
96,1786747276.909891,0.00036025047302246094,13,,zai_proxy
97,1786747276.987781,0.07789015769958496,14,,zai_proxy
98,1786747277.00204,0.014258861541748047,15,,zai_proxy
99,1786747277.0030053,0.0009653568267822266,16,,zai_proxy
100,1786747277.0344913,0.03148603439331055,17,,zai_proxy
101,1786747277.0592136,0.02472233772277832,18,,zai_proxy
102,1786747553.1199644,276.06075072288513,1,,zai_proxy
103,1786748261.6648061,708.5448417663574,2,,zai_proxy
104,1786748261.6653554,0.00054931640625,3,,zai_proxy
105,1786748261.6658697,0.0005142688751220703,4,,zai_proxy
106,1786748261.665301,,5,,zai_proxy
107,1786748261.6996675,0.03436636924743652,6,,zai_proxy
108,1786748261.6998231,0.0001556873321533203,7,,zai_proxy
109,1786789504.5431433,,1,,zai_proxy
110,1786789542.9497843,38.40664100646973,2,,zai_proxy
111,1786791630.8297806,2087.8799962997437,1,,zai_proxy
112,1786791662.801945,31.972164392471313,2,,zai_proxy
113,1786791668.1677992,5.365854263305664,3,,zai_proxy
114,1786792243.8443177,575.6765184402466,1,,zai_proxy
115,1786792279.2870836,35.442765951156616,1,,zai_proxy
116,1786792643.478762,364.19167828559875,1,,zai_proxy
117,1786793174.689345,531.2105829715729,1,,zai_proxy
118,1786793204.3093662,29.6200213432312,1,,zai_proxy
119,1786793378.0067763,173.69741010665894,1,,zai_proxy
120,1786793431.1913662,53.184589862823486,1,,zai_proxy
121,1786793534.216412,103.02504587173462,1,,zai_proxy
122,1786793628.1684985,93.95208644866943,1,,zai_proxy
123,1786793758.775493,130.60699439048767,1,,zai_proxy
124,1786794673.4972577,914.7217648029327,1,,zai_proxy
125,1786795202.9205997,529.4233419895172,1,,zai_proxy
126,1786795203.423085,0.5024852752685547,2,,zai_proxy
127,1786795204.0726054,0.6495203971862793,3,,zai_proxy
128,1786795235.2038536,31.131248235702515,1,,zai_proxy
129,1786795254.4525044,19.248650789260864,1,,zai_proxy
130,1786795820.4962118,566.043707370758,1,,zai_proxy
131,1786795861.4295356,40.93332386016846,1,,zai_proxy
132,1786795871.746924,10.31738829612732,2,,zai_proxy
133,1786796782.2278519,910.4809279441833,1,,zai_proxy
134,1786796827.0814526,44.85360074043274,1,,zai_proxy
135,1786797218.9166803,391.83522772789,1,,zai_proxy
136,1786797575.1232467,356.20656633377075,1,,zai_proxy
137,1786797684.1242898,109.00104308128357,1,,zai_proxy
138,1786798805.71958,,1,,zai_proxy
139,1786798810.7423368,5.022756814956665,1,,zai_proxy
140,1786800641.5191174,1830.7767806053162,1,,zai_proxy
141,1786800642.289293,0.7701756954193115,2,,zai_proxy
142,1786800656.9088528,14.61955976486206,1,,zai_proxy
143,1786801915.3724108,1258.463557958603,1,,zai_proxy
144,1786801915.4580846,0.08567380905151367,2,,zai_proxy
145,1786801946.9722483,31.514163732528687,1,,zai_proxy
146,1786802145.5336764,198.56142807006836,1,,zai_proxy
147,1786802173.0346105,27.50093412399292,1,,zai_proxy
148,1786802208.5789793,35.544368743896484,1,,zai_proxy
149,1786802285.030056,76.45107674598694,1,,zai_proxy
150,1786802405.6365561,120.6065001487732,1,,zai_proxy
151,1786802405.7684064,0.1318502426147461,2,,zai_proxy
152,1786802414.8658633,9.097456932067871,1,,zai_proxy
153,1786802430.0981386,15.232275247573853,1,,zai_proxy
154,1786802430.44933,0.35119152069091797,2,,zai_proxy
155,1786802431.2078562,0.758526086807251,1,,zai_proxy
156,1786802438.0840125,6.876156330108643,2,,zai_proxy
157,1786802461.9812982,23.89728569984436,1,,zai_proxy
158,1786802472.5558197,10.574521541595459,1,,zai_proxy
159,1786802488.8265886,16.270768880844116,2,,zai_proxy
160,1786802749.7479396,260.92135095596313,1,,zai_proxy
161,1786802760.1942887,10.446349143981934,1,,zai_proxy
162,1786803191.9348464,431.74055767059326,1,,zai_proxy
163,1786803257.10245,65.16760349273682,1,,zai_proxy
164,1786803257.148883,0.046433210372924805,2,,zai_proxy
165,1786803379.9562316,122.80734848976135,1,,zai_proxy
166,1786803380.8414817,0.8852500915527344,2,,zai_proxy
167,1786803519.5847452,138.74326348304749,1,,zai_proxy
168,1786803758.0966713,238.51192617416382,1,,zai_proxy
169,1786803773.7067,15.610028743743896,1,,zai_proxy
170,1786803785.4246058,11.717905759811401,1,,zai_proxy
171,1786803967.0217466,181.59714078903198,1,,zai_proxy
172,1786803973.5785453,6.556798696517944,1,,zai_proxy
173,1786804066.3575072,92.77896189689636,1,,zai_proxy
174,1786804219.5521083,153.19460105895996,1,,zai_proxy
175,1786804252.503221,32.95111274719238,1,,zai_proxy
176,1786804263.3964777,10.893256664276123,1,,zai_proxy
177,1786804725.1903994,461.79392170906067,1,,zai_proxy
178,1786806004.6425486,1279.4521491527557,1,,zai_proxy
179,1786806011.53324,6.890691518783569,1,,zai_proxy
180,1786806057.7962933,46.26305317878723,1,,zai_proxy
181,1786806094.716768,36.92047476768494,1,,zai_proxy
182,1786806202.1332524,107.41648435592651,1,,zai_proxy
183,1786806203.4394965,1.306244134902954,2,,zai_proxy
184,1786806306.2455823,102.80608582496643,1,,zai_proxy
185,1786807811.7973897,1505.5518074035645,1,,zai_proxy
186,1786807829.7316117,17.934221982955933,1,,zai_proxy
187,1786809630.5992591,1800.867647409439,1,,zai_proxy
188,1786809648.271677,17.672417879104614,1,,zai_proxy
189,1786809903.294482,255.02280497550964,1,,zai_proxy
190,1786810411.8358872,508.54140520095825,1,,zai_proxy
191,1786810956.6215258,544.7856385707855,1,,zai_proxy
192,1786810996.05446,39.432934284210205,1,,zai_proxy
193,1786811137.4423676,141.3879075050354,1,,zai_proxy
194,1786811143.5889964,6.1466288566589355,1,,zai_proxy
195,1786811635.78362,163.43049693107605,1,,zai_proxy
196,1786811663.2311845,27.447564363479614,1,,zai_proxy
197,1786811688.3719976,25.14081311225891,1,,zai_proxy
198,1786811755.274317,66.90231943130493,1,,zai_proxy
199,1786811755.615241,0.3409240245819092,1,,zai_proxy
200,1786811859.7943504,104.17910933494568,1,,zai_proxy
201,1786811881.5898795,21.79552912712097,1,,zai_proxy
202,1786811896.9341972,15.34431767463684,1,,zai_proxy
203,1786812189.689729,292.7555317878723,1,,zai_proxy
204,1786813080.9685152,891.2787861824036,1,,zai_proxy
205,1786813225.136154,144.16763877868652,1,,zai_proxy
206,1786813239.7164965,14.580342531204224,1,,zai_proxy
207,1786813258.2296047,18.513108253479004,1,,zai_proxy
208,1786813270.822446,12.592841386795044,1,,zai_proxy
209,1786813788.5893254,517.7668793201447,1,,zai_proxy
210,1786814078.3601036,,1,,zai_proxy
211,1786816829.019672,2750.659568309784,1,,zai_proxy
212,1786816830.4008925,1.3812205791473389,2,,zai_proxy
213,1786826712.2420456,,1,,zai_proxy
214,1786827753.108093,1040.8660473823547,1,,zai_proxy
215,1786827897.1886683,144.08057522773743,1,,zai_proxy
216,1786828125.9506264,228.76195812225342,1,,zai_proxy
217,1786830265.4485261,,1,,zai_proxy
218,1786830284.4889214,19.040395259857178,1,,zai_proxy
219,1786832328.0304325,2043.5415110588074,1,,zai_proxy
220,1786832364.76268,36.73224759101868,1,,zai_proxy
221,1786832485.6838636,120.9211835861206,1,,zai_proxy
222,1786832528.9450843,43.26122069358826,1,,zai_proxy
223,1786832609.0334845,80.08840012550354,1,,zai_proxy
224,1786832610.0863104,1.052825927734375,2,,zai_proxy
225,1786832660.9451227,50.85881233215332,1,,zai_proxy
226,1786832798.4498672,137.50474452972412,1,,zai_proxy
227,1786832799.8778296,1.427962303161621,1,,zai_proxy
228,1786832812.4816973,12.603867769241333,1,,zai_proxy
229,1786832923.1865332,110.70483589172363,1,,zai_proxy
230,1786832948.2118137,25.025280475616455,1,,zai_proxy
231,1786832955.1755884,6.963774681091309,1,,zai_proxy
232,1786832968.921521,13.745932579040527,1,,zai_proxy
233,1786833145.9993424,177.0778214931488,1,,zai_proxy
234,1786833160.0732043,14.073861837387085,1,,zai_proxy
235,1786833168.6331723,8.559967994689941,1,,zai_proxy
236,1786833169.5134997,0.8803274631500244,2,,zai_proxy
237,1786833217.1311657,47.61766600608826,1,,zai_proxy
238,1786833273.7594032,56.62823748588562,1,,zai_proxy
239,1786833275.219449,1.4600458145141602,2,,zai_proxy
240,1786833391.5076227,116.28817367553711,1,,zai_proxy
241,1786833461.824366,70.31674337387085,1,,zai_proxy
242,1786833544.953857,83.12949085235596,1,,zai_proxy
243,1786833550.2062106,5.252353668212891,1,,zai_proxy
244,1786833577.0676389,26.861428260803223,1,,zai_proxy
245,1786833642.663983,65.5963442325592,1,,zai_proxy
246,1786833669.14023,26.47624683380127,1,,zai_proxy
247,1786833677.6751857,8.534955739974976,1,,zai_proxy
248,1786833703.4927607,25.817574977874756,1,,zai_proxy
249,1786833703.7308376,0.23807692527770996,2,,zai_proxy
250,1786833767.2418718,63.5110342502594,1,,zai_proxy
251,1786833767.375884,0.13401222229003906,2,,zai_proxy
252,1786833812.7776403,45.401756286621094,1,,zai_proxy
253,1786833841.0391953,28.261554956436157,1,,zai_proxy
254,1786833897.6595492,56.62035393714905,1,,zai_proxy
255,1786833907.6488795,9.989330291748047,1,,zai_proxy
256,1786833930.574423,22.925543546676636,1,,zai_proxy
257,1786833936.6702597,6.095836639404297,2,,zai_proxy
258,1786833961.65544,24.985180377960205,1,,zai_proxy
259,1786833999.647562,37.99212193489075,1,,zai_proxy
260,1786834032.311698,32.66413593292236,1,,zai_proxy
261,1786834033.2581952,0.9464972019195557,2,,zai_proxy
262,1786834047.2867475,14.028552293777466,1,,zai_proxy
263,1786834099.4499478,52.16320037841797,1,,zai_proxy
264,1786834100.6895578,1.239609956741333,2,,zai_proxy
265,1786834128.6683965,27.978838682174683,1,,zai_proxy
266,1786834195.825922,67.1575255393982,1,,zai_proxy
267,1786834209.4179516,13.592029571533203,1,,zai_proxy
268,1786834220.5868864,11.16893482208252,1,,zai_proxy
269,1786834243.9685152,23.38162875175476,1,,zai_proxy
270,1786834245.155833,1.1873178482055664,2,,zai_proxy
271,1786834267.4410145,22.285181522369385,1,,zai_proxy
272,1786834313.7167933,46.27577877044678,1,,zai_proxy
273,1786834315.1641955,1.4474022388458252,2,,zai_proxy
274,1786834435.481455,120.3172595500946,1,,zai_proxy
275,1786834452.060887,16.579432010650635,1,,zai_proxy
276,1786834604.8971527,152.83626556396484,1,,zai_proxy
277,1786834619.5551364,14.657983779907227,1,,zai_proxy
278,1786834632.2506125,12.695476055145264,1,,zai_proxy
279,1786834868.1656518,235.91503930091858,1,,zai_proxy
280,1786835050.2800565,182.11440467834473,1,,zai_proxy
281,1786835050.6893606,0.409304141998291,2,,zai_proxy
282,1786835167.601561,116.91220045089722,1,,zai_proxy
283,1786835177.3954756,9.793914556503296,1,,zai_proxy
284,1786835332.4341607,155.03868508338928,1,,zai_proxy
285,1786835738.075823,405.64166235923767,1,,zai_proxy
286,1786835861.8018434,123.72602033615112,1,,zai_proxy
287,1786836001.4794266,139.67758321762085,1,,zai_proxy
288,1786836216.3374045,214.85797786712646,1,,zai_proxy
289,1786836229.3016782,12.964273691177368,1,,zai_proxy
290,1786836358.9619074,129.6602292060852,1,,zai_proxy
291,1786836381.611973,22.650065660476685,1,,zai_proxy
292,1786838451.6302657,2070.0182926654816,1,,zai_proxy
293,1786868040.5224597,,1,,zai_proxy
294,1786868050.5534859,10.031026124954224,2,,zai_proxy
295,1786868083.5540624,33.00057649612427,1,,zai_proxy
296,1786868181.0155423,97.46147990226746,1,,zai_proxy
297,1786868181.810624,0.795081615447998,2,,zai_proxy
298,1786868223.9284925,42.11786866188049,1,,zai_proxy
299,1786868251.3746526,27.446160078048706,1,,zai_proxy
300,1786868264.1322474,12.75759482383728,1,,zai_proxy
301,1786868267.8694386,3.7371912002563477,1,,zai_proxy
302,1786868268.307426,0.4379873275756836,2,,zai_proxy
303,1786868384.2270932,115.91966724395752,1,,zai_proxy
304,1786874418.3530042,,1,,zai_proxy
305,1786890616.279657,,1,,zai_proxy
306,1786933859.4590142,,1,,zai_proxy
307,1786933867.3717027,7.912688493728638,2,,zai_proxy
308,1786934008.0334115,140.6617088317871,3,,zai_proxy
309,1786934020.820329,12.786917448043823,4,,zai_proxy
310,1786934106.9900951,86.16976618766785,5,,zai_proxy
311,1786934155.967396,48.97730088233948,6,,zai_proxy
312,1786934265.3110502,109.3436541557312,7,,zai_proxy
313,1786934575.8333561,310.5223059654236,8,,zai_proxy
314,1786934801.8494847,226.01612854003906,9,,zai_proxy
315,1786934939.153868,137.30438327789307,10,,zai_proxy
316,1786935000.9702294,61.81636142730713,11,,zai_proxy
317,1786935151.030389,150.06015968322754,12,,zai_proxy
318,1786935214.6035361,63.57314705848694,13,,zai_proxy
319,1786935282.0248785,67.42134237289429,14,,zai_proxy
320,1786935444.116417,162.09153842926025,15,,zai_proxy
321,1786935577.196726,133.08030915260315,16,,zai_proxy
322,1786935785.5068521,208.31012606620789,17,,zai_proxy
323,1786935913.557458,128.05060577392578,18,,zai_proxy
324,1786936151.4326901,237.87523221969604,19,,zai_proxy
325,1786936289.0563745,137.62368440628052,20,,zai_proxy
326,1786936498.8178127,209.7614381313324,21,,zai_proxy
327,1786936636.9288127,138.11100006103516,22,,zai_proxy
328,1786936852.4074917,215.47867894172668,23,,zai_proxy
329,1786936977.7239628,125.31647109985352,24,,zai_proxy
330,1786937193.0708456,215.3468828201294,25,,zai_proxy
331,1786962668.170665,,1,,zai_proxy
332,1786962668.5465631,0.3758981227874756,2,,zai_proxy
333,1786962668.5895574,0.04299426078796387,3,,zai_proxy
334,1786964401.8525763,1733.2630188465118,4,,zai_proxy
335,1786964525.6424477,123.78987145423889,5,,zai_proxy
336,1786964646.0055795,120.3631317615509,6,,zai_proxy
337,1786964757.4989414,111.49336194992065,7,,zai_proxy
338,1786964877.4578433,119.95890188217163,8,,zai_proxy
339,1786964985.51449,108.05664658546448,9,,zai_proxy
340,1786965050.4700537,64.95556378364563,10,,zai_proxy
341,1786965120.0022712,69.532217502594,11,,zai_proxy
342,1786965219.4355423,99.43327116966248,12,,zai_proxy
343,1786965284.1788552,64.74331283569336,13,,zai_proxy
344,1786965354.3113651,70.13250994682312,14,,zai_proxy
345,1786965420.5773346,66.2659695148468,15,,zai_proxy
346,1786965486.001946,65.42461133003235,16,,zai_proxy
347,1786965570.8019586,84.80001258850098,17,,zai_proxy
348,1786965647.8604717,77.05851316452026,18,,zai_proxy
349,1786965711.9094262,64.04895448684692,19,,zai_proxy
350,1786965792.352158,80.4427318572998,20,,zai_proxy
351,1786965854.7607281,62.40857005119324,21,,zai_proxy
352,1786965919.6506383,64.88991022109985,22,,zai_proxy
353,1786965920.8755224,1.224884033203125,23,,zai_proxy
354,1786965983.4093862,62.53386378288269,24,,zai_proxy
355,1786966055.5362926,72.1269063949585,25,,zai_proxy
356,1786966118.8046672,63.26837468147278,26,,zai_proxy
357,1786966183.6945977,64.88993048667908,27,,zai_proxy
358,1786966250.3405929,66.64599514007568,28,,zai_proxy
359,1786966722.1821318,471.8415389060974,1,,zai_proxy
360,1786968017.341276,1295.1591441631317,1,,zai_proxy
361,1786968894.643283,877.3020069599152,1,,zai_proxy
362,1786969091.560846,196.91756319999695,1,,zai_proxy
363,1786969136.900007,45.33916091918945,1,,zai_proxy
364,1786969186.3335977,49.43359065055847,1,,zai_proxy
365,1786969189.5174308,3.183833122253418,1,,zai_proxy
366,1786969248.5432827,59.02585196495056,1,,zai_proxy
367,1786969325.137891,76.59460830688477,1,,zai_proxy
368,1786969327.1462073,2.0083162784576416,2,,zai_proxy
369,1786969376.0327575,48.886550188064575,1,,zai_proxy
370,1786969457.8229976,81.79024004936218,1,,zai_proxy
371,1786969458.2779257,0.4549281597137451,2,,zai_proxy
372,1786969476.0205112,17.74258542060852,1,,zai_proxy
373,1786969533.5186167,57.49810552597046,1,,zai_proxy
374,1786969573.388207,39.869590282440186,1,,zai_proxy
375,1786969677.731733,104.34352612495422,1,,zai_proxy
376,1786969769.8126633,92.08093023300171,1,,zai_proxy
377,1786969882.0899992,112.27733588218689,1,,zai_proxy
378,1786969890.6256843,8.535685062408447,1,,zai_proxy
379,1786969914.3619716,23.736287355422974,1,,zai_proxy
380,1786969926.1865356,11.824563980102539,1,,zai_proxy
381,1786969936.5235305,10.336994886398315,1,,zai_proxy
382,1786969976.347278,39.823747634887695,1,,zai_proxy
383,1786969976.8709443,0.5236661434173584,2,,zai_proxy
384,1786969989.523724,12.652779817581177,1,,zai_proxy
385,1786970166.1119053,176.58818125724792,1,,zai_proxy
386,1786970170.1061943,3.994288921356201,1,,zai_proxy
387,1786970248.928615,78.822420835495,1,,zai_proxy
388,1786970287.127926,38.19931101799011,1,,zai_proxy
389,1786970314.0175645,26.889638423919678,1,,zai_proxy
390,1786970333.4210403,19.403475761413574,1,,zai_proxy
391,1786970355.7129207,22.2918803691864,1,,zai_proxy
392,1786970387.4956505,31.782729864120483,1,,zai_proxy
393,1786970392.211411,4.7157604694366455,1,,zai_proxy
394,1786970392.8347032,0.6232922077178955,2,,zai_proxy
395,1786970423.9387581,31.104054927825928,1,,zai_proxy
396,1786970424.8887439,0.9499857425689697,2,,zai_proxy
397,1786970437.555858,12.667114019393921,1,,zai_proxy
398,1786970503.5007045,65.94484663009644,1,,zai_proxy
399,1786970504.2595873,0.7588827610015869,1,,zai_proxy
400,1786970512.995298,8.735710620880127,1,,zai_proxy
401,1786971607.5142252,1094.5189273357391,1,,zai_proxy
402,1786971608.2477772,0.7335519790649414,2,,zai_proxy
403,1786971690.4464703,82.19869303703308,1,,zai_proxy
404,1786971690.446972,0.0005016326904296875,2,,zai_proxy
405,1786973079.6159422,1389.1689703464508,1,,zai_proxy
406,1786973180.3539202,100.73797798156738,1,,zai_proxy
407,1786973364.718305,184.36438488960266,1,,zai_proxy
408,1786973666.6093261,301.8910210132599,1,,zai_proxy
409,1786973744.4121778,77.80285167694092,1,,zai_proxy
410,1786974250.4096007,505.9974229335785,1,,zai_proxy
411,1786974274.2345088,23.824908018112183,1,,zai_proxy
412,1786974345.2282898,70.99378108978271,1,,zai_proxy
413,1786974345.6453667,0.41707682609558105,2,,zai_proxy
414,1786974537.6847515,192.03938484191895,1,,zai_proxy
415,1786974702.6247451,164.93999361991882,1,,zai_proxy
416,1786974933.405872,230.78112697601318,1,,zai_proxy
417,1786975018.2246525,84.8187804222107,1,,zai_proxy
418,1786975032.4700096,,1,,zai_proxy
419,1786975171.7275496,139.2575399875641,1,,zai_proxy
420,1786975174.1533005,2.425750970840454,2,,zai_proxy
421,1786975205.381147,31.227846384048462,1,,zai_proxy
422,1786975213.2886806,7.907533645629883,2,,zai_proxy
423,1786975221.3154085,8.02672791481018,1,,zai_proxy
424,1786975226.06987,4.7544615268707275,2,,zai_proxy
425,1786975240.5872273,14.517357349395752,3,,zai_proxy
426,1786975301.988107,61.40087962150574,1,,zai_proxy
427,1786975330.082405,28.094298124313354,1,,zai_proxy
428,1786975389.276689,59.194283962249756,1,,zai_proxy
429,1786975400.126966,10.850276947021484,1,,zai_proxy
430,1786975402.0447054,1.9177393913269043,2,,zai_proxy
431,1786975459.6226296,57.5779242515564,1,,zai_proxy
432,1786975518.6439595,59.02132987976074,1,,zai_proxy
433,1786976668.3422759,1149.698316335678,1,,zai_proxy
434,1786976969.8084435,301.46616768836975,1,,zai_proxy
435,1786977022.3461573,52.53771376609802,1,,zai_proxy
436,1786977023.4061272,1.0599699020385742,2,,zai_proxy
437,1786977042.4251854,19.019058227539062,1,,zai_proxy
438,1786977048.3588324,5.93364691734314,1,,zai_proxy
439,1786977123.3922622,75.03342986106873,1,,zai_proxy
440,1786977139.5241828,16.13192057609558,1,,zai_proxy
441,1786977157.684272,18.160089254379272,1,,zai_proxy
442,1786977158.4965775,0.8123054504394531,2,,zai_proxy
443,1786977218.636689,60.140111446380615,1,,zai_proxy
444,1786977222.72944,4.0927510261535645,2,,zai_proxy
445,1786977249.6829805,26.953540563583374,1,,zai_proxy
446,1786977285.3811226,35.69814205169678,1,,zai_proxy
447,1786977298.8924327,13.51131010055542,1,,zai_proxy
448,1786977340.8372598,41.94482707977295,1,,zai_proxy
449,1786977351.7712746,10.934014797210693,1,,zai_proxy
450,1786977375.583361,23.81208634376526,1,,zai_proxy
451,1786977403.094787,27.511425971984863,1,,zai_proxy
452,1786977404.083874,0.9890871047973633,2,,zai_proxy
453,1786977489.5971322,85.51325821876526,1,,zai_proxy
454,1786977537.8807218,48.283589601516724,1,,zai_proxy
455,1786977558.7112303,20.83050847053528,1,,zai_proxy
456,1786977772.5809922,213.86976194381714,1,,zai_proxy
457,1786977772.622431,0.04143881797790527,2,,zai_proxy
458,1786978803.160525,1030.5380940437317,1,,zai_proxy
459,1786978819.8601072,16.69958209991455,1,,zai_proxy
460,1786978820.6198559,0.7597486972808838,2,,zai_proxy
461,1786979024.1587963,203.5389404296875,1,,zai_proxy
462,1786979024.167368,0.008571624755859375,2,,zai_proxy
463,1786979173.7816868,149.61431884765625,1,,zai_proxy
464,1786979181.470904,7.6892173290252686,1,,zai_proxy
465,1786979464.846083,283.3751788139343,1,,zai_proxy
466,1786979486.8528948,22.00681185722351,1,,zai_proxy
467,1786980512.718391,1025.8654961585999,1,,zai_proxy
468,1786980640.4455562,127.72716522216797,1,,zai_proxy
469,1786980642.51373,2.068173885345459,2,,zai_proxy
470,1786980647.9127886,5.39905858039856,1,,zai_proxy
471,1786980684.507766,36.594977378845215,2,,zai_proxy
472,1786980692.0084097,7.500643730163574,3,,zai_proxy
473,1786980712.2689576,20.260547876358032,4,,zai_proxy
474,1786980747.7168307,35.44787311553955,5,,zai_proxy
475,1786980782.9690304,35.25219964981079,6,,zai_proxy
476,1786980801.0232098,18.054179430007935,7,,zai_proxy
477,1786980835.4292822,34.40607237815857,8,,zai_proxy
478,1786980902.6987166,67.26943445205688,9,,zai_proxy
479,1786980903.5732088,0.8744921684265137,10,,zai_proxy
480,1786980904.2485013,0.6752924919128418,11,,zai_proxy
481,1786980968.450128,64.20162677764893,12,,zai_proxy
482,1786981043.6424632,75.19233512878418,13,,zai_proxy
483,1786981044.3844836,0.7420203685760498,14,,zai_proxy
484,1786981108.3448668,63.96038317680359,15,,zai_proxy
485,1786981110.1368084,1.7919416427612305,16,,zai_proxy
486,1786981176.333269,66.19646048545837,17,,zai_proxy
487,1786981176.4523778,0.11910891532897949,18,,zai_proxy
488,1786981177.6206372,1.1682593822479248,19,,zai_proxy
489,1786981240.7065144,63.08587718009949,20,,zai_proxy
490,1786981242.1027079,1.396193504333496,21,,zai_proxy
491,1786981303.7488034,61.646095514297485,22,,zai_proxy
492,1786981305.4426794,1.693876028060913,23,,zai_proxy
493,1786981305.7711074,0.3284280300140381,24,,zai_proxy
494,1786981368.603661,62.83255362510681,25,,zai_proxy
495,1786981369.6349468,1.0312857627868652,26,,zai_proxy
496,1786981433.945565,64.31061816215515,27,,zai_proxy
497,1786981530.3845048,96.4389398097992,28,,zai_proxy
498,1786981594.6169424,64.23243761062622,29,,zai_proxy
499,1786981658.9164777,64.29953527450562,30,,zai_proxy
500,1786981660.7059355,1.7894577980041504,31,,zai_proxy
501,1786981728.8539088,68.14797329902649,32,,zai_proxy
502,1786981728.8950787,0.04116988182067871,33,,zai_proxy
503,1786981794.1206381,65.22555947303772,34,,zai_proxy
504,1786981796.7808714,2.66023325920105,35,,zai_proxy
505,1786981859.7026966,62.92182517051697,36,,zai_proxy
506,1786981861.0312421,1.3285455703735352,37,,zai_proxy
507,1786981863.0739946,2.042752504348755,38,,zai_proxy
508,1786981926.9972692,63.923274517059326,39,,zai_proxy
509,1786981927.3396904,0.342421293258667,40,,zai_proxy
510,1786981991.2066238,63.86693334579468,41,,zai_proxy
511,1786981992.5497315,1.3431077003479004,42,,zai_proxy
512,1786982055.7003858,63.150654315948486,43,,zai_proxy
513,1786982120.0030658,64.30268001556396,44,,zai_proxy
514,1786982120.3689463,0.36588048934936523,45,,zai_proxy
515,1786982123.04836,2.6794137954711914,46,,zai_proxy
516,1786982187.0134947,63.965134620666504,47,,zai_proxy
517,1786982187.1771238,0.16362905502319336,48,,zai_proxy
518,1786982250.3995152,63.22239136695862,49,,zai_proxy
519,1786982252.0390804,1.6395652294158936,50,,zai_proxy
520,1786982325.7605274,73.7214469909668,51,,zai_proxy
521,1786982390.8646965,65.10416913032532,52,,zai_proxy
522,1786982462.7503836,71.88568711280823,53,,zai_proxy
523,1786982525.9544902,63.20410656929016,54,,zai_proxy
524,1786982526.3829453,0.428455114364624,55,,zai_proxy
525,1786982590.2400923,63.857146978378296,56,,zai_proxy
526,1786982590.8315644,0.5914721488952637,57,,zai_proxy
527,1786982652.9994423,62.16787791252136,58,,zai_proxy
528,1786982715.28977,62.29032754898071,59,,zai_proxy
529,1786982716.657628,1.3678581714630127,60,,zai_proxy
530,1786982716.6776948,0.02006673812866211,61,,zai_proxy
531,1786982780.8259826,64.14828777313232,62,,zai_proxy
532,1786982781.0309386,0.2049560546875,63,,zai_proxy
533,1786982781.7633533,0.732414722442627,64,,zai_proxy
534,1786982845.377875,63.614521741867065,65,,zai_proxy
535,1786982907.7468514,62.368976354599,66,,zai_proxy
536,1786982980.2626362,72.515784740448,67,,zai_proxy
537,1786983050.850655,70.58801889419556,68,,zai_proxy
538,1786983116.6415095,65.79085445404053,69,,zai_proxy
539,1786983182.1975558,65.5560462474823,70,,zai_proxy
540,1786983249.7026398,67.50508403778076,71,,zai_proxy
541,1786983250.2228537,0.5202138423919678,72,,zai_proxy
542,1786983316.4594965,66.23664283752441,73,,zai_proxy
543,1786983380.2978814,63.83838486671448,74,,zai_proxy
544,1786983449.1033893,68.80550789833069,75,,zai_proxy
545,1786983516.0855498,66.9821605682373,76,,zai_proxy
546,1786983580.1392493,64.0536994934082,77,,zai_proxy
547,1786983642.9728372,62.833587884902954,78,,zai_proxy
548,1786983712.52732,69.55448269844055,79,,zai_proxy
549,1786983776.8804626,64.35314273834229,80,,zai_proxy
550,1786983842.138634,65.25817131996155,81,,zai_proxy
551,1786983912.3695877,70.23095369338989,82,,zai_proxy
552,1786983985.0581884,72.68860077857971,83,,zai_proxy
553,1786984049.3151813,64.25699281692505,84,,zai_proxy
554,1786984113.1048017,63.7896203994751,85,,zai_proxy
555,1786984176.6039937,63.499191999435425,86,,zai_proxy
556,1786984176.658088,0.05409431457519531,87,,zai_proxy
557,1786984242.599949,65.94186091423035,88,,zai_proxy
558,1786984243.6896672,1.0897183418273926,89,,zai_proxy
559,1786984244.5690753,0.8794081211090088,90,,zai_proxy
560,1786989024.181195,,1,,zai_proxy
561,1786989038.570326,14.38913106918335,1,,zai_proxy
562,1786989074.5819352,36.01160907745361,1,,zai_proxy
563,1786989105.2949698,30.713034629821777,1,,zai_proxy
564,1786989113.997948,8.702978134155273,1,,zai_proxy
565,1786989306.8383284,192.84038043022156,1,,zai_proxy
566,1786989307.6160305,0.7777020931243896,2,,zai_proxy
567,1786989553.4875462,245.871515750885,1,,zai_proxy
568,1786989554.3375726,0.8500263690948486,2,,zai_proxy
569,1786989554.633059,0.2954864501953125,3,,zai_proxy
570,1786993211.2352612,,1,,zai_proxy
571,1787020243.8430688,,1,,zai_proxy
572,1787020252.316002,8.472933053970337,2,,zai_proxy
573,1787020305.4576213,53.14161944389343,3,,zai_proxy
574,1787020360.0309978,54.573376417160034,4,,zai_proxy
575,1787022822.7722743,2462.7412765026093,5,,zai_proxy
576,1787022946.8913403,124.11906599998474,6,,zai_proxy
577,1787023094.3987703,147.50743007659912,7,,zai_proxy
578,1787023225.9157724,131.5170021057129,8,,zai_proxy
579,1787023377.2525544,151.33678197860718,9,,zai_proxy
580,1787023503.8756125,126.62305808067322,10,,zai_proxy
581,1787023847.9696488,344.0940363407135,11,,zai_proxy
582,1787023971.532871,123.5632221698761,12,,zai_proxy
583,1787024099.8054533,128.27258229255676,13,,zai_proxy
584,1787024162.9920783,63.1866250038147,14,,zai_proxy
585,1787024225.1336956,62.14161729812622,15,,zai_proxy
586,1787024302.310978,77.17728233337402,16,,zai_proxy
587,1787024364.405261,62.09428310394287,17,,zai_proxy
588,1787024427.2687643,62.863503217697144,18,,zai_proxy
589,1787024501.636185,74.36742067337036,19,,zai_proxy
590,1787024568.6323776,66.99619269371033,20,,zai_proxy
591,1787024635.1628687,66.53049111366272,21,,zai_proxy
592,1787024701.1107876,65.94791889190674,22,,zai_proxy
593,1787024741.3103201,40.1995325088501,23,,zai_proxy
594,1787024831.5682156,90.25789546966553,24,,zai_proxy
595,1787024939.7185352,108.15031957626343,1,,zai_proxy
596,1787038330.4926097,,1,,zai_proxy
597,1787039442.289734,1111.7971241474152,2,,zai_proxy
598,1787039442.325719,0.03598523139953613,3,,zai_proxy
599,1787040341.2465973,898.9208781719208,4,,zai_proxy
600,1787040341.2752185,0.028621196746826172,5,,zai_proxy
601,1787042584.8738363,2243.5986177921295,6,,zai_proxy
602,1787042584.8918703,0.018033981323242188,7,,zai_proxy
603,1787042584.8968143,0.0049440860748291016,8,,zai_proxy
604,1787042584.9345126,0.03769826889038086,9,,zai_proxy
605,1787042584.9453862,0.010873556137084961,10,,zai_proxy
606,1787050803.9919374,,11,,zai_proxy
607,1787050806.2195115,2.227574110031128,12,,zai_proxy
608,1787050818.725433,12.505921602249146,13,,zai_proxy
609,1787050932.8427837,114.1173505783081,14,,zai_proxy
610,1787050957.2472606,24.40447688102722,15,,zai_proxy
611,1787051063.2062175,105.9589569568634,16,,zai_proxy
612,1787051131.049368,67.84315037727356,17,,zai_proxy
613,1787051195.3074427,64.25807476043701,18,,zai_proxy
614,1787051324.7146935,129.40725088119507,19,,zai_proxy
615,1787051399.580186,74.86549234390259,20,,zai_proxy
616,1787051461.2441092,61.663923263549805,21,,zai_proxy
617,1787051527.6327393,66.38863015174866,22,,zai_proxy
618,1787051589.805511,62.172771692276,23,,zai_proxy
619,1787051654.9995224,65.19401144981384,24,,zai_proxy
620,1787051718.3272343,63.32771182060242,25,,zai_proxy
621,1787051781.9863405,63.65910625457764,26,,zai_proxy
622,1787051782.0059922,0.01965165138244629,27,,zai_proxy
623,1787051782.006388,0.00039577484130859375,28,,zai_proxy
624,1787051844.5345387,62.52815079689026,29,,zai_proxy
625,1787051906.6746075,62.140068769454956,30,,zai_proxy
626,1787051907.8836186,1.2090110778808594,31,,zai_proxy
627,1787051970.445537,62.56191849708557,32,,zai_proxy
628,1787051970.6290402,0.1835031509399414,33,,zai_proxy
629,1787051971.5467293,0.9176890850067139,34,,zai_proxy
630,1787052033.8638778,62.31714844703674,35,,zai_proxy
631,1787052034.8285272,0.9646494388580322,36,,zai_proxy
632,1787052034.9298494,0.10132217407226562,37,,zai_proxy
633,1787052097.1919768,62.26212739944458,38,,zai_proxy
634,1787052097.2355359,0.04355907440185547,39,,zai_proxy
635,1787052099.039329,1.80379319190979,40,,zai_proxy
636,1787052099.3667936,0.32746458053588867,41,,zai_proxy
637,1787052162.5291264,63.16233277320862,42,,zai_proxy
638,1787052162.7834527,0.25432634353637695,43,,zai_proxy
639,1787052166.0900674,3.306614637374878,44,,zai_proxy
640,1787052228.1366198,62.046552419662476,45,,zai_proxy
641,1787052297.2383432,69.1017234325409,46,,zai_proxy
642,1787052366.9122167,69.67387342453003,47,,zai_proxy
643,1787052430.1039658,63.19174909591675,48,,zai_proxy
644,1787052430.7192276,0.6152617931365967,49,,zai_proxy
645,1787052504.9536386,74.23441100120544,50,,zai_proxy
646,1787053019.0825577,514.1289191246033,51,,zai_proxy
647,1787053153.3100948,134.22753715515137,52,,zai_proxy
648,1787053279.2485025,125.93840765953064,53,,zai_proxy
649,1787053345.0107725,65.76226997375488,54,,zai_proxy
650,1787053409.5584326,64.54766011238098,55,,zai_proxy
651,1787053472.461652,62.90321946144104,56,,zai_proxy
652,1787053541.577861,69.11620903015137,57,,zai_proxy
653,1787053637.6455257,96.0676646232605,58,,zai_proxy
654,1787053766.702167,129.05664134025574,59,,zai_proxy
655,1787053889.3849287,122.68276166915894,60,,zai_proxy
656,1787054006.885446,117.50051736831665,61,,zai_proxy
657,1787054124.6617033,117.77625727653503,62,,zai_proxy
658,1787054259.488553,134.82684969902039,63,,zai_proxy
659,1787054384.818742,125.33018898963928,64,,zai_proxy
660,1787054511.5458527,126.72711062431335,65,,zai_proxy
661,1787054641.2313018,129.68544912338257,66,,zai_proxy
662,1787054769.7210596,128.48975777626038,67,,zai_proxy
663,1787054927.409031,157.68797135353088,68,,zai_proxy
664,1787055054.3906882,126.98165726661682,69,,zai_proxy
665,1787055180.7525477,126.36185956001282,70,,zai_proxy
666,1787055359.7365735,178.98402571678162,71,,zai_proxy
667,1787055488.9390218,129.2024483680725,72,,zai_proxy
668,1787055634.9233782,145.98435640335083,73,,zai_proxy
669,1787055779.2765937,144.3532154560089,74,,zai_proxy
670,1787055905.2091026,125.93250894546509,75,,zai_proxy
671,1787056036.3757114,131.1666088104248,76,,zai_proxy
672,1787056175.7634635,139.38775205612183,77,,zai_proxy
673,1787056239.3477297,63.5842661857605,78,,zai_proxy
674,1787056304.6605577,65.31282806396484,79,,zai_proxy
675,1787058029.2348602,1724.5743024349213,1,,zai_proxy
676,1787095905.855391,,1,,zai_proxy
677,1787096045.947872,140.09248089790344,1,,zai_proxy
678,1787096229.7608395,183.81296753883362,1,,zai_proxy
679,1787096463.6541145,233.8932750225067,1,,zai_proxy
680,1787096590.5124497,126.85833525657654,2,,zai_proxy
681,1787099454.2622285,2863.7497787475586,3,,zai_proxy
682,1787099507.8948276,53.632599115371704,1,,zai_proxy
683,1787099579.6963437,71.80151605606079,2,,zai_proxy
684,1787099708.2043326,128.50798892974854,1,,zai_proxy
685,1787099844.841918,136.63758540153503,1,,zai_proxy
686,1787113828.6558042,,1,,zai_proxy
687,1787215919.7868023,,1,,zai_proxy
688,1787215940.2064462,20.419643878936768,2,,zai_proxy
689,1787215940.20735,0.0009038448333740234,3,,zai_proxy
690,1787215940.2078347,0.00048470497131347656,4,,zai_proxy
691,1787215940.208799,0.0009641647338867188,5,,zai_proxy
692,1787215940.2086961,,6,,zai_proxy
693,1787215940.2070978,,7,,zai_proxy
694,1787243508.6556761,,1,,zai_proxy
695,1787243509.654969,0.9992928504943848,2,,zai_proxy
696,1787243524.6539588,14.998989820480347,1,,zai_proxy
697,1787243531.979389,7.325430154800415,1,,zai_proxy
698,1787243543.9961014,12.016712427139282,1,,zai_proxy
699,1787243763.1738458,219.17774438858032,1,,zai_proxy
700,1787244207.0847445,,1,,zai_proxy
701,1787246437.1009452,,1,,zai_proxy
702,1787246486.877151,,1,,zai_proxy
703,1787246598.8103805,111.93322944641113,2,,zai_proxy
704,1787246607.660493,8.850112438201904,3,,zai_proxy
705,1787246617.6931655,10.032672643661499,4,,zai_proxy
706,1787246705.4507508,87.75758528709412,5,,zai_proxy
707,1787246745.8088412,40.3580904006958,6,,zai_proxy
708,1787246849.4769404,103.66809916496277,7,,zai_proxy
709,1787246956.8465493,107.36960887908936,8,,zai_proxy
710,1787247048.0483763,91.20182704925537,9,,zai_proxy
711,1787247111.2997947,63.251418352127075,10,,zai_proxy
712,1787247198.211456,86.91166138648987,11,,zai_proxy
713,1787247287.727206,89.51574993133545,12,,zai_proxy
714,1787247378.4997272,90.77252125740051,13,,zai_proxy
715,1787247478.9550304,100.45530319213867,14,,zai_proxy
716,1787247585.877578,106.92254757881165,15,,zai_proxy
717,1787247675.5343487,89.65677070617676,1,,zai_proxy
718,1787247684.9635558,9.42920708656311,2,,zai_proxy
719,1787247706.1376162,21.174060344696045,3,,zai_proxy
720,1787247737.255736,31.118119955062866,4,,zai_proxy
721,1787247767.0477872,29.792051076889038,5,,zai_proxy
722,1787247802.856232,35.80844473838806,6,,zai_proxy
723,1787247802.916263,0.06003117561340332,7,,zai_proxy
724,1787247827.9660807,25.04981756210327,1,,zai_proxy
725,1787247833.3745236,5.408442974090576,1,,zai_proxy
726,1787247864.4111903,31.03666663169861,1,,zai_proxy
727,1787247894.2221994,29.811009168624878,1,,zai_proxy
728,1787247924.8785675,30.656368017196655,1,,zai_proxy
729,1787247955.8348637,30.95629620552063,2,,zai_proxy
730,1787248010.096304,54.26144027709961,1,,zai_proxy
731,1787248054.5816834,44.485379457473755,2,,zai_proxy
732,1787248097.9985445,43.416861057281494,3,,zai_proxy
733,1787248145.1463544,47.147809982299805,4,,zai_proxy
734,1787248193.1745238,48.02816939353943,5,,zai_proxy
735,1787248253.4039795,60.2294557094574,6,,zai_proxy
736,1787248315.8785677,62.47458815574646,7,,zai_proxy
737,1787248392.913568,77.03500032424927,8,,zai_proxy
738,1787248462.5018597,69.58829164505005,9,,zai_proxy
739,1787248524.064827,61.56296730041504,10,,zai_proxy
740,1787248589.8238142,65.75898718833923,11,,zai_proxy
741,1787248662.715285,72.89147090911865,12,,zai_proxy
742,1787248732.8307655,70.11548042297363,13,,zai_proxy
743,1787248804.5278168,71.69705128669739,14,,zai_proxy
744,1787249309.30283,504.7750132083893,15,,zai_proxy
745,1787249371.3571482,62.05431818962097,16,,zai_proxy
746,1787249371.4380255,0.08087730407714844,17,,zai_proxy
747,1787249435.585836,64.14781045913696,18,,zai_proxy
748,1787249576.5201318,140.93429589271545,19,,zai_proxy
749,1787249642.8759532,66.35582137107849,20,,zai_proxy
750,1787249705.1176112,62.241657972335815,21,,zai_proxy
751,1787249803.352386,98.23477482795715,22,,zai_proxy
752,1787249902.8301432,99.47775721549988,23,,zai_proxy
753,1787249964.9038785,62.07373523712158,24,,zai_proxy
754,1787250027.173564,62.26968550682068,25,,zai_proxy
755,1787250089.5494208,62.37585687637329,26,,zai_proxy
756,1787250175.770821,86.2214002609253,27,,zai_proxy
757,1787250297.395605,121.62478399276733,28,,zai_proxy
758,1787250359.2026222,61.8070170879364,29,,zai_proxy
759,1787250421.132067,61.929444789886475,30,,zai_proxy
760,1787250482.347489,61.2154221534729,31,,zai_proxy
761,1787250546.2495458,63.90205669403076,32,,zai_proxy
762,1787250627.3312747,81.0817289352417,33,,zai_proxy
763,1787250710.8314393,83.50016450881958,34,,zai_proxy
764,1787250795.1145852,84.28314590454102,35,,zai_proxy
765,1787250880.8333995,85.71881437301636,36,,zai_proxy
766,1787250968.06135,87.22795057296753,37,,zai_proxy
767,1787251056.125305,88.06395483016968,1,,zai_proxy
768,1787251145.590972,89.46566700935364,1,,zai_proxy
769,1787251235.3420608,89.75108885765076,1,,zai_proxy
770,1787251326.614743,91.2726821899414,1,,zai_proxy
771,1787251418.5297508,91.91500782966614,1,,zai_proxy
772,1787251511.9096293,93.37987852096558,1,,zai_proxy
773,1787251606.9289846,95.01935529708862,2,,zai_proxy
774,1787251649.532907,42.60392236709595,3,,zai_proxy
775,1787251740.7826726,91.24976563453674,4,,zai_proxy
776,1787251837.9932337,97.2105610370636,5,,zai_proxy
777,1787251930.7407148,92.74748110771179,6,,zai_proxy
778,1787252024.4191062,93.678391456604,7,,zai_proxy
779,1787252126.5117316,102.09262537956238,8,,zai_proxy
780,1787252226.063752,99.55202031135559,9,,zai_proxy
781,1787252326.5872097,100.52345776557922,10,,zai_proxy
782,1787252430.0285425,103.44133281707764,11,,zai_proxy
783,1787252532.669872,102.64132952690125,12,,zai_proxy
784,1787252634.5225482,101.85267615318298,13,,zai_proxy
785,1787252738.495807,103.97325873374939,14,,zai_proxy
786,1787252842.7254953,104.2296884059906,15,,zai_proxy
787,1787252947.388418,104.66292262077332,16,,zai_proxy
788,1787253053.0696893,105.68127131462097,17,,zai_proxy
789,1787253125.817429,72.74773979187012,18,,zai_proxy
790,1787253187.1168106,61.299381494522095,19,,zai_proxy
791,1787253260.1725886,73.05577802658081,20,,zai_proxy
792,1787253322.036013,61.86342430114746,21,,zai_proxy
793,1787257864.8299725,,1,,zai_proxy
794,1787257955.1523306,90.32235813140869,1,,zai_proxy
795,1787258016.693342,61.541011333465576,1,,zai_proxy
796,1787262613.7385292,,1,,zai_proxy
797,1787263848.3860586,1234.6475293636322,1,,zai_proxy
798,1787263855.4452126,7.059154033660889,2,,zai_proxy
799,1787266867.1356435,3011.690430879593,1,,zai_proxy
800,1787266877.4025483,10.266904830932617,2,,zai_proxy
801,1787267533.9556897,656.5531413555145,1,,zai_proxy
802,1787268765.0674016,1231.1117119789124,1,,zai_proxy
803,1787271855.5531507,3090.4857490062714,1,,zai_proxy
804,1787271855.7021616,0.14901089668273926,2,,zai_proxy
805,1787271976.2076876,120.50552606582642,3,,zai_proxy
806,1787271976.3932679,0.18558025360107422,4,,zai_proxy
807,1787272097.0672383,120.67397046089172,5,,zai_proxy
808,1787272097.2558403,0.18860197067260742,6,,zai_proxy
809,1787272217.482663,120.2268226146698,7,,zai_proxy
810,1787272217.7267318,0.24406886100769043,8,,zai_proxy
811,1787272337.907031,120.18029928207397,9,,zai_proxy
812,1787272338.1400416,0.23301053047180176,10,,zai_proxy
813,1787272458.7103183,120.57027673721313,11,,zai_proxy
814,1787272458.9009724,0.19065403938293457,12,,zai_proxy
815,1787278896.2112007,,1,,zai_proxy
816,1787279445.6715016,549.4603009223938,1,,zai_proxy
817,1787305623.7085056,,1,,zai_proxy
818,1787305623.7087977,0.00029206275939941406,2,,zai_proxy
819,1787313663.1998363,,1,,zai_proxy
820,1787317235.0649734,3571.8651371002197,1,,zai_proxy
821,1787320818.87733,,1,,zai_proxy
822,1787320839.8153253,20.937995195388794,1,,zai_proxy
823,1787320843.8305633,4.015238046646118,1,,zai_proxy
824,1787320848.2749662,4.4444029331207275,1,,zai_proxy
825,1787323232.9010355,2384.6260693073273,1,,zai_proxy
826,1787323357.710061,124.80902552604675,1,,zai_proxy
827,1787323367.7410111,10.03095006942749,1,,zai_proxy
828,1787323371.206597,3.465585947036743,1,,zai_proxy
829,1787323371.9558296,0.7492325305938721,2,,zai_proxy
830,1787323398.182217,26.22638726234436,1,,zai_proxy
831,1787323420.0041728,21.821955919265747,1,,zai_proxy
832,1787323435.6713195,15.667146682739258,1,,zai_proxy
833,1787323447.2336655,11.5623459815979,1,,zai_proxy
834,1787323481.0785408,33.84487533569336,2,,zai_proxy
835,1787323489.6628003,8.584259510040283,3,,zai_proxy
836,1787323494.128702,4.465901613235474,1,,zai_proxy
837,1787323494.3526163,0.22391438484191895,2,,zai_proxy
838,1787323519.0082872,24.655670881271362,1,,zai_proxy
839,1787323533.6614385,14.653151273727417,1,,zai_proxy
840,1787323546.1885874,12.527148962020874,1,,zai_proxy
841,1787323556.811592,10.623004674911499,2,,zai_proxy
842,1787323570.4238946,13.612302541732788,1,,zai_proxy
843,1787323582.9861276,12.562232971191406,2,,zai_proxy
844,1787323596.1452944,13.159166812896729,1,,zai_proxy
845,1787323599.6745758,3.5292813777923584,2,,zai_proxy
846,1787323606.0871637,6.412587881088257,3,,zai_proxy
847,1787323636.9284246,30.84126091003418,4,,zai_proxy
848,1787323653.9313915,17.00296688079834,1,,zai_proxy
849,1787323672.0110548,18.079663276672363,2,,zai_proxy
850,1787323672.0111294,7.462501525878906e-05,3,,zai_proxy
851,1787323672.313305,0.30217552185058594,4,,zai_proxy
852,1787323672.3146348,0.0013298988342285156,5,,zai_proxy
853,1787323672.4901264,0.1754915714263916,6,,zai_proxy
854,1787323672.5477543,0.05762791633605957,7,,zai_proxy
855,1787323672.6938725,0.1461181640625,8,,zai_proxy
856,1787323672.7395346,0.04566216468811035,9,,zai_proxy
857,1787323672.7749157,0.03538107872009277,10,,zai_proxy
858,1787323672.7990377,0.024121999740600586,11,,zai_proxy
859,1787323701.5380661,28.739028453826904,1,,zai_proxy
860,1787323728.7803504,27.242284297943115,1,,zai_proxy
861,1787323739.3007903,10.520439863204956,2,,zai_proxy
862,1787323751.0096478,11.708857536315918,3,,zai_proxy
863,1787323762.5910497,11.581401824951172,4,,zai_proxy
864,1787323780.9806948,18.389645099639893,1,,zai_proxy
865,1787323781.414724,0.43402934074401855,2,,zai_proxy
866,1787323781.6038597,0.18913555145263672,3,,zai_proxy
867,1787323781.6041317,0.0002720355987548828,4,,zai_proxy
868,1787323781.6748276,0.07069587707519531,5,,zai_proxy
869,1787323781.7477086,0.07288098335266113,6,,zai_proxy
870,1787323781.7802725,0.03256392478942871,7,,zai_proxy
871,1787323781.7820761,0.0018036365509033203,8,,zai_proxy
872,1787323781.8081532,0.0260770320892334,9,,zai_proxy
873,1787323849.7737598,67.96560668945312,1,,zai_proxy
874,1787323856.5175006,6.743740797042847,1,,zai_proxy
875,1787323857.145679,0.6281783580780029,2,,zai_proxy
876,1787323857.357737,0.21205806732177734,3,,zai_proxy
877,1787323857.6034698,0.24573278427124023,4,,zai_proxy
878,1787323857.941924,0.3384542465209961,5,,zai_proxy
879,1787323857.9986348,0.05671072006225586,6,,zai_proxy
880,1787323858.246542,0.24790716171264648,7,,zai_proxy
881,1787323858.5736668,0.32712483406066895,8,,zai_proxy
882,1787323859.6266336,1.052966833114624,9,,zai_proxy
883,1787323859.6980834,0.07144975662231445,10,,zai_proxy
884,1787323860.5844245,0.8863410949707031,11,,zai_proxy
885,1787323876.9323435,16.34791898727417,1,,zai_proxy
886,1787323877.1229532,0.19060969352722168,2,,zai_proxy
887,1787323877.2821822,0.15922904014587402,3,,zai_proxy
888,1787323877.2822368,5.459785461425781e-05,4,,zai_proxy
889,1787323877.6747189,0.39248204231262207,5,,zai_proxy
890,1787323882.0380032,4.363284349441528,6,,zai_proxy
891,1787323882.1637447,0.12574148178100586,7,,zai_proxy
892,1787323882.5724263,0.40868163108825684,8,,zai_proxy
893,1787323882.7169764,0.14455008506774902,9,,zai_proxy
894,1787323882.7578607,0.04088425636291504,10,,zai_proxy
895,1787323882.7651725,0.007311820983886719,11,,zai_proxy
896,1787323882.8026757,0.03750324249267578,12,,zai_proxy
897,1787323882.9084466,0.10577082633972168,13,,zai_proxy
898,1787323882.9501946,0.041748046875,14,,zai_proxy
899,1787323883.088439,0.1382443904876709,15,,zai_proxy
900,1787323883.3890123,0.30057334899902344,16,,zai_proxy
901,1787323883.4691973,0.0801849365234375,17,,zai_proxy
902,1787323883.5974429,0.12824559211730957,18,,zai_proxy
903,1787323931.507626,47.91018319129944,1,,zai_proxy
904,1787323940.6597066,9.152080535888672,2,,zai_proxy
905,1787323956.1046019,15.444895267486572,1,,zai_proxy
906,1787323963.3695672,7.264965295791626,1,,zai_proxy
907,1787323963.4100676,0.04050040245056152,2,,zai_proxy
908,1787323963.4935348,0.08346724510192871,3,,zai_proxy
909,1787323963.607357,0.11382222175598145,4,,zai_proxy
910,1787323963.6353123,0.027955293655395508,5,,zai_proxy
911,1787323964.0191853,0.38387298583984375,6,,zai_proxy
912,1787323964.0363142,0.017128944396972656,7,,zai_proxy
913,1787323964.2595036,0.2231893539428711,8,,zai_proxy
914,1787323964.4134402,0.15393662452697754,9,,zai_proxy
915,1787323964.521549,0.1081087589263916,10,,zai_proxy
916,1787323964.675065,0.15351605415344238,11,,zai_proxy
917,1787323964.675305,0.00023984909057617188,12,,zai_proxy
918,1787323964.8444586,0.16915369033813477,13,,zai_proxy
919,1787323965.2250412,0.3805825710296631,14,,zai_proxy
920,1787323965.3540387,0.1289975643157959,15,,zai_proxy
921,1787323965.4104314,0.056392669677734375,16,,zai_proxy
922,1787323965.5612416,0.15081024169921875,17,,zai_proxy
923,1787323965.5933123,0.03207063674926758,18,,zai_proxy
924,1787323965.59365,0.00033783912658691406,19,,zai_proxy
925,1787323965.6464071,0.05275702476501465,20,,zai_proxy
926,1787323965.669696,0.023288965225219727,21,,zai_proxy
927,1787323965.9023573,0.23266124725341797,22,,zai_proxy
928,1787323966.3943932,0.4920358657836914,23,,zai_proxy
929,1787323966.4065495,0.012156248092651367,24,,zai_proxy
930,1787323966.5085099,0.10196042060852051,25,,zai_proxy
931,1787323969.1845028,2.675992965698242,1,,zai_proxy
932,1787323970.0959034,0.911400556564331,2,,zai_proxy
933,1787323975.1354482,5.0395448207855225,3,,zai_proxy
934,1787323991.0155785,15.880130290985107,4,,zai_proxy
935,1787323991.7248483,0.7092697620391846,5,,zai_proxy
936,1787324015.6321561,23.907307863235474,1,,zai_proxy
937,1787324043.3414297,27.70927357673645,1,,zai_proxy
938,1787324043.412484,0.07105422019958496,2,,zai_proxy
939,1787324043.4799497,0.06746578216552734,3,,zai_proxy
940,1787324043.5997772,0.1198275089263916,4,,zai_proxy
941,1787324044.0246606,0.4248833656311035,5,,zai_proxy
942,1787324136.8320966,92.80743598937988,1,,zai_proxy
943,1787324143.8582838,7.026187181472778,1,,zai_proxy
944,1787324144.0132396,0.15495586395263672,2,,zai_proxy
945,1787324144.3189363,0.3056967258453369,3,,zai_proxy
946,1787324144.3416002,0.02266383171081543,4,,zai_proxy
947,1787324144.5260668,0.18446660041809082,5,,zai_proxy
948,1787324144.5672271,0.04116034507751465,6,,zai_proxy
949,1787324144.7024398,0.13521265983581543,7,,zai_proxy
950,1787324224.7464507,80.04401087760925,1,,zai_proxy
951,1787324224.7478912,0.0014405250549316406,2,,zai_proxy
952,1787324224.7478514,,3,,zai_proxy
953,1787324224.8887548,0.14090347290039062,4,,zai_proxy
954,1787324225.0938845,0.20512962341308594,5,,zai_proxy
955,1787324225.2002048,0.10632038116455078,6,,zai_proxy
956,1787324225.5580037,0.35779881477355957,7,,zai_proxy
957,1787324225.597052,0.03904843330383301,8,,zai_proxy
958,1787324225.5973947,0.0003426074981689453,9,,zai_proxy
959,1787324225.6625342,0.0651395320892334,10,,zai_proxy
960,1787324225.7065618,0.04402756690979004,11,,zai_proxy
961,1787324225.8677735,0.16121172904968262,12,,zai_proxy
962,1787324225.8981645,0.03039097785949707,13,,zai_proxy
963,1787324226.0218568,0.12369227409362793,14,,zai_proxy
964,1787324247.267996,21.24613928794861,1,,zai_proxy
965,1787324247.516212,0.248215913772583,2,,zai_proxy
966,1787324247.606617,0.09040498733520508,3,,zai_proxy
967,1787324247.6313317,0.02471470832824707,4,,zai_proxy
968,1787324248.015168,0.3838362693786621,5,,zai_proxy
969,1787324248.0481098,0.03294181823730469,6,,zai_proxy
970,1787324318.3553371,70.30722737312317,1,,zai_proxy
971,1787324318.6307626,0.27542543411254883,2,,zai_proxy
972,1787324318.7260623,0.09529972076416016,3,,zai_proxy
973,1787324327.433194,8.707131624221802,4,,zai_proxy
974,1787324327.5414479,0.10825395584106445,5,,zai_proxy
975,1787324327.6122875,0.07083964347839355,6,,zai_proxy
976,1787324327.6543465,0.04205894470214844,7,,zai_proxy
977,1787324327.843327,0.1889805793762207,8,,zai_proxy
978,1787324328.008,0.1646728515625,9,,zai_proxy
979,1787324406.8007407,78.79274082183838,10,,zai_proxy
980,1787324406.8409219,0.04018115997314453,11,,zai_proxy
981,1787324406.9026687,0.061746835708618164,12,,zai_proxy
982,1787324406.9804175,0.07774877548217773,13,,zai_proxy
983,1787324406.9953625,0.014945030212402344,14,,zai_proxy
984,1787324407.0103378,0.014975309371948242,15,,zai_proxy
985,1787324407.0740008,0.06366300582885742,16,,zai_proxy
986,1787324407.2476146,0.1736137866973877,17,,zai_proxy
987,1787324407.41325,0.165635347366333,18,,zai_proxy
988,1787324407.5579383,0.14468836784362793,19,,zai_proxy
989,1787324407.7642794,0.20634102821350098,20,,zai_proxy
990,1787324407.799038,0.034758567810058594,21,,zai_proxy
991,1787324407.80823,0.00919198989868164,22,,zai_proxy
992,1787324407.8119786,0.003748655319213867,23,,zai_proxy
993,1787324407.8120499,7.128715515136719e-05,24,,zai_proxy
994,1787324407.8254833,0.013433456420898438,25,,zai_proxy
995,1787324407.9105752,0.08509182929992676,26,,zai_proxy
996,1787324407.9312665,0.020691394805908203,27,,zai_proxy
997,1787324408.0006013,0.06933474540710449,28,,zai_proxy
998,1787324408.007113,0.006511688232421875,29,,zai_proxy
999,1787324408.0163958,0.009282827377319336,30,,zai_proxy
1000,1787324408.0730119,0.05661606788635254,31,,zai_proxy
1001,1787324408.156305,0.08329319953918457,32,,zai_proxy
1002,1787324408.3335893,0.17728424072265625,33,,zai_proxy
1003,1787324408.3549275,0.021338224411010742,34,,zai_proxy
1004,1787324408.6775558,0.3226282596588135,35,,zai_proxy
1005,1787324409.5154939,0.8379380702972412,36,,zai_proxy
1006,1787324475.4836006,65.96810674667358,37,,zai_proxy
1007,1787324475.5533478,0.0697472095489502,38,,zai_proxy
1008,1787324475.7170668,0.16371893882751465,39,,zai_proxy
1009,1787324476.0993152,0.3822484016418457,40,,zai_proxy
1010,1787324476.0994816,0.00016641616821289062,41,,zai_proxy
1011,1787324476.1439133,0.04443168640136719,42,,zai_proxy
1012,1787324476.2003226,0.056409358978271484,43,,zai_proxy
1013,1787324476.2457912,0.04546856880187988,44,,zai_proxy
1014,1787324476.747127,0.501335859298706,45,,zai_proxy
1015,1787324476.771394,0.024266958236694336,46,,zai_proxy
1016,1787324477.2072287,0.4358346462249756,47,,zai_proxy
1017,1787324539.6008778,62.393649101257324,48,,zai_proxy
1018,1787324715.9369287,176.33605098724365,49,,zai_proxy
1019,1787324715.9638462,0.026917457580566406,50,,zai_proxy
1020,1787324716.1130793,0.14923310279846191,51,,zai_proxy
1021,1787324716.202112,0.08903264999389648,52,,zai_proxy
1022,1787324716.4465578,0.24444580078125,53,,zai_proxy
1023,1787324716.5044866,0.05792880058288574,54,,zai_proxy
1024,1787324716.533983,0.029496431350708008,55,,zai_proxy
1025,1787324716.6222708,0.0882878303527832,56,,zai_proxy
1026,1787324716.636002,0.013731241226196289,57,,zai_proxy
1027,1787324716.6367285,0.0007264614105224609,58,,zai_proxy
1028,1787324716.7326934,0.09596490859985352,59,,zai_proxy
1029,1787324716.9576552,0.2249617576599121,60,,zai_proxy
1030,1787324716.976012,0.018356800079345703,61,,zai_proxy
1031,1787324717.0958254,0.11981344223022461,62,,zai_proxy
1032,1787324717.2139354,0.11810994148254395,63,,zai_proxy
1033,1787324717.2289581,0.015022754669189453,64,,zai_proxy
1034,1787324717.2325656,0.003607511520385742,65,,zai_proxy
1035,1787324717.3485124,0.11594676971435547,66,,zai_proxy
1036,1787324717.3490045,0.000492095947265625,67,,zai_proxy
1037,1787324717.5432196,0.1942150592803955,68,,zai_proxy
1038,1787324717.5434408,0.00022125244140625,69,,zai_proxy
1039,1787324717.5715008,0.028059959411621094,70,,zai_proxy
1040,1787324717.6468918,0.07539105415344238,71,,zai_proxy
1041,1787324717.8021114,0.15521955490112305,72,,zai_proxy
1042,1787324718.0846937,0.28258228302001953,73,,zai_proxy
1043,1787324718.1202564,0.035562753677368164,74,,zai_proxy
1044,1787324718.1343007,0.01404428482055664,75,,zai_proxy
1045,1787324718.2925172,0.1582164764404297,76,,zai_proxy
1046,1787324718.3370602,0.04454302787780762,77,,zai_proxy
1047,1787324780.1555252,61.81846499443054,78,,zai_proxy
1048,1787324865.120796,84.96527075767517,79,,zai_proxy
1049,1787324934.1630507,69.04225468635559,80,,zai_proxy
1050,1787324934.3114772,0.14842653274536133,81,,zai_proxy
1051,1787327295.1029587,2360.7914814949036,1,,zai_proxy
1052,1787327425.8001432,130.6971845626831,1,,zai_proxy
1053,1787327551.949055,126.14891171455383,1,,zai_proxy
1054,1787327983.2636483,431.3145933151245,1,,zai_proxy
1055,1787328067.347778,84.08412981033325,1,,zai_proxy
1056,1787328098.165215,30.817436933517456,1,,zai_proxy
1057,1787328114.1979592,16.03274416923523,2,,zai_proxy
1058,1787328158.8458967,44.647937536239624,3,,zai_proxy
1059,1787328189.5421066,30.69620990753174,1,,zai_proxy
1060,1787328502.7672188,313.2251121997833,1,,zai_proxy
1061,1787389228.7650545,,1,,zai_proxy
1062,1787389349.3470414,120.58198690414429,1,,zai_proxy
1063,1787389470.2789407,120.93189930915833,1,,zai_proxy
1064,1787389590.836315,120.5573742389679,1,,zai_proxy
1065,1787389711.1314163,120.29510140419006,1,,zai_proxy
1066,1787389832.446907,121.31549072265625,1,,zai_proxy
1067,1787389963.3858216,130.9389145374298,1,,zai_proxy
1068,1787390084.514555,121.12873339653015,2,,zai_proxy
1069,1787390206.0061886,121.49163365364075,3,,zai_proxy
1070,1787390325.433156,119.42696738243103,1,,zai_proxy
1071,1787390446.3365133,120.90335726737976,1,,zai_proxy
1072,1787391125.1126974,,1,,zai_proxy
1073,1787391216.1276612,91.01496386528015,1,,zai_proxy
1074,1787391412.8588705,196.7312092781067,1,,zai_proxy
1075,1787391502.0731595,,1,,zai_proxy
1076,1787391504.6495228,2.5763633251190186,1,,zai_proxy
1077,1787391628.8366659,124.18714308738708,1,,zai_proxy
1078,1787391840.878937,,1,,zai_proxy
1079,1787392002.0230134,161.14407634735107,1,,zai_proxy
1080,1787392187.4515195,185.42850613594055,1,,zai_proxy
1081,1787392193.5181177,6.066598176956177,2,,zai_proxy
1082,1787392214.2782989,20.760181188583374,1,,zai_proxy
1083,1787392277.8877504,63.60945153236389,2,,zai_proxy
1084,1787392307.8386378,29.950887441635132,3,,zai_proxy
1085,1787392316.292358,8.453720092773438,4,,zai_proxy
1086,1787392316.407509,0.11515116691589355,5,,zai_proxy
1087,1787392350.7650454,34.35753631591797,6,,zai_proxy
1088,1787392412.2897885,61.52474308013916,7,,zai_proxy
1089,1787392474.3863153,62.096526861190796,8,,zai_proxy
1090,1787392569.1806967,94.79438138008118,9,,zai_proxy
1091,1787392677.974255,108.79355835914612,10,,zai_proxy
1092,1787393796.662645,,1,,zai_proxy
1093,1787393796.6797333,0.01708817481994629,2,,zai_proxy
1094,1787393802.65871,5.978976726531982,3,,zai_proxy
1095,1787393802.7226489,0.06393885612487793,4,,zai_proxy
1096,1787393803.0830915,0.3604426383972168,5,,zai_proxy
1097,1787393864.4702463,61.38715481758118,6,,zai_proxy
1098,1787393987.116791,122.64654469490051,7,,zai_proxy
1099,1787394027.0187504,,1,,zai_proxy
1100,1787394030.7118225,3.6930720806121826,2,,zai_proxy
1101,1787394030.7364,0.02457737922668457,3,,zai_proxy
1102,1787394031.058189,0.321789026260376,4,,zai_proxy
1103,1787394053.1086748,22.050485849380493,5,,zai_proxy
1104,1787394086.376175,33.267500162124634,6,,zai_proxy
1105,1787394086.7866642,0.4104893207550049,7,,zai_proxy
1106,1787394086.8663619,0.0796976089477539,8,,zai_proxy
1107,1787394150.443915,63.577553033828735,9,,zai_proxy
1108,1787394150.9720883,0.5281734466552734,10,,zai_proxy
1109,1787394211.8060756,60.83398723602295,11,,zai_proxy
1110,1787394280.0040514,68.19797587394714,12,,zai_proxy
1111,1787394341.0993226,61.09527111053467,13,,zai_proxy
1112,1787394402.620787,61.521464347839355,14,,zai_proxy
1113,1787394479.3921032,76.77131628990173,15,,zai_proxy
1114,1787394479.65045,0.2583467960357666,16,,zai_proxy
1115,1787394540.9640214,61.31357145309448,17,,zai_proxy
1116,1787394606.9291377,65.96511626243591,18,,zai_proxy
1117,1787394671.1965702,64.26743245124817,19,,zai_proxy
1118,1787394732.8788714,61.68230128288269,20,,zai_proxy
1119,1787394761.6690576,28.790186166763306,1,,zai_proxy
1120,1787394778.1453414,16.47628378868103,1,,zai_proxy
1121,1787394802.6256254,24.480283975601196,1,,zai_proxy
1122,1787394821.694192,19.06856656074524,2,,zai_proxy
1123,1787394827.2439103,5.549718379974365,3,,zai_proxy
1124,1787394859.5800235,32.3361132144928,1,,zai_proxy
1125,1787394873.9777043,14.397680759429932,2,,zai_proxy
1126,1787394899.976548,25.998843669891357,3,,zai_proxy
1127,1787394913.8316052,13.85505723953247,4,,zai_proxy
1128,1787394913.8641565,0.03255128860473633,5,,zai_proxy
1129,1787394951.3418076,37.47765111923218,6,,zai_proxy
1130,1787394951.3983314,0.056523799896240234,7,,zai_proxy
1131,1787395012.3702576,60.97192621231079,8,,zai_proxy
1132,1787395076.6245303,64.25427269935608,9,,zai_proxy
1133,1787395138.1187449,61.49421453475952,10,,zai_proxy
1134,1787395200.960666,62.84192109107971,11,,zai_proxy
1135,1787395212.7780085,,1,,zai_proxy
1136,1787395216.0871048,3.309096336364746,2,,zai_proxy
1137,1787395228.682536,12.595431089401245,3,,zai_proxy
1138,1787395261.5532541,,1,,zai_proxy
1139,1787395268.0918028,6.538548707962036,2,,zai_proxy
1140,1787395289.0783606,20.986557722091675,3,,zai_proxy
1141,1787395303.6149135,14.536552906036377,4,,zai_proxy
1142,1787395324.7420375,21.127124071121216,5,,zai_proxy
1143,1787395362.930807,38.188769578933716,6,,zai_proxy
1144,1787395363.0070438,0.07623672485351562,7,,zai_proxy
1145,1787395430.6830325,,1,,zai_proxy
1146,1787395430.8330727,0.1500401496887207,2,,zai_proxy
1147,1787395518.7060218,87.87294912338257,3,,zai_proxy
1148,1787395544.8857806,26.17975878715515,4,,zai_proxy
1149,1787395566.7073603,21.821579694747925,5,,zai_proxy
1150,1787395609.1600115,42.452651262283325,6,,zai_proxy
1151,1787395873.562408,264.402396440506,7,,zai_proxy
1152,1787396057.7681336,184.20572566986084,8,,zai_proxy
1153,1787396170.8623068,113.0941731929779,9,,zai_proxy
1154,1787396232.2808826,61.41857576370239,10,,zai_proxy
1155,1787396397.7049277,165.42404508590698,11,,zai_proxy
1156,1787396517.3534446,119.64851689338684,12,,zai_proxy
1157,1787396578.793724,61.440279483795166,13,,zai_proxy
1158,1787396642.0769145,63.28319048881531,14,,zai_proxy
1159,1787396703.0057023,60.92878770828247,15,,zai_proxy
1160,1787396769.8033366,66.79763436317444,16,,zai_proxy
1161,1787396859.6028926,89.799556016922,17,,zai_proxy
1162,1787396952.144139,92.54124641418457,18,,zai_proxy
1163,1787397033.0074363,80.8632972240448,19,,zai_proxy
1164,1787397103.05008,70.04264378547668,20,,zai_proxy
1165,1787397164.9275563,61.87747621536255,21,,zai_proxy
1166,1787397231.727314,66.79975771903992,22,,zai_proxy
1167,1787397316.887346,85.16003203392029,23,,zai_proxy
1168,1787397403.57734,86.6899938583374,24,,zai_proxy
1169,1787397475.2315683,71.6542284488678,25,,zai_proxy
1170,1787397535.9705694,60.73900103569031,26,,zai_proxy
1171,1787397599.1156352,63.145065784454346,27,,zai_proxy
1172,1787397661.568147,62.45251178741455,28,,zai_proxy
1173,1787397742.5532618,80.98511481285095,29,,zai_proxy
1174,1787397843.6920905,101.13882875442505,30,,zai_proxy
1175,1787397930.4766479,86.7845573425293,31,,zai_proxy
1176,1787398030.2862098,99.80956196784973,32,,zai_proxy
1177,1787398148.4513397,118.16512989997864,33,,zai_proxy
1178,1787398253.099559,104.64821934700012,34,,zai_proxy
1179,1787398365.0640216,111.96446251869202,35,,zai_proxy
1180,1787398478.5019233,113.43790173530579,36,,zai_proxy
1181,1787398601.038227,122.53630375862122,37,,zai_proxy
1182,1787398670.3710823,69.33285522460938,38,,zai_proxy
1183,1787398749.3080018,78.93691945075989,39,,zai_proxy
1184,1787398816.2939239,66.98592209815979,40,,zai_proxy
1185,1787398877.309371,61.01544713973999,41,,zai_proxy
1186,1787398948.3493829,71.04001188278198,42,,zai_proxy
1187,1787399052.463066,104.11368322372437,43,,zai_proxy
1188,1787399135.7320876,83.26902151107788,44,,zai_proxy
1189,1787399239.531466,103.79937839508057,45,,zai_proxy
1190,1787399318.2334146,78.70194864273071,46,,zai_proxy
1191,1787399419.5959365,101.36252188682556,47,,zai_proxy
1192,1787399549.706311,130.1103744506836,48,,zai_proxy
1193,1787399616.8183324,67.11202144622803,49,,zai_proxy
1194,1787399681.9883008,65.16996836662292,50,,zai_proxy
1195,1787399746.3903577,64.40205693244934,51,,zai_proxy
1196,1787399838.5680795,92.17772173881531,52,,zai_proxy
1197,1787399934.411733,95.84365344047546,53,,zai_proxy
1198,1787400037.6732073,103.26147437095642,54,,zai_proxy
1199,1787400164.305481,,1,,zai_proxy
1200,1787400263.8617125,99.55623149871826,2,,zai_proxy
1201,1787400277.8765624,14.01484990119934,3,,zai_proxy
1202,1787400363.9188256,86.04226326942444,4,,zai_proxy
1203,1787400393.5680866,29.649260997772217,5,,zai_proxy
1204,1787400472.371185,78.80309844017029,6,,zai_proxy
1205,1787400561.831981,89.46079587936401,7,,zai_proxy
1206,1787400650.2734702,88.44148921966553,8,,zai_proxy
1207,1787400736.556692,86.28322172164917,9,,zai_proxy
1208,1787400824.5978582,88.04116630554199,1,,zai_proxy
1209,1787400917.4746969,92.87683868408203,2,,zai_proxy
1210,1787401012.814492,95.33979511260986,3,,zai_proxy
1211,1787401115.2889574,102.47446537017822,4,,zai_proxy
1212,1787401227.468311,112.17935371398926,5,,zai_proxy
1213,1787401341.4534934,113.98518228530884,6,,zai_proxy
1214,1787401415.7066555,74.25316214561462,7,,zai_proxy
1215,1787401481.1499963,65.44334077835083,8,,zai_proxy
1216,1787401544.7916698,63.64167356491089,9,,zai_proxy
1217,1787401544.8783774,0.08670759201049805,10,,zai_proxy
1218,1787401622.8534393,77.97506189346313,11,,zai_proxy
1219,1787401718.277139,95.42369961738586,12,,zai_proxy
1220,1787401799.070491,80.7933521270752,13,,zai_proxy
1221,1787401881.5150843,82.44459319114685,14,,zai_proxy
1222,1787401942.378549,60.86346483230591,15,,zai_proxy
1223,1787402012.7339892,70.35544013977051,16,,zai_proxy
1224,1787402030.9327888,18.19879961013794,1,,zai_proxy
1225,1787402092.8350341,61.90224528312683,1,,zai_proxy
1226,1787402107.1712813,14.336247205734253,2,,zai_proxy
1227,1787402167.4367595,60.26547813415527,1,,zai_proxy
1228,1787402175.445833,8.009073495864868,2,,zai_proxy
1229,1787402233.479871,58.034038066864014,1,,zai_proxy
1230,1787402239.952703,6.472831964492798,1,,zai_proxy
1231,1787402288.2707446,48.31804156303406,1,,zai_proxy
1232,1787402310.831081,22.560336351394653,1,,zai_proxy
1233,1787402336.50553,25.67444920539856,2,,zai_proxy
1234,1787402356.3687842,19.863254070281982,3,,zai_proxy
1235,1787402378.4221265,22.05334234237671,4,,zai_proxy
1236,1787402415.6867,37.26457357406616,5,,zai_proxy
1237,1787402456.775145,41.08844494819641,6,,zai_proxy
1238,1787402518.6835356,61.908390522003174,7,,zai_proxy
1239,1787402518.7247744,0.04123878479003906,8,,zai_proxy
1240,1787402581.4657574,62.74098300933838,9,,zai_proxy
1241,1787402652.9297533,71.46399593353271,10,,zai_proxy
1242,1787402716.1951084,63.26535511016846,11,,zai_proxy
1243,1787402780.0895889,63.89448046684265,12,,zai_proxy
1244,1787402842.1076665,62.01807761192322,13,,zai_proxy
1245,1787402903.0957515,60.9880850315094,14,,zai_proxy
1246,1787402975.7800858,72.68433427810669,15,,zai_proxy
1247,1787403038.3273275,62.54724168777466,16,,zai_proxy
1248,1787403100.110132,61.78280448913574,17,,zai_proxy
1249,1787403163.2354183,63.1252863407135,18,,zai_proxy
1250,1787403163.6678357,0.4324173927307129,19,,zai_proxy
1251,1787403231.4462783,67.77844262123108,20,,zai_proxy
1252,1787403293.6687346,62.222456216812134,21,,zai_proxy
1253,1787403359.1524913,65.48375678062439,22,,zai_proxy
1254,1787403425.9394908,66.78699946403503,23,,zai_proxy
1255,1787403494.8074675,68.86797666549683,24,,zai_proxy
1256,1787403565.1039116,70.29644417762756,25,,zai_proxy
1257,1787403641.4786081,76.3746964931488,26,,zai_proxy
1258,1787403716.5605235,75.08191537857056,27,,zai_proxy
1259,1787403796.1448174,79.58429384231567,28,,zai_proxy
1260,1787403872.948374,76.80355668067932,29,,zai_proxy
1261,1787403960.150005,87.20163106918335,30,,zai_proxy
1262,1787404022.1578028,62.007797718048096,31,,zai_proxy
1263,1787404094.026164,71.86836123466492,32,,zai_proxy
1264,1787404157.7808175,63.754653453826904,33,,zai_proxy
1265,1787404237.7585597,79.9777421951294,34,,zai_proxy
1266,1787404323.0567236,85.29816389083862,35,,zai_proxy
1267,1787404407.8656652,84.80894160270691,36,,zai_proxy
1268,1787404498.678302,90.8126368522644,1,,zai_proxy
1269,1787404587.3104165,88.63211441040039,2,,zai_proxy
1270,1787404677.6388013,90.32838487625122,3,,zai_proxy
1271,1787404771.089011,93.45020961761475,4,,zai_proxy
1272,1787404867.437309,96.34829807281494,5,,zai_proxy
1273,1787404964.2759566,96.83864760398865,6,,zai_proxy
1274,1787405062.3924148,98.11645817756653,7,,zai_proxy
1275,1787405165.3160405,102.92362570762634,8,,zai_proxy
1276,1787405268.8347485,103.51870799064636,9,,zai_proxy
1277,1787405377.9543993,109.11965084075928,10,,zai_proxy
1278,1787405488.890597,110.93619775772095,11,,zai_proxy
1279,1787405613.0009186,124.11032152175903,12,,zai_proxy
1280,1787409089.9930844,3476.9921658039093,1,,zai_proxy
1281,1787410850.1849637,1760.191879272461,1,,zai_proxy
1282,1787417624.7527275,,1,,zai_proxy
1283,1787417881.4094617,256.65673422813416,1,,zai_proxy
1284,1787417882.1108348,0.7013731002807617,1,,zai_proxy
1285,1787417886.4777982,4.3669633865356445,1,,zai_proxy
1286,1787417890.3009531,3.823154926300049,1,,zai_proxy
1287,1787417924.6728175,34.371864318847656,1,,zai_proxy
1288,1787417933.6838763,9.011058807373047,1,,zai_proxy
1289,1787417949.812603,16.128726720809937,2,,zai_proxy
1290,1787417970.3197486,20.507145643234253,3,,zai_proxy
1291,1787418006.0278983,35.708149671554565,4,,zai_proxy
1292,1787418006.4378514,0.40995311737060547,5,,zai_proxy
1293,1787418075.2426252,68.80477380752563,6,,zai_proxy
1294,1787418136.7618477,61.51922249794006,7,,zai_proxy
1295,1787418205.838576,69.07672834396362,8,,zai_proxy
1296,1787418268.1473012,62.308725118637085,9,,zai_proxy
1297,1787418330.4756112,62.32831001281738,10,,zai_proxy
1298,1787418330.685996,0.21038484573364258,11,,zai_proxy
1299,1787418391.9895995,61.303603410720825,12,,zai_proxy
1300,1787418456.656782,64.66718244552612,13,,zai_proxy
1301,1787418520.3872073,63.7304253578186,14,,zai_proxy
1302,1787418520.4306295,0.04342222213745117,15,,zai_proxy
1303,1787418582.4736366,62.043007135391235,16,,zai_proxy
1304,1787418642.9241033,60.45046663284302,17,,zai_proxy
1305,1787418643.2001028,0.2759995460510254,18,,zai_proxy
1306,1787418643.4026573,0.20255446434020996,19,,zai_proxy
1307,1787418707.9120152,64.50935792922974,20,,zai_proxy
1308,1787418768.7825418,60.87052655220032,21,,zai_proxy
1309,1787418829.8732526,61.09071087837219,22,,zai_proxy
1310,1787418829.87586,0.0026073455810546875,23,,zai_proxy
1311,1787418830.3902404,0.5143804550170898,24,,zai_proxy
1312,1787418891.4245658,61.03432536125183,25,,zai_proxy
1313,1787418891.6002767,0.17571091651916504,26,,zai_proxy
1314,1787418952.417527,60.81725025177002,27,,zai_proxy
1315,1787418952.513819,0.09629201889038086,28,,zai_proxy
1316,1787419047.0651374,94.55131840705872,29,,zai_proxy
1317,1787419111.4574895,64.39235210418701,30,,zai_proxy
1318,1787419232.0324042,120.5749146938324,31,,zai_proxy
1319,1787419232.045901,0.013496875762939453,32,,zai_proxy
1320,1787419324.4294512,92.38355016708374,33,,zai_proxy
1321,1787419324.429715,0.0002636909484863281,34,,zai_proxy
1322,1787419324.6285994,0.1988844871520996,35,,zai_proxy
1323,1787419324.652318,0.023718595504760742,36,,zai_proxy
1324,1787419324.6659667,0.013648748397827148,37,,zai_proxy
1325,1787419324.6660104,4.363059997558594e-05,38,,zai_proxy
1326,1787419324.678758,0.012747526168823242,39,,zai_proxy
1327,1787419324.744845,0.06608700752258301,40,,zai_proxy
1328,1787419324.8944473,0.14960241317749023,41,,zai_proxy
1329,1787419324.9208193,0.02637195587158203,42,,zai_proxy
1330,1787419605.6546526,280.7338333129883,43,,zai_proxy
1331,1787419779.8611238,174.2064712047577,44,,zai_proxy
1332,1787419789.899556,10.038432121276855,45,,zai_proxy
1333,1787419860.3710332,30.107131958007812,47,,zai_proxy
1334,1787419870.4055214,10.034488201141357,48,,zai_proxy
1335,1787419870.5223873,0.11686587333679199,49,,zai_proxy
1336,1787419931.3233297,60.80094242095947,50,,zai_proxy
1337,1787419931.5468178,0.22348809242248535,51,,zai_proxy
1338,1787419992.3111167,60.76429891586304,52,,zai_proxy
1339,1787420053.5843787,61.27326202392578,53,,zai_proxy
1340,1787420053.6045825,0.020203828811645508,54,,zai_proxy
1341,1787420114.5944977,60.98991513252258,55,,zai_proxy
1342,1787420176.4493034,61.85480570793152,56,,zai_proxy
1343,1787420252.6763153,76.2270119190216,57,,zai_proxy
1344,1787420314.2260656,61.549750328063965,58,,zai_proxy
1345,1787420377.1333735,62.907307863235474,59,,zai_proxy
1346,1787420468.0683439,90.93497037887573,60,,zai_proxy
1347,1787420538.124114,70.0557701587677,61,,zai_proxy
1348,1787420599.324897,61.200783014297485,62,,zai_proxy
1349,1787420599.7592242,0.4343271255493164,63,,zai_proxy
1350,1787420661.6872735,61.92804932594299,64,,zai_proxy
1351,1787420723.3390312,61.65175771713257,65,,zai_proxy
1352,1787420801.220556,77.88152480125427,66,,zai_proxy
1353,1787420869.754141,68.53358507156372,67,,zai_proxy
1354,1787420935.448073,65.69393181800842,68,,zai_proxy
1355,1787420998.1237073,62.67563438415527,69,,zai_proxy
1356,1787421066.9878752,68.86416792869568,70,,zai_proxy
1357,1787421067.5282924,0.5404171943664551,71,,zai_proxy
1358,1787421128.6080496,61.07975721359253,72,,zai_proxy
1359,1787421242.1207178,113.51266813278198,73,,zai_proxy
1360,1787421306.7152674,64.5945496559143,74,,zai_proxy
1361,1787421369.0235655,62.308298110961914,75,,zai_proxy
1362,1787421430.0481968,61.02463126182556,76,,zai_proxy
1363,1787421502.4022574,72.35406064987183,77,,zai_proxy
1364,1787421610.9399788,108.53772139549255,78,,zai_proxy
1365,1787421673.0799026,62.13992381095886,79,,zai_proxy
1366,1787421737.4579234,64.37802076339722,80,,zai_proxy
1367,1787421801.6123536,64.15443015098572,81,,zai_proxy
1368,1787421862.6010752,60.9887216091156,82,,zai_proxy
1369,1787421862.6448722,0.04379701614379883,83,,zai_proxy
1370,1787421862.7686927,0.12382054328918457,84,,zai_proxy
1371,1787421862.971025,0.2023322582244873,85,,zai_proxy
1372,1787421925.820133,62.84910798072815,86,,zai_proxy
1373,1787421994.4530025,68.6328694820404,87,,zai_proxy
1374,1787422056.480396,62.02739357948303,88,,zai_proxy
1375,1787422119.3694456,62.8890495300293,89,,zai_proxy
1376,1787422184.014644,64.64519834518433,90,,zai_proxy
1377,1787422249.5962422,65.58159828186035,91,,zai_proxy
1378,1787422344.6437635,95.04752135276794,92,,zai_proxy
1379,1787422418.37324,73.72947645187378,93,,zai_proxy
1380,1787422492.095887,73.72264695167542,94,,zai_proxy
1381,1787422553.517694,61.421807050704956,95,,zai_proxy
1382,1787422617.4348066,63.917112588882446,96,,zai_proxy
1383,1787422678.7086506,61.27384400367737,97,,zai_proxy
1384,1787422743.6373796,64.92872905731201,98,,zai_proxy
1385,1787422821.3850696,77.74768996238708,99,,zai_proxy
1386,1787422886.8515892,65.4665195941925,100,,zai_proxy
1387,1787422963.8822274,77.03063821792603,101,,zai_proxy
1388,1787423032.7171395,68.83491206169128,102,,zai_proxy
1389,1787423121.4630787,88.74593925476074,103,,zai_proxy
1390,1787423185.8789656,64.41588687896729,104,,zai_proxy
1391,1787423185.9092453,0.03027963638305664,105,,zai_proxy
1392,1787423249.055067,63.14582180976868,106,,zai_proxy
1393,1787423249.2201607,0.16509366035461426,107,,zai_proxy
1394,1787423312.6145215,63.39436078071594,108,,zai_proxy
1395,1787423373.3229535,60.70843195915222,109,,zai_proxy
1396,1787423438.5295198,65.20656633377075,110,,zai_proxy
1397,1787423501.1913748,62.6618549823761,111,,zai_proxy
1398,1787423514.411551,13.220176219940186,1,,zai_proxy
1399,1787423563.8619425,49.4503915309906,1,,zai_proxy
1400,1787423567.4035592,3.541616678237915,2,,zai_proxy
1401,1787423573.999068,6.595508813858032,3,,zai_proxy
1402,1787423613.8315408,39.832472801208496,1,,zai_proxy
1403,1787423613.89194,0.06039929389953613,2,,zai_proxy
1404,1787423624.0994976,10.207557439804077,3,,zai_proxy
1405,1787423658.6046767,34.50517916679382,1,,zai_proxy
1406,1787423667.6667743,9.062097549438477,1,,zai_proxy
1407,1787423692.0418031,24.37502884864807,2,,zai_proxy
1408,1787423700.7153401,8.673537015914917,3,,zai_proxy
1409,1787423727.2902212,26.574881076812744,4,,zai_proxy
1410,1787423753.6756828,26.385461568832397,5,,zai_proxy
1411,1787423788.5748198,34.899137020111084,6,,zai_proxy
1412,1787423821.5811193,,1,,zai_proxy
1413,1787423852.76936,31.18824076652527,2,,zai_proxy
1414,1787423860.6200922,7.850732088088989,3,,zai_proxy
1415,1787423860.6393676,0.019275426864624023,4,,zai_proxy
1416,1787423860.6736178,0.03425025939941406,5,,zai_proxy
1417,1787423990.426733,129.75311517715454,1,,zai_proxy
1418,1787423990.4370427,0.010309696197509766,2,,zai_proxy
1419,1787423990.45036,0.013317346572875977,3,,zai_proxy
1420,1787424044.554776,54.10441589355469,1,,zai_proxy
1421,1787424060.3422415,15.787465572357178,2,,zai_proxy
1422,1787424060.3532498,0.011008262634277344,3,,zai_proxy
1423,1787424060.3635232,0.010273456573486328,4,,zai_proxy
1424,1787424060.36461,0.0010867118835449219,5,,zai_proxy
1425,1787424089.6964948,,1,,zai_proxy
1426,1787424089.705919,0.009424209594726562,2,,zai_proxy
1427,1787424089.7180278,0.012108802795410156,3,,zai_proxy
1428,1787424101.1335087,11.415480852127075,4,,zai_proxy
1429,1787424284.6713421,183.53783345222473,1,,zai_proxy
1430,1787424284.730887,0.05954480171203613,2,,zai_proxy
1431,1787424284.7601306,0.02924370765686035,3,,zai_proxy
1432,1787424285.5474465,0.787315845489502,4,,zai_proxy
1433,1787424346.0346794,60.48723292350769,5,,zai_proxy
1434,1787424346.1997054,0.16502594947814941,6,,zai_proxy
1435,1787424466.192809,119.99310374259949,7,,zai_proxy
1436,1787424466.2111282,0.018319129943847656,8,,zai_proxy
1437,1787424466.2911084,0.07998013496398926,9,,zai_proxy
1438,1787424466.2982352,0.007126808166503906,10,,zai_proxy
1439,1787424466.3309252,0.03269004821777344,11,,zai_proxy
1440,1787424466.3427634,0.011838197708129883,12,,zai_proxy
1441,1787424466.4010952,0.05833172798156738,13,,zai_proxy
1442,1787424466.4831283,0.08203315734863281,14,,zai_proxy
1443,1787424527.672323,61.189194679260254,15,,zai_proxy
1444,1787424593.0402446,,1,,zai_proxy
1445,1787424614.1268544,21.086609840393066,2,,zai_proxy
1446,1787424618.6763535,4.549499034881592,3,,zai_proxy
1447,1787424630.6141813,11.937827825546265,4,,zai_proxy
1448,1787424630.7922404,0.17805910110473633,5,,zai_proxy
1449,1787424714.3274746,,1,,zai_proxy
1450,1787424714.8654478,0.537973165512085,2,,zai_proxy
1451,1787424723.602153,8.736705303192139,3,,zai_proxy
1452,1787424732.1776185,8.575465440750122,4,,zai_proxy
1453,1787424732.2870138,0.10939526557922363,5,,zai_proxy
1454,1787424911.9631445,179.67613077163696,6,,zai_proxy
1455,1787424912.4690027,0.5058581829071045,7,,zai_proxy
1456,1787425093.6590776,181.1900749206543,8,,zai_proxy
1457,1787425093.6694772,0.010399580001831055,9,,zai_proxy
1458,1787425094.1355844,0.4661071300506592,10,,zai_proxy
1459,1787425175.3041205,81.16853618621826,11,,zai_proxy
1460,1787425175.3523774,0.048256874084472656,12,,zai_proxy
1461,1787425274.837123,99.48474550247192,13,,zai_proxy
1462,1787425275.5760262,0.738903284072876,14,,zai_proxy
1463,1787425337.8479555,62.2719292640686,15,,zai_proxy
1464,1787425338.102758,0.2548024654388428,16,,zai_proxy
1465,1787425399.3921592,61.2894012928009,17,,zai_proxy
1466,1787425411.6904752,12.29831600189209,1,,zai_proxy
1467,1787425411.7306755,0.040200233459472656,2,,zai_proxy
1468,1787425411.7591913,0.02851581573486328,3,,zai_proxy
1469,1787425472.7612472,61.00205588340759,1,,zai_proxy
1470,1787425472.7635977,0.0023505687713623047,2,,zai_proxy
1471,1787425472.7865515,0.02295374870300293,3,,zai_proxy
1472,1787425472.7981427,0.011591196060180664,4,,zai_proxy
1473,1787425472.838176,0.04003334045410156,5,,zai_proxy
1474,1787425472.8504548,0.01227879524230957,6,,zai_proxy
1475,1787425472.8702357,0.019780874252319336,7,,zai_proxy
1476,1787425472.957753,0.08751726150512695,8,,zai_proxy
1477,1787425473.0955782,0.13782525062561035,9,,zai_proxy
1478,1787425473.2065833,0.11100506782531738,10,,zai_proxy
1479,1787425548.3400998,75.13351655006409,11,,zai_proxy
1480,1787425620.11412,71.77402019500732,12,,zai_proxy
1481,1787425693.674342,73.56022191047668,13,,zai_proxy
1482,1787425693.6881895,0.013847589492797852,14,,zai_proxy
1483,1787425693.6882124,2.288818359375e-05,15,,zai_proxy
1484,1787425693.7119682,0.023755788803100586,16,,zai_proxy
1485,1787425693.7129533,0.0009851455688476562,17,,zai_proxy
1486,1787425693.7131143,0.0001609325408935547,18,,zai_proxy
1487,1787425693.7238839,0.01076960563659668,19,,zai_proxy
1488,1787425693.723988,0.00010418891906738281,20,,zai_proxy
1489,1787425693.7471714,0.023183345794677734,21,,zai_proxy
1490,1787425693.7487352,0.0015637874603271484,22,,zai_proxy
1491,1787425693.7134407,,23,,zai_proxy
1492,1787425693.7485158,0.03507518768310547,24,,zai_proxy
1493,1787425693.7233863,,25,,zai_proxy
1494,1787425693.7500267,0.02664041519165039,26,,zai_proxy
1495,1787425693.8311424,0.08111572265625,27,,zai_proxy
1496,1787425693.8356748,0.004532337188720703,28,,zai_proxy
1497,1787425693.8360581,0.0003833770751953125,29,,zai_proxy
1498,1787425693.8359313,,30,,zai_proxy
1499,1787425693.8361342,0.0002028942108154297,31,,zai_proxy
1500,1787425803.0208495,109.1847152709961,32,,zai_proxy
1501,1787425873.7289338,70.70808434486389,33,,zai_proxy
1502,1787425873.7543292,0.02539539337158203,34,,zai_proxy
1503,1787425873.796288,0.04195880889892578,35,,zai_proxy
1504,1787425873.9672272,0.17093920707702637,36,,zai_proxy
1505,1787425874.0750444,0.10781717300415039,37,,zai_proxy
1506,1787425874.1640778,0.08903336524963379,38,,zai_proxy
1507,1787425874.2626903,0.09861254692077637,39,,zai_proxy
1508,1787425874.2903821,0.02769184112548828,40,,zai_proxy
1509,1787425874.3581154,0.0677332878112793,41,,zai_proxy
1510,1787425874.3981621,0.04004669189453125,42,,zai_proxy
1511,1787425987.7342827,113.33612060546875,43,,zai_proxy
1512,1787426053.3622458,65.62796306610107,44,,zai_proxy
1513,1787426053.4000554,0.03780961036682129,45,,zai_proxy
1514,1787426053.4003742,0.00031876564025878906,46,,zai_proxy
1515,1787426053.40087,0.00049591064453125,47,,zai_proxy
1516,1787426053.4010327,0.00016260147094726562,48,,zai_proxy
1517,1787426053.4011047,7.200241088867188e-05,49,,zai_proxy
1518,1787426053.4007576,,50,,zai_proxy
1519,1787426053.40078,2.2411346435546875e-05,51,,zai_proxy
1520,1787426053.4010718,0.0002918243408203125,52,,zai_proxy
1521,1787426053.4011211,4.935264587402344e-05,53,,zai_proxy
1522,1787426053.4009504,,54,,zai_proxy
1523,1787426053.4347582,0.03380775451660156,55,,zai_proxy
1524,1787426053.5231273,0.08836913108825684,56,,zai_proxy
1525,1787426053.5447466,0.021619319915771484,57,,zai_proxy
1526,1787426173.9976728,120.45292615890503,58,,zai_proxy
1527,1787426235.850448,61.85277509689331,59,,zai_proxy
1528,1787426235.8868706,0.0364227294921875,60,,zai_proxy
1529,1787426235.887108,0.00023746490478515625,61,,zai_proxy
1530,1787426235.8873959,0.00028777122497558594,62,,zai_proxy
1531,1787426235.888709,0.0013132095336914062,63,,zai_proxy
1532,1787426235.9248703,0.036161184310913086,64,,zai_proxy
1533,1787426235.925188,0.0003178119659423828,65,,zai_proxy
1534,1787426235.9256449,0.00045680999755859375,66,,zai_proxy
1535,1787426235.9257176,7.271766662597656e-05,67,,zai_proxy
1536,1787426235.9252145,,68,,zai_proxy
1537,1787426235.9252954,8.082389831542969e-05,69,,zai_proxy
1538,1787426245.999868,10.074572563171387,70,,zai_proxy
1539,1787426235.9256854,,71,,zai_proxy
1540,1787426246.0036614,10.077975988388062,72,,zai_proxy
1541,1787426246.015175,0.011513710021972656,73,,zai_proxy
1542,1787426246.0036266,,74,,zai_proxy
1543,1787426235.9390535,,75,,zai_proxy
1544,1787426245.9898808,10.050827264785767,76,,zai_proxy
1545,1787426375.050315,129.06043410301208,77,,zai_proxy
1546,1787426437.2611127,62.21079778671265,78,,zai_proxy
1547,1787426437.2819426,0.02082991600036621,79,,zai_proxy
1548,1787426517.904885,80.62294244766235,80,,zai_proxy
1549,1787426517.928506,0.0236208438873291,81,,zai_proxy
1550,1787426517.9639974,0.0354914665222168,82,,zai_proxy
1551,1787426585.3126822,67.34868478775024,83,,zai_proxy
1552,1787426585.8560617,0.543379545211792,84,,zai_proxy
1553,1787426649.016046,63.15998435020447,85,,zai_proxy
1554,1787426649.054899,0.03885293006896973,86,,zai_proxy
1555,1787426724.681349,75.6264500617981,87,,zai_proxy
1556,1787426724.6868525,0.005503416061401367,88,,zai_proxy
1557,1787426796.7534504,72.0665979385376,89,,zai_proxy
1558,1787426806.8265624,10.07311201095581,90,,zai_proxy
1559,1787426806.9071605,0.08059811592102051,91,,zai_proxy
1560,1787426806.9073832,0.00022268295288085938,92,,zai_proxy
1561,1787426806.921723,0.014339685440063477,93,,zai_proxy
1562,1787426806.9379215,0.01619863510131836,94,,zai_proxy
1563,1787426806.9475715,0.009649991989135742,95,,zai_proxy
1564,1787426806.9480028,0.00043129920959472656,96,,zai_proxy
1565,1787426806.9489338,0.0009310245513916016,97,,zai_proxy
1566,1787426806.9648862,0.015952348709106445,98,,zai_proxy
1567,1787426806.986283,0.021396875381469727,99,,zai_proxy
1568,1787426806.9934874,0.007204294204711914,100,,zai_proxy
1569,1787426806.9189541,,101,,zai_proxy
1570,1787426806.947896,0.028941869735717773,102,,zai_proxy
1571,1787426806.9488602,0.0009641647338867188,103,,zai_proxy
1572,1787426807.4948606,0.5460004806518555,104,,zai_proxy
1573,1787426807.5259385,0.031077861785888672,105,,zai_proxy
1574,1787426806.8341584,,106,,zai_proxy
1575,1787426806.9868288,0.15267038345336914,107,,zai_proxy
1576,1787426806.9936779,0.006849050521850586,108,,zai_proxy
1577,1787426806.9369428,,109,,zai_proxy
1578,1787426807.4943094,0.5573666095733643,110,,zai_proxy
1579,1787426807.844568,0.35025858879089355,111,,zai_proxy
1580,1787426807.9183772,0.07380914688110352,112,,zai_proxy
1581,1787426806.9713283,,113,,zai_proxy
1582,1787426807.9407554,0.9694271087646484,114,,zai_proxy
1583,1787426907.8473225,99.9065670967102,115,,zai_proxy
1584,1787426989.1795893,81.33226680755615,116,,zai_proxy
1585,1787426989.208866,0.029276609420776367,117,,zai_proxy
1586,1787426989.2488072,0.03994131088256836,118,,zai_proxy
1587,1787426989.408912,0.16010475158691406,119,,zai_proxy
1588,1787426989.4887092,0.07979726791381836,120,,zai_proxy
1589,1787426989.543141,0.05443167686462402,121,,zai_proxy
1590,1787426989.5767066,0.03356575965881348,122,,zai_proxy
1591,1787426989.7304404,0.1537337303161621,123,,zai_proxy
1592,1787427056.1993322,66.46889185905457,124,,zai_proxy
1593,1787427056.3038392,0.1045069694519043,125,,zai_proxy
1594,1787427056.3146036,0.010764360427856445,126,,zai_proxy
1595,1787427056.328032,0.013428449630737305,127,,zai_proxy
1596,1787427056.3391495,0.01111745834350586,128,,zai_proxy
1597,1787427056.3390083,,129,,zai_proxy
1598,1787427056.3836749,0.04466652870178223,130,,zai_proxy
1599,1787427056.3938305,0.010155677795410156,131,,zai_proxy
1600,1787427056.413905,0.02007436752319336,132,,zai_proxy
1601,1787427056.4413307,0.027425765991210938,133,,zai_proxy
1602,1787427056.4406507,,134,,zai_proxy
1603,1787427056.4154596,,135,,zai_proxy
1604,1787427056.4806898,0.06523013114929199,136,,zai_proxy
1605,1787427056.4902914,0.009601593017578125,137,,zai_proxy
1606,1787427056.5520191,0.06172776222229004,138,,zai_proxy
1607,1787427117.6261473,61.07412815093994,139,,zai_proxy
1608,1787427117.7228703,0.09672307968139648,140,,zai_proxy
1609,1787427117.7668045,0.04393410682678223,141,,zai_proxy
1610,1787427117.9195883,0.15278387069702148,142,,zai_proxy
1611,1787427128.2102468,10.290658473968506,143,,zai_proxy
1612,1787427128.2104392,0.00019240379333496094,144,,zai_proxy
1613,1787427117.905574,,145,,zai_proxy
1614,1787427128.2223926,10.316818475723267,146,,zai_proxy
1615,1787427128.2322476,0.009855031967163086,147,,zai_proxy
1616,1787427128.236062,0.0038144588470458984,148,,zai_proxy
1617,1787427128.2363513,0.0002892017364501953,149,,zai_proxy
1618,1787427128.3185058,0.08215451240539551,150,,zai_proxy
1619,1787427128.3185608,5.507469177246094e-05,151,,zai_proxy
1620,1787427128.2128005,,152,,zai_proxy
1621,1787427128.232008,0.019207477569580078,153,,zai_proxy
1622,1787427128.2359238,0.0039157867431640625,154,,zai_proxy
1623,1787427128.2363691,0.00044536590576171875,155,,zai_proxy
1624,1787427117.9355567,,156,,zai_proxy
1625,1787427128.2321835,10.296626806259155,157,,zai_proxy
1626,1787427128.4846423,0.2524588108062744,158,,zai_proxy
1627,1787427215.9263973,87.44175505638123,159,,zai_proxy
1628,1787427280.0471272,64.12072992324829,160,,zai_proxy
1629,1787427290.229316,10.182188749313354,1,,zai_proxy
1630,1787427290.6358464,0.40653038024902344,2,,zai_proxy
1631,1787427290.6482463,0.012399911880493164,3,,zai_proxy
1632,1787427290.7259755,0.0777292251586914,4,,zai_proxy
1633,1787427309.0104005,18.284425020217896,5,,zai_proxy
1634,1787427309.0204616,0.010061025619506836,6,,zai_proxy
1635,1787427309.2048883,0.18442678451538086,7,,zai_proxy
1636,1787427309.2448027,0.03991436958312988,8,,zai_proxy
1637,1787427309.2572815,0.012478828430175781,9,,zai_proxy
1638,1787427309.2642367,0.006955146789550781,10,,zai_proxy
1639,1787427417.0710416,107.806804895401,11,,zai_proxy
1640,1787427417.5740361,0.5029945373535156,12,,zai_proxy
1641,1787427417.690555,0.11651897430419922,13,,zai_proxy
1642,1787427487.6466284,69.95607328414917,14,,zai_proxy
1643,1787427598.2915494,110.64492106437683,15,,zai_proxy
1644,1787427598.3081737,0.01662421226501465,16,,zai_proxy
1645,1787427598.3125026,0.00432896614074707,17,,zai_proxy
1646,1787427598.312522,1.9311904907226562e-05,18,,zai_proxy
1647,1787427598.3334448,0.02092289924621582,19,,zai_proxy
1648,1787427598.333492,4.7206878662109375e-05,20,,zai_proxy
1649,1787427598.3334622,,21,,zai_proxy
1650,1787427598.3602238,0.026761531829833984,22,,zai_proxy
1651,1787427598.3720908,0.011867046356201172,23,,zai_proxy
1652,1787427598.4205823,0.048491477966308594,24,,zai_proxy
1653,1787427670.5865798,72.16599750518799,25,,zai_proxy
1654,1787427670.622676,0.03609609603881836,26,,zai_proxy
1655,1787427781.6119995,110.98932361602783,27,,zai_proxy
1656,1787427854.2481973,72.63619780540466,28,,zai_proxy
1657,1787427854.2492437,0.0010464191436767578,29,,zai_proxy
1658,1787427854.558925,0.3096811771392822,30,,zai_proxy
1659,1787427854.6011672,0.04224228858947754,31,,zai_proxy
1660,1787427854.6127408,0.011573553085327148,32,,zai_proxy
1661,1787427918.838467,64.22572612762451,33,,zai_proxy
1662,1787427920.4493458,1.6108789443969727,34,,zai_proxy
1663,1787427984.660781,64.21143507957458,35,,zai_proxy
1664,1787427984.764748,0.10396718978881836,36,,zai_proxy
1665,1787428045.4239006,60.65915250778198,37,,zai_proxy
1666,1787428045.4860294,0.06212878227233887,38,,zai_proxy
1667,1787428045.4864955,0.0004661083221435547,39,,zai_proxy
1668,1787428045.487096,0.0006005764007568359,40,,zai_proxy
1669,1787428045.5145679,0.02747178077697754,41,,zai_proxy
1670,1787428045.5783994,0.06383156776428223,42,,zai_proxy
1671,1787428045.6442337,0.06583428382873535,43,,zai_proxy
1672,1787428045.9471602,0.30292654037475586,44,,zai_proxy
1673,1787428045.981012,0.03385186195373535,45,,zai_proxy
1674,1787428045.993463,0.012450933456420898,46,,zai_proxy
1675,1787428129.5371182,83.54365515708923,47,,zai_proxy
1676,1787428191.1397953,61.6026771068573,48,,zai_proxy
1677,1787428191.1774938,0.03769850730895996,49,,zai_proxy
1678,1787428191.367096,0.18960213661193848,50,,zai_proxy
1679,1787428191.634805,0.26770901679992676,51,,zai_proxy
1680,1787428253.8081963,62.173391342163086,52,,zai_proxy
1681,1787428328.4148924,74.60669612884521,53,,zai_proxy
1682,1787428328.4686453,0.053752899169921875,54,,zai_proxy
1683,1787428328.6519113,0.18326592445373535,55,,zai_proxy
1684,1787428328.6810389,0.02912759780883789,56,,zai_proxy
1685,1787428328.7471237,0.0660848617553711,57,,zai_proxy
1686,1787428328.7790263,0.03190255165100098,58,,zai_proxy
1687,1787428328.8051038,0.0260775089263916,59,,zai_proxy
1688,1787428328.8205767,0.015472888946533203,60,,zai_proxy
1689,1787428328.9022727,0.0816960334777832,61,,zai_proxy
1690,1787428390.6891649,61.78689217567444,62,,zai_proxy
1691,1787428462.4294958,71.74033093452454,63,,zai_proxy
1692,1787428534.6723125,72.24281668663025,64,,zai_proxy
1693,1787428534.7921913,0.11987876892089844,65,,zai_proxy
1694,1787428596.0299344,61.23774313926697,66,,zai_proxy
1695,1787428596.0639858,0.03405141830444336,67,,zai_proxy
1696,1787428596.3864698,0.32248401641845703,68,,zai_proxy
1697,1787428673.317968,76.9314980506897,69,,zai_proxy
1698,1787428743.683021,70.36505317687988,70,,zai_proxy
1699,1787428744.1578047,0.47478365898132324,71,,zai_proxy
1700,1787428808.5519273,64.39412260055542,72,,zai_proxy
1701,1787428872.0512533,63.49932599067688,73,,zai_proxy
1702,1787428872.057626,0.006372690200805664,74,,zai_proxy
1703,1787428872.1011555,0.043529510498046875,75,,zai_proxy
1704,1787428872.0938752,,76,,zai_proxy
1705,1787428872.1125507,0.018675565719604492,77,,zai_proxy
1706,1787428872.101681,,78,,zai_proxy
1707,1787428872.1654367,0.06375575065612793,79,,zai_proxy
1708,1787428872.1511428,,80,,zai_proxy
1709,1787428872.208056,0.056913137435913086,81,,zai_proxy
1710,1787428872.211519,0.0034630298614501953,82,,zai_proxy
1711,1787428872.2089264,,83,,zai_proxy
1712,1787428882.3076496,10.09872317314148,84,,zai_proxy
1713,1787428882.3080728,0.00042319297790527344,85,,zai_proxy
1714,1787428882.3083851,0.0003123283386230469,86,,zai_proxy
1715,1787428882.3126454,0.00426030158996582,87,,zai_proxy
1716,1787428882.312775,0.00012946128845214844,88,,zai_proxy
1717,1787428882.308235,,89,,zai_proxy
1718,1787428882.3534863,0.04525136947631836,90,,zai_proxy
1719,1787428882.3124614,,91,,zai_proxy
1720,1787428882.3082836,,92,,zai_proxy
1721,1787428882.5326917,0.22440814971923828,93,,zai_proxy
1722,1787428882.7031446,0.17045283317565918,94,,zai_proxy
1723,1787428882.7336624,0.0305178165435791,95,,zai_proxy
1724,1787428882.8077517,0.07408928871154785,96,,zai_proxy
1725,1787428944.2866879,61.478936195373535,97,,zai_proxy
1726,1787428944.390305,0.10361719131469727,98,,zai_proxy
1727,1787428944.5147686,0.12446355819702148,99,,zai_proxy
1728,1787428944.7261355,0.21136689186096191,100,,zai_proxy
1729,1787429029.996446,85.2703104019165,101,,zai_proxy
1730,1787429097.9553812,67.9589352607727,102,,zai_proxy
1731,1787429158.6242738,60.66889262199402,103,,zai_proxy
1732,1787429158.6498144,0.025540590286254883,104,,zai_proxy
1733,1787429225.0513382,66.40152382850647,105,,zai_proxy
1734,1787429286.3130002,61.261662006378174,106,,zai_proxy
1735,1787429286.3947835,0.08178329467773438,107,,zai_proxy
1736,1787429286.4001422,0.005358695983886719,108,,zai_proxy
1737,1787429356.7731116,70.37296938896179,109,,zai_proxy
1738,1787429434.9407575,78.1676459312439,110,,zai_proxy
1739,1787429434.979058,0.038300514221191406,111,,zai_proxy
1740,1787429435.000061,0.021003007888793945,112,,zai_proxy
1741,1787429435.009464,0.009402990341186523,113,,zai_proxy
1742,1787429435.029959,0.020494937896728516,114,,zai_proxy
1743,1787429496.1505136,61.12055468559265,115,,zai_proxy
1744,1787429496.4830017,0.3324880599975586,116,,zai_proxy
1745,1787429496.524402,0.04140019416809082,117,,zai_proxy
1746,1787429496.5295186,0.005116701126098633,118,,zai_proxy
1747,1787429559.9984522,63.46893358230591,119,,zai_proxy
1748,1787429623.5326238,63.53417158126831,120,,zai_proxy
1749,1787429623.8362157,0.3035919666290283,121,,zai_proxy
1750,1787429623.8536742,0.017458438873291016,122,,zai_proxy
1751,1787429623.9428518,0.08917760848999023,123,,zai_proxy
1752,1787429624.0620599,0.11920809745788574,124,,zai_proxy
1753,1787429686.8882892,62.82622933387756,125,,zai_proxy
1754,1787429687.09899,0.21070075035095215,126,,zai_proxy
1755,1787429687.2883034,0.18931341171264648,127,,zai_proxy
1756,1787429756.0261672,68.737863779068,128,,zai_proxy
1757,1787429817.7463324,61.72016525268555,129,,zai_proxy
1758,1787429818.000465,0.2541325092315674,130,,zai_proxy
1759,1787429818.0168836,0.0164186954498291,131,,zai_proxy
1760,1787429879.6904047,61.67352104187012,132,,zai_proxy
1761,1787429879.839581,0.14917635917663574,133,,zai_proxy
1762,1787429879.8591204,0.019539356231689453,134,,zai_proxy
1763,1787429879.9048605,0.04574012756347656,135,,zai_proxy
1764,1787429880.2002842,0.2954237461090088,136,,zai_proxy
1765,1787429880.2935119,0.09322762489318848,137,,zai_proxy
1766,1787429880.3052912,0.011779308319091797,138,,zai_proxy
1767,1787429880.3771515,0.07186031341552734,139,,zai_proxy
1768,1787429880.4111896,0.03403806686401367,140,,zai_proxy
1769,1787429956.3956435,75.98445391654968,141,,zai_proxy
1770,1787429956.7932487,0.39760518074035645,142,,zai_proxy
1771,1787429956.7988648,0.005616188049316406,143,,zai_proxy
1772,1787430018.0350308,61.23616600036621,144,,zai_proxy
1773,1787430018.2323918,0.19736099243164062,145,,zai_proxy
1774,1787430018.325141,0.09274911880493164,146,,zai_proxy
1775,1787430018.5757668,0.2506258487701416,147,,zai_proxy
1776,1787430018.605117,0.02935028076171875,148,,zai_proxy
1777,1787430018.6391163,0.03399920463562012,149,,zai_proxy
1778,1787430085.2153013,66.57618498802185,150,,zai_proxy
1779,1787430085.4718199,0.2565186023712158,151,,zai_proxy
1780,1787430152.3028197,66.8309998512268,152,,zai_proxy
1781,1787430213.3259943,61.02317452430725,153,,zai_proxy
1782,1787430213.7447133,0.4187190532684326,154,,zai_proxy
1783,1787430284.013979,70.26926565170288,155,,zai_proxy
1784,1787430345.5600724,61.546093463897705,156,,zai_proxy
1785,1787430345.6342084,0.07413601875305176,157,,zai_proxy
1786,1787430406.760891,61.12668251991272,158,,zai_proxy
1787,1787430476.3749354,69.6140444278717,159,,zai_proxy
1788,1787430476.3926697,0.017734289169311523,160,,zai_proxy
1789,1787430538.0191774,61.62650775909424,161,,zai_proxy
1790,1787430538.1334372,0.11425971984863281,162,,zai_proxy
1791,1787430598.8704612,60.7370240688324,163,,zai_proxy
1792,1787430682.2161644,83.345703125,1,,zai_proxy
1793,1787430682.2299745,0.013810157775878906,2,,zai_proxy
1794,1787430686.436556,4.2065815925598145,1,,zai_proxy
1795,1787430701.4968724,15.060316324234009,1,,zai_proxy
1796,1787430702.042941,0.5460686683654785,2,,zai_proxy
1797,1787430707.808119,5.765177965164185,3,,zai_proxy
1798,1787430722.334913,14.526793956756592,4,,zai_proxy
1799,1787430739.0351286,16.700215578079224,5,,zai_proxy
1800,1787430739.0917614,0.05663275718688965,6,,zai_proxy
1801,1787430739.1331027,0.041341304779052734,7,,zai_proxy
1802,1787430739.5112295,0.378126859664917,8,,zai_proxy
1803,1787430739.5339403,0.022710800170898438,9,,zai_proxy
1804,1787430818.9758627,79.44192242622375,1,,zai_proxy
1805,1787430819.1610947,0.18523192405700684,2,,zai_proxy
1806,1787430819.3346045,0.17350983619689941,3,,zai_proxy
1807,1787430819.3971524,0.06254792213439941,4,,zai_proxy
1808,1787430819.449006,0.05185365676879883,5,,zai_proxy
1809,1787430819.490351,0.04134488105773926,6,,zai_proxy
1810,1787430825.26916,5.778809070587158,1,,zai_proxy
1811,1787430828.2842944,3.015134334564209,2,,zai_proxy
1812,1787430883.4956887,55.21139430999756,3,,zai_proxy
1813,1787430883.5056899,0.010001182556152344,4,,zai_proxy
1814,1787430883.5187836,0.013093709945678711,5,,zai_proxy
1815,1787430883.5275908,0.008807182312011719,6,,zai_proxy
1816,1787430883.5536308,0.026040077209472656,7,,zai_proxy
1817,1787430944.2981236,60.74449276924133,8,,zai_proxy
1818,1787430944.3136299,0.015506267547607422,9,,zai_proxy
1819,1787430944.502258,0.1886281967163086,10,,zai_proxy
1820,1787430944.766356,0.2640979290008545,11,,zai_proxy
1821,1787431010.3361168,65.56976079940796,12,,zai_proxy
1822,1787431073.401796,63.06567931175232,13,,zai_proxy
1823,1787431134.4895694,61.08777332305908,14,,zai_proxy
1824,1787431134.590316,0.10074663162231445,15,,zai_proxy
1825,1787431195.971776,61.38145995140076,16,,zai_proxy
1826,1787431257.8358014,61.864025354385376,17,,zai_proxy
1827,1787431319.1113822,61.27558088302612,18,,zai_proxy
1828,1787431319.737984,0.6266016960144043,19,,zai_proxy
1829,1787431319.9311526,0.19316864013671875,20,,zai_proxy
1830,1787431383.4862576,63.55510497093201,21,,zai_proxy
1831,1787431444.8138742,61.327616691589355,22,,zai_proxy
1832,1787431505.4934561,60.67958188056946,23,,zai_proxy
1833,1787431574.003139,68.50968289375305,24,,zai_proxy
1834,1787431645.2056108,71.20247173309326,25,,zai_proxy
1835,1787431645.218811,0.01320028305053711,26,,zai_proxy
1836,1787431645.2321796,0.013368606567382812,27,,zai_proxy
1837,1787431645.2595356,0.02735590934753418,28,,zai_proxy
1838,1787431645.3364966,0.07696104049682617,29,,zai_proxy
1839,1787431645.3497875,0.013290882110595703,30,,zai_proxy
1840,1787431645.3680546,0.018267154693603516,31,,zai_proxy
1841,1787431645.3957055,0.027650833129882812,32,,zai_proxy
1842,1787431645.5951762,0.19947075843811035,33,,zai_proxy
1843,1787431645.6315196,0.03634333610534668,34,,zai_proxy
1844,1787431645.65613,0.024610519409179688,35,,zai_proxy
1845,1787431711.201863,65.5457329750061,36,,zai_proxy
1846,1787431711.7344596,0.5325965881347656,37,,zai_proxy
1847,1787431774.2812557,62.54679608345032,38,,zai_proxy
1848,1787431842.9540505,68.67279481887817,39,,zai_proxy
1849,1787431843.2557986,0.30174803733825684,40,,zai_proxy
1850,1787431843.3566153,0.10081672668457031,41,,zai_proxy
1851,1787431843.4665031,0.10988783836364746,42,,zai_proxy
1852,1787431843.5005698,0.03406667709350586,43,,zai_proxy
1853,1787431843.5275855,0.02701568603515625,44,,zai_proxy
1854,1787431843.526847,,45,,zai_proxy
1855,1787431843.634212,0.10736513137817383,46,,zai_proxy
1856,1787431843.6388361,0.004624128341674805,47,,zai_proxy
1857,1787431843.686316,0.047479867935180664,48,,zai_proxy
1858,1787431843.6985786,0.012262582778930664,49,,zai_proxy
1859,1787431843.7132585,0.014679908752441406,50,,zai_proxy
1860,1787431843.771938,0.05867958068847656,51,,zai_proxy
1861,1787431910.5981746,66.82623648643494,52,,zai_proxy
1862,1787431977.9683843,67.37020969390869,53,,zai_proxy
1863,1787431978.0264926,0.05810832977294922,54,,zai_proxy
1864,1787431978.0412526,0.014760017395019531,55,,zai_proxy
1865,1787431978.1143315,0.07307887077331543,56,,zai_proxy
1866,1787432046.6596057,68.54527425765991,57,,zai_proxy
1867,1787432046.6915708,0.031965017318725586,58,,zai_proxy
1868,1787432046.7057574,0.014186620712280273,59,,zai_proxy
1869,1787432108.7180076,62.01225018501282,60,,zai_proxy
1870,1787432171.586143,62.86813545227051,61,,zai_proxy
1871,1787432171.625628,0.03948497772216797,62,,zai_proxy
1872,1787432171.6328402,0.007212162017822266,63,,zai_proxy
1873,1787432171.7116046,0.07876443862915039,64,,zai_proxy
1874,1787432246.1163852,74.404780626297,65,,zai_proxy
1875,1787432316.6414535,70.52506828308105,66,,zai_proxy
1876,1787432381.7371876,65.09573411941528,67,,zai_proxy
1877,1787432444.9153795,63.178191900253296,68,,zai_proxy
1878,1787432445.1766827,0.261303186416626,69,,zai_proxy
1879,1787432445.7411203,0.5644376277923584,70,,zai_proxy
1880,1787432445.8370545,0.09593415260314941,71,,zai_proxy
1881,1787432508.6806633,62.84360885620117,72,,zai_proxy
1882,1787432508.7629545,0.0822911262512207,73,,zai_proxy
1883,1787432508.794361,0.03140664100646973,74,,zai_proxy
1884,1787432508.828117,0.03375577926635742,75,,zai_proxy
1885,1787432508.8527699,0.024652957916259766,76,,zai_proxy
1886,1787432569.6740963,60.82132649421692,77,,zai_proxy
1887,1787432569.6906328,0.016536474227905273,78,,zai_proxy
1888,1787432571.9206219,2.2299890518188477,79,,zai_proxy
1889,1787432632.6113148,60.69069290161133,80,,zai_proxy
1890,1787432632.648794,0.03747916221618652,81,,zai_proxy
1891,1787432632.679856,0.03106212615966797,82,,zai_proxy
1892,1787432632.7254603,0.04560422897338867,83,,zai_proxy
1893,1787432632.7575727,0.03211236000061035,84,,zai_proxy
1894,1787432632.7818222,0.024249553680419922,85,,zai_proxy
1895,1787432632.861989,0.08016681671142578,86,,zai_proxy
1896,1787432632.8723464,0.010357379913330078,87,,zai_proxy
1897,1787432632.894284,0.02193760871887207,88,,zai_proxy
1898,1787432632.919213,0.024929046630859375,89,,zai_proxy
1899,1787432632.9599147,0.04070162773132324,90,,zai_proxy
1900,1787432632.9900217,0.03010702133178711,91,,zai_proxy
1901,1787432632.9981565,0.008134841918945312,92,,zai_proxy
1902,1787432633.0171883,0.019031763076782227,93,,zai_proxy
1903,1787432633.1078649,0.09067654609680176,94,,zai_proxy
1904,1787432633.1241083,0.016243457794189453,95,,zai_proxy
1905,1787432633.149737,0.02562856674194336,96,,zai_proxy
1906,1787432706.2161622,73.06642532348633,97,,zai_proxy
1907,1787432706.3097289,0.0935666561126709,98,,zai_proxy
1908,1787432706.5702002,0.2604713439941406,99,,zai_proxy
1909,1787432770.8623104,64.29211020469666,100,,zai_proxy
1910,1787432770.9016597,0.03934931755065918,101,,zai_proxy
1911,1787432770.910688,0.009028196334838867,102,,zai_proxy
1912,1787432770.957791,0.047103166580200195,103,,zai_proxy
1913,1787432771.1451948,0.18740367889404297,104,,zai_proxy
1914,1787432833.649478,62.50428318977356,105,,zai_proxy
1915,1787432894.7492661,61.099788188934326,106,,zai_proxy
1916,1787432895.0679986,0.31873250007629395,107,,zai_proxy
1917,1787432895.0750937,0.0070950984954833984,108,,zai_proxy
1918,1787432895.1178496,0.042755842208862305,109,,zai_proxy
1919,1787432959.7805283,64.6626787185669,110,,zai_proxy
1920,1787433026.399486,66.61895775794983,111,,zai_proxy
1921,1787433089.162394,62.76290798187256,112,,zai_proxy
1922,1787433151.606716,62.44432187080383,113,,zai_proxy
1923,1787433216.4403079,64.8335919380188,114,,zai_proxy
1924,1787433277.3036733,60.86336541175842,115,,zai_proxy
1925,1787433353.4443562,76.14068293571472,116,,zai_proxy
1926,1787433353.5161643,0.0718080997467041,117,,zai_proxy
1927,1787433353.8104165,0.2942521572113037,118,,zai_proxy
1928,1787433422.3234906,68.51307415962219,119,,zai_proxy
1929,1787433489.190602,66.86711144447327,120,,zai_proxy
1930,1787433551.2370048,62.0464026927948,121,,zai_proxy
1931,1787433612.0200636,60.783058881759644,122,,zai_proxy
1932,1787433612.1183574,0.09829378128051758,123,,zai_proxy
1933,1787433612.2457879,0.12743043899536133,124,,zai_proxy
1934,1787433674.6097307,62.36394286155701,125,,zai_proxy
1935,1787433674.6703506,0.06061983108520508,126,,zai_proxy
1936,1787433674.6729167,0.002566099166870117,127,,zai_proxy
1937,1787433674.6732526,0.00033593177795410156,128,,zai_proxy
1938,1787433674.6722095,,129,,zai_proxy
1939,1787433674.6933568,0.02114725112915039,130,,zai_proxy
1940,1787433674.6731935,,131,,zai_proxy
1941,1787433674.6933217,0.020128250122070312,132,,zai_proxy
1942,1787433674.731204,0.037882328033447266,133,,zai_proxy
1943,1787433737.3629155,62.63171148300171,134,,zai_proxy
1944,1787433737.8391333,0.47621774673461914,135,,zai_proxy
1945,1787433799.343737,61.50460362434387,136,,zai_proxy
1946,1787433799.9146302,0.5708932876586914,137,,zai_proxy
1947,1787433866.2367036,66.32207345962524,138,,zai_proxy
1948,1787433936.040134,69.8034303188324,139,,zai_proxy
1949,1787433998.2350256,62.194891691207886,140,,zai_proxy
1950,1787433998.3978307,0.16280508041381836,141,,zai_proxy
1951,1787434060.5858305,62.1879997253418,142,,zai_proxy
1952,1787434121.570816,60.98498558998108,143,,zai_proxy
1953,1787434121.7148428,0.1440267562866211,144,,zai_proxy
1954,1787434183.1537976,61.43895483016968,145,,zai_proxy
1955,1787434246.896315,63.74251747131348,146,,zai_proxy
1956,1787434247.8426921,0.9463770389556885,147,,zai_proxy
1957,1787434318.2330265,70.39033436775208,148,,zai_proxy
1958,1787434378.8962438,60.663217306137085,149,,zai_proxy
1959,1787434378.909459,0.013215303421020508,150,,zai_proxy
1960,1787434379.1119452,0.2024860382080078,151,,zai_proxy
1961,1787434379.20191,0.0899648666381836,152,,zai_proxy
1962,1787434379.2278883,0.02597832679748535,153,,zai_proxy
1963,1787434379.237677,0.009788751602172852,154,,zai_proxy
1964,1787434379.2417228,0.004045724868774414,155,,zai_proxy
1965,1787434379.3159497,0.07422685623168945,156,,zai_proxy
1966,1787434379.330017,0.014067411422729492,157,,zai_proxy
1967,1787434379.3509574,0.020940303802490234,158,,zai_proxy
1968,1787434379.4080138,0.057056427001953125,159,,zai_proxy
1969,1787434379.416068,0.008054256439208984,160,,zai_proxy
1970,1787434379.4583006,0.042232513427734375,161,,zai_proxy
1971,1787434440.203921,60.74562048912048,162,,zai_proxy
1972,1787434507.0643916,66.86047053337097,163,,zai_proxy
1973,1787434568.5468335,61.482441902160645,164,,zai_proxy
1974,1787434568.8316553,0.2848217487335205,165,,zai_proxy
1975,1787434677.1044505,,1,,zai_proxy
1976,1787434677.1276712,0.02322077751159668,2,,zai_proxy
1977,1787434703.0437002,25.91602897644043,3,,zai_proxy
1978,1787434713.816584,10.772883892059326,4,,zai_proxy
1979,1787434733.758566,19.94198179244995,5,,zai_proxy
1980,1787434769.6491241,35.89055824279785,6,,zai_proxy
1981,1787435112.0621884,342.4130642414093,7,,zai_proxy
1982,1787435173.0443778,60.982189416885376,8,,zai_proxy
1983,1787435255.908271,82.86389327049255,9,,zai_proxy
1984,1787435317.515843,61.607571840286255,10,,zai_proxy
1985,1787435401.3561873,83.84034442901611,1,,zai_proxy
1986,1787435438.3093843,36.95319700241089,1,,zai_proxy
1987,1787435483.5902731,45.28088879585266,2,,zai_proxy
1988,1787435513.3668215,29.776548385620117,3,,zai_proxy
1989,1787435534.3572733,,1,,zai_proxy
1990,1787435541.4832318,7.125958442687988,2,,zai_proxy
1991,1787435597.0390654,55.55583357810974,3,,zai_proxy
1992,1787435619.3915627,22.352497339248657,4,,zai_proxy
1993,1787435619.8521032,0.4605405330657959,5,,zai_proxy
1994,1787435655.8763537,36.024250507354736,6,,zai_proxy
1995,1787435809.1407146,153.2643609046936,7,,zai_proxy
1996,1787435809.2263045,0.08558988571166992,8,,zai_proxy
1997,1787435872.3251147,63.09881019592285,9,,zai_proxy
1998,1787435936.3300931,64.00497841835022,10,,zai_proxy
1999,1787435998.090946,61.7608528137207,11,,zai_proxy
2000,1787436063.527954,65.43700814247131,12,,zai_proxy
2001,1787436219.7178328,,1,,zai_proxy
2002,1787436338.8075633,,1,,zai_proxy
2003,1787436400.7862659,61.978702545166016,1,,zai_proxy
2004,1787436441.0286777,,1,,zai_proxy
2005,1787436497.6217442,56.593066453933716,1,,zai_proxy
2006,1787436497.633753,0.012008905410766602,2,,zai_proxy
2007,1787436519.8315587,,1,,zai_proxy
2008,1787436519.8529751,0.021416425704956055,2,,zai_proxy
2009,1787436563.56355,43.71057486534119,3,,zai_proxy
2010,1787436573.6629546,10.099404573440552,4,,zai_proxy
2011,1787436612.0519683,38.38901376724243,5,,zai_proxy
2012,1787436633.899266,,1,,zai_proxy
2013,1787436634.0921235,0.1928575038909912,2,,zai_proxy
2014,1787436634.3749514,0.28282785415649414,3,,zai_proxy
2015,1787436668.969568,34.594616651535034,4,,zai_proxy
2016,1787436695.4485934,26.47902536392212,5,,zai_proxy
2017,1787436733.7455382,38.29694485664368,6,,zai_proxy
2018,1787436910.4762578,176.73071956634521,7,,zai_proxy
2019,1787436972.6000168,62.123759031295776,8,,zai_proxy
2020,1787436972.633792,0.03377509117126465,9,,zai_proxy
2021,1787437034.9595768,62.32578492164612,10,,zai_proxy
2022,1787437035.5831382,0.6235613822937012,11,,zai_proxy
2023,1787437096.3677793,60.78464102745056,12,,zai_proxy
2024,1787437157.5837216,61.2159423828125,13,,zai_proxy
2025,1787437158.2261717,0.6424500942230225,14,,zai_proxy
2026,1787437221.5858817,63.35970997810364,15,,zai_proxy
2027,1787437283.7593195,62.17343783378601,16,,zai_proxy
2028,1787437344.3595772,60.60025763511658,17,,zai_proxy
2029,1787437408.6842144,64.32463717460632,18,,zai_proxy
2030,1787437446.266253,,1,,zai_proxy
2031,1787437477.7410336,,1,,zai_proxy
2032,1787437481.9835608,4.24252724647522,2,,zai_proxy
2033,1787437494.7763035,,1,,zai_proxy
2034,1787437495.0790803,0.3027768135070801,2,,zai_proxy
2035,1787437544.0369632,48.95788288116455,3,,zai_proxy
2036,1787437587.4506507,43.41368746757507,4,,zai_proxy
2037,1787437615.7470255,,1,,zai_proxy
2038,1787437659.6683302,43.92130470275879,2,,zai_proxy
2039,1787437706.309745,46.64141488075256,3,,zai_proxy
2040,1787437771.7241232,65.41437816619873,4,,zai_proxy
2041,1787437771.7613065,0.037183284759521484,5,,zai_proxy
2042,1787437813.8139365,42.05262994766235,6,,zai_proxy
2043,1787437875.4333105,61.61937403678894,7,,zai_proxy
2044,1787437884.7056005,9.272289991378784,1,,zai_proxy
2045,1787437924.2832613,39.57766079902649,1,,zai_proxy
2046,1787437932.8781576,8.59489631652832,2,,zai_proxy
2047,1787437948.739657,15.861499309539795,1,,zai_proxy
2048,1787437966.3536103,17.613953351974487,2,,zai_proxy
2049,1787437972.886233,6.532622814178467,3,,zai_proxy
2050,1787438008.8516572,35.96542406082153,1,,zai_proxy
2051,1787438014.253387,5.4017298221588135,1,,zai_proxy
2052,1787438041.9444978,27.691110849380493,2,,zai_proxy
2053,1787438046.8168306,4.872332811355591,3,,zai_proxy
2054,1787438070.9435668,24.126736164093018,4,,zai_proxy
2055,1787438071.3921254,0.4485585689544678,5,,zai_proxy
2056,1787438107.5387304,36.146605014801025,6,,zai_proxy
2057,1787438180.3452399,72.8065094947815,7,,zai_proxy
2058,1787438441.1628573,260.81761741638184,8,,zai_proxy
2059,1787438441.1632144,0.0003571510314941406,9,,zai_proxy
2060,1787438503.9407244,62.777509927749634,10,,zai_proxy
2061,1787438566.7597954,62.81907105445862,11,,zai_proxy
2062,1787438599.793573,,1,,zai_proxy
2063,1787438599.7937567,0.0001838207244873047,2,,zai_proxy
2064,1787438629.5344794,29.74072265625,3,,zai_proxy
2065,1787438653.7210395,24.18656015396118,4,,zai_proxy
2066,1787438672.3274345,18.60639500617981,5,,zai_proxy
2067,1787438705.662292,33.33485746383667,6,,zai_proxy
2068,1787438767.2368977,61.57460570335388,7,,zai_proxy
2069,1787438820.2319179,,1,,zai_proxy
2070,1787438820.8126287,0.5807108879089355,2,,zai_proxy
2071,1787438831.7955856,10.982956886291504,3,,zai_proxy
2072,1787438862.2103448,30.414759159088135,4,,zai_proxy
2073,1787438889.9623096,27.751964807510376,5,,zai_proxy
2074,1787438923.1700704,33.20776081085205,6,,zai_proxy
2075,1787438984.5643423,61.39427185058594,7,,zai_proxy
