id,ts,provider_used,effective_price,next_best_price,savings_per_1m,estimated_tokens,estimated_savings_usd,is_peak_hour,mode
1,1786712621.3548803,openrouter,0.9675,2.26825,1.30075,66252,0.086177289,0,consumer
2,1786713128.619112,openrouter,0.9675,1.3,0.3325,60885,0.020244262500000002,0,consumer
3,1786713154.279438,openrouter,0.9675,1.3,0.3325,35092,0.01166809,0,consumer
4,1786714552.1927688,openrouter,0.9675,0.9771750000000001,0.0096750000000001,8362,8.090235000000084e-05,0,consumer
5,1786714777.6171484,openrouter,0.9675,2.15,1.1824999999999999,75533,0.08931777249999999,0,consumer
6,1786715014.3086767,openrouter,0.9675,2.15,1.1824999999999999,49837,0.0589322525,0,consumer
7,1786716088.5325296,openrouter,0.9675,2.15,1.1824999999999999,67019,0.0792499675,0,consumer
8,1786716109.6802986,openrouter,0.9675,2.15,1.1824999999999999,129804,0.15349322999999998,0,consumer
9,1786716141.2814858,openrouter,0.9675,2.15,1.1824999999999999,67003,0.07923104749999998,0,consumer
10,1786716141.670518,openrouter,0.9675,0.9771750000000001,0.0096750000000001,80532,0.0007791471000000081,0,consumer
11,1786716156.1509545,openrouter,0.9675,2.15,1.1824999999999999,67331,0.07961890749999999,0,consumer
12,1786716168.2384439,openrouter,0.9675,2.15,1.1824999999999999,31154,0.036839605,0,consumer
13,1786716175.300099,openrouter,0.9675,2.15,1.1824999999999999,129862,0.15356181499999996,0,consumer
14,1786716176.4789095,openrouter,0.9675,2.15,1.1824999999999999,24207,0.028624777499999997,0,consumer
15,1786716185.7607858,openrouter,0.9675,2.15,1.1824999999999999,67944,0.08034378,0,consumer
16,1786716186.4296849,openrouter,0.9675,2.15,1.1824999999999999,24205,0.0286224125,0,consumer
17,1786716236.8415182,openrouter,0.9675,2.15,1.1824999999999999,82390,0.09742617499999999,0,consumer
18,1786716395.2694576,openrouter,0.9675,2.15,1.1824999999999999,25457,0.030102902499999997,0,consumer
19,1786716401.3297808,openrouter,0.9675,2.15,1.1824999999999999,142075,0.16800368749999997,0,consumer
20,1786716444.3267038,openrouter,0.9675,2.15,1.1824999999999999,7113,0.0084111225,0,consumer
21,1786716454.462949,openrouter,0.9675,2.15,1.1824999999999999,45081,0.05330828249999999,0,consumer
22,1786717875.1318638,telnyx,0.215,0.532125,0.317125,7464,0.0023670209999999995,0,consumer
23,1786717993.3898268,telnyx,0.215,0.532125,0.317125,8536,0.002706979,0,consumer
24,1786721565.3724751,telnyx,0.2743637583463758,0.9675,0.6931362416536242,9583,0.0066423246037666805,0,consumer
25,1786721575.6166816,telnyx,0.2743637583463758,0.9675,0.6931362416536242,57234,0.03967095965480352,0,consumer
26,1786723360.3437219,openrouter,0.9675,1.005125,0.03762500000000002,117505,0.004421125625000002,0,consumer
27,1786723369.2842214,openrouter,0.9675,1.005125,0.03762500000000002,50730,0.0019087162500000011,0,consumer
28,1786723388.4951108,openrouter,0.9675,1.005125,0.03762500000000002,24339,0.0009157548750000005,0,consumer
29,1786723432.2798672,openrouter,0.9675,1.005125,0.03762500000000002,8348,0.00031409350000000016,0,consumer
30,1786791758.6777022,telnyx,0.36854793795548535,0.413875,0.04532706204451464,115254,0.0052241252088784905,0,consumer
31,1786791797.8877585,telnyx,0.36854793795548535,0.413875,0.04532706204451464,140884,0.006385857809079401,0,consumer
32,1786793621.2487614,openrouter,0.9675,1.017663512178398,0.05016351217839787,61101,0.0030650407576122882,0,consumer
33,1786795465.318671,openrouter,0.9675,1.017663512178398,0.05016351217839787,12681,0.0006361234979342634,0,consumer
34,1786795471.0920439,openrouter,0.9675,1.017663512178398,0.05016351217839787,149766,0.007512788564909936,0,consumer
35,1786795483.9252162,openrouter,0.9675,1.017663512178398,0.05016351217839787,99295,0.004980985941754016,0,consumer
36,1786795501.0257928,openrouter,0.9675,1.017663512178398,0.05016351217839787,67474,0.003384732820725218,0,consumer
37,1786795535.579572,openrouter,0.9675,1.017663512178398,0.05016351217839787,66798,0.003350822286492621,0,consumer
38,1786799015.2093186,openrouter,0.9675,1.3,0.3325,145942,0.048525715000000004,0,consumer
39,1786799029.799405,openrouter,0.9675,1.3,0.3325,66159,0.0219978675,0,consumer
40,1786800766.1227105,telnyx,0.215,0.39022500000000004,0.17522500000000005,43129,0.007557279025000001,0,consumer
41,1786800766.4568863,telnyx,0.215,0.39022500000000004,0.17522500000000005,53968,0.009456542800000002,0,consumer
42,1786800782.357451,telnyx,0.215,0.39022500000000004,0.17522500000000005,56860,0.009963293500000003,0,consumer
43,1786802092.4694047,openrouter,0.9675,1.3,0.3325,24126,0.008021895000000001,0,consumer
44,1786802096.785973,openrouter,0.9675,1.3,0.3325,24119,0.0080195675,0,consumer
45,1786802168.0336788,openrouter,0.9675,1.3,0.3325,76502,0.025436915,0,consumer
46,1786802279.9936137,openrouter,0.9675,1.3,0.3325,58191,0.0193485075,0,consumer
47,1786802350.2476096,openrouter,0.9675,1.3,0.3325,31746,0.010555545,0,consumer
48,1786802352.106567,openrouter,0.9675,1.3,0.3325,22372,0.00743869,0,consumer
49,1786802411.1403077,openrouter,0.9675,1.3,0.3325,54129,0.0179978925,0,consumer
50,1786802428.8773417,openrouter,0.9675,1.6751938438686529,0.7076938438686529,83063,0.05878317375326191,0,consumer
51,1786802459.324903,openrouter,0.9675,1.6751938438686529,0.7076938438686529,50709,0.03588644712873552,0,consumer
52,1786802485.562406,openrouter,0.9675,1.6751938438686529,0.7076938438686529,58821,0.04162725959019803,0,consumer
53,1786802508.3687727,openrouter,0.9675,1.6751938438686529,0.7076938438686529,83675,0.05921628238570953,0,consumer
54,1786802522.793329,openrouter,0.9675,1.6751938438686529,0.7076938438686529,64174,0.04541554473642693,0,consumer
55,1786802663.1455905,openrouter,0.9675,1.6751938438686529,0.7076938438686529,24113,0.017064621657204824,0,consumer
56,1786802690.1249356,openrouter,0.9675,1.6751938438686529,0.7076938438686529,54301,0.038428483415911714,0,consumer
57,1786802691.3381505,openrouter,0.9675,1.6751938438686529,0.7076938438686529,24117,0.0170674524325803,0,consumer
58,1786802700.8877366,openrouter,0.9675,1.6751938438686529,0.7076938438686529,50903,0.03602373973444603,0,consumer
59,1786802704.8193474,openrouter,0.9675,1.6751938438686529,0.7076938438686529,40774,0.02885550878990045,0,consumer
60,1786802720.3220353,openrouter,0.9675,1.6751938438686529,0.7076938438686529,44564,0.031537668458162645,0,consumer
61,1786802721.400223,openrouter,0.9675,1.6751938438686529,0.7076938438686529,71387,0.050520140432251524,0,consumer
62,1786802737.0005343,openrouter,0.9675,1.6751938438686529,0.7076938438686529,65964,0.04668231671695182,0,consumer
63,1786802758.2673528,openrouter,0.9675,1.3,0.3325,44918,0.014935235,0,consumer
64,1786802877.3854697,openrouter,0.9675,1.3,0.3325,47884,0.01592143,0,consumer
65,1786802886.8776333,openrouter,0.9675,1.3,0.3325,44859,0.0149156175,0,consumer
66,1786803376.1879723,openrouter,0.9675,1.3,0.3325,24111,0.0080169075,0,consumer
67,1786803376.2307372,openrouter,0.9675,1.3,0.3325,56587,0.018815177500000002,0,consumer
68,1786803379.3216944,openrouter,0.9675,1.3,0.3325,24122,0.008020565,0,consumer
69,1786803475.5784774,openrouter,0.9675,1.3,0.3325,25789,0.0085748425,0,consumer
70,1786803516.930761,openrouter,0.9675,1.3,0.3325,62026,0.020623645,0,consumer
71,1786803700.0150294,openrouter,0.9675,1.3,0.3325,62224,0.02068948,0,consumer
72,1786803962.7364333,openrouter,0.9675,1.3,0.3325,59976,0.01994202,0,consumer
73,1786803963.032062,openrouter,0.9675,1.3,0.3325,7504,0.0024950799999999998,0,consumer
74,1786803964.9015484,openrouter,0.9675,1.3,0.3325,19662,0.006537615000000001,0,consumer
75,1786804064.3146982,openrouter,0.9675,1.3,0.3325,21220,0.00705565,0,consumer
76,1786804075.8056903,openrouter,0.9675,1.3,0.3325,59775,0.0198751875,0,consumer
77,1786804222.8267176,openrouter,0.9675,1.3,0.3325,37596,0.01250067,0,consumer
78,1786804323.3674493,openrouter,0.9675,1.3,0.3325,9557,0.0031777025000000003,0,consumer
79,1786804343.4470448,openrouter,0.9675,1.3,0.3325,44428,0.014772310000000002,0,consumer
80,1786804349.6691582,openrouter,0.9675,1.3,0.3325,48894,0.016257255,0,consumer
81,1786804643.9893262,openrouter,0.9675,1.3,0.3325,50757,0.0168767025,0,consumer
82,1786804734.0994911,openrouter,0.9675,1.3,0.3325,66965,0.022265862500000004,0,consumer
83,1786804911.3007905,openrouter,0.9675,1.3,0.3325,24107,0.008015577500000001,0,consumer
84,1786805065.6035798,openrouter,0.9,0.4,0.0,0,0.0,0,consumer
85,1786805106.3182728,openrouter,0.9675,1.3,0.3325,49766,0.016547195,0,consumer
86,1786806182.0335574,openrouter,0.9675,1.3,0.3325,72718,0.024178735,0,consumer
87,1786806187.3286583,openrouter,0.9675,1.3,0.3325,46781,0.0155546825,0,consumer
88,1786806210.0043774,openrouter,0.9675,1.3,0.3325,113883,0.0378660975,0,consumer
89,1786806221.3638976,openrouter,0.9675,1.3,0.3325,25035,0.0083241375,0,consumer
90,1786806327.328825,openrouter,0.9675,1.3,0.3325,64064,0.021301280000000002,0,consumer
91,1786806328.1881092,openrouter,0.9675,1.3,0.3325,72355,0.0240580375,0,consumer
92,1786806529.4142194,openrouter,0.9675,1.3,0.3325,33367,0.0110945275,0,consumer
93,1786807732.0528128,openrouter,0.9,0.4,0.0,0,0.0,0,consumer
94,1786808000.700482,openrouter,0.9675,1.3,0.3325,58440,0.0194313,0,consumer
95,1786808000.8929458,openrouter,0.9675,1.3,0.3325,52890,0.017585925,0,consumer
96,1786809756.4293098,telnyx,0.215,0.39022500000000004,0.17522500000000005,44800,0.007850080000000002,0,consumer
97,1786809775.9411914,telnyx,0.215,0.39022500000000004,0.17522500000000005,51804,0.009077355900000002,0,consumer
98,1786810027.9302983,telnyx,0.215,0.39022500000000004,0.17522500000000005,54541,0.009556946725000003,0,consumer
99,1786811139.878143,openrouter,0.9675,1.3,0.3325,13590,0.004518675,0,consumer
100,1786811262.4137452,openrouter,0.9675,2.180939840452437,1.213439840452437,64199,0.07790162431720599,0,consumer
101,1786811267.6437604,openrouter,0.9675,2.180939840452437,1.213439840452437,27459,0.03331984457898347,0,consumer
102,1786811598.8569517,openrouter,0.9675,1.3,0.3325,59567,0.0198060275,0,consumer
103,1786811599.752655,openrouter,0.9675,1.3,0.3325,45334,0.015073555,0,consumer
104,1786811850.4457357,openrouter,0.9675,2.180939840452437,1.213439840452437,35795,0.04343507908899498,0,consumer
105,1786811878.3449495,openrouter,0.9675,2.180939840452437,1.213439840452437,11139,0.013516506382799694,0,consumer
106,1786811879.8924184,openrouter,0.9675,2.180939840452437,1.213439840452437,35666,0.04327854534957661,0,consumer
107,1786812000.4820018,openrouter,0.9675,2.180939840452437,1.213439840452437,38661,0.04691279767173166,0,consumer
108,1786812003.6061773,openrouter,0.9675,2.180939840452437,1.213439840452437,38612,0.04685333911954949,0,consumer
109,1786812385.8494081,openrouter,0.9675,1.3,0.3325,65152,0.02166304,0,consumer
110,1786813037.9465635,openrouter,0.9675,1.3,0.3325,24252,0.008063790000000001,0,consumer
111,1786813043.4645002,openrouter,0.9675,1.3,0.3325,42241,0.014045132500000002,0,consumer
112,1786813045.722639,openrouter,0.9675,1.3,0.3325,24124,0.00802123,0,consumer
113,1786813230.9942045,openrouter,0.9675,1.3,0.3325,90378,0.030050685,0,consumer
114,1786813411.4789753,openrouter,0.9675,1.3,0.3325,69139,0.022988717500000002,0,consumer
115,1786813411.5162303,openrouter,0.9675,1.3,0.3325,63969,0.0212696925,0,consumer
116,1786813416.9955266,openrouter,0.9675,1.3,0.3325,92096,0.03062192,0,consumer
117,1786813421.4490333,openrouter,0.9675,1.3,0.3325,47308,0.015729910000000003,0,consumer
118,1786816614.4328427,telnyx,0.215,0.39022500000000004,0.17522500000000005,35253,0.006177206925000001,0,consumer
119,1786816618.407264,telnyx,0.215,0.39022500000000004,0.17522500000000005,39336,0.006892650600000002,0,consumer
120,1786816623.1979203,telnyx,0.215,0.39022500000000004,0.17522500000000005,39655,0.006948547375000002,0,consumer
121,1786816776.1144023,openrouter,0.9,0.4,0.0,0,0.0,0,consumer
122,1786817010.2326095,telnyx,0.9036737033234282,0.9675,0.0638262966765718,47907,0.0030577263948845254,0,consumer
123,1786817013.186214,telnyx,0.9036737033234282,0.9675,0.0638262966765718,41511,0.0026494934013411723,0,consumer
124,1786817811.2596705,openrouter,0.9,0.4,0.0,0,0.0,0,consumer
125,1786823832.194064,openrouter,0.9675,1.3,0.3325,107483,0.0357380975,0,consumer
126,1786825254.4439662,openrouter,0.9675,1.3,0.3325,27565,0.009165362500000001,0,consumer
127,1786825492.391085,openrouter,0.9,0.4,0.0,0,0.0,0,consumer
128,1786825803.3727384,openrouter,0.9675,1.3,0.3325,95539,0.0317667175,0,consumer
129,1786825941.4537086,openrouter,0.9,0.4,0.0,0,0.0,0,consumer
130,1786826250.688472,openrouter,0.9,0.4,0.0,0,0.0,0,consumer
131,1786826258.5835667,openrouter,0.9,0.4,0.0,0,0.0,0,consumer
132,1786826475.4395118,openrouter,0.9,0.4,0.0,0,0.0,0,consumer
133,1786826911.6021333,openrouter,0.9675,1.3,0.3325,91676,0.03048227,0,consumer
134,1786827750.5604234,telnyx,0.8866508957376231,0.9675,0.0808491042623769,14800,0.0011965667430831781,0,consumer
135,1786827875.7671936,telnyx,0.8866508957376231,0.9675,0.0808491042623769,15795,0.0012770116018242432,0,consumer
136,1786828087.2943141,telnyx,0.8866508957376231,0.9675,0.0808491042623769,70364,0.005688866372317889,0,consumer
137,1786828093.1516194,telnyx,0.8866508957376231,0.9675,0.0808491042623769,26139,0.00211331473631427,0,consumer
138,1786828093.1526554,telnyx,0.8866508957376231,0.9675,0.0808491042623769,70933,0.0057348695126431815,0,consumer
139,1786828095.971143,telnyx,0.8866508957376231,0.9675,0.0808491042623769,71282,0.00576308585003075,0,consumer
140,1786828099.1757357,telnyx,0.8866508957376231,0.9675,0.0808491042623769,26530,0.0021449267360808596,0,consumer
141,1786828099.4393857,telnyx,0.8866508957376231,0.9675,0.0808491042623769,72714,0.005878861767334475,0,consumer
142,1786828102.4149575,telnyx,0.8866508957376231,0.9675,0.0808491042623769,26965,0.0021800960964349935,0,consumer
143,1786828251.1419814,telnyx,0.215,0.39022500000000004,0.17522500000000005,78632,0.013778292200000004,0,consumer
144,1786829832.62078,openrouter,0.9675,1.3,0.3325,59506,0.019785745000000004,0,consumer
145,1786829834.2723005,openrouter,0.9675,1.3,0.3325,56614,0.018824155000000002,0,consumer
146,1786829925.8050377,openrouter,0.9675,1.3,0.3325,20330,0.006759725,0,consumer
147,1786829970.0801573,openrouter,0.9675,1.3,0.3325,61015,0.0202874875,0,consumer
148,1786830217.8596606,openrouter,0.9675,1.3,0.3325,73775,0.0245301875,0,consumer
149,1786830260.9017608,openrouter,0.9675,1.3,0.3325,67943,0.0225910475,0,consumer
150,1786830464.8528516,openrouter,0.9675,1.3,0.3325,77937,0.025914052500000003,0,consumer
151,1786830469.334761,openrouter,0.9675,1.3,0.3325,51002,0.016958165,0,consumer
152,1786830622.1779783,openrouter,0.9675,1.3,0.3325,96855,0.032204287500000005,0,consumer
153,1786830842.8177297,openrouter,0.9675,1.3,0.3325,70377,0.023400352500000002,0,consumer
154,1786830844.5230374,openrouter,0.9675,1.3,0.3325,49312,0.016396240000000003,0,consumer
155,1786830857.121179,openrouter,0.9675,1.3,0.3325,75770,0.025193525,0,consumer
156,1786832523.462346,openrouter,0.9675,1.3,0.3325,26117,0.0086839025,0,consumer
157,1786832652.4879715,openrouter,0.9675,2.148639769254115,1.1811397692541148,29583,0.03494165779384448,0,consumer
158,1786832783.3035302,openrouter,0.9675,2.148639769254115,1.1811397692541148,98000,0.11575169738690325,0,consumer
159,1786832785.7227542,openrouter,0.9675,2.148639769254115,1.1811397692541148,65275,0.07709889843806235,0,consumer
160,1786832785.848818,openrouter,0.9675,2.148639769254115,1.1811397692541148,28708,0.03390816049574713,0,consumer
161,1786832808.9385552,openrouter,0.9675,2.148639769254115,1.1811397692541148,80196,0.094722684935103,0,consumer
162,1786832921.8196135,openrouter,0.9675,1.3,0.3325,8321,0.0027667325,0,consumer
163,1786832924.7317226,openrouter,0.9675,1.3,0.3325,86182,0.028655515000000003,0,consumer
164,1786832937.3879712,openrouter,0.9675,1.3,0.3325,80614,0.026804155000000003,0,consumer
165,1786833144.761265,openrouter,0.9675,1.3,0.3325,33902,0.011272415000000001,0,consumer
166,1786833156.2887044,openrouter,0.9675,1.3,0.3325,8814,0.0029306550000000003,0,consumer
167,1786833163.7070072,openrouter,0.9675,1.3,0.3325,83507,0.027766077500000003,0,consumer
168,1786833166.409136,openrouter,0.9675,1.3,0.3325,63476,0.02110577,0,consumer
169,1786833175.409253,openrouter,0.9,0.4,0.0,0,0.0,0,consumer
170,1786833240.6037812,openrouter,0.9675,1.3,0.3325,63904,0.021248080000000003,0,consumer
171,1786833256.4732614,openrouter,0.9675,1.3,0.3325,45578,0.015154685000000001,0,consumer
172,1786833267.110875,openrouter,0.9675,1.3,0.3325,65171,0.021669357500000003,0,consumer
173,1786833290.7630708,openrouter,0.9675,2.148639769254115,1.1811397692541148,50608,0.059775121442412246,0,consumer
174,1786833367.6189575,openrouter,0.9675,2.148639769254115,1.1811397692541148,16171,0.01910021120860829,0,consumer
175,1786833367.7102904,openrouter,0.9675,2.148639769254115,1.1811397692541148,46689,0.05514623468670536,0,consumer
176,1786833444.8141124,openrouter,0.9675,2.148639769254115,1.1811397692541148,62533,0.07386021319076756,0,consumer
177,1786833456.9678442,openrouter,0.9675,2.148639769254115,1.1811397692541148,72817,0.08600705457777687,0,consumer
178,1786833457.8001807,openrouter,0.9675,2.148639769254115,1.1811397692541148,57228,0.06759426671487448,0,consumer
179,1786833523.6388838,openrouter,0.9,0.4,0.0,0,0.0,0,consumer
180,1786833530.8729517,openrouter,0.9675,2.148639769254115,1.1811397692541148,26863,0.031728957621473285,0,consumer
181,1786833663.7278457,openrouter,0.9675,1.3,0.3325,4405,0.0014646625000000002,0,consumer
182,1786833691.5484803,openrouter,0.9675,1.3,0.3325,69458,0.023094785,0,consumer
183,1786833698.8669188,openrouter,0.9675,1.3,0.3325,44556,0.01481487,0,consumer
184,1786833700.9366026,openrouter,0.9675,2.148639769254115,1.1811397692541148,64269,0.0759106718301927,0,consumer
185,1786833727.8373098,openrouter,0.9675,2.148639769254115,1.1811397692541148,77684,0.09175566183473666,0,consumer
186,1786833739.5304916,openrouter,0.9675,2.148639769254115,1.1811397692541148,35678,0.04214070468744831,0,consumer
187,1786833747.963215,openrouter,0.9675,2.148639769254115,1.1811397692541148,65146,0.07694653140782856,0,consumer
188,1786833765.1480975,openrouter,0.9675,2.148639769254115,1.1811397692541148,83578,0.0987172996347204,0,consumer
189,1786833772.064892,openrouter,0.9,0.4,0.0,0,0.0,0,consumer
190,1786833809.268408,openrouter,0.9675,2.148639769254115,1.1811397692541148,84107,0.09934212257265583,0,consumer
191,1786833812.788479,openrouter,0.9675,2.148639769254115,1.1811397692541148,22497,0.026572101388909822,0,consumer
192,1786833928.1653066,openrouter,0.9675,2.148639769254115,1.1811397692541148,84505,0.09981221620081898,0,consumer
193,1786833930.7075984,openrouter,0.9675,2.148639769254115,1.1811397692541148,38827,0.045860113820829516,0,consumer
194,1786833935.0761964,openrouter,0.9675,2.491933665992902,1.524433665992902,38941,0.0593629713874296,0,consumer
195,1786833938.0277894,openrouter,0.9675,2.491933665992902,1.524433665992902,71709,0.10931561375468503,0,consumer
196,1786833944.3122926,openrouter,0.9675,2.491933665992902,1.524433665992902,72483,0.11049552541216352,0,consumer
197,1786833954.0462584,openrouter,0.9675,2.148639769254115,1.1811397692541148,56253,0.06644265543985171,0,consumer
198,1786833963.9363241,openrouter,0.9675,2.491933665992902,1.524433665992902,43869,0.06687538049344262,0,consumer
199,1786833970.902126,openrouter,0.9675,2.491933665992902,1.524433665992902,86562,0.1319580269956776,0,consumer
200,1786833982.2980564,openrouter,0.9675,2.491933665992902,1.524433665992902,40081,0.06110082576666151,0,consumer
201,1786833996.8672547,openrouter,0.9675,1.3,0.3325,61035,0.0202941375,0,consumer
202,1786834026.428559,openrouter,0.9675,2.491933665992902,1.524433665992902,46563,0.07098220478962751,0,consumer
203,1786834035.457449,openrouter,0.9675,1.3,0.3325,60991,0.0202795075,0,consumer
204,1786834036.8677464,openrouter,0.9675,1.3,0.3325,61154,0.020333705,0,consumer
205,1786834054.317738,openrouter,0.9675,1.3,0.3325,64161,0.021333532500000002,0,consumer
206,1786834064.4374762,openrouter,0.9675,1.3,0.3325,41158,0.013685035,0,consumer
207,1786834117.0805478,openrouter,0.9675,1.3,0.3325,50321,0.016731732500000002,0,consumer
208,1786834120.4010596,openrouter,0.9675,1.3,0.3325,76582,0.025463515000000003,0,consumer
209,1786834157.2615829,openrouter,0.9,0.4,0.0,0,0.0,0,consumer
210,1786834180.183624,openrouter,0.9675,1.3,0.3325,25043,0.0083267975,0,consumer
211,1786834193.682387,openrouter,0.9675,1.3,0.3325,71019,0.023613817500000002,0,consumer
212,1786834213.6363122,openrouter,0.9675,1.3,0.3325,79390,0.026397175000000002,0,consumer
213,1786834234.7309425,openrouter,0.9675,1.3,0.3325,5646,0.0018772950000000002,0,consumer
214,1786834240.9828434,openrouter,0.9675,1.3,0.3325,72009,0.0239429925,0,consumer
215,1786834263.1876395,openrouter,0.9675,1.3,0.3325,47069,0.0156504425,0,consumer
216,1786834273.6856906,openrouter,0.9675,1.3,0.3325,57556,0.019137370000000004,0,consumer
217,1786834312.4419134,openrouter,0.9675,2.26825,1.30075,48267,0.06278330025000001,0,consumer
218,1786834340.1576254,openrouter,0.9675,1.3,0.3325,0,0.0,0,consumer
219,1786834347.7851014,openrouter,0.9675,2.26825,1.30075,57900,0.075313425,0,consumer
220,1786834350.4172928,openrouter,0.9675,2.26825,1.30075,48894,0.0635988705,0,consumer
221,1786834519.5882394,openrouter,0.9675,2.26825,1.30075,32687,0.04251761525,0,consumer
222,1786834538.1976788,openrouter,0.9675,2.26825,1.30075,76915,0.10004718625,0,consumer
223,1786834676.0129807,openrouter,0.9675,2.491933665992902,1.524433665992902,80938,0.12338461205813352,0,consumer
224,1786835033.8360705,openrouter,0.9675,2.491933665992902,1.524433665992902,33626,0.051260606452677326,0,consumer
225,1786835142.0412188,openrouter,0.9675,1.3,0.3325,85826,0.028537145,0,consumer
226,1786835153.727084,openrouter,0.9675,1.3,0.3325,64337,0.0213920525,0,consumer
227,1786835328.4609828,openrouter,0.9675,1.3,0.3325,104292,0.03467709,0,consumer
228,1786835424.5827456,openrouter,0.9675,2.26825,1.30075,67643,0.08798663225000002,0,consumer
229,1786835998.0607834,openrouter,0.9675,2.491933665992902,1.524433665992902,138232,0.21072551451753083,0,consumer
230,1786836103.143347,openrouter,0.9675,2.491933665992902,1.524433665992902,65347,0.09961716677163818,0,consumer
231,1786836213.6533043,openrouter,0.9675,2.491933665992902,1.524433665992902,139473,0.212617336697028,0,consumer
232,1786836315.0074868,openrouter,0.9675,1.3,0.3325,86537,0.0287735525,0,consumer
233,1786836337.2536516,openrouter,0.9675,1.3,0.3325,74462,0.024758615,0,consumer
234,1786836348.715554,openrouter,0.9675,1.3,0.3325,5385,0.0017905125000000001,0,consumer
235,1786836355.1524832,openrouter,0.9675,1.3,0.3325,140532,0.04672689,0,consumer
236,1786836379.2831695,openrouter,0.9675,1.3,0.3325,61901,0.0205820825,0,consumer
237,1786836535.8362768,openrouter,0.9675,2.491933665992902,1.524433665992902,62232,0.09486855590207027,0,consumer
238,1786838668.936263,openrouter,0.9675,1.1684324074147785,0.20093240741477847,74634,0.014996389294994576,0,consumer
239,1786865180.6828115,openrouter,0.9675,1.1684324074147785,0.20093240741477847,17003,0.0034164537232734783,1,consumer
240,1786865777.6254618,openrouter,0.9675,1.1684324074147785,0.20093240741477847,69553,0.013975451732920086,1,consumer
241,1786865777.8519268,openrouter,0.9675,1.1684324074147785,0.20093240741477847,17050,0.003425897546421973,1,consumer
242,1786865785.0748565,openrouter,0.9675,1.1684324074147785,0.20093240741477847,62707,0.012599868471758513,1,consumer
243,1786865793.6580112,openrouter,0.9675,1.1684324074147785,0.20093240741477847,53946,0.01083949965039764,1,consumer
244,1786865816.8813007,openrouter,0.9675,1.1684324074147785,0.20093240741477847,62867,0.012632017656944878,1,consumer
245,1786867606.6477282,openrouter,0.9675,1.1684324074147785,0.20093240741477847,73699,0.014808517494061759,1,consumer
246,1786868246.8484788,openrouter,0.9675,1.1684324074147785,0.20093240741477847,26417,0.005308031406676203,1,consumer
247,1786868249.5169353,openrouter,0.9675,1.1684324074147785,0.20093240741477847,31972,0.006424210929865297,1,consumer
248,1786868302.7959685,openrouter,0.9675,1.1684324074147785,0.20093240741477847,5618,0.0011288382648562253,1,consumer
249,1786868309.4054174,openrouter,0.9675,1.1684324074147785,0.20093240741477847,79700,0.016014312870957843,1,consumer
250,1786868325.7211182,openrouter,0.9675,1.1684324074147785,0.20093240741477847,79610,0.015996228954290516,1,consumer
251,1786868332.4403787,openrouter,0.9675,1.1684324074147785,0.20093240741477847,15648,0.0031441903112264537,1,consumer
252,1786868349.1765442,openrouter,0.9675,1.1684324074147785,0.20093240741477847,16666,0.003348739501974698,1,consumer
253,1786868350.637822,openrouter,0.9675,1.1684324074147785,0.20093240741477847,97669,0.019624867299793996,1,consumer
254,1786868354.4182124,openrouter,0.9675,1.1684324074147785,0.20093240741477847,80791,0.016233530127447368,1,consumer
255,1786868355.623397,openrouter,0.9675,1.1684324074147785,0.20093240741477847,17834,0.003583428553835159,1,consumer
256,1786868357.5369015,openrouter,0.9675,1.1684324074147785,0.20093240741477847,98917,0.01987563094424764,1,consumer
257,1786868359.7615144,openrouter,0.9675,1.1684324074147785,0.20093240741477847,18193,0.0036555632880970646,1,consumer
258,1786868363.4280515,openrouter,0.9675,1.1684324074147785,0.20093240741477847,99591,0.020011059386845203,1,consumer
259,1786868363.6850688,openrouter,0.9675,1.1684324074147785,0.20093240741477847,18565,0.0037303101436553625,1,consumer
260,1786868380.191574,openrouter,0.9675,1.1684324074147785,0.20093240741477847,32369,0.006503981095608964,1,consumer
261,1786868403.6182842,openrouter,0.9675,1.1684324074147785,0.20093240741477847,33125,0.006655885995614537,1,consumer
262,1786868425.8238287,openrouter,0.9675,1.1684324074147785,0.20093240741477847,9824,0.001973959970442784,1,consumer
263,1786874607.5483997,openrouter,0.9675,1.1684324074147785,0.20093240741477847,66237,0.013309159869932682,1,consumer
264,1786890815.8034506,openrouter,0.9675,1.1684324074147785,0.20093240741477847,7043,0.0014151669454222848,0,consumer
265,1786934006.5003312,openrouter,0.9675,1.1867500000000002,0.21925000000000017,7112,0.0015593060000000012,0,consumer
266,1786934019.392017,openrouter,0.9675,1.1867500000000002,0.21925000000000017,7401,0.0016226692500000014,0,consumer
267,1786934103.0325475,openrouter,0.9675,1.1867500000000002,0.21925000000000017,7487,0.0016415247500000012,0,consumer
268,1786934105.4221773,openrouter,0.9675,1.1867500000000002,0.21925000000000017,7196,0.0015777230000000011,0,consumer
269,1786934118.7216232,openrouter,0.9675,1.1867500000000002,0.21925000000000017,7843,0.0017195777500000013,0,consumer
270,1786934126.7676098,openrouter,0.9675,1.1867500000000002,0.21925000000000017,9156,0.0020074530000000015,0,consumer
271,1786934144.367873,openrouter,0.9675,1.1867500000000002,0.21925000000000017,9455,0.0020730087500000017,0,consumer
272,1786934249.6404707,openrouter,0.9675,1.1867500000000002,0.21925000000000017,7485,0.001641086250000001,0,consumer
273,1786934258.121933,openrouter,0.9675,1.1867500000000002,0.21925000000000017,9823,0.0021536927500000014,0,consumer
274,1786934355.3483272,openrouter,0.9675,1.1867500000000002,0.21925000000000017,26793,0.0058743652500000045,0,consumer
275,1786934800.4280193,openrouter,0.9675,1.1867500000000002,0.21925000000000017,7426,0.0016281505000000013,0,consumer
276,1786934936.6184404,openrouter,0.9675,1.1867500000000002,0.21925000000000017,7524,0.0016496370000000013,0,consumer
277,1786935149.6274772,openrouter,0.9675,1.1867500000000002,0.21925000000000017,7197,0.001577942250000001,0,consumer
278,1786935201.4588213,openrouter,0.9675,1.1867500000000002,0.21925000000000017,8316,0.0018232830000000015,0,consumer
279,1786935276.8079772,openrouter,0.9675,1.1867500000000002,0.21925000000000017,7360,0.0016136800000000012,0,consumer
280,1786935427.637027,openrouter,0.9675,1.1867500000000002,0.21925000000000017,8705,0.0019085712500000016,0,consumer
281,1786935575.673467,openrouter,0.9675,1.1867500000000002,0.21925000000000017,9888,0.002167944000000002,0,consumer
282,1786935783.648246,openrouter,0.9675,1.1867500000000002,0.21925000000000017,10088,0.0022117940000000017,0,consumer
283,1786935910.2313457,openrouter,0.9675,1.1867500000000002,0.21925000000000017,10395,0.0022791037500000015,0,consumer
284,1786936075.7247808,openrouter,0.9675,1.1867500000000002,0.21925000000000017,39112,0.008575306000000006,0,consumer
285,1786936118.7996788,openrouter,0.9675,1.1867500000000002,0.21925000000000017,14035,0.003077173750000002,0,consumer
286,1786936285.52366,openrouter,0.9675,1.1867500000000002,0.21925000000000017,15768,0.0034571340000000028,0,consumer
287,1786936496.942288,openrouter,0.9675,1.1867500000000002,0.21925000000000017,16906,0.0037066405000000025,0,consumer
288,1786936634.1969144,openrouter,0.9675,1.1867500000000002,0.21925000000000017,17981,0.003942334250000003,0,consumer
289,1786936850.5546346,openrouter,0.9675,1.1867500000000002,0.21925000000000017,19154,0.004199514500000003,0,consumer
290,1786936975.5738692,openrouter,0.9675,1.1867500000000002,0.21925000000000017,19614,0.004300369500000003,0,consumer
291,1786937190.51504,openrouter,0.9675,1.1867500000000002,0.21925000000000017,20508,0.0044963790000000035,0,consumer
292,1786937323.037381,openrouter,0.9675,1.1867500000000002,0.21925000000000017,20834,0.004567854500000003,0,consumer
293,1786977847.6422582,openrouter,0.9,0.4,0.0,0,0.0,0,consumer
294,1786977860.0958142,openrouter,0.9,0.4,0.0,0,0.0,0,consumer
295,1786977865.9190242,openrouter,0.9,0.4,0.0,0,0.0,0,consumer
296,1786977876.471001,openrouter,0.9,0.4,0.0,0,0.0,0,consumer
297,1786977974.2934673,openrouter,0.9,0.4,0.0,0,0.0,0,consumer
298,1786980358.7241259,openrouter,0.9,0.4,0.0,0,0.0,0,consumer
299,1786980377.864855,openrouter,0.9,0.4,0.0,0,0.0,0,consumer
300,1786980391.9117541,openrouter,0.9,0.4,0.0,0,0.0,0,consumer
301,1786988677.2982924,openrouter,0.9,0.4,0.0,0,0.0,0,consumer
302,1786988761.291578,openrouter,0.9,0.4,0.0,0,0.0,0,consumer
303,1786988831.072919,openrouter,0.9,0.4,0.0,0,0.0,0,consumer
304,1786988833.7424333,openrouter,0.9,0.4,0.0,0,0.0,0,consumer
305,1786988847.3041012,openrouter,0.9,0.4,0.0,0,0.0,0,consumer
306,1786988848.1463683,openrouter,0.9,0.4,0.0,0,0.0,0,consumer
307,1786988876.480386,openrouter,0.9,0.4,0.0,0,0.0,0,consumer
308,1786988903.8318539,openrouter,0.9,0.4,0.0,0,0.0,0,consumer
309,1786990114.5389643,openrouter,0.9,0.4,0.0,0,0.0,0,consumer
310,1786990122.1505294,openrouter,0.9,0.4,0.0,0,0.0,0,consumer
311,1786990397.4746387,openrouter,0.9,0.4,0.0,0,0.0,0,consumer
312,1787118382.4412787,telnyx,0.30172135843035847,0.815925,0.5142036415696416,8421,0.0043301088656579525,0,consumer
313,1787128337.3206127,openrouter,0.17500000000000002,0.18462499999999998,0.009624999999999967,25228,0.00024281949999999916,1,consumer
314,1787128340.2670615,openrouter,0.17500000000000002,0.18462499999999998,0.009624999999999967,25241,0.00024294462499999917,1,consumer
315,1787128371.0371838,openrouter,0.17500000000000002,0.18462499999999998,0.009624999999999967,26768,0.00025764199999999906,1,consumer
316,1787128376.0900733,openrouter,0.17500000000000002,0.18462499999999998,0.009624999999999967,27328,0.0002630319999999991,1,consumer
317,1787128389.1093967,openrouter,0.17500000000000002,0.18462499999999998,0.009624999999999967,36890,0.00035506624999999875,1,consumer
318,1787128394.3996215,openrouter,0.17500000000000002,0.18462499999999998,0.009624999999999967,448,4.311999999999985e-06,1,consumer
319,1787128416.3271315,openrouter,0.17500000000000002,0.18462499999999998,0.009624999999999967,38900,0.0003744124999999987,1,consumer
320,1787128439.7669852,openrouter,0.17500000000000002,0.18462499999999998,0.009624999999999967,40837,0.00039305612499999866,1,consumer
321,1787128444.5798416,openrouter,0.17500000000000002,0.18462499999999998,0.009624999999999967,43600,0.00041964999999999857,1,consumer
322,1787128459.8815923,openrouter,0.17500000000000002,0.18462499999999998,0.009624999999999967,41855,0.0004028543749999986,1,consumer
323,1787128461.8615792,openrouter,0.17500000000000002,0.18462499999999998,0.009624999999999967,44396,0.00042731149999999853,1,consumer
324,1787128474.709203,openrouter,0.17500000000000002,0.18462499999999998,0.009624999999999967,42173,0.0004059151249999986,1,consumer
325,1787128493.8960066,openrouter,0.17500000000000002,0.18462499999999998,0.009624999999999967,42496,0.00040902399999999856,1,consumer
326,1787128501.9439585,openrouter,0.17500000000000002,0.18462499999999998,0.009624999999999967,47061,0.0004529621249999984,1,consumer
327,1787128518.4892323,openrouter,0.17500000000000002,0.18462499999999998,0.009624999999999967,48523,0.0004670338749999984,1,consumer
328,1787128545.573259,openrouter,0.17500000000000002,0.18462499999999998,0.009624999999999967,52284,0.0005032334999999983,1,consumer
329,1787128578.0131552,openrouter,0.17500000000000002,0.18462499999999998,0.009624999999999967,53905,0.0005188356249999982,1,consumer
330,1787128593.897506,openrouter,0.17500000000000002,0.18462499999999998,0.009624999999999967,55740,0.0005364974999999981,1,consumer
331,1787128605.425536,openrouter,0.17500000000000002,0.18462499999999998,0.009624999999999967,56111,0.0005400683749999982,1,consumer
332,1787128606.6410441,openrouter,0.17500000000000002,0.18462499999999998,0.009624999999999967,47119,0.00045352037499999846,1,consumer
333,1787128624.3255818,openrouter,0.17500000000000002,0.18462499999999998,0.009624999999999967,47780,0.0004598824999999984,1,consumer
334,1787128641.7415197,openrouter,0.17500000000000002,0.18462499999999998,0.009624999999999967,57846,0.0005567677499999981,1,consumer
335,1787128644.572177,openrouter,0.17500000000000002,0.18462499999999998,0.009624999999999967,53774,0.0005175747499999982,1,consumer
336,1787128665.2981868,openrouter,0.17500000000000002,0.18462499999999998,0.009624999999999967,55295,0.0005322143749999982,1,consumer
337,1787128669.6970837,openrouter,0.17500000000000002,0.18462499999999998,0.009624999999999967,62206,0.0005987327499999979,1,consumer
338,1787128688.0564575,openrouter,0.17500000000000002,0.18462499999999998,0.009624999999999967,55890,0.0005379412499999981,1,consumer
339,1787128691.9538233,openrouter,0.17500000000000002,0.18462499999999998,0.009624999999999967,63084,0.000607183499999998,1,consumer
340,1787128705.8868167,openrouter,0.17500000000000002,0.18462499999999998,0.009624999999999967,56692,0.0005456604999999981,1,consumer
341,1787128717.1569912,openrouter,0.17500000000000002,0.18462499999999998,0.009624999999999967,64281,0.0006187046249999979,1,consumer
342,1787128722.491966,openrouter,0.17500000000000002,0.18462499999999998,0.009624999999999967,57508,0.0005535144999999981,1,consumer
343,1787128729.259103,openrouter,0.17500000000000002,0.18462499999999998,0.009624999999999967,64528,0.0006210819999999978,1,consumer
344,1787128731.2286265,openrouter,0.17500000000000002,0.18462499999999998,0.009624999999999967,57655,0.0005549293749999981,1,consumer
345,1787128741.0565772,openrouter,0.17500000000000002,0.18462499999999998,0.009624999999999967,57926,0.0005575377499999981,1,consumer
346,1787128741.62761,openrouter,0.17500000000000002,0.18462499999999998,0.009624999999999967,65746,0.0006328052499999979,1,consumer
347,1787128756.752918,openrouter,0.17500000000000002,0.18462499999999998,0.009624999999999967,58601,0.0005640346249999981,1,consumer
348,1787128762.0241156,openrouter,0.17500000000000002,0.18462499999999998,0.009624999999999967,67207,0.0006468673749999977,1,consumer
349,1787128774.0317981,openrouter,0.17500000000000002,0.18462499999999998,0.009624999999999967,67563,0.0006502938749999978,1,consumer
350,1787128786.1565819,openrouter,0.17500000000000002,0.18462499999999998,0.009624999999999967,67766,0.0006522477499999978,1,consumer
351,1787128799.4392877,openrouter,0.17500000000000002,0.18462499999999998,0.009624999999999967,68184,0.0006562709999999978,1,consumer
352,1787128808.248062,openrouter,0.17500000000000002,0.18462499999999998,0.009624999999999967,68902,0.0006631817499999976,1,consumer
353,1787128818.8900876,openrouter,0.17500000000000002,0.18462499999999998,0.009624999999999967,69135,0.0006654243749999977,1,consumer
354,1787128826.6299365,openrouter,0.17500000000000002,0.18462499999999998,0.009624999999999967,69368,0.0006676669999999978,1,consumer
355,1787128832.7776527,openrouter,0.17500000000000002,0.18462499999999998,0.009624999999999967,69856,0.0006723639999999977,1,consumer
356,1787128842.0824986,openrouter,0.17500000000000002,0.18462499999999998,0.009624999999999967,70322,0.0006768492499999977,1,consumer
357,1787128863.149581,openrouter,0.17500000000000002,0.18462499999999998,0.009624999999999967,71744,0.0006905359999999977,1,consumer
358,1787128883.094205,openrouter,0.17500000000000002,1.0,0.825,71906,0.05932245,1,consumer
359,1787128895.9821947,openrouter,0.17500000000000002,1.0,0.825,72273,0.059625225,1,consumer
360,1787128904.063945,openrouter,0.17500000000000002,1.0,0.825,72406,0.059734949999999995,1,consumer
361,1787129165.7774522,openrouter,0.17500000000000002,0.18462499999999998,0.009624999999999967,25142,0.00024199174999999917,1,consumer
362,1787129188.653771,openrouter,0.17500000000000002,0.18462499999999998,0.009624999999999967,27696,0.0002665739999999991,1,consumer
363,1787129196.6744409,openrouter,0.17500000000000002,0.18462499999999998,0.009624999999999967,28193,0.0002713576249999991,1,consumer
364,1787129210.8257802,openrouter,0.17500000000000002,0.18462499999999998,0.009624999999999967,30224,0.000290905999999999,1,consumer
365,1787129221.5051808,openrouter,0.17500000000000002,0.18462499999999998,0.009624999999999967,25155,0.00024211687499999917,1,consumer
366,1787129236.4699605,openrouter,0.17500000000000002,0.18462499999999998,0.009624999999999967,47508,0.0004572644999999984,1,consumer
367,1787129253.1656625,openrouter,0.17500000000000002,0.18462499999999998,0.009624999999999967,49892,0.0004802104999999984,1,consumer
368,1787129258.3547013,openrouter,0.17500000000000002,0.18462499999999998,0.009624999999999967,28561,0.0002748996249999991,1,consumer
369,1787129267.7299445,openrouter,0.17500000000000002,0.18462499999999998,0.009624999999999967,53201,0.0005120596249999983,1,consumer
370,1787129277.278472,openrouter,0.17500000000000002,0.18462499999999998,0.009624999999999967,29258,0.00028160824999999903,1,consumer
371,1787129284.2627118,openrouter,0.17500000000000002,0.18462499999999998,0.009624999999999967,25157,0.00024213612499999918,1,consumer
372,1787129284.4883363,openrouter,0.17500000000000002,0.18462499999999998,0.009624999999999967,25156,0.00024212649999999917,1,consumer
373,1787129290.3187733,openrouter,0.17500000000000002,0.18462499999999998,0.009624999999999967,31620,0.00030434249999999896,1,consumer
374,1787129294.1679442,openrouter,0.17500000000000002,0.18462499999999998,0.009624999999999967,57158,0.0005501457499999981,1,consumer
375,1787129302.1354697,openrouter,0.17500000000000002,0.18462499999999998,0.009624999999999967,34723,0.00033420887499999884,1,consumer
376,1787129305.5253088,openrouter,0.17500000000000002,0.18462499999999998,0.009624999999999967,57645,0.0005548331249999981,1,consumer
377,1787129311.3682365,openrouter,0.17500000000000002,0.18462499999999998,0.009624999999999967,27150,0.00026131874999999914,1,consumer
378,1787129317.0555532,openrouter,0.17500000000000002,0.18462499999999998,0.009624999999999967,36039,0.00034687537499999884,1,consumer
379,1787129318.5285053,openrouter,0.17500000000000002,0.18462499999999998,0.009624999999999967,27515,0.0002648318749999991,1,consumer
380,1787129329.1695333,openrouter,0.17500000000000002,0.18462499999999998,0.009624999999999967,46614,0.00044865974999999843,1,consumer
381,1787129331.640114,openrouter,0.17500000000000002,0.18462499999999998,0.009624999999999967,36311,0.0003494933749999988,1,consumer
382,1787129334.1326509,openrouter,0.17500000000000002,0.18462499999999998,0.009624999999999967,58643,0.000564438874999998,1,consumer
383,1787129335.7061899,openrouter,0.17500000000000002,0.18462499999999998,0.009624999999999967,39306,0.0003783202499999987,1,consumer
384,1787129344.157272,openrouter,0.17500000000000002,0.18462499999999998,0.009624999999999967,58896,0.0005668739999999981,1,consumer
385,1787129351.8327014,openrouter,0.17500000000000002,0.18462499999999998,0.009624999999999967,58999,0.000567865374999998,1,consumer
386,1787129353.2957778,openrouter,0.17500000000000002,0.18462499999999998,0.009624999999999967,53464,0.0005145909999999982,1,consumer
387,1787129357.947219,openrouter,0.17500000000000002,0.18462499999999998,0.009624999999999967,48727,0.00046899737499999836,1,consumer
388,1787129360.577827,openrouter,0.17500000000000002,0.18462499999999998,0.009624999999999967,59252,0.000570300499999998,1,consumer
389,1787129366.1211338,openrouter,0.17500000000000002,0.18462499999999998,0.009624999999999967,46502,0.0004475817499999985,1,consumer
390,1787129368.4793105,openrouter,0.17500000000000002,0.18462499999999998,0.009624999999999967,59474,0.000572437249999998,1,consumer
391,1787129382.1841521,openrouter,0.17500000000000002,0.18462499999999998,0.009624999999999967,59978,0.000577288249999998,1,consumer
392,1787129383.0491776,openrouter,0.17500000000000002,0.18462499999999998,0.009624999999999967,50613,0.0004871501249999983,1,consumer
393,1787129392.2159276,openrouter,0.17500000000000002,0.18462499999999998,0.009624999999999967,56808,0.0005467769999999981,1,consumer
394,1787129393.5063753,openrouter,0.17500000000000002,0.18462499999999998,0.009624999999999967,48619,0.0004679578749999984,1,consumer
395,1787129401.7914233,openrouter,0.17500000000000002,0.18462499999999998,0.009624999999999967,60528,0.0005825819999999979,1,consumer
396,1787129404.520378,openrouter,0.17500000000000002,0.18462499999999998,0.009624999999999967,60824,0.000585430999999998,1,consumer
397,1787129406.5868793,openrouter,0.17500000000000002,0.18462499999999998,0.009624999999999967,59642,0.000574054249999998,1,consumer
398,1787129409.1845396,openrouter,0.17500000000000002,0.18462499999999998,0.009624999999999967,50434,0.0004854272499999983,1,consumer
399,1787129418.8395123,openrouter,0.17500000000000002,0.18462499999999998,0.009624999999999967,61009,0.000587211624999998,1,consumer
400,1787129427.9949205,openrouter,0.17500000000000002,0.18462499999999998,0.009624999999999967,63978,0.000615788249999998,1,consumer
401,1787129431.3685913,openrouter,0.17500000000000002,0.18462499999999998,0.009624999999999967,61530,0.000592226249999998,1,consumer
402,1787129431.944737,openrouter,0.17500000000000002,0.18462499999999998,0.009624999999999967,52466,0.0005049852499999982,1,consumer
403,1787129438.1060038,openrouter,0.17500000000000002,0.18462499999999998,0.009624999999999967,67008,0.0006449519999999978,1,consumer
404,1787129441.7313073,openrouter,0.17500000000000002,0.18462499999999998,0.009624999999999967,61820,0.000595017499999998,1,consumer
405,1787129450.0132434,openrouter,0.17500000000000002,0.18462499999999998,0.009624999999999967,464,4.465999999999985e-06,1,consumer
406,1787129453.437051,openrouter,0.17500000000000002,0.18462499999999998,0.009624999999999967,53131,0.0005113858749999983,1,consumer
407,1787129459.5004966,openrouter,0.17500000000000002,0.18462499999999998,0.009624999999999967,62170,0.0005983862499999979,1,consumer
408,1787129468.765058,openrouter,0.17500000000000002,0.18462499999999998,0.009624999999999967,71507,0.0006882548749999976,1,consumer
409,1787129481.8736322,openrouter,0.17500000000000002,0.18462499999999998,0.009624999999999967,54719,0.0005266703749999982,1,consumer
410,1787129509.8133333,openrouter,0.17500000000000002,0.18462499999999998,0.009624999999999967,55684,0.0005359584999999981,1,consumer
411,1787129517.8647406,openrouter,0.17500000000000002,0.18462499999999998,0.009624999999999967,75812,0.0007296904999999975,1,consumer
412,1787129525.1656587,openrouter,0.17500000000000002,0.18462499999999998,0.009624999999999967,56341,0.0005422821249999981,1,consumer
413,1787129527.2476761,openrouter,0.17500000000000002,0.18462499999999998,0.009624999999999967,373,3.5901249999999875e-06,1,consumer
414,1787129529.9738498,openrouter,0.17500000000000002,0.18462499999999998,0.009624999999999967,76088,0.0007323469999999975,1,consumer
415,1787129537.5415976,openrouter,0.17500000000000002,0.18462499999999998,0.009624999999999967,56728,0.0005460069999999981,1,consumer
416,1787129551.067413,openrouter,0.17500000000000002,0.18462499999999998,0.009624999999999967,76372,0.0007350804999999975,1,consumer
417,1787129551.7672021,openrouter,0.17500000000000002,0.18462499999999998,0.009624999999999967,69415,0.0006681193749999977,1,consumer
418,1787129558.862518,openrouter,0.17500000000000002,0.18462499999999998,0.009624999999999967,76521,0.0007365146249999976,1,consumer
419,1787129564.1224875,openrouter,0.17500000000000002,0.18462499999999998,0.009624999999999967,70003,0.0006737788749999977,1,consumer
420,1787129568.7582958,openrouter,0.17500000000000002,0.18462499999999998,0.009624999999999967,77915,0.0007499318749999974,1,consumer
421,1787129572.5764475,openrouter,0.17500000000000002,0.18462499999999998,0.009624999999999967,71110,0.0006844337499999977,1,consumer
422,1787129577.0562267,openrouter,0.17500000000000002,0.18462499999999998,0.009624999999999967,78077,0.0007514911249999974,1,consumer
423,1787129585.8209105,openrouter,0.17500000000000002,0.18462499999999998,0.009624999999999967,72330,0.0006961762499999975,1,consumer
424,1787129586.0274646,openrouter,0.17500000000000002,0.18462499999999998,0.009624999999999967,78796,0.0007584114999999974,1,consumer
425,1787129590.494347,openrouter,0.17500000000000002,0.18462499999999998,0.009624999999999967,62407,0.0006006673749999979,1,consumer
426,1787129603.2028396,openrouter,0.17500000000000002,0.18462499999999998,0.009624999999999967,73336,0.0007058589999999975,1,consumer
427,1787129608.6300914,openrouter,0.17500000000000002,0.18462499999999998,0.009624999999999967,63167,0.0006079823749999979,1,consumer
428,1787129633.9833004,openrouter,0.17500000000000002,0.18462499999999998,0.009624999999999967,74536,0.0007174089999999975,1,consumer
429,1787129636.7437048,openrouter,0.17500000000000002,0.18462499999999998,0.009624999999999967,4878,4.695074999999984e-05,1,consumer
430,1787129642.994985,openrouter,0.17500000000000002,0.18462499999999998,0.009624999999999967,64381,0.0006196671249999979,1,consumer
431,1787129647.8260365,openrouter,0.17500000000000002,0.18462499999999998,0.009624999999999967,53515,0.0005150818749999983,1,consumer
432,1787129659.4798548,openrouter,0.17500000000000002,0.18462499999999998,0.009624999999999967,53941,0.0005191821249999982,1,consumer
433,1787129668.4667964,openrouter,0.17500000000000002,0.18462499999999998,0.009624999999999967,65526,0.0006306877499999978,1,consumer
434,1787129670.3325312,openrouter,0.17500000000000002,0.18462499999999998,0.009624999999999967,57003,0.0005486538749999982,1,consumer
435,1787129677.317468,openrouter,0.17500000000000002,0.18462499999999998,0.009624999999999967,76506,0.0007363702499999975,1,consumer
436,1787129680.5378113,openrouter,0.17500000000000002,0.18462499999999998,0.009624999999999967,55178,0.0005310882499999982,1,consumer
437,1787129695.6599498,openrouter,0.17500000000000002,0.18462499999999998,0.009624999999999967,67153,0.0006463476249999979,1,consumer
438,1787129707.7663133,openrouter,0.17500000000000002,0.18462499999999998,0.009624999999999967,59834,0.000575902249999998,1,consumer
439,1787129710.7132528,openrouter,0.17500000000000002,0.18462499999999998,0.009624999999999967,78249,0.0007531466249999974,1,consumer
440,1787129720.7606158,openrouter,0.17500000000000002,0.18462499999999998,0.009624999999999967,59937,0.000576893624999998,1,consumer
441,1787129722.6954918,openrouter,0.17500000000000002,0.18462499999999998,0.009624999999999967,68071,0.0006551833749999978,1,consumer
442,1787129724.0648656,openrouter,0.17500000000000002,0.18462499999999998,0.009624999999999967,78733,0.0007578051249999974,1,consumer
443,1787129729.956825,openrouter,0.17500000000000002,0.18462499999999998,0.009624999999999967,60138,0.000578828249999998,1,consumer
444,1787129738.2920659,openrouter,0.17500000000000002,0.18462499999999998,0.009624999999999967,60719,0.000584420374999998,1,consumer
445,1787129745.0885072,openrouter,0.17500000000000002,0.18462499999999998,0.009624999999999967,79604,0.0007661884999999974,1,consumer
446,1787129749.5871236,openrouter,0.17500000000000002,0.18462499999999998,0.009624999999999967,57215,0.0005506943749999981,1,consumer
447,1787129752.9147391,openrouter,0.17500000000000002,0.18462499999999998,0.009624999999999967,61436,0.000591321499999998,1,consumer
448,1787129760.4942844,openrouter,0.17500000000000002,0.18462499999999998,0.009624999999999967,57473,0.0005531776249999981,1,consumer
449,1787129764.53745,openrouter,0.17500000000000002,0.18462499999999998,0.009624999999999967,61739,0.000594237874999998,1,consumer
450,1787129766.7119396,openrouter,0.17500000000000002,0.18462499999999998,0.009624999999999967,57727,0.0005556223749999981,1,consumer
451,1787129771.3689396,openrouter,0.17500000000000002,0.18462499999999998,0.009624999999999967,61876,0.000595556499999998,1,consumer
452,1787129779.2232833,openrouter,0.17500000000000002,0.18462499999999998,0.009624999999999967,62562,0.0006021592499999979,1,consumer
453,1787129784.1688592,openrouter,0.17500000000000002,0.18462499999999998,0.009624999999999967,58079,0.0005590103749999982,1,consumer
454,1787129785.703269,openrouter,0.17500000000000002,0.18462499999999998,0.009624999999999967,4160,4.003999999999987e-05,1,consumer
455,1787129788.936879,openrouter,0.17500000000000002,0.18462499999999998,0.009624999999999967,63622,0.0006123617499999978,1,consumer
456,1787129797.4085252,openrouter,0.17500000000000002,0.18462499999999998,0.009624999999999967,63748,0.0006135744999999979,1,consumer
457,1787129805.102336,openrouter,0.17500000000000002,0.18462499999999998,0.009624999999999967,63897,0.0006150086249999979,1,consumer
458,1787129806.9551914,openrouter,0.17500000000000002,0.18462499999999998,0.009624999999999967,54221,0.0005218771249999981,1,consumer
459,1787129823.3955681,openrouter,0.17500000000000002,0.18462499999999998,0.009624999999999967,64670,0.0006224487499999978,1,consumer
460,1787129826.6870406,openrouter,0.17500000000000002,0.18462499999999998,0.009624999999999967,59124,0.000569068499999998,1,consumer
461,1787129828.130361,openrouter,0.17500000000000002,0.18462499999999998,0.009624999999999967,54808,0.0005275269999999982,1,consumer
462,1787129832.6877015,openrouter,0.17500000000000002,0.18462499999999998,0.009624999999999967,64800,0.0006236999999999979,1,consumer
463,1787129834.8633552,openrouter,0.17500000000000002,0.18462499999999998,0.009624999999999967,59525,0.000572928124999998,1,consumer
464,1787129834.8862917,openrouter,0.17500000000000002,0.18462499999999998,0.009624999999999967,69561,0.0006695246249999977,1,consumer
465,1787129845.7040093,openrouter,0.17500000000000002,0.18462499999999998,0.009624999999999967,64983,0.0006254613749999979,1,consumer
466,1787129847.1900573,openrouter,0.17500000000000002,0.18462499999999998,0.009624999999999967,56573,0.0005445151249999981,1,consumer
467,1787129855.0959272,openrouter,0.17500000000000002,0.18462499999999998,0.009624999999999967,70693,0.0006804201249999977,1,consumer
468,1787129863.0828104,openrouter,0.17500000000000002,0.18462499999999998,0.009624999999999967,65614,0.0006315347499999979,1,consumer
469,1787129869.1558332,openrouter,0.17500000000000002,0.18462499999999998,0.009624999999999967,58097,0.000559183624999998,1,consumer
470,1787129869.3306985,openrouter,0.17500000000000002,0.18462499999999998,0.009624999999999967,61001,0.0005871346249999979,1,consumer
471,1787129869.9861765,openrouter,0.17500000000000002,0.18462499999999998,0.009624999999999967,71180,0.0006851074999999977,1,consumer
472,1787129873.3713484,openrouter,0.17500000000000002,0.18462499999999998,0.009624999999999967,65863,0.0006339313749999979,1,consumer
473,1787129878.3440561,openrouter,0.17500000000000002,0.18462499999999998,0.009624999999999967,71312,0.0006863779999999977,1,consumer
474,1787129881.9038925,openrouter,0.17500000000000002,0.18462499999999998,0.009624999999999967,58689,0.0005648816249999981,1,consumer
475,1787129883.1225853,openrouter,0.17500000000000002,0.18462499999999998,0.009624999999999967,66318,0.0006383107499999979,1,consumer
476,1787129887.5977042,openrouter,0.17500000000000002,0.18462499999999998,0.009624999999999967,71787,0.0006909498749999976,1,consumer
477,1787129893.4018226,openrouter,0.17500000000000002,0.18462499999999998,0.009624999999999967,61246,0.0005894927499999979,1,consumer
478,1787129894.0067406,openrouter,0.17500000000000002,0.18462499999999998,0.009624999999999967,67046,0.0006453177499999977,1,consumer
479,1787129903.8819795,openrouter,0.17500000000000002,0.18462499999999998,0.009624999999999967,72597,0.0006987461249999976,1,consumer
480,1787129907.796111,openrouter,0.17500000000000002,0.18462499999999998,0.009624999999999967,69261,0.0006666371249999977,1,consumer
481,1787129908.006934,openrouter,0.17500000000000002,0.18462499999999998,0.009624999999999967,60430,0.0005816387499999981,1,consumer
482,1787129911.0969634,openrouter,0.17500000000000002,0.18462499999999998,0.009624999999999967,61738,0.000594228249999998,1,consumer
483,1787129923.8784316,openrouter,0.17500000000000002,0.18462499999999998,0.009624999999999967,62098,0.000597693249999998,1,consumer
484,1787129931.49762,openrouter,0.17500000000000002,0.18462499999999998,0.009624999999999967,62178,0.000598463249999998,1,consumer
485,1787129931.9790633,openrouter,0.17500000000000002,0.18462499999999998,0.009624999999999967,72301,0.0006958971249999976,1,consumer
486,1787129932.6791322,openrouter,0.17500000000000002,0.18462499999999998,0.009624999999999967,62206,0.0005987327499999979,1,consumer
487,1787129941.5654159,openrouter,0.17500000000000002,0.18462499999999998,0.009624999999999967,325,3.1281249999999892e-06,1,consumer
488,1787129959.8949625,openrouter,0.17500000000000002,0.18462499999999998,0.009624999999999967,62406,0.000600657749999998,1,consumer
489,1787129960.9592807,openrouter,0.17500000000000002,0.18462499999999998,0.009624999999999967,62679,0.0006032853749999979,1,consumer
490,1787129961.6581986,openrouter,0.9,0.4,0.0,0,0.0,1,consumer
491,1787129965.3554168,openrouter,0.17500000000000002,0.18462499999999998,0.009624999999999967,73461,0.0007070621249999975,1,consumer
492,1787129975.7078514,openrouter,0.17500000000000002,0.18462499999999998,0.009624999999999967,1054,1.0144749999999964e-05,1,consumer
493,1787129976.3453364,openrouter,0.17500000000000002,0.18462499999999998,0.009624999999999967,63464,0.0006108409999999978,1,consumer
494,1787129981.4139924,openrouter,0.17500000000000002,0.18462499999999998,0.009624999999999967,74987,0.0007217498749999975,1,consumer
495,1787129986.7305381,openrouter,0.17500000000000002,0.18462499999999998,0.009624999999999967,73677,0.0007091411249999976,1,consumer
496,1787129992.1790624,openrouter,0.17500000000000002,0.18462499999999998,0.009624999999999967,66907,0.0006439798749999978,1,consumer
497,1787129993.4574177,openrouter,0.17500000000000002,0.18462499999999998,0.009624999999999967,75418,0.0007258982499999975,1,consumer
498,1787129998.2467508,openrouter,0.17500000000000002,0.18462499999999998,0.009624999999999967,74054,0.0007127697499999976,1,consumer
499,1787130003.1593401,openrouter,0.17500000000000002,0.18462499999999998,0.009624999999999967,75777,0.0007293536249999975,1,consumer
500,1787130006.666616,openrouter,0.17500000000000002,0.18462499999999998,0.009624999999999967,74942,0.0007213167499999976,1,consumer
501,1787130011.313387,openrouter,0.17500000000000002,0.18462499999999998,0.009624999999999967,67286,0.0006476277499999977,1,consumer
502,1787130014.6829371,openrouter,0.17500000000000002,0.18462499999999998,0.009624999999999967,65860,0.0006339024999999979,1,consumer
503,1787130019.499339,openrouter,0.17500000000000002,0.18462499999999998,0.009624999999999967,492,4.735499999999984e-06,1,consumer
504,1787130023.189667,openrouter,0.17500000000000002,0.18462499999999998,0.009624999999999967,67898,0.0006535182499999978,1,consumer
505,1787130034.6369758,openrouter,0.17500000000000002,0.18462499999999998,0.009624999999999967,66661,0.0006416121249999978,1,consumer
506,1787130037.1309934,openrouter,0.17500000000000002,0.18462499999999998,0.009624999999999967,68181,0.0006562421249999977,1,consumer
507,1787130040.4412093,openrouter,0.17500000000000002,0.18462499999999998,0.009624999999999967,36,3.464999999999988e-07,1,consumer
508,1787130042.7201116,openrouter,0.17500000000000002,0.18462499999999998,0.009624999999999967,76488,0.0007361969999999975,1,consumer
509,1787130051.9063556,openrouter,0.17500000000000002,0.18462499999999998,0.009624999999999967,67013,0.0006450001249999977,1,consumer
510,1787130052.7328246,openrouter,0.17500000000000002,0.18462499999999998,0.009624999999999967,68505,0.0006593606249999977,1,consumer
511,1787130062.2832386,openrouter,0.17500000000000002,0.18462499999999998,0.009624999999999967,77070,0.0007417987499999974,1,consumer
512,1787130070.8993375,openrouter,0.17500000000000002,0.18462499999999998,0.009624999999999967,67189,0.0006466941249999978,1,consumer
513,1787130072.4432983,openrouter,0.9,0.4,0.0,0,0.0,1,consumer
514,1787130076.193869,openrouter,0.17500000000000002,0.18462499999999998,0.009624999999999967,69347,0.0006674648749999977,1,consumer
515,1787130081.4337523,openrouter,0.17500000000000002,0.18462499999999998,0.009624999999999967,77529,0.0007462166249999975,1,consumer
516,1787130082.2399642,openrouter,0.17500000000000002,0.18462499999999998,0.009624999999999967,67758,0.0006521707499999977,1,consumer
517,1787130085.0033653,openrouter,0.17500000000000002,0.18462499999999998,0.009624999999999967,553,5.322624999999982e-06,1,consumer
518,1787130097.6904216,openrouter,0.17500000000000002,0.18462499999999998,0.009624999999999967,77745,0.0007482956249999975,1,consumer
519,1787130098.1707208,openrouter,0.17500000000000002,0.18462499999999998,0.009624999999999967,69902,0.0006728067499999977,1,consumer
520,1787130107.719988,openrouter,0.17500000000000002,0.18462499999999998,0.009624999999999967,70263,0.0006762813749999977,1,consumer
521,1787130107.8163888,openrouter,0.17500000000000002,0.18462499999999998,0.009624999999999967,76269,0.0007340891249999975,1,consumer
522,1787130112.496445,openrouter,0.17500000000000002,0.18462499999999998,0.009624999999999967,67984,0.0006543459999999977,1,consumer
523,1787130113.7922053,openrouter,0.17500000000000002,0.18462499999999998,0.009624999999999967,71206,0.0006853577499999976,1,consumer
524,1787130116.6952205,openrouter,0.9,0.4,0.0,0,0.0,1,consumer
525,1787130120.6854665,openrouter,0.17500000000000002,0.18462499999999998,0.009624999999999967,76737,0.0007385936249999975,1,consumer
526,1787130121.8719087,openrouter,0.17500000000000002,0.18462499999999998,0.009624999999999967,68143,0.0006558763749999977,1,consumer
527,1787130122.3389301,openrouter,0.17500000000000002,0.18462499999999998,0.009624999999999967,78652,0.0007570254999999974,1,consumer
528,1787130131.4815,openrouter,0.17500000000000002,0.18462499999999998,0.009624999999999967,73808,0.0007104019999999976,1,consumer
529,1787130137.2538235,openrouter,0.17500000000000002,0.18462499999999998,0.009624999999999967,79459,0.0007647928749999974,1,consumer
530,1787130137.9899652,openrouter,0.9,0.4,0.0,0,0.0,1,consumer
531,1787130138.7265136,openrouter,0.17500000000000002,0.18462499999999998,0.009624999999999967,77567,0.0007465823749999975,1,consumer
532,1787130140.7628322,openrouter,0.17500000000000002,0.18462499999999998,0.009624999999999967,67333,0.0006480801249999978,1,consumer
533,1787130142.1243024,openrouter,0.17500000000000002,0.18462499999999998,0.009624999999999967,69545,0.0006693706249999978,1,consumer
534,1787130149.6267207,openrouter,0.17500000000000002,0.18462499999999998,0.009624999999999967,78014,0.0007508847499999974,1,consumer
535,1787130151.354641,openrouter,0.17500000000000002,0.18462499999999998,0.009624999999999967,70023,0.0006739713749999977,1,consumer
536,1787130154.7756329,openrouter,0.17500000000000002,0.18462499999999998,0.009624999999999967,222,2.1367499999999927e-06,1,consumer
537,1787130166.552257,openrouter,0.17500000000000002,0.18462499999999998,0.009624999999999967,49888,0.0004801719999999984,1,consumer
538,1787130169.5967705,openrouter,0.17500000000000002,0.18462499999999998,0.009624999999999967,78863,0.0007590563749999973,1,consumer
539,1787130171.9856918,openrouter,0.17500000000000002,0.18462499999999998,0.009624999999999967,74975,0.0007216343749999975,1,consumer
540,1787130173.679268,openrouter,0.17500000000000002,0.18462499999999998,0.009624999999999967,70771,0.0006811708749999976,1,consumer
541,1787130185.3645775,openrouter,0.17500000000000002,0.18462499999999998,0.009624999999999967,71034,0.0006837022499999977,1,consumer
542,1787130185.8629913,openrouter,0.17500000000000002,0.18462499999999998,0.009624999999999967,53234,0.0005123772499999982,1,consumer
543,1787130185.9211962,openrouter,0.17500000000000002,0.18462499999999998,0.009624999999999967,76050,0.0007319812499999974,1,consumer
544,1787130198.214376,openrouter,0.17500000000000002,0.18462499999999998,0.009624999999999967,71360,0.0006868399999999976,1,consumer
545,1787130199.8236158,openrouter,0.17500000000000002,0.18462499999999998,0.009624999999999967,78248,0.0007531369999999975,1,consumer
546,1787130209.4241877,openrouter,0.17500000000000002,0.18462499999999998,0.009624999999999967,56156,0.0005405014999999982,1,consumer
547,1787130216.1874056,openrouter,0.17500000000000002,0.18462499999999998,0.009624999999999967,71681,0.0006899296249999977,1,consumer
548,1787130219.1198907,openrouter,0.17500000000000002,0.18462499999999998,0.009624999999999967,56285,0.0005417431249999981,1,consumer
549,1787130219.8467624,openrouter,0.9,0.4,0.0,0,0.0,1,consumer
550,1787130234.1014857,openrouter,0.17500000000000002,0.18462499999999998,0.009624999999999967,57225,0.0005507906249999982,1,consumer
551,1787130242.6630712,openrouter,0.17500000000000002,0.18462499999999998,0.009624999999999967,58001,0.0005582596249999981,1,consumer
552,1787130254.2247093,openrouter,0.17500000000000002,0.18462499999999998,0.009624999999999967,58151,0.0005597033749999981,1,consumer
553,1787130255.9966605,openrouter,0.17500000000000002,0.18462499999999998,0.009624999999999967,73218,0.0007047232499999976,1,consumer
554,1787130262.4057586,openrouter,0.17500000000000002,0.18462499999999998,0.009624999999999967,58376,0.000561868999999998,1,consumer
555,1787130266.5958095,openrouter,0.17500000000000002,0.18462499999999998,0.009624999999999967,90031,0.000866548374999997,1,consumer
556,1787130291.0059288,openrouter,0.17500000000000002,0.18462499999999998,0.009624999999999967,73618,0.0007085732499999975,1,consumer
557,1787130291.128531,openrouter,0.17500000000000002,0.18462499999999998,0.009624999999999967,58686,0.0005648527499999981,1,consumer
558,1787130294.4277759,openrouter,0.17500000000000002,0.18462499999999998,0.009624999999999967,362,3.484249999999988e-06,1,consumer
559,1787130305.1761687,openrouter,0.17500000000000002,0.18462499999999998,0.009624999999999967,58867,0.000566594874999998,1,consumer
560,1787130305.8395452,openrouter,0.9,0.4,0.0,0,0.0,1,consumer
561,1787130308.746043,openrouter,0.17500000000000002,0.18462499999999998,0.009624999999999967,74730,0.0007192762499999975,1,consumer
562,1787130327.4340339,openrouter,0.17500000000000002,0.18462499999999998,0.009624999999999967,74984,0.0007217209999999975,1,consumer
563,1787130330.712182,openrouter,0.17500000000000002,0.18462499999999998,0.009624999999999967,60253,0.000579935124999998,1,consumer
564,1787130333.5047529,openrouter,0.17500000000000002,0.18462499999999998,0.009624999999999967,5185,4.990562499999983e-05,1,consumer
565,1787130341.213026,openrouter,0.17500000000000002,0.18462499999999998,0.009624999999999967,60418,0.000581523249999998,1,consumer
566,1787130343.015792,openrouter,0.17500000000000002,0.18462499999999998,0.009624999999999967,75761,0.0007291996249999974,1,consumer
567,1787130349.5413826,openrouter,0.17500000000000002,0.18462499999999998,0.009624999999999967,60384,0.000581195999999998,1,consumer
568,1787130351.6962597,openrouter,0.17500000000000002,0.18462499999999998,0.009624999999999967,54104,0.0005207509999999981,1,consumer
569,1787130364.4870353,openrouter,0.17500000000000002,0.18462499999999998,0.009624999999999967,64258,0.0006184832499999979,1,consumer
570,1787130365.138853,openrouter,0.17500000000000002,0.18462499999999998,0.009624999999999967,63978,0.000615788249999998,1,consumer
571,1787130369.9680257,openrouter,0.17500000000000002,0.18462499999999998,0.009624999999999967,54271,0.0005223583749999982,1,consumer
572,1787130374.605521,openrouter,0.17500000000000002,0.18462499999999998,0.009624999999999967,76451,0.0007358408749999975,1,consumer
573,1787130378.010209,openrouter,0.17500000000000002,0.18462499999999998,0.009624999999999967,54397,0.0005235711249999982,1,consumer
574,1787130382.145545,openrouter,0.17500000000000002,0.18462499999999998,0.009624999999999967,64729,0.0006230166249999978,1,consumer
575,1787130385.6609592,openrouter,0.17500000000000002,0.18462499999999998,0.009624999999999967,54707,0.0005265548749999982,1,consumer
576,1787130392.1690426,openrouter,0.17500000000000002,0.18462499999999998,0.009624999999999967,64735,0.0006230743749999979,1,consumer
577,1787130394.6142426,openrouter,0.17500000000000002,0.18462499999999998,0.009624999999999967,49324,0.0004747434999999984,1,consumer
578,1787130395.1726422,openrouter,0.17500000000000002,0.18462499999999998,0.009624999999999967,6733,6.480512499999977e-05,1,consumer
579,1787130401.7190337,openrouter,0.17500000000000002,0.18462499999999998,0.009624999999999967,77302,0.0007440317499999975,1,consumer
580,1787130414.5062237,openrouter,0.17500000000000002,0.18462499999999998,0.009624999999999967,56025,0.0005392406249999981,1,consumer
581,1787130415.4184866,openrouter,0.17500000000000002,0.18462499999999998,0.009624999999999967,78277,0.0007534161249999975,1,consumer
582,1787130423.9170268,openrouter,0.17500000000000002,0.18462499999999998,0.009624999999999967,50100,0.0004822124999999983,1,consumer
583,1787130425.124555,openrouter,0.17500000000000002,0.18462499999999998,0.009624999999999967,56508,0.0005438894999999982,1,consumer
584,1787130441.7955606,openrouter,0.17500000000000002,0.18462499999999998,0.009624999999999967,57047,0.0005490773749999981,1,consumer
585,1787130446.3727982,openrouter,0.17500000000000002,0.18462499999999998,0.009624999999999967,50712,0.0004881029999999983,1,consumer
586,1787130449.632085,openrouter,0.17500000000000002,0.18462499999999998,0.009624999999999967,57056,0.0005491639999999981,1,consumer
587,1787130459.66282,openrouter,0.17500000000000002,0.18462499999999998,0.009624999999999967,57441,0.0005528696249999981,1,consumer
588,1787130459.73082,openrouter,0.17500000000000002,0.18462499999999998,0.009624999999999967,79296,0.0007632239999999975,1,consumer
589,1787130469.1539688,openrouter,0.17500000000000002,0.18462499999999998,0.009624999999999967,51327,0.0004940223749999983,1,consumer
590,1787130473.8365848,openrouter,0.17500000000000002,0.18462499999999998,0.009624999999999967,57689,0.000555256624999998,1,consumer
591,1787130486.029278,openrouter,0.17500000000000002,0.18462499999999998,0.009624999999999967,12,1.154999999999996e-07,1,consumer
592,1787130487.4789174,openrouter,0.17500000000000002,0.18462499999999998,0.009624999999999967,51848,0.0004990369999999983,1,consumer
593,1787130493.1057878,openrouter,0.17500000000000002,0.18462499999999998,0.009624999999999967,11687,0.00011248737499999962,1,consumer
594,1787130493.7877893,openrouter,0.17500000000000002,0.18462499999999998,0.009624999999999967,57853,0.0005568351249999981,1,consumer
595,1787130497.3019102,openrouter,0.17500000000000002,0.18462499999999998,0.009624999999999967,52162,0.0005020592499999983,1,consumer
596,1787130509.0051568,openrouter,0.17500000000000002,0.18462499999999998,0.009624999999999967,55326,0.0005325127499999982,1,consumer
597,1787130512.00672,openrouter,0.17500000000000002,0.18462499999999998,0.009624999999999967,59104,0.000568875999999998,1,consumer
598,1787130525.060534,openrouter,0.17500000000000002,0.18462499999999998,0.009624999999999967,59702,0.0005746317499999981,1,consumer
599,1787130531.3187704,openrouter,0.17500000000000002,0.18462499999999998,0.009624999999999967,56000,0.0005389999999999981,1,consumer
600,1787130535.4965339,openrouter,0.17500000000000002,0.18462499999999998,0.009624999999999967,60256,0.000579963999999998,1,consumer
601,1787130538.9853542,openrouter,0.17500000000000002,0.18462499999999998,0.009624999999999967,55723,0.0005363338749999981,1,consumer
602,1787130551.8407645,openrouter,0.17500000000000002,0.18462499999999998,0.009624999999999967,56262,0.0005415217499999982,1,consumer
603,1787130552.7509143,openrouter,0.17500000000000002,0.18462499999999998,0.009624999999999967,53483,0.0005147738749999983,1,consumer
604,1787130568.9687307,openrouter,0.17500000000000002,0.18462499999999998,0.009624999999999967,62682,0.000603314249999998,1,consumer
605,1787130574.8730814,openrouter,0.17500000000000002,0.18462499999999998,0.009624999999999967,50619,0.0004872078749999984,1,consumer
606,1787130579.5361936,openrouter,0.17500000000000002,0.18462499999999998,0.009624999999999967,57800,0.0005563249999999981,1,consumer
607,1787130596.984507,openrouter,0.17500000000000002,0.18462499999999998,0.009624999999999967,54183,0.0005215113749999982,1,consumer
608,1787130605.836094,openrouter,0.17500000000000002,0.18462499999999998,0.009624999999999967,50831,0.0004892483749999984,1,consumer
609,1787130606.077375,openrouter,0.17500000000000002,0.18462499999999998,0.009624999999999967,58358,0.0005616957499999981,1,consumer
610,1787130611.7221034,openrouter,0.17500000000000002,0.18462499999999998,0.009624999999999967,63723,0.0006133338749999979,1,consumer
611,1787130617.394235,openrouter,0.17500000000000002,0.18462499999999998,0.009624999999999967,57375,0.000552234374999998,1,consumer
612,1787130620.04168,openrouter,0.17500000000000002,0.18462499999999998,0.009624999999999967,58993,0.0005678076249999981,1,consumer
613,1787130623.6497335,openrouter,0.17500000000000002,0.18462499999999998,0.009624999999999967,63866,0.0006147102499999979,1,consumer
614,1787130628.0096788,openrouter,0.17500000000000002,0.18462499999999998,0.009624999999999967,57879,0.0005570853749999981,1,consumer
615,1787130632.2702947,openrouter,0.17500000000000002,0.18462499999999998,0.009624999999999967,59616,0.0005738039999999981,1,consumer
616,1787130639.040339,openrouter,0.17500000000000002,0.18462499999999998,0.009624999999999967,58800,0.000565949999999998,1,consumer
617,1787130640.1187148,openrouter,0.17500000000000002,0.18462499999999998,0.009624999999999967,64621,0.0006219771249999979,1,consumer
618,1787130647.5206864,openrouter,0.17500000000000002,0.18462499999999998,0.009624999999999967,60625,0.000583515624999998,1,consumer
619,1787130647.753353,openrouter,0.17500000000000002,0.18462499999999998,0.009624999999999967,64676,0.0006225064999999979,1,consumer
620,1787130649.2553964,openrouter,0.17500000000000002,0.18462499999999998,0.009624999999999967,60205,0.000579473124999998,1,consumer
621,1787130658.0818217,openrouter,0.17500000000000002,0.18462499999999998,0.009624999999999967,65621,0.0006316021249999979,1,consumer
622,1787130662.6134603,openrouter,0.17500000000000002,0.18462499999999998,0.009624999999999967,61691,0.000593775874999998,1,consumer
623,1787130669.6794345,openrouter,0.17500000000000002,0.18462499999999998,0.009624999999999967,61831,0.000595123374999998,1,consumer
624,1787130674.7182896,openrouter,0.17500000000000002,0.18462499999999998,0.009624999999999967,58269,0.000560839124999998,1,consumer
625,1787130676.4117136,openrouter,0.17500000000000002,0.18462499999999998,0.009624999999999967,62218,0.0005988482499999979,1,consumer
626,1787130677.1630454,ppq,0.18462499999999998,1.0,0.815375,61186,0.04988953475,1,consumer
627,1787130685.731235,openrouter,0.17500000000000002,0.18462499999999998,0.009624999999999967,61388,0.000590859499999998,1,consumer
628,1787130686.4489133,openrouter,0.17500000000000002,0.18462499999999998,0.009624999999999967,63293,0.000609195124999998,1,consumer
629,1787130689.653286,openrouter,0.17500000000000002,0.18462499999999998,0.009624999999999967,66025,0.0006354906249999979,1,consumer
630,1787130692.7514017,openrouter,0.17500000000000002,0.18462499999999998,0.009624999999999967,61552,0.000592437999999998,1,consumer
631,1787130693.8212438,openrouter,0.17500000000000002,0.18462499999999998,0.009624999999999967,63776,0.0006138439999999979,1,consumer
632,1787130698.7420118,openrouter,0.17500000000000002,0.18462499999999998,0.009624999999999967,66322,0.0006383492499999978,1,consumer
633,1787130706.6237953,openrouter,0.17500000000000002,0.18462499999999998,0.009624999999999967,66675,0.0006417468749999978,1,consumer
634,1787130706.7008574,openrouter,0.17500000000000002,0.18462499999999998,0.009624999999999967,64556,0.0006213514999999978,1,consumer
635,1787130709.0668664,openrouter,0.17500000000000002,0.18462499999999998,0.009624999999999967,62372,0.0006003304999999979,1,consumer
636,1787130716.3836305,openrouter,0.17500000000000002,0.18462499999999998,0.009624999999999967,25156,0.00024212649999999917,1,consumer
637,1787130717.1290889,openrouter,0.17500000000000002,0.18462499999999998,0.009624999999999967,67068,0.0006455294999999978,1,consumer
638,1787130718.19085,openrouter,0.17500000000000002,0.18462499999999998,0.009624999999999967,65559,0.0006310053749999978,1,consumer
639,1787130727.334051,openrouter,0.17500000000000002,0.18462499999999998,0.009624999999999967,67780,0.0006523824999999977,1,consumer
640,1787130732.8597562,openrouter,0.17500000000000002,0.18462499999999998,0.009624999999999967,59345,0.000571195624999998,1,consumer
641,1787130737.560705,openrouter,0.17500000000000002,0.18462499999999998,0.009624999999999967,27377,0.0002635036249999991,1,consumer
642,1787130740.9621005,openrouter,0.17500000000000002,0.18462499999999998,0.009624999999999967,68502,0.0006593317499999977,1,consumer
643,1787130747.472354,openrouter,0.17500000000000002,0.18462499999999998,0.009624999999999967,67014,0.0006450097499999978,1,consumer
644,1787130748.1896913,openrouter,0.17500000000000002,0.18462499999999998,0.009624999999999967,68840,0.0006625849999999978,1,consumer
645,1787130757.0877674,openrouter,0.17500000000000002,0.18462499999999998,0.009624999999999967,69411,0.0006680808749999977,1,consumer
646,1787130758.8729343,openrouter,0.17500000000000002,0.18462499999999998,0.009624999999999967,67697,0.0006515836249999977,1,consumer
647,1787130768.2149682,openrouter,0.17500000000000002,0.18462499999999998,0.009624999999999967,69550,0.0006694187499999976,1,consumer
648,1787130775.021725,openrouter,0.17500000000000002,0.18462499999999998,0.009624999999999967,68558,0.0006598707499999978,1,consumer
649,1787130778.3385136,openrouter,0.17500000000000002,0.18462499999999998,0.009624999999999967,69914,0.0006729222499999977,1,consumer
650,1787130783.5935192,openrouter,0.17500000000000002,0.18462499999999998,0.009624999999999967,68746,0.0006616802499999977,1,consumer
651,1787130784.238544,openrouter,0.17500000000000002,0.18462499999999998,0.009624999999999967,39764,0.0003827284999999987,1,consumer
652,1787130789.5079062,openrouter,0.17500000000000002,0.18462499999999998,0.009624999999999967,70099,0.0006747028749999977,1,consumer
653,1787130807.1572976,openrouter,0.17500000000000002,0.18462499999999998,0.009624999999999967,68899,0.0006631528749999978,1,consumer
654,1787130814.905748,openrouter,0.17500000000000002,0.18462499999999998,0.009624999999999967,70358,0.0006771957499999977,1,consumer
655,1787130815.3683777,openrouter,0.17500000000000002,0.18462499999999998,0.009624999999999967,71219,0.0006854828749999976,1,consumer
656,1787130823.1011302,openrouter,0.17500000000000002,0.18462499999999998,0.009624999999999967,44938,0.0004325282499999985,1,consumer
657,1787130831.1350055,openrouter,0.17500000000000002,0.18462499999999998,0.009624999999999967,63860,0.0006146524999999978,1,consumer
658,1787130833.2528768,openrouter,0.17500000000000002,0.18462499999999998,0.009624999999999967,73077,0.0007033661249999976,1,consumer
659,1787130838.6426697,openrouter,0.17500000000000002,0.18462499999999998,0.009624999999999967,48034,0.0004623272499999984,1,consumer
660,1787130844.2548919,openrouter,0.17500000000000002,0.18462499999999998,0.009624999999999967,73842,0.0007107292499999976,1,consumer
661,1787130844.7554207,openrouter,0.17500000000000002,0.18462499999999998,0.009624999999999967,71988,0.0006928844999999976,1,consumer
662,1787130848.8660624,openrouter,0.17500000000000002,0.18462499999999998,0.009624999999999967,49414,0.00047560974999999835,1,consumer
663,1787130851.5249808,openrouter,0.17500000000000002,0.18462499999999998,0.009624999999999967,73974,0.0007119997499999976,1,consumer
664,1787130856.8722472,openrouter,0.17500000000000002,0.18462499999999998,0.009624999999999967,72244,0.0006953484999999976,1,consumer
665,1787130860.899134,openrouter,0.17500000000000002,0.18462499999999998,0.009624999999999967,49717,0.0004785261249999983,1,consumer
666,1787130864.5817983,openrouter,0.17500000000000002,0.18462499999999998,0.009624999999999967,72420,0.0006970424999999976,1,consumer
667,1787130872.1430564,openrouter,0.17500000000000002,0.18462499999999998,0.009624999999999967,72654,0.0006992947499999976,1,consumer
668,1787130874.075608,openrouter,0.17500000000000002,0.18462499999999998,0.009624999999999967,75987,0.0007313748749999975,1,consumer
669,1787130884.3684735,openrouter,0.17500000000000002,0.18462499999999998,0.009624999999999967,73159,0.0007041553749999976,1,consumer
670,1787130890.3250678,openrouter,0.17500000000000002,0.18462499999999998,0.009624999999999967,51610,0.0004967462499999983,1,consumer
671,1787130895.9110997,openrouter,0.17500000000000002,0.18462499999999998,0.009624999999999967,77213,0.0007431751249999974,1,consumer
672,1787130899.670283,openrouter,0.17500000000000002,0.18462499999999998,0.009624999999999967,56690,0.0005456412499999981,1,consumer
673,1787130899.738396,openrouter,0.17500000000000002,0.18462499999999998,0.009624999999999967,73694,0.0007093047499999976,1,consumer
674,1787130906.8499572,openrouter,0.17500000000000002,0.18462499999999998,0.009624999999999967,77412,0.0007450904999999974,1,consumer
675,1787130908.4303093,openrouter,0.17500000000000002,0.18462499999999998,0.009624999999999967,74158,0.0007137707499999975,1,consumer
676,1787130915.157547,openrouter,0.17500000000000002,0.18462499999999998,0.009624999999999967,77761,0.0007484496249999975,1,consumer
677,1787130916.9720514,openrouter,0.17500000000000002,0.18462499999999998,0.009624999999999967,74626,0.0007182752499999975,1,consumer
678,1787130918.7842736,openrouter,0.9,0.4,0.0,0,0.0,1,consumer
679,1787130922.5664077,openrouter,0.17500000000000002,0.18462499999999998,0.009624999999999967,56915,0.0005478068749999982,1,consumer
680,1787130923.6689615,openrouter,0.17500000000000002,0.18462499999999998,0.009624999999999967,78075,0.0007514718749999975,1,consumer
681,1787130932.7496095,openrouter,0.17500000000000002,0.18462499999999998,0.009624999999999967,78183,0.0007525113749999974,1,consumer
682,1787130934.4657042,openrouter,0.17500000000000002,0.18462499999999998,0.009624999999999967,58080,0.0005590199999999981,1,consumer
683,1787130935.2733822,openrouter,0.17500000000000002,0.18462499999999998,0.009624999999999967,78415,0.0007547443749999974,1,consumer
684,1787130942.8395686,openrouter,0.17500000000000002,0.18462499999999998,0.009624999999999967,78756,0.0007580264999999974,1,consumer
685,1787130949.6400092,openrouter,0.17500000000000002,0.18462499999999998,0.009624999999999967,60408,0.000581426999999998,1,consumer
686,1787130951.9149146,openrouter,0.17500000000000002,0.18462499999999998,0.009624999999999967,79108,0.0007614144999999973,1,consumer
687,1787130958.629803,openrouter,0.17500000000000002,0.18462499999999998,0.009624999999999967,80114,0.0007710972499999973,1,consumer
688,1787131007.165135,openrouter,0.17500000000000002,0.18462499999999998,0.009624999999999967,64397,0.0006198211249999979,1,consumer
689,1787131042.8420959,openrouter,0.17500000000000002,0.18462499999999998,0.009624999999999967,65520,0.0006306299999999978,1,consumer
690,1787131046.5078542,openrouter,0.17500000000000002,0.18462499999999998,0.009624999999999967,22317,0.00021480112499999926,1,consumer
691,1787131053.6455767,openrouter,0.17500000000000002,0.18462499999999998,0.009624999999999967,50517,0.00048622612499999834,1,consumer
692,1787131065.8256934,openrouter,0.17500000000000002,0.18462499999999998,0.009624999999999967,66244,0.0006375984999999977,1,consumer
693,1787131073.018485,openrouter,0.17500000000000002,0.18462499999999998,0.009624999999999967,61919,0.000595970374999998,1,consumer
694,1787131075.7130566,openrouter,0.17500000000000002,0.18462499999999998,0.009624999999999967,66706,0.0006420452499999978,1,consumer
695,1787131085.6962216,openrouter,0.17500000000000002,0.18462499999999998,0.009624999999999967,67195,0.0006467518749999978,1,consumer
696,1787131096.077661,openrouter,0.17500000000000002,0.18462499999999998,0.009624999999999967,64169,0.0006176266249999979,1,consumer
697,1787131106.5603232,openrouter,0.17500000000000002,0.18462499999999998,0.009624999999999967,64584,0.0006216209999999978,1,consumer
698,1787131113.1614852,openrouter,0.17500000000000002,0.18462499999999998,0.009624999999999967,68708,0.0006613144999999977,1,consumer
699,1787131123.159677,openrouter,0.17500000000000002,0.18462499999999998,0.009624999999999967,54111,0.0005208183749999982,1,consumer
700,1787131128.8091216,openrouter,0.17500000000000002,0.18462499999999998,0.009624999999999967,69453,0.0006684851249999977,1,consumer
701,1787131134.1706686,openrouter,0.17500000000000002,0.18462499999999998,0.009624999999999967,54775,0.0005272093749999982,1,consumer
702,1787131142.542889,openrouter,0.17500000000000002,0.18462499999999998,0.009624999999999967,70020,0.0006739424999999978,1,consumer
703,1787131149.1648166,openrouter,0.17500000000000002,0.18462499999999998,0.009624999999999967,67765,0.0006522381249999978,1,consumer
704,1787131149.5955162,openrouter,0.17500000000000002,0.18462499999999998,0.009624999999999967,13878,0.00013357574999999953,1,consumer
705,1787131156.3133245,openrouter,0.17500000000000002,0.18462499999999998,0.009624999999999967,52400,0.0005043499999999982,1,consumer
706,1787131160.4855654,openrouter,0.17500000000000002,0.18462499999999998,0.009624999999999967,70653,0.0006800351249999976,1,consumer
707,1787131162.0163133,openrouter,0.17500000000000002,0.18462499999999998,0.009624999999999967,69083,0.0006649238749999977,1,consumer
708,1787131168.7211509,openrouter,0.17500000000000002,0.18462499999999998,0.009624999999999967,53246,0.0005124927499999982,1,consumer
709,1787131169.0117471,openrouter,0.17500000000000002,0.18462499999999998,0.009624999999999967,56386,0.0005427152499999982,1,consumer
710,1787131176.6444535,openrouter,0.17500000000000002,0.18462499999999998,0.009624999999999967,71521,0.0006883896249999976,1,consumer
711,1787131185.4349535,openrouter,0.17500000000000002,0.18462499999999998,0.009624999999999967,70330,0.0006769262499999977,1,consumer
712,1787131193.3217442,openrouter,0.17500000000000002,0.18462499999999998,0.009624999999999967,72130,0.0006942512499999976,1,consumer
713,1787131196.1378324,openrouter,0.17500000000000002,0.18462499999999998,0.009624999999999967,70553,0.0006790726249999976,1,consumer
714,1787131216.572284,openrouter,0.17500000000000002,0.18462499999999998,0.009624999999999967,72597,0.0006987461249999976,1,consumer
715,1787131218.0246818,openrouter,0.17500000000000002,0.18462499999999998,0.009624999999999967,73444,0.0007068984999999976,1,consumer
716,1787131227.9651742,openrouter,0.17500000000000002,0.18462499999999998,0.009624999999999967,72747,0.0007001898749999976,1,consumer
717,1787131233.111779,openrouter,0.17500000000000002,0.18462499999999998,0.009624999999999967,74441,0.0007164946249999975,1,consumer
718,1787131242.1760461,openrouter,0.17500000000000002,0.18462499999999998,0.009624999999999967,74003,0.0007122788749999976,1,consumer
719,1787131245.0333729,openrouter,0.17500000000000002,0.18462499999999998,0.009624999999999967,74945,0.0007213456249999976,1,consumer
720,1787131251.5986652,openrouter,0.17500000000000002,0.18462499999999998,0.009624999999999967,74184,0.0007140209999999975,1,consumer
721,1787131253.0673945,openrouter,0.17500000000000002,0.18462499999999998,0.009624999999999967,75444,0.0007261484999999975,1,consumer
722,1787131263.3966577,openrouter,0.17500000000000002,0.18462499999999998,0.009624999999999967,75875,0.0007302968749999975,1,consumer
723,1787131267.376367,openrouter,0.17500000000000002,0.18462499999999998,0.009624999999999967,76219,0.0007336078749999975,1,consumer
724,1787131272.590541,openrouter,0.17500000000000002,0.18462499999999998,0.009624999999999967,76338,0.0007347532499999975,1,consumer
725,1787131282.567995,openrouter,0.17500000000000002,0.18462499999999998,0.009624999999999967,77508,0.0007460144999999974,1,consumer
726,1787131282.810598,openrouter,0.17500000000000002,0.18462499999999998,0.009624999999999967,76709,0.0007383241249999975,1,consumer
727,1787131290.8635442,openrouter,0.17500000000000002,0.18462499999999998,0.009624999999999967,77231,0.0007433483749999974,1,consumer
728,1787131297.945928,openrouter,0.17500000000000002,0.18462499999999998,0.009624999999999967,79047,0.0007608273749999974,1,consumer
729,1787131300.1742215,openrouter,0.17500000000000002,0.18462499999999998,0.009624999999999967,77482,0.0007457642499999975,1,consumer
730,1787131308.689994,openrouter,0.17500000000000002,0.18462499999999998,0.009624999999999967,78045,0.0007511831249999974,1,consumer
731,1787131317.2556748,openrouter,0.17500000000000002,0.18462499999999998,0.009624999999999967,80225,0.0007721656249999974,1,consumer
732,1787131345.037491,openrouter,0.17500000000000002,0.18462499999999998,0.009624999999999967,4353,4.1897624999999856e-05,1,consumer
733,1787131351.7914932,openrouter,0.17500000000000002,0.18462499999999998,0.009624999999999967,7697,7.408362499999974e-05,1,consumer
734,1787131404.6818628,openrouter,0.17500000000000002,0.18462499999999998,0.009624999999999967,58919,0.0005670953749999981,1,consumer
735,1787131417.655768,openrouter,0.17500000000000002,0.18462499999999998,0.009624999999999967,78776,0.0007582189999999975,1,consumer
736,1787131430.729128,openrouter,0.17500000000000002,0.18462499999999998,0.009624999999999967,60740,0.000584622499999998,1,consumer
737,1787131438.3210113,openrouter,0.17500000000000002,0.18462499999999998,0.009624999999999967,79140,0.0007617224999999974,1,consumer
738,1787131454.3614266,openrouter,0.17500000000000002,0.18462499999999998,0.009624999999999967,61698,0.000593843249999998,1,consumer
739,1787131464.2351875,openrouter,0.17500000000000002,0.18462499999999998,0.009624999999999967,62191,0.000598588374999998,1,consumer
740,1787131474.4299085,openrouter,0.17500000000000002,0.18462499999999998,0.009624999999999967,63311,0.0006093683749999978,1,consumer
741,1787131476.4781098,openrouter,0.17500000000000002,0.18462499999999998,0.009624999999999967,6545,6.299562499999978e-05,1,consumer
742,1787131489.718616,openrouter,0.17500000000000002,0.18462499999999998,0.009624999999999967,74172,0.0007139054999999976,1,consumer
743,1787131493.757043,openrouter,0.17500000000000002,0.18462499999999998,0.009624999999999967,65012,0.0006257404999999978,1,consumer
744,1787131505.3119376,openrouter,0.17500000000000002,0.18462499999999998,0.009624999999999967,76182,0.0007332517499999975,1,consumer
745,1787131512.724289,openrouter,0.17500000000000002,0.18462499999999998,0.009624999999999967,66572,0.0006407554999999978,1,consumer
746,1787131513.4079263,openrouter,0.17500000000000002,0.18462499999999998,0.009624999999999967,76506,0.0007363702499999975,1,consumer
747,1787131521.011968,openrouter,0.17500000000000002,0.18462499999999998,0.009624999999999967,76980,0.0007409324999999975,1,consumer
748,1787131530.7302933,openrouter,0.17500000000000002,0.18462499999999998,0.009624999999999967,68870,0.0006628737499999977,1,consumer
749,1787131531.4511125,openrouter,0.17500000000000002,0.18462499999999998,0.009624999999999967,77223,0.0007432713749999974,1,consumer
750,1787131539.9911885,openrouter,0.17500000000000002,0.18462499999999998,0.009624999999999967,77671,0.0007475833749999974,1,consumer
751,1787131550.379759,openrouter,0.17500000000000002,0.18462499999999998,0.009624999999999967,70421,0.0006778021249999977,1,consumer
752,1787131553.458094,openrouter,0.17500000000000002,0.18462499999999998,0.009624999999999967,78374,0.0007543497499999974,1,consumer
753,1787131561.2645175,openrouter,0.17500000000000002,0.18462499999999998,0.009624999999999967,78616,0.0007566789999999974,1,consumer
754,1787131565.1227555,openrouter,0.17500000000000002,0.18462499999999998,0.009624999999999967,72302,0.0006959067499999976,1,consumer
755,1787131573.0988622,openrouter,0.17500000000000002,0.18462499999999998,0.009624999999999967,73343,0.0007059263749999976,1,consumer
756,1787131575.063073,openrouter,0.17500000000000002,0.18462499999999998,0.009624999999999967,79024,0.0007606059999999973,1,consumer
757,1787131583.317336,openrouter,0.17500000000000002,0.18462499999999998,0.009624999999999967,74616,0.0007181789999999976,1,consumer
758,1787131595.159611,openrouter,0.17500000000000002,0.18462499999999998,0.009624999999999967,76294,0.0007343297499999975,1,consumer
759,1787131603.8703518,openrouter,0.17500000000000002,0.18462499999999998,0.009624999999999967,76885,0.0007400181249999974,1,consumer
760,1787131618.0447626,openrouter,0.17500000000000002,0.18462499999999998,0.009624999999999967,77766,0.0007484977499999974,1,consumer
761,1787131630.4895952,openrouter,0.17500000000000002,0.18462499999999998,0.009624999999999967,79806,0.0007681327499999974,1,consumer
762,1787131666.3425293,openrouter,0.17500000000000002,0.18462499999999998,0.009624999999999967,6176,5.94439999999998e-05,1,consumer
763,1787131680.0969858,openrouter,0.17500000000000002,0.18462499999999998,0.009624999999999967,76856,0.0007397389999999974,1,consumer
764,1787131689.3809245,openrouter,0.17500000000000002,0.18462499999999998,0.009624999999999967,77065,0.0007417506249999974,1,consumer
765,1787131699.2056231,openrouter,0.17500000000000002,0.18462499999999998,0.009624999999999967,61539,0.0005923128749999979,1,consumer
766,1787131722.5447009,openrouter,0.17500000000000002,0.18462499999999998,0.009624999999999967,11483,0.00011052387499999962,1,consumer
767,1787131732.8385477,openrouter,0.17500000000000002,0.18462499999999998,0.009624999999999967,52305,0.0005034356249999983,1,consumer
768,1787131759.2856069,openrouter,0.17500000000000002,0.18462499999999998,0.009624999999999967,53633,0.0005162176249999982,1,consumer
769,1787131775.5933506,openrouter,0.17500000000000002,0.18462499999999998,0.009624999999999967,50292,0.00048406049999999835,1,consumer
770,1787131782.7752259,openrouter,0.17500000000000002,0.18462499999999998,0.009624999999999967,54715,0.0005266318749999982,1,consumer
771,1787131795.7081866,openrouter,0.17500000000000002,0.18462499999999998,0.009624999999999967,55171,0.0005310208749999982,1,consumer
772,1787131806.1788723,openrouter,0.17500000000000002,0.18462499999999998,0.009624999999999967,56356,0.0005424264999999982,1,consumer
773,1787131815.7334733,openrouter,0.17500000000000002,0.18462499999999998,0.009624999999999967,56953,0.0005481726249999981,1,consumer
774,1787131831.669603,openrouter,0.17500000000000002,0.18462499999999998,0.009624999999999967,58235,0.0005605118749999981,1,consumer
775,1787131833.3655672,openrouter,0.17500000000000002,0.18462499999999998,0.009624999999999967,754,7.257249999999975e-06,1,consumer
776,1787131847.2757628,openrouter,0.17500000000000002,0.18462499999999998,0.009624999999999967,59207,0.000569867374999998,1,consumer
777,1787131860.3707361,openrouter,0.17500000000000002,0.18462499999999998,0.009624999999999967,54647,0.0005259773749999982,1,consumer
778,1787131902.704264,openrouter,0.17500000000000002,0.18462499999999998,0.009624999999999967,60981,0.000586942124999998,1,consumer
779,1787131915.0975184,openrouter,0.17500000000000002,0.18462499999999998,0.009624999999999967,61120,0.0005882799999999979,1,consumer
780,1787131922.7688875,openrouter,0.17500000000000002,0.18462499999999998,0.009624999999999967,61610,0.000592996249999998,1,consumer
781,1787131934.4807334,openrouter,0.17500000000000002,0.18462499999999998,0.009624999999999967,61932,0.0005960954999999979,1,consumer
782,1787131942.0361238,openrouter,0.17500000000000002,0.18462499999999998,0.009624999999999967,63364,0.0006098784999999979,1,consumer
783,1787131949.143259,openrouter,0.17500000000000002,0.18462499999999998,0.009624999999999967,63592,0.0006120729999999979,1,consumer
784,1787131962.6181898,openrouter,0.17500000000000002,0.18462499999999998,0.009624999999999967,65054,0.0006261447499999979,1,consumer
785,1787131971.4004228,openrouter,0.17500000000000002,0.18462499999999998,0.009624999999999967,65551,0.0006309283749999979,1,consumer
786,1787131979.977253,openrouter,0.17500000000000002,0.18462499999999998,0.009624999999999967,65946,0.0006347302499999978,1,consumer
787,1787131998.9786167,openrouter,0.17500000000000002,0.18462499999999998,0.009624999999999967,61869,0.0005954891249999979,1,consumer
788,1787132009.9331565,openrouter,0.17500000000000002,0.18462499999999998,0.009624999999999967,68059,0.0006550678749999978,1,consumer
789,1787132024.142393,openrouter,0.17500000000000002,0.18462499999999998,0.009624999999999967,72097,0.0006939336249999976,1,consumer
790,1787132040.9995525,openrouter,0.17500000000000002,0.18462499999999998,0.009624999999999967,67666,0.0006512852499999977,1,consumer
791,1787132059.2849386,openrouter,0.17500000000000002,0.18462499999999998,0.009624999999999967,68708,0.0006613144999999977,1,consumer
792,1787132080.7958736,openrouter,0.17500000000000002,0.18462499999999998,0.009624999999999967,76270,0.0007340987499999975,1,consumer
793,1787132096.4214745,openrouter,0.17500000000000002,0.18462499999999998,0.009624999999999967,77575,0.0007466593749999974,1,consumer
794,1787132112.7462103,openrouter,0.17500000000000002,0.18462499999999998,0.009624999999999967,78477,0.0007553411249999974,1,consumer
795,1787132125.0593047,openrouter,0.17500000000000002,0.18462499999999998,0.009624999999999967,78971,0.0007600958749999974,1,consumer
796,1787132159.4086347,openrouter,0.17500000000000002,0.18462499999999998,0.009624999999999967,10915,0.00010505687499999964,1,consumer
797,1787132171.5204039,openrouter,0.17500000000000002,0.18462499999999998,0.009624999999999967,55895,0.0005379893749999982,1,consumer
798,1787132178.1156545,openrouter,0.17500000000000002,0.18462499999999998,0.009624999999999967,51450,0.0004952062499999983,1,consumer
799,1787132193.8693223,openrouter,0.17500000000000002,0.18462499999999998,0.009624999999999967,57582,0.0005542267499999981,1,consumer
800,1787132211.4925716,openrouter,0.17500000000000002,0.18462499999999998,0.009624999999999967,60402,0.000581369249999998,1,consumer
801,1787132223.7932832,openrouter,0.17500000000000002,0.18462499999999998,0.009624999999999967,61474,0.000591687249999998,1,consumer
802,1787132239.91062,openrouter,0.17500000000000002,0.18462499999999998,0.009624999999999967,63922,0.0006152492499999979,1,consumer
803,1787132250.8850937,openrouter,0.17500000000000002,0.18462499999999998,0.009624999999999967,64776,0.0006234689999999979,1,consumer
804,1787132259.6099238,openrouter,0.17500000000000002,0.18462499999999998,0.009624999999999967,65397,0.0006294461249999979,1,consumer
805,1787132268.6196082,openrouter,0.17500000000000002,0.18462499999999998,0.009624999999999967,66042,0.0006356542499999977,1,consumer
806,1787132275.6243134,openrouter,0.17500000000000002,0.18462499999999998,0.009624999999999967,66612,0.0006411404999999978,1,consumer
807,1787132291.9095957,openrouter,0.17500000000000002,0.18462499999999998,0.009624999999999967,59265,0.000570425624999998,1,consumer
808,1787132298.972178,openrouter,0.17500000000000002,0.18462499999999998,0.009624999999999967,68125,0.0006557031249999978,1,consumer
809,1787132316.7969422,openrouter,0.17500000000000002,0.18462499999999998,0.009624999999999967,69852,0.0006723254999999977,1,consumer
810,1787132331.5316775,openrouter,0.17500000000000002,0.18462499999999998,0.009624999999999967,70901,0.0006824221249999977,1,consumer
811,1787132345.7496057,openrouter,0.17500000000000002,0.18462499999999998,0.009624999999999967,71210,0.0006853962499999976,1,consumer
812,1787132356.2921705,openrouter,0.17500000000000002,0.18462499999999998,0.009624999999999967,71671,0.0006898333749999977,1,consumer
813,1787132371.8508947,openrouter,0.17500000000000002,0.18462499999999998,0.009624999999999967,73021,0.0007028271249999976,1,consumer
814,1787132392.6458755,openrouter,0.17500000000000002,0.18462499999999998,0.009624999999999967,73873,0.0007110276249999975,1,consumer
815,1787132400.2418323,openrouter,0.17500000000000002,0.18462499999999998,0.009624999999999967,74238,0.0007145407499999975,1,consumer
816,1787132407.9540935,openrouter,0.17500000000000002,0.18462499999999998,0.009624999999999967,74485,0.0007169181249999975,1,consumer
817,1787132421.0424743,openrouter,0.17500000000000002,0.18462499999999998,0.009624999999999967,75066,0.0007225102499999976,1,consumer
818,1787132434.8550863,openrouter,0.17500000000000002,0.18462499999999998,0.009624999999999967,76184,0.0007332709999999975,1,consumer
819,1787132443.4080296,openrouter,0.17500000000000002,0.18462499999999998,0.009624999999999967,76461,0.0007359371249999974,1,consumer
820,1787132453.0799916,openrouter,0.17500000000000002,0.18462499999999998,0.009624999999999967,76845,0.0007396331249999974,1,consumer
821,1787132467.6858907,openrouter,0.17500000000000002,0.18462499999999998,0.009624999999999967,77394,0.0007449172499999975,1,consumer
822,1787132480.2850766,openrouter,0.17500000000000002,0.18462499999999998,0.009624999999999967,77762,0.0007484592499999974,1,consumer
823,1787132490.6727543,openrouter,0.17500000000000002,0.18462499999999998,0.009624999999999967,78995,0.0007603268749999973,1,consumer
824,1787132510.8483381,openrouter,0.17500000000000002,0.18462499999999998,0.009624999999999967,80380,0.0007736574999999973,1,consumer
825,1787132574.038424,openrouter,0.17500000000000002,0.18462499999999998,0.009624999999999967,14691,0.0001414008749999995,1,consumer
826,1787132591.6935318,openrouter,0.17500000000000002,1.0,0.825,60489,0.049903424999999994,1,consumer
827,1787132601.387119,openrouter,0.17500000000000002,1.0,0.825,61655,0.050865375,1,consumer
828,1787132615.485854,openrouter,0.17500000000000002,1.0,0.825,62825,0.051830625,1,consumer
829,1787132626.3508906,openrouter,0.17500000000000002,1.0,0.825,54663,0.045096975,1,consumer
830,1787132646.6491194,openrouter,0.17500000000000002,1.0,0.825,65333,0.053899724999999996,1,consumer
831,1787132660.4582553,openrouter,0.17500000000000002,1.0,0.825,66270,0.05467275,1,consumer
832,1787132684.2491157,openrouter,0.17500000000000002,1.0,0.825,57431,0.047380574999999994,1,consumer
833,1787132699.850304,openrouter,0.17500000000000002,1.0,0.825,68067,0.056155275,1,consumer
834,1787132707.0192614,openrouter,0.17500000000000002,1.0,0.825,68480,0.056496,1,consumer
835,1787132714.2552395,openrouter,0.17500000000000002,1.0,0.825,68709,0.056684925,1,consumer
836,1787132724.16053,openrouter,0.17500000000000002,1.0,0.825,69043,0.056960474999999997,1,consumer
837,1787132731.2671497,openrouter,0.17500000000000002,1.0,0.825,69416,0.0572682,1,consumer
838,1787132738.9398031,openrouter,0.17500000000000002,1.0,0.825,69906,0.05767245,1,consumer
839,1787132750.028124,openrouter,0.17500000000000002,1.0,0.825,71423,0.058923974999999996,1,consumer
840,1787133067.5157943,openrouter,0.17500000000000002,0.18462499999999998,0.009624999999999967,61165,0.0005887131249999979,1,consumer
841,1787133090.7985928,openrouter,0.17500000000000002,0.18462499999999998,0.009624999999999967,73493,0.0007073701249999976,1,consumer
842,1787133099.840119,openrouter,0.17500000000000002,0.18462499999999998,0.009624999999999967,74057,0.0007127986249999976,1,consumer
843,1787133110.9748313,openrouter,0.17500000000000002,0.18462499999999998,0.009624999999999967,74232,0.0007144829999999975,1,consumer
844,1787133134.9499724,openrouter,0.17500000000000002,0.18462499999999998,0.009624999999999967,59468,0.000572379499999998,1,consumer
845,1787133186.259348,openrouter,0.17500000000000002,0.18462499999999998,0.009624999999999967,25017,0.00024078862499999918,1,consumer
846,1787133205.715118,openrouter,0.17500000000000002,0.18462499999999998,0.009624999999999967,29212,0.00028116549999999903,1,consumer
847,1787133212.4816623,openrouter,0.17500000000000002,0.18462499999999998,0.009624999999999967,29819,0.000287007874999999,1,consumer
848,1787133231.6242564,openrouter,0.17500000000000002,0.18462499999999998,0.009624999999999967,39657,0.00038169862499999867,1,consumer
849,1787133249.9425685,openrouter,0.17500000000000002,0.18462499999999998,0.009624999999999967,67509,0.0006497741249999978,1,consumer
850,1787133257.3431551,openrouter,0.17500000000000002,0.18462499999999998,0.009624999999999967,68116,0.0006556164999999977,1,consumer
851,1787133266.7116005,openrouter,0.17500000000000002,0.18462499999999998,0.009624999999999967,69518,0.0006691107499999976,1,consumer
852,1787133277.565019,openrouter,0.17500000000000002,0.18462499999999998,0.009624999999999967,73413,0.0007066001249999976,1,consumer
853,1787133288.891259,openrouter,0.17500000000000002,0.18462499999999998,0.009624999999999967,76285,0.0007342431249999974,1,consumer
854,1787133299.6292508,openrouter,0.17500000000000002,0.18462499999999998,0.009624999999999967,76583,0.0007371113749999975,1,consumer
855,1787133315.74885,openrouter,0.17500000000000002,0.18462499999999998,0.009624999999999967,76708,0.0007383144999999975,1,consumer
856,1787133323.935496,openrouter,0.17500000000000002,0.18462499999999998,0.009624999999999967,78386,0.0007544652499999973,1,consumer
857,1787133332.2962983,openrouter,0.17500000000000002,0.18462499999999998,0.009624999999999967,79316,0.0007634164999999974,1,consumer
858,1787133406.5549397,openrouter,0.17500000000000002,0.18462499999999998,0.009624999999999967,3350,3.224374999999989e-05,1,consumer
859,1787133415.768904,openrouter,0.17500000000000002,0.18462499999999998,0.009624999999999967,54852,0.0005279504999999982,1,consumer
860,1787133425.9230487,openrouter,0.17500000000000002,0.18462499999999998,0.009624999999999967,59979,0.0005772978749999981,1,consumer
861,1787133435.5214686,openrouter,0.17500000000000002,0.18462499999999998,0.009624999999999967,60363,0.0005809938749999979,1,consumer
862,1787133450.2491028,openrouter,0.17500000000000002,0.18462499999999998,0.009624999999999967,63205,0.000608348124999998,1,consumer
863,1787133468.5009942,openrouter,0.17500000000000002,0.18462499999999998,0.009624999999999967,66719,0.0006421703749999978,1,consumer
864,1787133480.383179,openrouter,0.17500000000000002,0.18462499999999998,0.009624999999999967,67555,0.0006502168749999978,1,consumer
865,1787133487.4436796,openrouter,0.17500000000000002,0.18462499999999998,0.009624999999999967,67979,0.0006542978749999977,1,consumer
866,1787133498.4948354,openrouter,0.17500000000000002,0.18462499999999998,0.009624999999999967,70481,0.0006783796249999976,1,consumer
867,1787133523.752597,openrouter,0.17500000000000002,0.18462499999999998,0.009624999999999967,71435,0.0006875618749999976,1,consumer
868,1787133536.2160313,openrouter,0.17500000000000002,0.18462499999999998,0.009624999999999967,73006,0.0007026827499999976,1,consumer
869,1787133545.9144497,openrouter,0.17500000000000002,0.18462499999999998,0.009624999999999967,73465,0.0007071006249999975,1,consumer
870,1787133558.3689907,openrouter,0.17500000000000002,0.18462499999999998,0.009624999999999967,74371,0.0007158208749999975,1,consumer
871,1787133572.6284678,openrouter,0.17500000000000002,0.18462499999999998,0.009624999999999967,76406,0.0007354077499999974,1,consumer
872,1787133579.0786219,openrouter,0.17500000000000002,0.18462499999999998,0.009624999999999967,78370,0.0007543112499999974,1,consumer
873,1787133590.926465,openrouter,0.17500000000000002,0.18462499999999998,0.009624999999999967,80053,0.0007705101249999974,1,consumer
874,1787133661.6212816,openrouter,0.17500000000000002,0.18462499999999998,0.009624999999999967,7910,7.613374999999974e-05,1,consumer
875,1787133674.1738183,openrouter,0.17500000000000002,0.18462499999999998,0.009624999999999967,55072,0.0005300679999999981,1,consumer
876,1787133680.2806253,openrouter,0.17500000000000002,0.18462499999999998,0.009624999999999967,51320,0.0004939549999999983,1,consumer
877,1787133687.5267737,openrouter,0.17500000000000002,0.18462499999999998,0.009624999999999967,65311,0.0006286183749999978,1,consumer
878,1787133703.5247624,openrouter,0.17500000000000002,0.18462499999999998,0.009624999999999967,70941,0.0006828071249999977,1,consumer
879,1787133712.8270347,openrouter,0.17500000000000002,0.18462499999999998,0.009624999999999967,71614,0.0006892847499999976,1,consumer
880,1787133730.0276968,openrouter,0.17500000000000002,0.18462499999999998,0.009624999999999967,72833,0.0007010176249999976,1,consumer
881,1787133740.4488287,openrouter,0.17500000000000002,0.18462499999999998,0.009624999999999967,73509,0.0007075241249999975,1,consumer
882,1787133755.7023246,openrouter,0.17500000000000002,0.18462499999999998,0.009624999999999967,76467,0.0007359948749999975,1,consumer
883,1787133762.9948468,openrouter,0.17500000000000002,0.18462499999999998,0.009624999999999967,77819,0.0007490078749999974,1,consumer
884,1787133771.0460215,openrouter,0.17500000000000002,0.18462499999999998,0.009624999999999967,79760,0.0007676899999999973,1,consumer
885,1787133982.981556,openrouter,0.17500000000000002,0.18462499999999998,0.009624999999999967,10838,0.00010431574999999964,1,consumer
886,1787133994.0376062,openrouter,0.17500000000000002,0.18462499999999998,0.009624999999999967,56014,0.0005391347499999981,1,consumer
887,1787134010.0188475,openrouter,0.17500000000000002,0.18462499999999998,0.009624999999999967,56324,0.0005421184999999981,1,consumer
888,1787134020.7488863,openrouter,0.17500000000000002,0.18462499999999998,0.009624999999999967,58994,0.000567817249999998,1,consumer
889,1787134036.6684911,openrouter,0.17500000000000002,0.18462499999999998,0.009624999999999967,60357,0.000580936124999998,1,consumer
890,1787134043.676774,openrouter,0.17500000000000002,0.18462499999999998,0.009624999999999967,57467,0.000553119874999998,1,consumer
891,1787134053.5769818,openrouter,0.17500000000000002,0.18462499999999998,0.009624999999999967,63335,0.0006095993749999978,1,consumer
892,1787134210.8412893,openrouter,0.17500000000000002,0.18462499999999998,0.009624999999999967,65259,0.0006281178749999979,1,consumer
893,1787134234.9965196,openrouter,0.17500000000000002,0.18462499999999998,0.009624999999999967,71028,0.0006836444999999976,1,consumer
894,1787134243.8512704,openrouter,0.17500000000000002,0.18462499999999998,0.009624999999999967,72238,0.0006952907499999976,1,consumer
895,1787134275.2695146,openrouter,0.17500000000000002,0.18462499999999998,0.009624999999999967,75967,0.0007311823749999975,1,consumer
896,1787134289.6745563,openrouter,0.17500000000000002,0.18462499999999998,0.009624999999999967,78210,0.0007527712499999974,1,consumer
897,1787134311.573732,openrouter,0.17500000000000002,0.18462499999999998,0.009624999999999967,72155,0.0006944918749999977,1,consumer
898,1787134348.3273695,openrouter,0.17500000000000002,0.18462499999999998,0.009624999999999967,81302,0.0007825317499999973,1,consumer
899,1787134384.4347672,openrouter,0.17500000000000002,0.18462499999999998,0.009624999999999967,11188,0.00010768449999999964,1,consumer
900,1787134391.6507938,openrouter,0.17500000000000002,0.18462499999999998,0.009624999999999967,55588,0.0005350344999999982,1,consumer
901,1787134403.3686032,openrouter,0.17500000000000002,0.18462499999999998,0.009624999999999967,56287,0.0005417623749999981,1,consumer
902,1787134412.3027725,openrouter,0.17500000000000002,0.18462499999999998,0.009624999999999967,56907,0.0005477298749999982,1,consumer
903,1787134419.2314646,openrouter,0.17500000000000002,0.18462499999999998,0.009624999999999967,57158,0.0005501457499999981,1,consumer
904,1787134428.1616366,openrouter,0.17500000000000002,0.18462499999999998,0.009624999999999967,57536,0.000553783999999998,1,consumer
905,1787134437.1859384,openrouter,0.17500000000000002,0.18462499999999998,0.009624999999999967,57924,0.0005575184999999981,1,consumer
906,1787134447.4472575,openrouter,0.17500000000000002,0.18462499999999998,0.009624999999999967,58625,0.000564265624999998,1,consumer
907,1787134457.0196729,openrouter,0.17500000000000002,0.18462499999999998,0.009624999999999967,60225,0.0005796656249999981,1,consumer
908,1787134465.6874146,openrouter,0.17500000000000002,0.18462499999999998,0.009624999999999967,61026,0.000587375249999998,1,consumer
909,1787134481.0614552,openrouter,0.17500000000000002,0.18462499999999998,0.009624999999999967,64609,0.0006218616249999979,1,consumer
910,1787134508.2197192,openrouter,0.17500000000000002,0.18462499999999998,0.009624999999999967,58971,0.0005675958749999981,1,consumer
911,1787134523.644949,openrouter,0.17500000000000002,0.18462499999999998,0.009624999999999967,75184,0.0007236459999999975,1,consumer
912,1787134532.7256424,openrouter,0.17500000000000002,0.18462499999999998,0.009624999999999967,75596,0.0007276114999999974,1,consumer
913,1787134543.9198956,openrouter,0.17500000000000002,0.18462499999999998,0.009624999999999967,76809,0.0007392866249999974,1,consumer
914,1787134555.855318,openrouter,0.17500000000000002,0.18462499999999998,0.009624999999999967,78035,0.0007510868749999975,1,consumer
915,1787134563.6721654,openrouter,0.17500000000000002,0.18462499999999998,0.009624999999999967,78259,0.0007532428749999974,1,consumer
916,1787134572.772249,openrouter,0.17500000000000002,0.18462499999999998,0.009624999999999967,71938,0.0006924032499999976,1,consumer
917,1787134584.2602122,openrouter,0.17500000000000002,0.18462499999999998,0.009624999999999967,79877,0.0007688161249999973,1,consumer
918,1787134764.9706655,openrouter,0.17500000000000002,0.18462499999999998,0.009624999999999967,13714,0.00013199724999999956,1,consumer
919,1787134772.3474083,openrouter,0.17500000000000002,0.18462499999999998,0.009624999999999967,53681,0.0005166796249999982,1,consumer
920,1787134787.8610194,openrouter,0.17500000000000002,0.18462499999999998,0.009624999999999967,53803,0.0005178538749999982,1,consumer
921,1787134796.9999104,openrouter,0.17500000000000002,0.18462499999999998,0.009624999999999967,54288,0.0005225219999999982,1,consumer
922,1787134858.7685025,openrouter,0.17500000000000002,0.18462499999999998,0.009624999999999967,10,9.624999999999967e-08,1,consumer
923,1787134863.0077827,openrouter,0.17500000000000002,0.18462499999999998,0.009624999999999967,10,9.624999999999967e-08,1,consumer
924,1787138682.2504935,openrouter,0.9675,1.3,0.3325,79463,0.0264214475,0,consumer
925,1787142151.76156,openrouter,0.9675,1.3,0.3325,77718,0.025841235,0,consumer
926,1787142155.841557,openrouter,0.9675,1.3,0.3325,82324,0.027372730000000005,0,consumer
927,1787146298.4886167,openrouter,0.9675,1.3,0.3325,8619,0.0028658175000000003,0,consumer
928,1787149908.5046134,openrouter,0.9675,1.3,0.3325,8854,0.0029439550000000003,0,consumer
929,1787153532.4196837,openrouter,0.9675,1.3,0.3325,8701,0.0028930825,0,consumer
930,1787157148.8770046,openrouter,0.9675,1.3,0.3325,7076,0.00235277,0,consumer
931,1787160730.587649,openrouter,0.9675,1.3,0.3325,8479,0.0028192675,0,consumer
932,1787162266.4408703,openrouter,0.17500000000000002,0.18462499999999998,0.009624999999999967,25157,0.00024213612499999918,0,consumer
933,1787162290.8967412,openrouter,0.17500000000000002,0.18462499999999998,0.009624999999999967,26868,0.00025860449999999915,0,consumer
934,1787162298.371719,openrouter,0.17500000000000002,0.18462499999999998,0.009624999999999967,27382,0.0002635517499999991,0,consumer
935,1787162304.687742,openrouter,0.17500000000000002,0.18462499999999998,0.009624999999999967,27732,0.0002669204999999991,0,consumer
936,1787162323.492366,openrouter,0.17500000000000002,0.18462499999999998,0.009624999999999967,29308,0.000282089499999999,0,consumer
937,1787162334.4034963,openrouter,0.17500000000000002,0.18462499999999998,0.009624999999999967,33881,0.0003261046249999989,0,consumer
938,1787162348.7091043,openrouter,0.17500000000000002,0.18462499999999998,0.009624999999999967,35322,0.00033997424999999883,0,consumer
939,1787162354.2342932,openrouter,0.17500000000000002,0.18462499999999998,0.009624999999999967,35687,0.0003434873749999988,0,consumer
940,1787162664.9878016,openrouter,0.17500000000000002,0.18462499999999998,0.009624999999999967,44548,0.00042877449999999853,0,consumer
941,1787162680.087936,openrouter,0.17500000000000002,0.18462499999999998,0.009624999999999967,44730,0.00043052624999999854,0,consumer
942,1787162911.1540549,openrouter,0.17500000000000002,0.18462499999999998,0.009624999999999967,25154,0.00024210724999999917,0,consumer
943,1787162937.2889097,openrouter,0.17500000000000002,0.18462499999999998,0.009624999999999967,28148,0.00027092449999999906,0,consumer
944,1787162949.2249067,openrouter,0.17500000000000002,0.18462499999999998,0.009624999999999967,30959,0.000297980374999999,0,consumer
945,1787162969.3890095,openrouter,0.17500000000000002,0.18462499999999998,0.009624999999999967,35898,0.00034551824999999885,0,consumer
946,1787162975.249892,openrouter,0.17500000000000002,0.18462499999999998,0.009624999999999967,36210,0.0003485212499999988,0,consumer
947,1787162983.3497708,openrouter,0.17500000000000002,0.18462499999999998,0.009624999999999967,36403,0.0003503788749999988,0,consumer
948,1787162993.6777415,openrouter,0.17500000000000002,0.18462499999999998,0.009624999999999967,36830,0.00035448874999999876,0,consumer
949,1787163003.2917433,openrouter,0.17500000000000002,0.18462499999999998,0.009624999999999967,38255,0.00036820437499999873,0,consumer
950,1787163008.9998717,openrouter,0.17500000000000002,0.18462499999999998,0.009624999999999967,38391,0.00036951337499999874,0,consumer
951,1787163195.2639723,openrouter,0.17500000000000002,0.18462499999999998,0.009624999999999967,38981,0.00037519212499999874,0,consumer
952,1787163384.232697,openrouter,0.17500000000000002,0.18462499999999998,0.009624999999999967,39546,0.0003806302499999987,0,consumer
953,1787163398.7374656,openrouter,0.17500000000000002,0.18462499999999998,0.009624999999999967,39690,0.0003820162499999987,0,consumer
954,1787163404.1427002,openrouter,0.17500000000000002,0.18462499999999998,0.009624999999999967,40232,0.0003872329999999987,0,consumer
955,1787164042.6281803,openrouter,0.17500000000000002,1.0,0.825,26859,0.022158675,0,consumer
956,1787164057.5507472,openrouter,0.17500000000000002,1.0,0.825,28445,0.023467125,0,consumer
957,1787164069.3623545,openrouter,0.17500000000000002,1.0,0.825,36828,0.0303831,0,consumer
958,1787164081.4638543,openrouter,0.17500000000000002,1.0,0.825,38458,0.03172785,0,consumer
959,1787164093.9384582,openrouter,0.17500000000000002,1.0,0.825,39857,0.032882025,0,consumer
960,1787164103.4621956,openrouter,0.17500000000000002,1.0,0.825,41681,0.034386824999999996,0,consumer
961,1787164113.4087179,openrouter,0.17500000000000002,1.0,0.825,42687,0.035216775,0,consumer
962,1787164135.123028,openrouter,0.17500000000000002,1.0,0.825,44208,0.0364716,0,consumer
963,1787164151.9653301,openrouter,0.17500000000000002,1.0,0.825,44872,0.0370194,0,consumer
964,1787164169.1097507,openrouter,0.17500000000000002,1.0,0.825,45837,0.037815525,0,consumer
965,1787164185.8235826,openrouter,0.17500000000000002,1.0,0.825,46185,0.038102625,0,consumer
966,1787164206.2125008,openrouter,0.17500000000000002,1.0,0.825,46805,0.038614125,0,consumer
967,1787164209.7218077,openrouter,0.17500000000000002,1.0,0.825,366,0.00030195,0,consumer
968,1787164256.3239734,openrouter,0.17500000000000002,1.0,0.825,49365,0.040726125,0,consumer
969,1787164317.3402588,openrouter,0.17500000000000002,1.0,0.825,26828,0.0221331,0,consumer
970,1787164344.7893178,openrouter,0.17500000000000002,0.18462499999999998,0.009624999999999967,29465,0.00028360062499999903,0,consumer
971,1787164363.414524,openrouter,0.17500000000000002,0.18462499999999998,0.009624999999999967,29850,0.00028730624999999903,0,consumer
972,1787164371.4410036,openrouter,0.17500000000000002,0.18462499999999998,0.009624999999999967,37311,0.0003591183749999988,0,consumer
973,1787164388.7094374,openrouter,0.17500000000000002,0.18462499999999998,0.009624999999999967,40061,0.00038558712499999864,0,consumer
974,1787164409.497331,openrouter,0.17500000000000002,0.18462499999999998,0.009624999999999967,41831,0.00040262337499999857,0,consumer
975,1787164421.9046533,openrouter,0.9675,1.3,0.3325,24172,0.008037190000000001,0,consumer
976,1787164438.0076241,openrouter,0.17500000000000002,0.18462499999999998,0.009624999999999967,43564,0.00041930349999999854,0,consumer
977,1787164473.559671,openrouter,0.17500000000000002,0.18462499999999998,0.009624999999999967,45230,0.00043533874999999853,0,consumer
978,1787164481.034946,openrouter,0.17500000000000002,0.18462499999999998,0.009624999999999967,45450,0.0004374562499999985,0,consumer
979,1787164511.84362,openrouter,0.17500000000000002,0.18462499999999998,0.009624999999999967,47669,0.0004588141249999984,0,consumer
980,1787164517.853803,openrouter,0.17500000000000002,0.18462499999999998,0.009624999999999967,48015,0.00046214437499999845,0,consumer
981,1787164555.7339165,openrouter,0.17500000000000002,0.18462499999999998,0.009624999999999967,51479,0.0004954853749999982,0,consumer
982,1787164564.5059235,openrouter,0.17500000000000002,0.18462499999999998,0.009624999999999967,52353,0.0005038976249999983,0,consumer
983,1787164576.2951028,openrouter,0.17500000000000002,0.18462499999999998,0.009624999999999967,53160,0.0005116649999999983,0,consumer
984,1787164584.3260236,openrouter,0.17500000000000002,0.18462499999999998,0.009624999999999967,53498,0.0005149182499999982,0,consumer
985,1787164595.7923748,openrouter,0.17500000000000002,0.18462499999999998,0.009624999999999967,53952,0.0005192879999999982,0,consumer
986,1787164606.7061098,openrouter,0.17500000000000002,0.18462499999999998,0.009624999999999967,54387,0.0005234748749999981,0,consumer
987,1787164614.3882408,openrouter,0.17500000000000002,0.18462499999999998,0.009624999999999967,54654,0.0005260447499999982,0,consumer
988,1787164719.389071,openrouter,0.17500000000000002,0.18462499999999998,0.009624999999999967,55382,0.0005330517499999982,0,consumer
989,1787164830.9525883,openrouter,0.9675,1.3,0.3325,46269,0.015384442500000001,0,consumer
990,1787164842.4864862,openrouter,0.17500000000000002,0.18462499999999998,0.009624999999999967,56062,0.0005395967499999981,0,consumer
991,1787164857.0126438,openrouter,0.17500000000000002,0.18462499999999998,0.009624999999999967,56871,0.0005473833749999981,0,consumer
992,1787164868.4851098,openrouter,0.17500000000000002,0.18462499999999998,0.009624999999999967,57031,0.0005489233749999982,0,consumer
993,1787164881.7433627,openrouter,0.17500000000000002,0.18462499999999998,0.009624999999999967,57342,0.000551916749999998,0,consumer
994,1787164958.5280507,openrouter,0.17500000000000002,0.18462499999999998,0.009624999999999967,26918,0.0002590857499999991,0,consumer
995,1787164974.00688,openrouter,0.17500000000000002,0.18462499999999998,0.009624999999999967,29784,0.00028667099999999903,0,consumer
996,1787164977.9206114,openrouter,0.17500000000000002,0.18462499999999998,0.009624999999999967,25230,0.00024283874999999914,0,consumer
997,1787164987.023776,openrouter,0.17500000000000002,0.18462499999999998,0.009624999999999967,44197,0.00042539612499999856,0,consumer
998,1787164998.2869644,openrouter,0.17500000000000002,0.18462499999999998,0.009624999999999967,45821,0.0004410271249999985,0,consumer
999,1787165008.437432,openrouter,0.17500000000000002,0.18462499999999998,0.009624999999999967,46570,0.00044823624999999843,0,consumer
1000,1787165009.8437383,openrouter,0.17500000000000002,0.18462499999999998,0.009624999999999967,30017,0.000288913624999999,0,consumer
1001,1787165015.4747403,openrouter,0.17500000000000002,0.18462499999999998,0.009624999999999967,47596,0.00045811149999999847,0,consumer
1002,1787165018.8836122,openrouter,0.17500000000000002,0.18462499999999998,0.009624999999999967,30235,0.00029101187499999903,0,consumer
1003,1787165021.9180489,openrouter,0.17500000000000002,0.18462499999999998,0.009624999999999967,47877,0.00046081612499999843,0,consumer
1004,1787165028.588556,openrouter,0.17500000000000002,0.18462499999999998,0.009624999999999967,49187,0.0004734248749999984,0,consumer
1005,1787165029.1319573,openrouter,0.17500000000000002,0.18462499999999998,0.009624999999999967,31759,0.00030568037499999895,0,consumer
1006,1787165033.886821,openrouter,0.17500000000000002,0.18462499999999998,0.009624999999999967,49434,0.00047580224999999835,0,consumer
1007,1787165043.6932123,openrouter,0.17500000000000002,0.18462499999999998,0.009624999999999967,35104,0.00033787599999999884,0,consumer
1008,1787165045.3702729,openrouter,0.17500000000000002,0.18462499999999998,0.009624999999999967,49997,0.0004812211249999983,0,consumer
1009,1787165053.0984733,openrouter,0.17500000000000002,0.18462499999999998,0.009624999999999967,50919,0.0004900953749999984,0,consumer
1010,1787165096.9795663,openrouter,0.17500000000000002,0.18462499999999998,0.009624999999999967,54566,0.0005251977499999982,0,consumer
1011,1787165101.5634925,openrouter,0.17500000000000002,0.18462499999999998,0.009624999999999967,473,4.552624999999984e-06,0,consumer
1012,1787165140.9400163,openrouter,0.17500000000000002,0.18462499999999998,0.009624999999999967,56363,0.0005424938749999981,0,consumer
1013,1787165156.9945667,openrouter,0.17500000000000002,0.18462499999999998,0.009624999999999967,56608,0.0005448519999999981,0,consumer
1014,1787165188.364855,openrouter,0.17500000000000002,0.18462499999999998,0.009624999999999967,58022,0.0005584617499999981,0,consumer
1015,1787165210.2781534,openrouter,0.17500000000000002,0.18462499999999998,0.009624999999999967,59087,0.000568712374999998,0,consumer
1016,1787165233.5656252,openrouter,0.17500000000000002,0.18462499999999998,0.009624999999999967,60084,0.000578308499999998,0,consumer
1017,1787165235.717926,openrouter,0.17500000000000002,0.18462499999999998,0.009624999999999967,35746,0.0003440552499999988,0,consumer
1018,1787165249.303773,openrouter,0.17500000000000002,0.18462499999999998,0.009624999999999967,60923,0.0005863838749999979,0,consumer
1019,1787165256.2061317,openrouter,0.17500000000000002,0.18462499999999998,0.009624999999999967,36843,0.00035461387499999877,0,consumer
1020,1787165266.548791,openrouter,0.17500000000000002,0.18462499999999998,0.009624999999999967,37205,0.0003580981249999988,0,consumer
1021,1787165494.4413733,openrouter,0.17500000000000002,0.18462499999999998,0.009624999999999967,62320,0.000599829999999998,0,consumer
1022,1787165524.148786,openrouter,0.17500000000000002,0.18462499999999998,0.009624999999999967,63191,0.0006082133749999979,0,consumer
1023,1787165540.6393824,openrouter,0.17500000000000002,0.18462499999999998,0.009624999999999967,63616,0.000612303999999998,0,consumer
1024,1787165558.356672,openrouter,0.17500000000000002,0.18462499999999998,0.009624999999999967,64397,0.0006198211249999979,0,consumer
1025,1787165566.0787356,openrouter,0.17500000000000002,0.18462499999999998,0.009624999999999967,64703,0.0006227663749999979,0,consumer
1026,1787165569.7612994,openrouter,0.17500000000000002,0.18462499999999998,0.009624999999999967,488,4.696999999999984e-06,0,consumer
1027,1787165576.1117506,openrouter,0.17500000000000002,0.18462499999999998,0.009624999999999967,65018,0.0006257982499999979,0,consumer
1028,1787165592.612891,openrouter,0.17500000000000002,0.18462499999999998,0.009624999999999967,65861,0.0006339121249999978,0,consumer
1029,1787165601.6355586,openrouter,0.17500000000000002,0.18462499999999998,0.009624999999999967,66182,0.0006370017499999979,0,consumer
1030,1787165611.2225313,openrouter,0.17500000000000002,0.18462499999999998,0.009624999999999967,67173,0.0006465401249999978,0,consumer
1031,1787165620.4257457,openrouter,0.17500000000000002,0.18462499999999998,0.009624999999999967,67498,0.0006496682499999978,0,consumer
1032,1787165625.066389,openrouter,0.17500000000000002,0.18462499999999998,0.009624999999999967,220,2.1174999999999924e-06,0,consumer
1033,1787165696.2936502,openrouter,0.17500000000000002,0.18462499999999998,0.009624999999999967,26834,0.0002582772499999991,0,consumer
1034,1787165711.684608,openrouter,0.17500000000000002,0.18462499999999998,0.009624999999999967,29433,0.000283292624999999,0,consumer
1035,1787165719.0377736,openrouter,0.17500000000000002,0.18462499999999998,0.009624999999999967,31380,0.00030203249999999896,0,consumer
1036,1787165724.5953062,openrouter,0.17500000000000002,0.18462499999999998,0.009624999999999967,31590,0.00030405374999999894,0,consumer
1037,1787165737.0792484,openrouter,0.17500000000000002,0.18462499999999998,0.009624999999999967,31787,0.00030594987499999896,0,consumer
1038,1787165741.6625526,openrouter,0.17500000000000002,0.18462499999999998,0.009624999999999967,32252,0.0003104254999999989,0,consumer
1039,1787165746.5414295,openrouter,0.17500000000000002,0.18462499999999998,0.009624999999999967,32714,0.00031487224999999895,0,consumer
1040,1787165753.8939962,openrouter,0.17500000000000002,0.18462499999999998,0.009624999999999967,36749,0.00035370912499999875,0,consumer
1041,1787165758.8355567,openrouter,0.17500000000000002,0.18462499999999998,0.009624999999999967,37751,0.0003633533749999988,0,consumer
1042,1787165822.6546433,openrouter,0.17500000000000002,1.0,0.825,41816,0.0344982,0,consumer
1043,1787165827.6098025,openrouter,0.17500000000000002,1.0,0.825,49827,0.04110727499999999,0,consumer
1044,1787165832.4505913,openrouter,0.17500000000000002,1.0,0.825,50291,0.041490074999999994,0,consumer
1045,1787165838.2884638,openrouter,0.17500000000000002,1.0,0.825,50689,0.04181842499999999,0,consumer
1046,1787165842.5000777,openrouter,0.17500000000000002,1.0,0.825,50850,0.04195125,0,consumer
1047,1787165847.1422226,openrouter,0.17500000000000002,1.0,0.825,51751,0.042694575,0,consumer
1048,1787165856.58991,openrouter,0.17500000000000002,1.0,0.825,52631,0.043420574999999996,0,consumer
1049,1787165861.61169,openrouter,0.17500000000000002,1.0,0.825,52963,0.043694474999999997,0,consumer
1050,1787165879.077511,openrouter,0.17500000000000002,1.0,0.825,54655,0.045090375,0,consumer
1051,1787165900.4407716,openrouter,0.17500000000000002,1.0,0.825,56304,0.046450799999999993,0,consumer
1052,1787165906.5535793,openrouter,0.17500000000000002,1.0,0.825,56783,0.046845975,0,consumer
1053,1787165910.5459945,openrouter,0.17500000000000002,1.0,0.825,56924,0.0469623,0,consumer
1054,1787165914.2462578,openrouter,0.17500000000000002,1.0,0.825,57232,0.04721639999999999,0,consumer
1055,1787165920.9864,openrouter,0.17500000000000002,1.0,0.825,57705,0.047606625,0,consumer
1056,1787165938.5327458,openrouter,0.17500000000000002,1.0,0.825,59280,0.048906,0,consumer
1057,1787165943.2411017,openrouter,0.17500000000000002,1.0,0.825,59643,0.049205475,0,consumer
1058,1787165958.5846472,openrouter,0.17500000000000002,1.0,0.825,61104,0.0504108,0,consumer
1059,1787165962.2056441,openrouter,0.17500000000000002,1.0,0.825,61220,0.0505065,0,consumer
1060,1787165966.679063,openrouter,0.17500000000000002,1.0,0.825,61484,0.05072429999999999,0,consumer
1061,1787165970.540225,openrouter,0.17500000000000002,1.0,0.825,61787,0.05097427499999999,0,consumer
1062,1787165977.7863297,openrouter,0.17500000000000002,1.0,0.825,62121,0.051249825,0,consumer
1063,1787165982.8996918,openrouter,0.17500000000000002,1.0,0.825,63223,0.052158974999999996,0,consumer
1064,1787165987.5969691,openrouter,0.17500000000000002,1.0,0.825,63420,0.0523215,0,consumer
1065,1787165991.8959577,openrouter,0.17500000000000002,1.0,0.825,63579,0.052452675,0,consumer
1066,1787165996.583348,openrouter,0.17500000000000002,1.0,0.825,63926,0.05273895,0,consumer
1067,1787166016.4059074,openrouter,0.17500000000000002,1.0,0.825,64165,0.052936125,0,consumer
1068,1787166054.9430175,openrouter,0.17500000000000002,1.0,0.825,76557,0.063159525,0,consumer
1069,1787166058.447585,openrouter,0.17500000000000002,1.0,0.825,76882,0.06342764999999999,0,consumer
1070,1787166070.6111271,openrouter,0.17500000000000002,1.0,0.825,77345,0.063809625,0,consumer
1071,1787166078.4960508,openrouter,0.17500000000000002,0.18462499999999998,0.009624999999999967,77859,0.0007493928749999974,0,consumer
1072,1787166082.1827118,openrouter,0.17500000000000002,0.18462499999999998,0.009624999999999967,78132,0.0007520204999999975,0,consumer
1073,1787166092.8212874,openrouter,0.17500000000000002,0.18462499999999998,0.009624999999999967,78517,0.0007557261249999974,0,consumer
1074,1787166099.840322,openrouter,0.17500000000000002,0.18462499999999998,0.009624999999999967,78730,0.0007577762499999974,0,consumer
1075,1787166105.092114,openrouter,0.17500000000000002,0.18462499999999998,0.009624999999999967,78922,0.0007596242499999974,0,consumer
1076,1787166158.2103975,openrouter,0.17500000000000002,0.18462499999999998,0.009624999999999967,8079,7.776037499999972e-05,0,consumer
1077,1787166222.910182,openrouter,0.17500000000000002,0.18462499999999998,0.009624999999999967,50913,0.0004900376249999984,0,consumer
1078,1787166282.407231,openrouter,0.17500000000000002,0.18462499999999998,0.009624999999999967,51614,0.0004967847499999983,0,consumer
1079,1787166298.9024425,openrouter,0.17500000000000002,0.18462499999999998,0.009624999999999967,51781,0.0004983921249999983,0,consumer
1080,1787166318.7698708,openrouter,0.17500000000000002,0.18462499999999998,0.009624999999999967,52396,0.0005043114999999982,0,consumer
1081,1787166329.389215,openrouter,0.17500000000000002,0.18462499999999998,0.009624999999999967,52919,0.0005093453749999982,0,consumer
1082,1787167755.99712,openrouter,0.17500000000000002,0.18462499999999998,0.009624999999999967,26880,0.0002587199999999991,0,consumer
1083,1787167783.4191227,openrouter,0.17500000000000002,0.18462499999999998,0.009624999999999967,31195,0.00030025187499999897,0,consumer
1084,1787167791.88793,openrouter,0.17500000000000002,0.18462499999999998,0.009624999999999967,32188,0.00030980949999999895,0,consumer
1085,1787167801.4751618,openrouter,0.17500000000000002,0.18462499999999998,0.009624999999999967,32695,0.00031468937499999893,0,consumer
1086,1787167813.4406183,openrouter,0.17500000000000002,0.18462499999999998,0.009624999999999967,33128,0.0003188569999999989,0,consumer
1087,1787167822.5331693,openrouter,0.17500000000000002,0.18462499999999998,0.009624999999999967,33642,0.0003238042499999989,0,consumer
1088,1787167828.3349192,openrouter,0.17500000000000002,0.18462499999999998,0.009624999999999967,33786,0.00032519024999999883,0,consumer
1089,1787167837.917768,openrouter,0.17500000000000002,0.18462499999999998,0.009624999999999967,34395,0.00033105187499999885,0,consumer
1090,1787167846.5878682,openrouter,0.17500000000000002,0.18462499999999998,0.009624999999999967,34771,0.00033467087499999885,0,consumer
1091,1787167854.5653174,openrouter,0.17500000000000002,0.18462499999999998,0.009624999999999967,35078,0.0003376257499999988,0,consumer
1092,1787167916.0483775,openrouter,0.9675,2.15,1.1824999999999999,58675,0.0693831875,0,consumer
1093,1787167919.8137898,openrouter,0.9675,2.15,1.1824999999999999,66280,0.07837609999999999,0,consumer
1094,1787167941.981976,openrouter,0.17500000000000002,1.0,0.825,26945,0.022229625,0,consumer
1095,1787167962.5337045,openrouter,0.17500000000000002,1.0,0.825,31836,0.0262647,0,consumer
1096,1787167973.6384878,openrouter,0.17500000000000002,1.0,0.825,32393,0.026724224999999997,0,consumer
1097,1787167985.3056383,openrouter,0.9675,2.15,1.1824999999999999,14071,0.016638957499999996,0,consumer
1098,1787168005.5629175,openrouter,0.17500000000000002,1.0,0.825,33122,0.027325649999999996,0,consumer
1099,1787168038.7906163,openrouter,0.9675,2.15,1.1824999999999999,31512,0.037262939999999994,0,consumer
1100,1787168039.6517045,openrouter,0.9675,2.15,1.1824999999999999,37084,0.043851829999999994,0,consumer
1101,1787168040.138835,openrouter,0.9675,2.15,1.1824999999999999,38526,0.045556994999999996,0,consumer
1102,1787168042.0316954,openrouter,0.17500000000000002,1.0,0.825,35767,0.029507774999999997,0,consumer
1103,1787168045.094638,openrouter,0.9675,2.15,1.1824999999999999,77015,0.09107023749999998,0,consumer
1104,1787168053.1556346,openrouter,0.17500000000000002,1.0,0.825,36593,0.030189225,0,consumer
1105,1787168060.5026684,openrouter,0.9675,2.15,1.1824999999999999,16036,0.018962569999999998,0,consumer
1106,1787168064.276801,openrouter,0.17500000000000002,1.0,0.825,37121,0.030624824999999998,0,consumer
1107,1787168074.6185532,openrouter,0.17500000000000002,1.0,0.825,37319,0.030788175,0,consumer
1108,1787168083.044298,openrouter,0.17500000000000002,1.0,0.825,37705,0.031106625,0,consumer
1109,1787168090.5061715,openrouter,0.17500000000000002,1.0,0.825,37732,0.031128899999999998,0,consumer
1110,1787168101.8146956,openrouter,0.17500000000000002,1.0,0.825,38501,0.031763324999999995,0,consumer
1111,1787168111.151961,openrouter,0.17500000000000002,1.0,0.825,38828,0.0320331,0,consumer
1112,1787168123.421528,openrouter,0.17500000000000002,1.0,0.825,39329,0.032446425,0,consumer
1113,1787168136.1689138,openrouter,0.17500000000000002,1.0,0.825,39926,0.032938949999999995,0,consumer
1114,1787168155.6662788,openrouter,0.17500000000000002,1.0,0.825,40462,0.03338115,0,consumer
1115,1787168157.75235,openrouter,0.17500000000000002,1.0,0.825,25155,0.020752875,0,consumer
1116,1787168184.1168475,openrouter,0.17500000000000002,1.0,0.825,41240,0.034023,0,consumer
1117,1787168184.704292,openrouter,0.17500000000000002,1.0,0.825,27423,0.022623974999999998,0,consumer
1118,1787168194.85267,openrouter,0.17500000000000002,1.0,0.825,41695,0.034398375,0,consumer
1119,1787168201.1732428,openrouter,0.17500000000000002,1.0,0.825,28463,0.023481975,0,consumer
1120,1787168204.6198049,openrouter,0.17500000000000002,1.0,0.825,41884,0.034554299999999996,0,consumer
1121,1787168207.06817,openrouter,0.17500000000000002,1.0,0.825,29132,0.024033899999999997,0,consumer
1122,1787168215.4150321,openrouter,0.17500000000000002,1.0,0.825,42262,0.03486615,0,consumer
1123,1787168219.2447627,openrouter,0.17500000000000002,0.18462499999999998,0.009624999999999967,301,2.89712499999999e-06,0,consumer
1124,1787168248.7136822,openrouter,0.17500000000000002,0.18462499999999998,0.009624999999999967,30663,0.00029513137499999895,0,consumer
1125,1787168261.325006,openrouter,0.17500000000000002,0.18462499999999998,0.009624999999999967,31094,0.00029927974999999896,0,consumer
1126,1787168271.002262,openrouter,0.17500000000000002,0.18462499999999998,0.009624999999999967,31481,0.00030300462499999897,0,consumer
1127,1787168284.5250916,openrouter,0.17500000000000002,0.18462499999999998,0.009624999999999967,32161,0.0003095496249999989,0,consumer
1128,1787168287.9599555,openrouter,0.17500000000000002,0.18462499999999998,0.009624999999999967,369,3.5516249999999878e-06,0,consumer
1129,1787168296.1125965,openrouter,0.17500000000000002,0.18462499999999998,0.009624999999999967,32549,0.00031328412499999895,0,consumer
1130,1787168307.1866488,openrouter,0.17500000000000002,0.18462499999999998,0.009624999999999967,33140,0.00031897249999999886,0,consumer
1131,1787168348.2887459,openrouter,0.9675,1.498335,0.530835,76853,0.04079626225499999,0,consumer
1132,1787168457.7484224,openrouter,0.17500000000000002,0.18462499999999998,0.009624999999999967,34752,0.0003344879999999989,0,consumer
1133,1787168466.1267824,openrouter,0.17500000000000002,0.18462499999999998,0.009624999999999967,35459,0.0003412928749999988,0,consumer
1134,1787168491.3573256,openrouter,0.17500000000000002,0.18462499999999998,0.009624999999999967,35615,0.0003427943749999988,0,consumer
1135,1787168500.2649357,openrouter,0.17500000000000002,0.18462499999999998,0.009624999999999967,35791,0.0003444883749999988,0,consumer
1136,1787168510.6334121,openrouter,0.17500000000000002,0.18462499999999998,0.009624999999999967,35987,0.0003463748749999988,0,consumer
1137,1787168517.828627,openrouter,0.17500000000000002,0.18462499999999998,0.009624999999999967,36255,0.0003489543749999988,0,consumer
1138,1787168524.832855,openrouter,0.17500000000000002,0.18462499999999998,0.009624999999999967,36490,0.0003512162499999988,0,consumer
1139,1787168538.8329206,openrouter,0.17500000000000002,0.18462499999999998,0.009624999999999967,36943,0.0003555763749999988,0,consumer
1140,1787168546.987868,openrouter,0.17500000000000002,0.18462499999999998,0.009624999999999967,37103,0.00035711637499999876,0,consumer
1141,1787168555.7641253,openrouter,0.17500000000000002,0.18462499999999998,0.009624999999999967,37380,0.00035978249999999877,0,consumer
1142,1787168562.5857337,openrouter,0.17500000000000002,0.18462499999999998,0.009624999999999967,37605,0.00036194812499999875,0,consumer
1143,1787168578.4598248,openrouter,0.17500000000000002,0.18462499999999998,0.009624999999999967,37778,0.0003636132499999987,0,consumer
1144,1787168592.3766034,openrouter,0.17500000000000002,0.18462499999999998,0.009624999999999967,50726,0.0004882377499999983,0,consumer
1145,1787168613.8599646,openrouter,0.17500000000000002,0.18462499999999998,0.009624999999999967,51323,0.0004939838749999983,0,consumer
1146,1787168626.3071787,openrouter,0.17500000000000002,0.18462499999999998,0.009624999999999967,51716,0.0004977664999999983,0,consumer
1147,1787168638.3281748,openrouter,0.17500000000000002,0.18462499999999998,0.009624999999999967,53937,0.0005191436249999983,0,consumer
1148,1787168648.9472694,openrouter,0.17500000000000002,0.18462499999999998,0.009624999999999967,55099,0.0005303278749999982,0,consumer
1149,1787168731.332215,openrouter,0.17500000000000002,0.18462499999999998,0.009624999999999967,25160,0.00024216499999999916,0,consumer
1150,1787168749.4424138,openrouter,0.17500000000000002,0.18462499999999998,0.009624999999999967,28438,0.00027371574999999907,0,consumer
1151,1787168769.616447,openrouter,0.17500000000000002,1.0,0.825,31686,0.026140949999999996,0,consumer
1152,1787168788.4478943,openrouter,0.17500000000000002,1.0,0.825,33607,0.027725774999999998,0,consumer
1153,1787168790.4673715,openrouter,0.17500000000000002,1.0,0.825,417,0.000344025,0,consumer
1154,1787168815.6228268,openrouter,0.17500000000000002,1.0,0.825,47978,0.03958185,0,consumer
1155,1787168821.311125,openrouter,0.17500000000000002,1.0,0.825,551,0.000454575,0,consumer
1156,1787168830.3792284,openrouter,0.17500000000000002,1.0,0.825,48473,0.039990225,0,consumer
1157,1787168834.371451,openrouter,0.17500000000000002,1.0,0.825,480,0.000396,0,consumer
1158,1787168846.3239253,openrouter,0.17500000000000002,1.0,0.825,49403,0.040757475,0,consumer
1159,1787168872.103279,openrouter,0.17500000000000002,1.0,0.825,50799,0.04190917499999999,0,consumer
1160,1787168884.5711126,openrouter,0.17500000000000002,1.0,0.825,51447,0.042443774999999996,0,consumer
1161,1787168895.7188745,openrouter,0.17500000000000002,1.0,0.825,52082,0.042967649999999996,0,consumer
1162,1787168907.8480396,openrouter,0.17500000000000002,1.0,0.825,53289,0.043963424999999993,0,consumer
1163,1787168915.628955,openrouter,0.17500000000000002,1.0,0.825,26846,0.022147949999999996,0,consumer
1164,1787168926.3808348,openrouter,0.17500000000000002,1.0,0.825,55263,0.045591975,0,consumer
1165,1787168930.2305794,openrouter,0.17500000000000002,1.0,0.825,28451,0.023472075,0,consumer
1166,1787168936.2327092,openrouter,0.17500000000000002,1.0,0.825,561,0.000462825,0,consumer
1167,1787168938.683393,openrouter,0.17500000000000002,1.0,0.825,28754,0.023722049999999998,0,consumer
1168,1787168949.4584095,openrouter,0.17500000000000002,1.0,0.825,55793,0.046029225,0,consumer
1169,1787168950.966373,openrouter,0.17500000000000002,1.0,0.825,300,0.0002475,0,consumer
1170,1787168951.8256166,openrouter,0.17500000000000002,1.0,0.825,29375,0.024234375,0,consumer
1171,1787168956.2663875,openrouter,0.17500000000000002,1.0,0.825,56199,0.046364174999999994,0,consumer
1172,1787168963.2919307,openrouter,0.17500000000000002,1.0,0.825,31286,0.025810949999999996,0,consumer
1173,1787168967.8367722,openrouter,0.17500000000000002,1.0,0.825,56611,0.046704075,0,consumer
1174,1787168980.8968742,openrouter,0.17500000000000002,1.0,0.825,56966,0.046996949999999996,0,consumer
1175,1787168981.6845376,openrouter,0.17500000000000002,1.0,0.825,42207,0.034820775,0,consumer
1176,1787168989.1145782,openrouter,0.17500000000000002,1.0,0.825,42457,0.035027025,0,consumer
1177,1787168997.2838259,openrouter,0.17500000000000002,1.0,0.825,57202,0.047191649999999995,0,consumer
1178,1787168999.3663015,openrouter,0.17500000000000002,1.0,0.825,45596,0.037616699999999996,0,consumer
1179,1787169003.552283,openrouter,0.17500000000000002,1.0,0.825,57553,0.047481225,0,consumer
1180,1787169009.1774502,openrouter,0.17500000000000002,1.0,0.825,50222,0.041433149999999995,0,consumer
1181,1787169009.5573232,openrouter,0.17500000000000002,1.0,0.825,57732,0.047628899999999995,0,consumer
1182,1787169015.3178968,openrouter,0.17500000000000002,1.0,0.825,57897,0.047765024999999996,0,consumer
1183,1787169026.8266065,openrouter,0.17500000000000002,1.0,0.825,58177,0.04799602499999999,0,consumer
1184,1787169033.204048,openrouter,0.17500000000000002,1.0,0.825,58335,0.048126375,0,consumer
1185,1787169044.5507383,openrouter,0.17500000000000002,1.0,0.825,58578,0.04832685,0,consumer
1186,1787169048.0174377,openrouter,0.17500000000000002,1.0,0.825,52481,0.043296825,0,consumer
1187,1787169058.9177198,openrouter,0.17500000000000002,1.0,0.825,58824,0.0485298,0,consumer
1188,1787169076.0747657,openrouter,0.17500000000000002,0.18462499999999998,0.009624999999999967,53074,0.0005108372499999982,0,consumer
1189,1787169086.0488775,openrouter,0.17500000000000002,0.18462499999999998,0.009624999999999967,59175,0.000569559374999998,0,consumer
1190,1787169098.2437463,openrouter,0.17500000000000002,0.18462499999999998,0.009624999999999967,60801,0.000585209624999998,0,consumer
1191,1787169103.7457943,openrouter,0.17500000000000002,0.18462499999999998,0.009624999999999967,53890,0.0005186912499999983,0,consumer
1192,1787169119.7780263,openrouter,0.17500000000000002,0.18462499999999998,0.009624999999999967,62434,0.0006009272499999979,0,consumer
1193,1787169121.291723,openrouter,0.17500000000000002,0.18462499999999998,0.009624999999999967,54332,0.0005229454999999982,0,consumer
1194,1787169128.7349064,openrouter,0.17500000000000002,0.18462499999999998,0.009624999999999967,55074,0.0005300872499999982,0,consumer
1195,1787169135.803757,openrouter,0.17500000000000002,0.18462499999999998,0.009624999999999967,63583,0.0006119863749999979,0,consumer
1196,1787169146.8130336,openrouter,0.17500000000000002,0.18462499999999998,0.009624999999999967,55898,0.0005380182499999982,0,consumer
1197,1787169152.5574744,openrouter,0.17500000000000002,0.18462499999999998,0.009624999999999967,68975,0.0006638843749999977,0,consumer
1198,1787169167.8518481,openrouter,0.17500000000000002,0.18462499999999998,0.009624999999999967,70515,0.0006787068749999976,0,consumer
1199,1787169186.7869163,openrouter,0.17500000000000002,0.18462499999999998,0.009624999999999967,71531,0.0006884858749999976,0,consumer
1200,1787169200.7062063,openrouter,0.17500000000000002,0.18462499999999998,0.009624999999999967,72386,0.0006967152499999976,0,consumer
1201,1787169208.6338806,openrouter,0.17500000000000002,0.18462499999999998,0.009624999999999967,56247,0.0005413773749999981,0,consumer
1202,1787169211.4742446,openrouter,0.17500000000000002,0.18462499999999998,0.009624999999999967,74129,0.0007134916249999975,0,consumer
1203,1787169221.152839,openrouter,0.17500000000000002,0.18462499999999998,0.009624999999999967,56687,0.0005456123749999981,0,consumer
1204,1787169222.8272204,openrouter,0.17500000000000002,0.18462499999999998,0.009624999999999967,74696,0.0007189489999999976,0,consumer
1205,1787169238.3061135,openrouter,0.17500000000000002,0.18462499999999998,0.009624999999999967,75016,0.0007220289999999975,0,consumer
1206,1787169246.4940257,openrouter,0.17500000000000002,0.18462499999999998,0.009624999999999967,57414,0.0005526097499999981,0,consumer
1207,1787169250.730248,openrouter,0.17500000000000002,0.18462499999999998,0.009624999999999967,75763,0.0007292188749999975,0,consumer
1208,1787169253.294737,openrouter,0.17500000000000002,0.18462499999999998,0.009624999999999967,57664,0.0005550159999999981,0,consumer
1209,1787169261.624403,openrouter,0.17500000000000002,0.18462499999999998,0.009624999999999967,76259,0.0007339928749999975,0,consumer
1210,1787169263.0546865,openrouter,0.17500000000000002,0.18462499999999998,0.009624999999999967,57881,0.0005571046249999982,0,consumer
1211,1787169264.4732635,openrouter,0.17500000000000002,0.18462499999999998,0.009624999999999967,314,3.0222499999999896e-06,0,consumer
1212,1787169268.7727578,openrouter,0.17500000000000002,0.18462499999999998,0.009624999999999967,425,4.090624999999986e-06,0,consumer
1213,1787169276.4493725,openrouter,0.17500000000000002,0.18462499999999998,0.009624999999999967,58113,0.0005593376249999981,0,consumer
1214,1787169278.5102293,openrouter,0.17500000000000002,0.18462499999999998,0.009624999999999967,77105,0.0007421356249999975,0,consumer
1215,1787169291.0504584,openrouter,0.17500000000000002,0.18462499999999998,0.009624999999999967,78663,0.0007571313749999974,0,consumer
1216,1787169296.5138037,openrouter,0.17500000000000002,0.18462499999999998,0.009624999999999967,59815,0.000575719374999998,0,consumer
1217,1787169299.2509105,openrouter,0.17500000000000002,0.18462499999999998,0.009624999999999967,78823,0.0007586713749999974,0,consumer
1218,1787169303.2945318,openrouter,0.17500000000000002,0.18462499999999998,0.009624999999999967,60058,0.000578058249999998,0,consumer
1219,1787169309.5190248,openrouter,0.17500000000000002,0.18462499999999998,0.009624999999999967,60269,0.0005800891249999981,0,consumer
1220,1787169328.5309443,openrouter,0.17500000000000002,0.18462499999999998,0.009624999999999967,60664,0.0005838909999999981,0,consumer
1221,1787169337.4417837,openrouter,0.17500000000000002,0.18462499999999998,0.009624999999999967,60892,0.000586085499999998,0,consumer
1222,1787169347.1914856,openrouter,0.17500000000000002,0.18462499999999998,0.009624999999999967,5679,5.466037499999981e-05,0,consumer
1223,1787169367.4123008,openrouter,0.17500000000000002,0.18462499999999998,0.009624999999999967,53815,0.0005179693749999982,0,consumer
1224,1787169378.9561892,openrouter,0.17500000000000002,0.18462499999999998,0.009624999999999967,54301,0.0005226471249999983,0,consumer
1225,1787169385.1076932,openrouter,0.17500000000000002,1.0,0.825,54676,0.045107699999999994,0,consumer
1226,1787169393.9203758,openrouter,0.17500000000000002,1.0,0.825,62352,0.0514404,0,consumer
1227,1787169422.804921,openrouter,0.17500000000000002,1.0,0.825,69269,0.057146924999999994,0,consumer
1228,1787169434.9998853,openrouter,0.17500000000000002,1.0,0.825,69861,0.057635324999999994,0,consumer
1229,1787169448.2567077,openrouter,0.17500000000000002,1.0,0.825,70307,0.05800327499999999,0,consumer
1230,1787169462.3327372,openrouter,0.17500000000000002,1.0,0.825,70864,0.058462799999999995,0,consumer
1231,1787169472.4523625,openrouter,0.17500000000000002,1.0,0.825,75071,0.061933575,0,consumer
1232,1787169480.8465638,openrouter,0.17500000000000002,1.0,0.825,25153,0.020751224999999998,0,consumer
1233,1787169489.7477806,openrouter,0.17500000000000002,1.0,0.825,78233,0.064542225,0,consumer
1234,1787169498.0729403,openrouter,0.17500000000000002,1.0,0.825,78383,0.064665975,0,consumer
1235,1787169498.276793,openrouter,0.17500000000000002,1.0,0.825,26831,0.022135574999999998,0,consumer
1236,1787169504.9441526,openrouter,0.17500000000000002,1.0,0.825,27035,0.022303875,0,consumer
1237,1787169507.238723,openrouter,0.17500000000000002,1.0,0.825,78811,0.065019075,0,consumer
1238,1787169521.1113727,openrouter,0.17500000000000002,1.0,0.825,79748,0.06579209999999999,0,consumer
1239,1787169529.1070433,openrouter,0.17500000000000002,1.0,0.825,28768,0.023733599999999997,0,consumer
1240,1787169540.8912134,openrouter,0.17500000000000002,1.0,0.825,31948,0.026357099999999998,0,consumer
1241,1787169552.8253813,openrouter,0.17500000000000002,1.0,0.825,37909,0.031274925,0,consumer
1242,1787169557.249604,openrouter,0.17500000000000002,1.0,0.825,368,0.00030359999999999995,0,consumer
1243,1787169572.886007,openrouter,0.17500000000000002,1.0,0.825,38554,0.031807049999999996,0,consumer
1244,1787169883.5410511,openrouter,0.17500000000000002,0.18462499999999998,0.009624999999999967,39578,0.00038093824999999867,0,consumer
1245,1787169898.642976,openrouter,0.17500000000000002,0.18462499999999998,0.009624999999999967,39780,0.0003828824999999987,0,consumer
1246,1787170145.3987906,openrouter,0.17500000000000002,0.18462499999999998,0.009624999999999967,25171,0.00024227087499999916,0,consumer
1247,1787170166.438842,openrouter,0.17500000000000002,0.18462499999999998,0.009624999999999967,27625,0.0002658906249999991,0,consumer
1248,1787170173.7936769,openrouter,0.17500000000000002,0.18462499999999998,0.009624999999999967,29236,0.00028139649999999903,0,consumer
1249,1787170183.266818,openrouter,0.17500000000000002,0.18462499999999998,0.009624999999999967,30874,0.000297162249999999,0,consumer
1250,1787170198.3610377,openrouter,0.17500000000000002,0.18462499999999998,0.009624999999999967,38330,0.00036892624999999873,0,consumer
1251,1787170219.6582067,openrouter,0.17500000000000002,0.18462499999999998,0.009624999999999967,38536,0.00037090899999999875,0,consumer
1252,1787170229.6191592,openrouter,0.17500000000000002,0.18462499999999998,0.009624999999999967,38865,0.0003740756249999987,0,consumer
1253,1787170454.3228183,openrouter,0.17500000000000002,0.18462499999999998,0.009624999999999967,48089,0.0004628566249999984,0,consumer
1254,1787170473.455198,openrouter,0.17500000000000002,0.18462499999999998,0.009624999999999967,48477,0.0004665911249999984,0,consumer
1255,1787170513.0026534,openrouter,0.17500000000000002,0.18462499999999998,0.009624999999999967,48631,0.0004680733749999984,0,consumer
1256,1787170524.386494,openrouter,0.17500000000000002,0.18462499999999998,0.009624999999999967,49048,0.0004720869999999984,0,consumer
1257,1787170734.2892857,openrouter,0.17500000000000002,0.18462499999999998,0.009624999999999967,70198,0.0006756557499999976,0,consumer
1258,1787170743.486911,openrouter,0.17500000000000002,0.18462499999999998,0.009624999999999967,70608,0.0006796019999999977,0,consumer
1259,1787170834.5470808,openrouter,0.17500000000000002,0.18462499999999998,0.009624999999999967,25233,0.00024286762499999915,0,consumer
1260,1787170834.6974344,openrouter,0.17500000000000002,0.18462499999999998,0.009624999999999967,25229,0.00024282912499999916,0,consumer
1261,1787170853.0729454,openrouter,0.17500000000000002,0.18462499999999998,0.009624999999999967,28331,0.00027268587499999905,0,consumer
1262,1787170860.9350379,openrouter,0.17500000000000002,0.18462499999999998,0.009624999999999967,28527,0.00027457237499999904,0,consumer
1263,1787170864.5862033,openrouter,0.17500000000000002,0.18462499999999998,0.009624999999999967,29675,0.000285621874999999,0,consumer
1264,1787170871.6988819,openrouter,0.17500000000000002,0.18462499999999998,0.009624999999999967,29096,0.000280048999999999,0,consumer
1265,1787170875.1102412,openrouter,0.17500000000000002,0.18462499999999998,0.009624999999999967,30443,0.000293013874999999,0,consumer
1266,1787170884.9584866,openrouter,0.17500000000000002,0.18462499999999998,0.009624999999999967,32976,0.00031739399999999895,0,consumer
1267,1787170885.8584297,openrouter,0.17500000000000002,0.18462499999999998,0.009624999999999967,30893,0.000297345124999999,0,consumer
1268,1787170897.8402097,openrouter,0.17500000000000002,1.0,0.825,31104,0.0256608,0,consumer
1269,1787170924.8411117,openrouter,0.17500000000000002,1.0,0.825,31655,0.026115375,0,consumer
1270,1787170939.5981088,openrouter,0.17500000000000002,1.0,0.825,32522,0.026830649999999998,0,consumer
1271,1787170944.4540987,openrouter,0.17500000000000002,1.0,0.825,483,0.00039847499999999997,0,consumer
1272,1787170958.6441925,openrouter,0.17500000000000002,1.0,0.825,47609,0.039277425,0,consumer
1273,1787170975.6567285,openrouter,0.17500000000000002,1.0,0.825,48732,0.0402039,0,consumer
1274,1787170978.759795,openrouter,0.17500000000000002,1.0,0.825,379,0.000312675,0,consumer
1275,1787170996.3122761,openrouter,0.17500000000000002,1.0,0.825,49710,0.04101075,0,consumer
1276,1787171007.776751,openrouter,0.17500000000000002,1.0,0.825,51063,0.042126975,0,consumer
1277,1787171023.9277065,openrouter,0.17500000000000002,1.0,0.825,53157,0.04385452499999999,0,consumer
1278,1787171038.5113583,openrouter,0.17500000000000002,1.0,0.825,74095,0.061128375,0,consumer
1279,1787171050.5022664,openrouter,0.17500000000000002,1.0,0.825,74508,0.0614691,0,consumer
1280,1787171072.1693919,openrouter,0.17500000000000002,1.0,0.825,74918,0.06180735,0,consumer
1281,1787171083.6437151,openrouter,0.17500000000000002,1.0,0.825,75304,0.062125799999999995,0,consumer
1282,1787171096.8436217,openrouter,0.17500000000000002,1.0,0.825,75632,0.06239639999999999,0,consumer
1283,1787171106.5009618,openrouter,0.17500000000000002,1.0,0.825,76514,0.06312405,0,consumer
1284,1787171119.9749584,openrouter,0.17500000000000002,1.0,0.825,76959,0.063491175,0,consumer
1285,1787171140.893964,openrouter,0.17500000000000002,1.0,0.825,78052,0.06439289999999999,0,consumer
1286,1787171152.8792374,openrouter,0.17500000000000002,1.0,0.825,78558,0.06481035,0,consumer
1287,1787171171.3135788,openrouter,0.17500000000000002,1.0,0.825,78920,0.065109,0,consumer
1288,1787171198.9154093,openrouter,0.17500000000000002,1.0,0.825,33227,0.027412274999999996,0,consumer
1289,1787171219.8962486,openrouter,0.17500000000000002,0.18462499999999998,0.009624999999999967,33732,0.00032467049999999886,0,consumer
1290,1787171227.4095924,openrouter,0.17500000000000002,0.18462499999999998,0.009624999999999967,34022,0.0003274617499999989,0,consumer
1291,1787171235.044832,openrouter,0.17500000000000002,0.18462499999999998,0.009624999999999967,36085,0.0003473181249999988,0,consumer
1292,1787171242.3539698,openrouter,0.17500000000000002,0.18462499999999998,0.009624999999999967,36350,0.00034986874999999877,0,consumer
1293,1787171250.2273371,openrouter,0.17500000000000002,0.18462499999999998,0.009624999999999967,36577,0.0003520536249999988,0,consumer
1294,1787171255.4087238,openrouter,0.17500000000000002,0.18462499999999998,0.009624999999999967,37039,0.00035650037499999876,0,consumer
1295,1787171264.4057565,openrouter,0.17500000000000002,0.18462499999999998,0.009624999999999967,37350,0.0003594937499999988,0,consumer
1296,1787171268.281067,openrouter,0.17500000000000002,1.0,0.825,6359,0.005246175,0,consumer
1297,1787171273.6084845,openrouter,0.17500000000000002,0.18462499999999998,0.009624999999999967,37572,0.00036163049999999875,0,consumer
1298,1787171296.1693237,openrouter,0.17500000000000002,0.18462499999999998,0.009624999999999967,54294,0.0005225797499999982,0,consumer
1299,1787171300.8348618,openrouter,0.17500000000000002,0.18462499999999998,0.009624999999999967,37868,0.0003644794999999987,0,consumer
1300,1787171316.484118,openrouter,0.17500000000000002,0.18462499999999998,0.009624999999999967,38304,0.0003686759999999987,0,consumer
1301,1787171318.1313217,openrouter,0.17500000000000002,0.18462499999999998,0.009624999999999967,56716,0.0005458914999999982,0,consumer
1302,1787171329.4042344,openrouter,0.17500000000000002,0.18462499999999998,0.009624999999999967,57596,0.0005543614999999981,0,consumer
1303,1787171335.3112466,openrouter,0.17500000000000002,0.18462499999999998,0.009624999999999967,38724,0.0003727184999999987,0,consumer
1304,1787171341.173199,openrouter,0.17500000000000002,0.18462499999999998,0.009624999999999967,58541,0.000563457124999998,0,consumer
1305,1787171353.1050975,openrouter,0.17500000000000002,0.18462499999999998,0.009624999999999967,59701,0.0005746221249999981,0,consumer
1306,1787171367.1721194,openrouter,0.17500000000000002,0.18462499999999998,0.009624999999999967,60981,0.000586942124999998,0,consumer
1307,1787171385.7966366,openrouter,0.17500000000000002,0.18462499999999998,0.009624999999999967,62163,0.0005983188749999979,0,consumer
1308,1787171399.0638735,openrouter,0.17500000000000002,0.18462499999999998,0.009624999999999967,63130,0.0006076262499999979,0,consumer
1309,1787171412.066234,openrouter,0.17500000000000002,0.18462499999999998,0.009624999999999967,63560,0.000611764999999998,0,consumer
1310,1787171419.2542584,openrouter,0.17500000000000002,0.18462499999999998,0.009624999999999967,63842,0.0006144792499999979,0,consumer
1311,1787171427.4423485,openrouter,0.17500000000000002,0.18462499999999998,0.009624999999999967,64406,0.0006199077499999979,0,consumer
1312,1787171437.0506704,openrouter,0.17500000000000002,0.18462499999999998,0.009624999999999967,64628,0.0006220444999999978,0,consumer
1313,1787171451.0386083,openrouter,0.17500000000000002,0.18462499999999998,0.009624999999999967,64832,0.0006240079999999978,0,consumer
1314,1787171452.0800688,openrouter,0.17500000000000002,0.18462499999999998,0.009624999999999967,39194,0.0003772422499999987,0,consumer
1315,1787171469.399841,openrouter,0.17500000000000002,0.18462499999999998,0.009624999999999967,65440,0.0006298599999999978,0,consumer
1316,1787171498.888682,openrouter,0.17500000000000002,0.18462499999999998,0.009624999999999967,70289,0.0006765316249999977,0,consumer
1317,1787171514.805229,openrouter,0.17500000000000002,0.18462499999999998,0.009624999999999967,70741,0.0006808821249999977,0,consumer
1318,1787171528.3976934,openrouter,0.17500000000000002,0.18462499999999998,0.009624999999999967,71588,0.0006890344999999976,0,consumer
1319,1787171550.0548728,openrouter,0.17500000000000002,0.18462499999999998,0.009624999999999967,71865,0.0006917006249999977,0,consumer
1320,1787171565.2622554,openrouter,0.17500000000000002,0.18462499999999998,0.009624999999999967,73166,0.0007042227499999977,0,consumer
1321,1787171582.718955,openrouter,0.17500000000000002,0.18462499999999998,0.009624999999999967,74257,0.0007147236249999976,0,consumer
1322,1787171594.1721346,openrouter,0.17500000000000002,0.18462499999999998,0.009624999999999967,75573,0.0007273901249999975,0,consumer
1323,1787171602.849858,openrouter,0.17500000000000002,0.18462499999999998,0.009624999999999967,76250,0.0007339062499999975,0,consumer
1324,1787171615.69325,openrouter,0.17500000000000002,0.18462499999999998,0.009624999999999967,76405,0.0007353981249999974,0,consumer
1325,1787171627.515435,openrouter,0.17500000000000002,0.18462499999999998,0.009624999999999967,76563,0.0007369188749999974,0,consumer
1326,1787171639.4077644,openrouter,0.17500000000000002,0.18462499999999998,0.009624999999999967,76865,0.0007398256249999974,0,consumer
1327,1787171650.625439,openrouter,0.17500000000000002,0.18462499999999998,0.009624999999999967,77266,0.0007436852499999975,0,consumer
1328,1787171662.1885266,openrouter,0.17500000000000002,0.18462499999999998,0.009624999999999967,77621,0.0007471021249999974,0,consumer
1329,1787171672.9871092,openrouter,0.17500000000000002,0.18462499999999998,0.009624999999999967,77819,0.0007490078749999974,0,consumer
1330,1787171683.416887,openrouter,0.17500000000000002,0.18462499999999998,0.009624999999999967,79336,0.0007636089999999975,0,consumer
1331,1787171697.3257916,openrouter,0.9675,1.498335,0.530835,9553,0.005071066755,0,consumer
1332,1787172219.478817,openrouter,0.17500000000000002,0.18462499999999998,0.009624999999999967,25522,0.00024564924999999913,0,consumer
1333,1787172219.582282,openrouter,0.17500000000000002,0.18462499999999998,0.009624999999999967,25534,0.00024576474999999916,0,consumer
1334,1787172220.3435888,openrouter,0.17500000000000002,0.18462499999999998,0.009624999999999967,25518,0.0002456107499999991,0,consumer
1335,1787172235.5583894,openrouter,0.17500000000000002,0.18462499999999998,0.009624999999999967,27168,0.00026149199999999913,0,consumer
1336,1787172235.563904,openrouter,0.17500000000000002,0.18462499999999998,0.009624999999999967,27406,0.0002637827499999991,0,consumer
1337,1787172235.5645537,openrouter,0.17500000000000002,0.18462499999999998,0.009624999999999967,27272,0.00026249299999999906,0,consumer
1338,1787172249.601134,openrouter,0.17500000000000002,0.18462499999999998,0.009624999999999967,30824,0.00029668099999999894,0,consumer
1339,1787172250.3874261,openrouter,0.17500000000000002,0.18462499999999998,0.009624999999999967,31353,0.000301772624999999,0,consumer
1340,1787172250.4197755,openrouter,0.17500000000000002,0.18462499999999998,0.009624999999999967,30251,0.000291165874999999,0,consumer
1341,1787172255.8911026,openrouter,0.17500000000000002,0.18462499999999998,0.009624999999999967,31717,0.00030527612499999895,0,consumer
1342,1787172257.50949,openrouter,0.17500000000000002,0.18462499999999998,0.009624999999999967,33137,0.00031894362499999894,0,consumer
1343,1787172260.2431128,openrouter,0.17500000000000002,0.18462499999999998,0.009624999999999967,32507,0.00031287987499999895,0,consumer
1344,1787172262.1876528,openrouter,0.17500000000000002,0.18462499999999998,0.009624999999999967,33726,0.00032461274999999885,0,consumer
1345,1787172266.2807965,openrouter,0.17500000000000002,0.18462499999999998,0.009624999999999967,34186,0.0003290402499999989,0,consumer
1346,1787172267.8783736,openrouter,0.17500000000000002,0.18462499999999998,0.009624999999999967,34037,0.0003276061249999989,0,consumer
1347,1787172272.2003658,openrouter,0.17500000000000002,0.18462499999999998,0.009624999999999967,38722,0.0003726992499999987,0,consumer
1348,1787172279.0872507,openrouter,0.17500000000000002,0.18462499999999998,0.009624999999999967,36008,0.0003465769999999988,0,consumer
1349,1787172291.5187266,openrouter,0.17500000000000002,0.18462499999999998,0.009624999999999967,41999,0.0004042403749999986,0,consumer
1350,1787172294.1307056,openrouter,0.17500000000000002,0.18462499999999998,0.009624999999999967,38434,0.0003699272499999987,0,consumer
1351,1787172317.6785045,openrouter,0.17500000000000002,0.18462499999999998,0.009624999999999967,43368,0.00041741699999999854,0,consumer
1352,1787172322.1734803,openrouter,0.17500000000000002,0.18462499999999998,0.009624999999999967,43722,0.00042082424999999855,0,consumer
1353,1787172325.6388617,openrouter,0.17500000000000002,0.18462499999999998,0.009624999999999967,44130,0.0004247512499999985,0,consumer
1354,1787172330.4575438,openrouter,0.17500000000000002,0.18462499999999998,0.009624999999999967,45380,0.00043678249999999847,0,consumer
1355,1787172343.335913,openrouter,0.17500000000000002,0.18462499999999998,0.009624999999999967,47891,0.0004609508749999984,0,consumer
1356,1787172344.4406219,openrouter,0.17500000000000002,0.18462499999999998,0.009624999999999967,40959,0.00039423037499999864,0,consumer
1357,1787172348.338588,openrouter,0.17500000000000002,0.18462499999999998,0.009624999999999967,48238,0.00046429074999999843,0,consumer
1358,1787172353.0886002,openrouter,0.17500000000000002,0.18462499999999998,0.009624999999999967,41581,0.00040021712499999865,0,consumer
1359,1787172354.4325325,openrouter,0.17500000000000002,0.18462499999999998,0.009624999999999967,48862,0.0004702967499999984,0,consumer
1360,1787172360.2118354,openrouter,0.17500000000000002,0.18462499999999998,0.009624999999999967,42246,0.0004066177499999986,0,consumer
1361,1787172365.8286238,openrouter,0.17500000000000002,0.18462499999999998,0.009624999999999967,40742,0.0003921417499999986,0,consumer
1362,1787172367.2612255,openrouter,0.17500000000000002,0.18462499999999998,0.009624999999999967,50221,0.0004833771249999983,0,consumer
1363,1787172373.3614697,openrouter,0.17500000000000002,0.18462499999999998,0.009624999999999967,50458,0.00048565824999999833,0,consumer
1364,1787172378.947726,openrouter,0.17500000000000002,0.18462499999999998,0.009624999999999967,51487,0.0004955623749999982,0,consumer
1365,1787172385.7396598,openrouter,0.17500000000000002,0.18462499999999998,0.009624999999999967,47810,0.0004601712499999984,0,consumer
1366,1787172386.8566272,openrouter,0.17500000000000002,0.18462499999999998,0.009624999999999967,52971,0.0005098458749999982,0,consumer
1367,1787172394.1293573,openrouter,0.17500000000000002,0.18462499999999998,0.009624999999999967,48449,0.0004663216249999984,0,consumer
1368,1787172394.8802397,openrouter,0.17500000000000002,0.18462499999999998,0.009624999999999967,44097,0.0004244336249999985,0,consumer
1369,1787172397.9824972,openrouter,0.17500000000000002,0.18462499999999998,0.009624999999999967,54252,0.0005221754999999983,0,consumer
1370,1787172399.9257557,openrouter,0.17500000000000002,0.18462499999999998,0.009624999999999967,49053,0.00047213512499999835,0,consumer
1371,1787172402.8381076,openrouter,0.17500000000000002,0.18462499999999998,0.009624999999999967,54953,0.0005289226249999982,0,consumer
1372,1787172406.0106337,openrouter,0.17500000000000002,0.18462499999999998,0.009624999999999967,50210,0.00048327124999999837,0,consumer
1373,1787172407.2219164,openrouter,0.17500000000000002,0.18462499999999998,0.009624999999999967,44813,0.00043132512499999856,0,consumer
1374,1787172407.3216875,openrouter,0.17500000000000002,0.18462499999999998,0.009624999999999967,55205,0.0005313481249999982,0,consumer
1375,1787172410.8374214,openrouter,0.17500000000000002,0.18462499999999998,0.009624999999999967,50499,0.00048605287499999835,0,consumer
1376,1787172412.7144277,openrouter,0.17500000000000002,0.18462499999999998,0.009624999999999967,45047,0.0004335773749999985,0,consumer
1377,1787172413.6244206,openrouter,0.17500000000000002,0.18462499999999998,0.009624999999999967,55832,0.0005373829999999982,0,consumer
1378,1787172415.019391,openrouter,0.17500000000000002,0.18462499999999998,0.009624999999999967,50990,0.0004907787499999983,0,consumer
1379,1787172417.7073512,openrouter,0.17500000000000002,0.18462499999999998,0.009624999999999967,56377,0.0005426286249999981,0,consumer
1380,1787172423.0560532,openrouter,0.17500000000000002,0.18462499999999998,0.009624999999999967,45904,0.00044182599999999846,0,consumer
1381,1787172425.691387,openrouter,0.17500000000000002,0.18462499999999998,0.009624999999999967,53097,0.0005110586249999983,0,consumer
1382,1787172427.4849696,openrouter,0.17500000000000002,0.18462499999999998,0.009624999999999967,57518,0.0005536107499999981,0,consumer
1383,1787172428.066606,openrouter,0.17500000000000002,0.18462499999999998,0.009624999999999967,46411,0.00044670587499999844,0,consumer
1384,1787172431.3145597,openrouter,0.17500000000000002,0.18462499999999998,0.009624999999999967,53940,0.0005191724999999981,0,consumer
1385,1787172438.3875647,openrouter,0.17500000000000002,0.18462499999999998,0.009624999999999967,58974,0.0005676247499999981,0,consumer
1386,1787172442.3738923,openrouter,0.17500000000000002,0.18462499999999998,0.009624999999999967,48225,0.00046416562499999837,0,consumer
1387,1787172447.360427,openrouter,0.17500000000000002,0.18462499999999998,0.009624999999999967,59432,0.000572032999999998,0,consumer
1388,1787172447.4605203,openrouter,0.17500000000000002,0.18462499999999998,0.009624999999999967,48842,0.0004701042499999984,0,consumer
1389,1787172452.2050962,openrouter,0.17500000000000002,0.18462499999999998,0.009624999999999967,347,3.3398749999999885e-06,0,consumer
1390,1787172453.0947115,openrouter,0.17500000000000002,0.18462499999999998,0.009624999999999967,49673,0.00047810262499999837,0,consumer
1391,1787172464.3600483,openrouter,0.17500000000000002,0.18462499999999998,0.009624999999999967,50185,0.00048303062499999833,0,consumer
1392,1787172466.5140038,openrouter,0.17500000000000002,0.18462499999999998,0.009624999999999967,61242,0.0005894542499999979,0,consumer
1393,1787172470.5230486,openrouter,0.17500000000000002,0.18462499999999998,0.009624999999999967,50617,0.00048718862499999837,0,consumer
1394,1787172472.0628846,openrouter,0.17500000000000002,0.18462499999999998,0.009624999999999967,62038,0.000597115749999998,0,consumer
1395,1787172477.9951925,openrouter,0.17500000000000002,0.18462499999999998,0.009624999999999967,63043,0.0006067888749999979,0,consumer
1396,1787172484.2100663,openrouter,0.17500000000000002,0.18462499999999998,0.009624999999999967,63479,0.0006109853749999979,0,consumer
1397,1787172484.4952853,openrouter,0.17500000000000002,0.18462499999999998,0.009624999999999967,52209,0.0005025116249999982,0,consumer
1398,1787172498.6791866,openrouter,0.17500000000000002,0.18462499999999998,0.009624999999999967,65295,0.0006284643749999979,0,consumer
1399,1787172504.4532802,openrouter,0.17500000000000002,0.18462499999999998,0.009624999999999967,54394,0.0005235422499999981,0,consumer
1400,1787172508.579727,openrouter,0.17500000000000002,0.18462499999999998,0.009624999999999967,66465,0.0006397256249999978,0,consumer
1401,1787172510.2356777,openrouter,0.17500000000000002,0.18462499999999998,0.009624999999999967,54876,0.0005281814999999982,0,consumer
1402,1787172514.2837877,openrouter,0.17500000000000002,0.18462499999999998,0.009624999999999967,67287,0.0006476373749999977,0,consumer
1403,1787172517.0851152,openrouter,0.17500000000000002,0.18462499999999998,0.009624999999999967,56354,0.0005424072499999982,0,consumer
1404,1787172521.9196296,openrouter,0.17500000000000002,0.18462499999999998,0.009624999999999967,68028,0.0006547694999999977,0,consumer
1405,1787172524.2265968,openrouter,0.17500000000000002,0.18462499999999998,0.009624999999999967,57576,0.000554168999999998,0,consumer
1406,1787172526.3277383,openrouter,0.17500000000000002,0.18462499999999998,0.009624999999999967,68494,0.0006592547499999978,0,consumer
1407,1787172531.071078,openrouter,0.17500000000000002,0.18462499999999998,0.009624999999999967,68952,0.0006636629999999977,0,consumer
1408,1787172533.3476582,openrouter,0.17500000000000002,0.18462499999999998,0.009624999999999967,59082,0.000568664249999998,0,consumer
1409,1787172542.9342663,openrouter,0.17500000000000002,0.18462499999999998,0.009624999999999967,71050,0.0006838562499999976,0,consumer
1410,1787172552.8812377,openrouter,0.17500000000000002,0.18462499999999998,0.009624999999999967,60099,0.000578452874999998,0,consumer
1411,1787172555.6731832,openrouter,0.17500000000000002,0.18462499999999998,0.009624999999999967,74611,0.0007181308749999976,0,consumer
1412,1787172559.7303061,openrouter,0.17500000000000002,0.18462499999999998,0.009624999999999967,60630,0.000583563749999998,0,consumer
1413,1787172566.8600707,openrouter,0.17500000000000002,0.18462499999999998,0.009624999999999967,75331,0.0007250608749999975,0,consumer
1414,1787172567.9480855,openrouter,0.17500000000000002,0.18462499999999998,0.009624999999999967,61224,0.000589280999999998,0,consumer
1415,1787172571.8214278,openrouter,0.17500000000000002,0.18462499999999998,0.009624999999999967,75956,0.0007310764999999976,0,consumer
1416,1787172576.7230866,openrouter,0.17500000000000002,0.18462499999999998,0.009624999999999967,76453,0.0007358601249999974,0,consumer
1417,1787172578.0676122,openrouter,0.17500000000000002,0.18462499999999998,0.009624999999999967,62076,0.000597481499999998,0,consumer
1418,1787172580.5047731,openrouter,0.17500000000000002,0.18462499999999998,0.009624999999999967,76800,0.0007391999999999975,0,consumer
1419,1787172587.5693438,openrouter,0.17500000000000002,0.18462499999999998,0.009624999999999967,62790,0.0006043537499999979,0,consumer
1420,1787172588.7675874,openrouter,0.17500000000000002,0.18462499999999998,0.009624999999999967,77494,0.0007458797499999974,0,consumer
1421,1787172594.163752,openrouter,0.17500000000000002,0.18462499999999998,0.009624999999999967,63069,0.000607039124999998,0,consumer
1422,1787172594.9876623,openrouter,0.17500000000000002,0.18462499999999998,0.009624999999999967,78013,0.0007508751249999975,0,consumer
1423,1787172604.3335097,openrouter,0.17500000000000002,0.18462499999999998,0.009624999999999967,78684,0.0007573334999999974,0,consumer
1424,1787172608.3941078,openrouter,0.17500000000000002,0.18462499999999998,0.009624999999999967,65664,0.0006320159999999978,0,consumer
1425,1787172625.276202,openrouter,0.17500000000000002,0.18462499999999998,0.009624999999999967,79094,0.0007612797499999975,0,consumer
1426,1787172625.8196797,openrouter,0.17500000000000002,0.18462499999999998,0.009624999999999967,66537,0.0006404186249999977,0,consumer
1427,1787172627.4559836,openrouter,0.17500000000000002,0.18462499999999998,0.009624999999999967,56281,0.0005417046249999981,0,consumer
1428,1787172636.0388339,openrouter,0.17500000000000002,0.18462499999999998,0.009624999999999967,67500,0.0006496874999999977,0,consumer
1429,1787172644.0191238,openrouter,0.17500000000000002,0.18462499999999998,0.009624999999999967,57485,0.0005532931249999981,0,consumer
1430,1787172645.1965523,openrouter,0.17500000000000002,0.18462499999999998,0.009624999999999967,68082,0.0006552892499999978,0,consumer
1431,1787172653.822637,openrouter,0.17500000000000002,0.18462499999999998,0.009624999999999967,60906,0.0005862202499999981,0,consumer
1432,1787172658.7455628,openrouter,0.17500000000000002,0.18462499999999998,0.009624999999999967,61185,0.000588905624999998,0,consumer
1433,1787172660.4616947,openrouter,0.17500000000000002,0.18462499999999998,0.009624999999999967,69034,0.0006644522499999976,0,consumer
1434,1787172661.6014497,openrouter,0.17500000000000002,0.18462499999999998,0.009624999999999967,6142,5.9116749999999796e-05,0,consumer
1435,1787172669.747528,openrouter,0.17500000000000002,0.18462499999999998,0.009624999999999967,69423,0.0006681963749999978,0,consumer
1436,1787172672.633917,openrouter,0.17500000000000002,0.18462499999999998,0.009624999999999967,64355,0.0006194168749999978,0,consumer
1437,1787172678.3739762,openrouter,0.17500000000000002,0.18462499999999998,0.009624999999999967,65297,0.0006284836249999978,0,consumer
1438,1787172680.2126963,openrouter,0.17500000000000002,0.18462499999999998,0.009624999999999967,70005,0.0006737981249999976,0,consumer
1439,1787172683.2239056,openrouter,0.17500000000000002,0.18462499999999998,0.009624999999999967,57218,0.0005507232499999981,0,consumer
1440,1787172685.4462929,openrouter,0.17500000000000002,0.18462499999999998,0.009624999999999967,65975,0.0006350093749999978,0,consumer
1441,1787172687.8108037,openrouter,0.17500000000000002,0.18462499999999998,0.009624999999999967,57575,0.0005541593749999981,0,consumer
1442,1787172688.5513008,openrouter,0.17500000000000002,0.18462499999999998,0.009624999999999967,71160,0.0006849149999999976,0,consumer
1443,1787172690.7233286,openrouter,0.17500000000000002,0.18462499999999998,0.009624999999999967,66364,0.0006387534999999977,0,consumer
1444,1787172693.3494482,openrouter,0.17500000000000002,0.18462499999999998,0.009624999999999967,58983,0.000567711374999998,0,consumer
1445,1787172696.2442486,openrouter,0.17500000000000002,0.18462499999999998,0.009624999999999967,71599,0.0006891403749999977,0,consumer
1446,1787172705.1921477,openrouter,0.17500000000000002,0.18462499999999998,0.009624999999999967,59729,0.000574891624999998,0,consumer
1447,1787172705.2383108,openrouter,0.17500000000000002,0.18462499999999998,0.009624999999999967,67925,0.0006537781249999978,0,consumer
1448,1787172707.065006,openrouter,0.17500000000000002,0.18462499999999998,0.009624999999999967,72313,0.0006960126249999976,0,consumer
1449,1787172710.3071482,openrouter,0.17500000000000002,0.18462499999999998,0.009624999999999967,68429,0.0006586291249999978,0,consumer
1450,1787172711.9404387,openrouter,0.17500000000000002,0.18462499999999998,0.009624999999999967,60312,0.000580502999999998,0,consumer
1451,1787172716.5100875,openrouter,0.17500000000000002,0.18462499999999998,0.009624999999999967,60446,0.000581792749999998,0,consumer
1452,1787172719.7066786,openrouter,0.17500000000000002,0.18462499999999998,0.009624999999999967,69360,0.0006675899999999977,0,consumer
1453,1787172726.062359,openrouter,0.17500000000000002,0.18462499999999998,0.009624999999999967,73542,0.0007078417499999975,0,consumer
1454,1787172726.2403207,openrouter,0.17500000000000002,0.18462499999999998,0.009624999999999967,69648,0.0006703619999999977,0,consumer
1455,1787172732.4347177,openrouter,0.17500000000000002,0.18462499999999998,0.009624999999999967,73741,0.0007097571249999975,0,consumer
1456,1787172735.6877215,openrouter,0.17500000000000002,0.18462499999999998,0.009624999999999967,70776,0.0006812189999999977,0,consumer
1457,1787172738.1973898,openrouter,0.17500000000000002,0.18462499999999998,0.009624999999999967,65004,0.0006256634999999978,0,consumer
1458,1787172740.5337088,openrouter,0.17500000000000002,0.18462499999999998,0.009624999999999967,74044,0.0007126734999999976,0,consumer
1459,1787172742.1129794,openrouter,0.17500000000000002,0.18462499999999998,0.009624999999999967,65235,0.0006278868749999978,0,consumer
1460,1787172745.6934583,openrouter,0.17500000000000002,0.18462499999999998,0.009624999999999967,71594,0.0006890922499999977,0,consumer
1461,1787172746.0764787,openrouter,0.17500000000000002,0.18462499999999998,0.009624999999999967,74489,0.0007169566249999975,0,consumer
1462,1787172749.3447187,openrouter,0.17500000000000002,0.18462499999999998,0.009624999999999967,71938,0.0006924032499999976,0,consumer
1463,1787172752.0350246,openrouter,0.17500000000000002,0.18462499999999998,0.009624999999999967,65417,0.0006296386249999979,0,consumer
1464,1787172753.5010161,openrouter,0.17500000000000002,0.18462499999999998,0.009624999999999967,74956,0.0007214514999999975,0,consumer
1465,1787172754.003926,openrouter,0.17500000000000002,0.18462499999999998,0.009624999999999967,72162,0.0006945592499999977,0,consumer
1466,1787172757.700075,openrouter,0.17500000000000002,0.18462499999999998,0.009624999999999967,66092,0.0006361354999999978,0,consumer
1467,1787172760.255503,openrouter,0.17500000000000002,0.18462499999999998,0.009624999999999967,75715,0.0007287568749999976,0,consumer
1468,1787172761.7746136,openrouter,0.17500000000000002,0.18462499999999998,0.009624999999999967,66258,0.0006377332499999978,0,consumer
1469,1787172769.547512,openrouter,0.17500000000000002,0.18462499999999998,0.009624999999999967,77298,0.0007439932499999975,0,consumer
1470,1787172772.744639,openrouter,0.17500000000000002,0.18462499999999998,0.009624999999999967,73040,0.0007030099999999976,0,consumer
1471,1787172782.993523,openrouter,0.17500000000000002,0.18462499999999998,0.009624999999999967,78626,0.0007567752499999974,0,consumer
1472,1787172783.8875573,openrouter,0.17500000000000002,0.18462499999999998,0.009624999999999967,74048,0.0007127119999999976,0,consumer
1473,1787172789.7786183,openrouter,0.17500000000000002,0.18462499999999998,0.009624999999999967,79030,0.0007606637499999974,0,consumer
1474,1787172792.9180675,openrouter,0.17500000000000002,0.18462499999999998,0.009624999999999967,75148,0.0007232994999999975,0,consumer
1475,1787172802.4959972,openrouter,0.17500000000000002,0.18462499999999998,0.009624999999999967,76396,0.0007353114999999976,0,consumer
1476,1787172809.23189,openrouter,0.17500000000000002,0.18462499999999998,0.009624999999999967,78113,0.0007518376249999974,0,consumer
1477,1787172815.6498969,openrouter,0.17500000000000002,0.18462499999999998,0.009624999999999967,78881,0.0007592296249999974,0,consumer
1478,1787172822.7553372,openrouter,0.17500000000000002,0.18462499999999998,0.009624999999999967,79821,0.0007682771249999974,0,consumer
1479,1787172831.3896456,openrouter,0.17500000000000002,0.18462499999999998,0.009624999999999967,7845,7.550812499999974e-05,0,consumer
1480,1787172846.1766608,openrouter,0.17500000000000002,0.18462499999999998,0.009624999999999967,58183,0.0005600113749999981,0,consumer
1481,1787172858.76454,openrouter,0.17500000000000002,0.18462499999999998,0.009624999999999967,3414,3.285974999999988e-05,0,consumer
1482,1787172862.291326,openrouter,0.17500000000000002,0.18462499999999998,0.009624999999999967,58987,0.000567749874999998,0,consumer
1483,1787172867.4137578,openrouter,0.17500000000000002,0.18462499999999998,0.009624999999999967,59055,0.0005684043749999981,0,consumer
1484,1787172871.330009,openrouter,0.17500000000000002,0.18462499999999998,0.009624999999999967,59784,0.000575420999999998,0,consumer
1485,1787172872.927038,openrouter,0.17500000000000002,0.18462499999999998,0.009624999999999967,59915,0.000576681874999998,0,consumer
1486,1787172877.0086713,openrouter,0.17500000000000002,0.18462499999999998,0.009624999999999967,60024,0.0005777309999999981,0,consumer
1487,1787172883.124331,openrouter,0.17500000000000002,0.18462499999999998,0.009624999999999967,61264,0.000589665999999998,0,consumer
1488,1787172890.121952,openrouter,0.17500000000000002,0.18462499999999998,0.009624999999999967,60527,0.000582572374999998,0,consumer
1489,1787172891.8362923,openrouter,0.17500000000000002,0.18462499999999998,0.009624999999999967,62149,0.000598184124999998,0,consumer
1490,1787172893.493692,openrouter,0.17500000000000002,0.18462499999999998,0.009624999999999967,400,3.849999999999987e-06,0,consumer
1491,1787172895.9439628,openrouter,0.17500000000000002,0.18462499999999998,0.009624999999999967,62561,0.000602149624999998,0,consumer
1492,1787172899.4975762,openrouter,0.17500000000000002,0.18462499999999998,0.009624999999999967,62794,0.000604392249999998,0,consumer
1493,1787172905.1790574,openrouter,0.17500000000000002,0.18462499999999998,0.009624999999999967,63243,0.0006087138749999979,0,consumer
1494,1787172907.9082987,openrouter,0.17500000000000002,0.18462499999999998,0.009624999999999967,61279,0.0005898103749999979,0,consumer
1495,1787172915.431425,openrouter,0.17500000000000002,0.18462499999999998,0.009624999999999967,61525,0.0005921781249999979,0,consumer
1496,1787172917.2271178,openrouter,0.17500000000000002,0.18462499999999998,0.009624999999999967,64951,0.0006251533749999978,0,consumer
1497,1787172921.9395447,openrouter,0.17500000000000002,0.18462499999999998,0.009624999999999967,61825,0.0005950656249999979,0,consumer
1498,1787172930.2285101,openrouter,0.17500000000000002,0.18462499999999998,0.009624999999999967,66114,0.0006363472499999978,0,consumer
1499,1787172931.7423842,openrouter,0.17500000000000002,0.18462499999999998,0.009624999999999967,62382,0.0006004267499999979,0,consumer
1500,1787172934.091898,openrouter,0.17500000000000002,0.18462499999999998,0.009624999999999967,66273,0.0006378776249999978,0,consumer
1501,1787172940.3978248,openrouter,0.17500000000000002,0.18462499999999998,0.009624999999999967,25517,0.00024560112499999914,0,consumer
1502,1787172941.8771698,openrouter,0.17500000000000002,0.18462499999999998,0.009624999999999967,66857,0.0006434986249999978,0,consumer
1503,1787172943.7119334,openrouter,0.17500000000000002,0.18462499999999998,0.009624999999999967,25538,0.00024580324999999917,0,consumer
1504,1787172955.0947845,openrouter,0.17500000000000002,0.18462499999999998,0.009624999999999967,27294,0.00026270474999999906,0,consumer
1505,1787172956.8764775,openrouter,0.17500000000000002,0.18462499999999998,0.009624999999999967,67542,0.0006500917499999978,0,consumer
1506,1787172957.9994054,openrouter,0.17500000000000002,0.18462499999999998,0.009624999999999967,27311,0.00026286837499999913,0,consumer
1507,1787172960.648301,openrouter,0.17500000000000002,0.18462499999999998,0.009624999999999967,67728,0.0006518819999999978,0,consumer
1508,1787172963.8219337,openrouter,0.17500000000000002,0.18462499999999998,0.009624999999999967,37944,0.00036521099999999875,0,consumer
1509,1787172963.9555824,openrouter,0.17500000000000002,0.18462499999999998,0.009624999999999967,30031,0.000289048374999999,0,consumer
1510,1787172969.042772,openrouter,0.17500000000000002,0.18462499999999998,0.009624999999999967,38918,0.0003745857499999987,0,consumer
1511,1787172969.366507,openrouter,0.17500000000000002,0.18462499999999998,0.009624999999999967,32152,0.0003094629999999989,0,consumer
1512,1787172974.2462661,openrouter,0.17500000000000002,0.18462499999999998,0.009624999999999967,48047,0.0004624523749999984,0,consumer
1513,1787172978.355641,openrouter,0.17500000000000002,0.18462499999999998,0.009624999999999967,54129,0.0005209916249999982,0,consumer
1514,1787172981.8322394,openrouter,0.17500000000000002,0.18462499999999998,0.009624999999999967,54310,0.0005227337499999981,0,consumer
1515,1787172985.17786,openrouter,0.17500000000000002,0.18462499999999998,0.009624999999999967,54439,0.0005239753749999982,0,consumer
1516,1787172986.8848302,openrouter,0.17500000000000002,0.18462499999999998,0.009624999999999967,33565,0.00032306312499999886,0,consumer
1517,1787172989.127871,openrouter,0.17500000000000002,0.18462499999999998,0.009624999999999967,54676,0.0005262564999999981,0,consumer
1518,1787172993.4032428,openrouter,0.17500000000000002,0.18462499999999998,0.009624999999999967,54819,0.0005276328749999982,0,consumer
1519,1787172995.6884267,openrouter,0.17500000000000002,0.18462499999999998,0.009624999999999967,37452,0.0003604754999999988,0,consumer
1520,1787172997.2429662,openrouter,0.17500000000000002,0.18462499999999998,0.009624999999999967,56784,0.0005465459999999981,0,consumer
1521,1787173000.4644504,openrouter,0.17500000000000002,0.18462499999999998,0.009624999999999967,38543,0.0003709763749999987,0,consumer
1522,1787173005.5127287,openrouter,0.17500000000000002,0.18462499999999998,0.009624999999999967,77208,0.0007431269999999974,0,consumer
1523,1787173008.6388342,openrouter,0.17500000000000002,0.18462499999999998,0.009624999999999967,43059,0.0004144428749999986,0,consumer
1524,1787173012.6920078,openrouter,0.17500000000000002,0.18462499999999998,0.009624999999999967,78144,0.0007521359999999974,0,consumer
1525,1787173016.109805,openrouter,0.17500000000000002,0.18462499999999998,0.009624999999999967,45934,0.0004421147499999985,0,consumer
1526,1787173017.248409,openrouter,0.17500000000000002,0.18462499999999998,0.009624999999999967,84246,0.0008108677499999972,0,consumer
1527,1787173033.6857867,openrouter,0.17500000000000002,0.18462499999999998,0.009624999999999967,48936,0.00047100899999999836,0,consumer
1528,1787173038.5027888,openrouter,0.17500000000000002,0.18462499999999998,0.009624999999999967,50453,0.00048561012499999834,0,consumer
1529,1787173045.1239989,openrouter,0.17500000000000002,0.18462499999999998,0.009624999999999967,53993,0.0005196826249999982,0,consumer
1530,1787173047.79405,openrouter,0.17500000000000002,0.18462499999999998,0.009624999999999967,6720,6.467999999999978e-05,0,consumer
1531,1787173053.272894,openrouter,0.17500000000000002,0.18462499999999998,0.009624999999999967,55389,0.0005331191249999981,0,consumer
1532,1787173057.1308804,openrouter,0.17500000000000002,0.18462499999999998,0.009624999999999967,56312,0.0005420029999999982,0,consumer
1533,1787173058.084042,openrouter,0.17500000000000002,0.18462499999999998,0.009624999999999967,59928,0.000576806999999998,0,consumer
1534,1787173065.773348,openrouter,0.17500000000000002,0.18462499999999998,0.009624999999999967,62617,0.0006026886249999979,0,consumer
1535,1787173070.976633,openrouter,0.17500000000000002,0.18462499999999998,0.009624999999999967,73622,0.0007086117499999975,0,consumer
1536,1787173076.2619898,openrouter,0.17500000000000002,0.18462499999999998,0.009624999999999967,74010,0.0007123462499999976,0,consumer
1537,1787173082.6755493,openrouter,0.17500000000000002,0.18462499999999998,0.009624999999999967,75952,0.0007310379999999976,0,consumer
1538,1787173087.4210682,openrouter,0.17500000000000002,0.18462499999999998,0.009624999999999967,77942,0.0007501917499999974,0,consumer
1539,1787173091.100629,openrouter,0.17500000000000002,0.18462499999999998,0.009624999999999967,78195,0.0007526268749999974,0,consumer
1540,1787173093.6906762,openrouter,0.17500000000000002,0.18462499999999998,0.009624999999999967,67728,0.0006518819999999978,0,consumer
1541,1787173094.3505108,openrouter,0.17500000000000002,0.18462499999999998,0.009624999999999967,377,3.6286249999999876e-06,0,consumer
1542,1787173098.0598965,openrouter,0.17500000000000002,0.18462499999999998,0.009624999999999967,78469,0.0007552641249999974,0,consumer
1543,1787173105.2273707,openrouter,0.17500000000000002,0.18462499999999998,0.009624999999999967,79320,0.0007634549999999974,0,consumer
1544,1787173111.3417897,openrouter,0.17500000000000002,0.18462499999999998,0.009624999999999967,69625,0.0006701406249999978,0,consumer
1545,1787173119.1925716,openrouter,0.17500000000000002,0.18462499999999998,0.009624999999999967,71750,0.0006905937499999976,0,consumer
1546,1787173123.128961,openrouter,0.17500000000000002,0.18462499999999998,0.009624999999999967,4622,4.448674999999984e-05,0,consumer
1547,1787173129.68085,openrouter,0.17500000000000002,0.18462499999999998,0.009624999999999967,53585,0.0005157556249999982,0,consumer
1548,1787173133.8238134,openrouter,0.17500000000000002,0.18462499999999998,0.009624999999999967,53793,0.0005177576249999982,0,consumer
1549,1787173149.704293,openrouter,0.17500000000000002,0.18462499999999998,0.009624999999999967,77395,0.0007449268749999975,0,consumer
1550,1787173158.3878572,openrouter,0.17500000000000002,0.18462499999999998,0.009624999999999967,78353,0.0007541476249999974,0,consumer
1551,1787173163.8810687,openrouter,0.17500000000000002,0.18462499999999998,0.009624999999999967,78624,0.0007567559999999973,0,consumer
1552,1787173186.8921986,openrouter,0.17500000000000002,0.18462499999999998,0.009624999999999967,88818,0.0008548732499999971,0,consumer
1553,1787173198.3147402,openrouter,0.17500000000000002,0.18462499999999998,0.009624999999999967,21059,0.0002026928749999993,0,consumer
1554,1787173205.23097,openrouter,0.17500000000000002,0.18462499999999998,0.009624999999999967,22838,0.00021981574999999925,0,consumer
1555,1787173217.5427208,openrouter,0.17500000000000002,0.18462499999999998,0.009624999999999967,33526,0.0003226877499999989,0,consumer
1556,1787173228.1907337,openrouter,0.17500000000000002,0.18462499999999998,0.009624999999999967,34495,0.0003320143749999988,0,consumer
1557,1787173236.1860893,openrouter,0.17500000000000002,0.18462499999999998,0.009624999999999967,41683,0.00040119887499999863,0,consumer
1558,1787173245.8493626,openrouter,0.17500000000000002,0.18462499999999998,0.009624999999999967,42612,0.0004101404999999986,0,consumer
1559,1787173252.3535955,openrouter,0.17500000000000002,0.18462499999999998,0.009624999999999967,55214,0.0005314347499999982,0,consumer
1560,1787173265.8008232,openrouter,0.17500000000000002,0.18462499999999998,0.009624999999999967,57836,0.0005566714999999981,0,consumer
1561,1787173276.3810706,openrouter,0.17500000000000002,0.18462499999999998,0.009624999999999967,59443,0.000572138874999998,0,consumer
1562,1787173279.761428,openrouter,0.17500000000000002,0.18462499999999998,0.009624999999999967,7946,7.648024999999975e-05,0,consumer
1563,1787173285.841312,openrouter,0.17500000000000002,0.18462499999999998,0.009624999999999967,60325,0.000580628124999998,0,consumer
1564,1787173297.611902,openrouter,0.17500000000000002,0.18462499999999998,0.009624999999999967,70706,0.0006805452499999977,0,consumer
1565,1787173303.3100796,openrouter,0.17500000000000002,0.18462499999999998,0.009624999999999967,63398,0.0006102057499999979,0,consumer
1566,1787173305.591449,openrouter,0.17500000000000002,0.18462499999999998,0.009624999999999967,71102,0.0006843567499999977,0,consumer
1567,1787173311.9838269,openrouter,0.17500000000000002,0.18462499999999998,0.009624999999999967,71372,0.0006869554999999976,0,consumer
1568,1787173318.3252912,openrouter,0.17500000000000002,0.18462499999999998,0.009624999999999967,73269,0.0007052141249999976,0,consumer
1569,1787173322.3715043,openrouter,0.17500000000000002,0.18462499999999998,0.009624999999999967,65080,0.0006263949999999978,0,consumer
1570,1787173328.9548926,openrouter,0.17500000000000002,0.18462499999999998,0.009624999999999967,75818,0.0007297482499999975,0,consumer
1571,1787173332.383942,openrouter,0.17500000000000002,0.18462499999999998,0.009624999999999967,65358,0.0006290707499999978,0,consumer
1572,1787173333.0965729,openrouter,0.17500000000000002,0.18462499999999998,0.009624999999999967,78638,0.0007568907499999974,0,consumer
1573,1787173337.1867378,openrouter,0.17500000000000002,0.18462499999999998,0.009624999999999967,79925,0.0007692781249999973,0,consumer
1574,1787173338.0688303,openrouter,0.17500000000000002,0.18462499999999998,0.009624999999999967,65740,0.0006327474999999978,0,consumer
1575,1787173342.4147558,openrouter,0.17500000000000002,0.18462499999999998,0.009624999999999967,66127,0.0006364723749999978,0,consumer
1576,1787173346.656883,openrouter,0.17500000000000002,0.18462499999999998,0.009624999999999967,84136,0.0008098089999999973,0,consumer
1577,1787173347.5089366,openrouter,0.17500000000000002,0.18462499999999998,0.009624999999999967,67259,0.0006473678749999977,0,consumer
1578,1787173350.4506168,openrouter,0.17500000000000002,0.18462499999999998,0.009624999999999967,84668,0.0008149294999999973,0,consumer
1579,1787173354.1688044,openrouter,0.17500000000000002,0.18462499999999998,0.009624999999999967,84868,0.0008168544999999972,0,consumer
1580,1787173357.893366,openrouter,0.17500000000000002,0.18462499999999998,0.009624999999999967,67973,0.0006542401249999977,0,consumer
1581,1787173358.0486562,openrouter,0.17500000000000002,0.18462499999999998,0.009624999999999967,85278,0.0008208007499999971,0,consumer
1582,1787173364.1750937,openrouter,0.17500000000000002,0.18462499999999998,0.009624999999999967,69035,0.0006644618749999977,0,consumer
1583,1787173368.4158833,openrouter,0.17500000000000002,0.18462499999999998,0.009624999999999967,69703,0.0006708913749999977,0,consumer
1584,1787173368.9250162,openrouter,0.17500000000000002,0.18462499999999998,0.009624999999999967,86400,0.0008315999999999972,0,consumer
1585,1787173373.227933,openrouter,0.17500000000000002,0.18462499999999998,0.009624999999999967,70386,0.0006774652499999977,0,consumer
1586,1787173377.6934988,openrouter,0.17500000000000002,0.18462499999999998,0.009624999999999967,70875,0.0006821718749999976,0,consumer
1587,1787173382.3182724,openrouter,0.17500000000000002,0.18462499999999998,0.009624999999999967,71264,0.0006859159999999977,0,consumer
1588,1787173382.3513563,openrouter,0.17500000000000002,0.18462499999999998,0.009624999999999967,87123,0.0008385588749999971,0,consumer
1589,1787173388.6322627,openrouter,0.17500000000000002,0.18462499999999998,0.009624999999999967,71862,0.0006916717499999976,0,consumer
1590,1787173392.8556552,openrouter,0.17500000000000002,0.18462499999999998,0.009624999999999967,72350,0.0006963687499999976,0,consumer
1591,1787173394.631895,openrouter,0.17500000000000002,0.18462499999999998,0.009624999999999967,89002,0.0008566442499999971,0,consumer
1592,1787173400.7625315,openrouter,0.17500000000000002,0.18462499999999998,0.009624999999999967,89629,0.000862679124999997,0,consumer
1593,1787173411.9827878,openrouter,0.17500000000000002,0.18462499999999998,0.009624999999999967,90227,0.000868434874999997,0,consumer
1594,1787173420.829553,openrouter,0.17500000000000002,0.18462499999999998,0.009624999999999967,77106,0.0007421452499999974,0,consumer
1595,1787173426.6311922,openrouter,0.17500000000000002,0.18462499999999998,0.009624999999999967,77553,0.0007464476249999974,0,consumer
1596,1787173429.174952,openrouter,0.17500000000000002,0.18462499999999998,0.009624999999999967,92711,0.000892343374999997,0,consumer
1597,1787173435.3426325,openrouter,0.17500000000000002,0.18462499999999998,0.009624999999999967,78499,0.0007555528749999973,0,consumer
1598,1787173435.6423807,openrouter,0.17500000000000002,0.18462499999999998,0.009624999999999967,93030,0.0008954137499999969,0,consumer
1599,1787173441.3097496,openrouter,0.17500000000000002,0.18462499999999998,0.009624999999999967,80133,0.0007712801249999974,0,consumer
1600,1787173450.3871186,openrouter,0.17500000000000002,0.18462499999999998,0.009624999999999967,94741,0.0009118821249999969,0,consumer
1601,1787173457.418716,openrouter,0.17500000000000002,0.18462499999999998,0.009624999999999967,95493,0.0009191201249999968,0,consumer
1602,1787173477.7787292,openrouter,0.17500000000000002,0.18462499999999998,0.009624999999999967,98134,0.0009445397499999968,0,consumer
1603,1787173494.7221282,openrouter,0.17500000000000002,0.18462499999999998,0.009624999999999967,8596,8.273649999999973e-05,0,consumer
1604,1787173498.5723789,openrouter,0.17500000000000002,0.18462499999999998,0.009624999999999967,58477,0.0005628411249999981,0,consumer
1605,1787173499.8648992,openrouter,0.17500000000000002,0.18462499999999998,0.009624999999999967,102418,0.0009857732499999967,0,consumer
1606,1787173503.3017185,openrouter,0.17500000000000002,0.18462499999999998,0.009624999999999967,59258,0.0005703582499999981,0,consumer
1607,1787173508.751823,openrouter,0.17500000000000002,0.18462499999999998,0.009624999999999967,59962,0.000577134249999998,0,consumer
1608,1787173512.7340288,openrouter,0.17500000000000002,0.18462499999999998,0.009624999999999967,60179,0.000579222874999998,0,consumer
1609,1787173518.4895883,openrouter,0.17500000000000002,0.18462499999999998,0.009624999999999967,60528,0.0005825819999999979,0,consumer
1610,1787173522.061513,openrouter,0.17500000000000002,0.18462499999999998,0.009624999999999967,60698,0.000584218249999998,0,consumer
1611,1787173527.180084,openrouter,0.17500000000000002,0.18462499999999998,0.009624999999999967,61037,0.0005874811249999979,0,consumer
1612,1787173528.524985,openrouter,0.17500000000000002,0.18462499999999998,0.009624999999999967,105187,0.0010124248749999966,0,consumer
1613,1787173542.0635512,openrouter,0.17500000000000002,0.18462499999999998,0.009624999999999967,62150,0.000598193749999998,0,consumer
1614,1787173547.1944857,openrouter,0.17500000000000002,0.18462499999999998,0.009624999999999967,62717,0.000603651124999998,0,consumer
1615,1787173552.5296571,openrouter,0.17500000000000002,0.18462499999999998,0.009624999999999967,63187,0.0006081748749999979,0,consumer
1616,1787173556.6846135,openrouter,0.17500000000000002,0.18462499999999998,0.009624999999999967,355,3.416874999999988e-06,0,consumer
1617,1787173565.3786056,openrouter,0.17500000000000002,0.18462499999999998,0.009624999999999967,65022,0.0006258367499999979,0,consumer
1618,1787173572.264364,openrouter,0.17500000000000002,0.18462499999999998,0.009624999999999967,65435,0.0006298118749999978,0,consumer
1619,1787173577.0913558,openrouter,0.17500000000000002,0.18462499999999998,0.009624999999999967,65805,0.0006333731249999978,0,consumer
1620,1787173583.176839,openrouter,0.17500000000000002,0.18462499999999998,0.009624999999999967,66348,0.0006385994999999978,0,consumer
1621,1787173587.88127,openrouter,0.17500000000000002,0.18462499999999998,0.009624999999999967,66880,0.0006437199999999978,0,consumer
1622,1787173596.044605,openrouter,0.17500000000000002,0.18462499999999998,0.009624999999999967,68650,0.0006607562499999978,0,consumer
1623,1787173602.8063514,openrouter,0.17500000000000002,0.18462499999999998,0.009624999999999967,69223,0.0006662713749999978,0,consumer
1624,1787173607.1761742,openrouter,0.17500000000000002,0.18462499999999998,0.009624999999999967,69570,0.0006696112499999977,0,consumer
1625,1787173611.8048177,openrouter,0.17500000000000002,0.18462499999999998,0.009624999999999967,70089,0.0006746066249999977,0,consumer
1626,1787173622.800424,openrouter,0.17500000000000002,0.18462499999999998,0.009624999999999967,8996,8.65864999999997e-05,0,consumer
1627,1787173626.1821837,openrouter,0.17500000000000002,0.18462499999999998,0.009624999999999967,70612,0.0006796404999999977,0,consumer
1628,1787173628.5840087,openrouter,0.17500000000000002,0.18462499999999998,0.009624999999999967,50518,0.00048623574999999837,0,consumer
1629,1787173630.3729706,openrouter,0.17500000000000002,0.18462499999999998,0.009624999999999967,70849,0.0006819216249999977,0,consumer
1630,1787173638.0583932,openrouter,0.17500000000000002,0.18462499999999998,0.009624999999999967,72581,0.0006985921249999976,0,consumer
1631,1787173638.700283,openrouter,0.17500000000000002,0.18462499999999998,0.009624999999999967,56035,0.0005393368749999982,0,consumer
1632,1787173642.4100962,openrouter,0.17500000000000002,0.18462499999999998,0.009624999999999967,72868,0.0007013544999999976,0,consumer
1633,1787173646.421021,openrouter,0.17500000000000002,0.18462499999999998,0.009624999999999967,73045,0.0007030581249999977,0,consumer
1634,1787173646.4615452,openrouter,0.17500000000000002,0.18462499999999998,0.009624999999999967,78839,0.0007588253749999974,0,consumer
1635,1787173650.7835305,openrouter,0.17500000000000002,0.18462499999999998,0.009624999999999967,73890,0.0007111912499999976,0,consumer
1636,1787173651.3478265,openrouter,0.17500000000000002,0.18462499999999998,0.009624999999999967,79226,0.0007625502499999973,0,consumer
1637,1787173655.5264044,openrouter,0.17500000000000002,0.18462499999999998,0.009624999999999967,74315,0.0007152818749999975,0,consumer
1638,1787173656.2631874,openrouter,0.17500000000000002,0.18462499999999998,0.009624999999999967,79453,0.0007647351249999974,0,consumer
1639,1787173659.3347552,openrouter,0.17500000000000002,0.18462499999999998,0.009624999999999967,74479,0.0007168603749999976,0,consumer
1640,1787173661.0411644,openrouter,0.17500000000000002,0.18462499999999998,0.009624999999999967,79799,0.0007680653749999974,0,consumer
1641,1787173663.7640336,openrouter,0.17500000000000002,0.18462499999999998,0.009624999999999967,74696,0.0007189489999999976,0,consumer
1642,1787173675.6406898,openrouter,0.17500000000000002,0.18462499999999998,0.009624999999999967,75589,0.0007275441249999975,0,consumer
1643,1787173682.1463392,openrouter,0.17500000000000002,0.18462499999999998,0.009624999999999967,76079,0.0007322603749999974,0,consumer
1644,1787173688.1414294,openrouter,0.17500000000000002,0.18462499999999998,0.009624999999999967,76437,0.0007357061249999975,0,consumer
1645,1787173691.2221572,openrouter,0.17500000000000002,0.18462499999999998,0.009624999999999967,83189,0.0008006941249999972,0,consumer
1646,1787173697.2438977,openrouter,0.17500000000000002,0.18462499999999998,0.009624999999999967,83783,0.0008064113749999971,0,consumer
1647,1787173703.175369,openrouter,0.17500000000000002,0.18462499999999998,0.009624999999999967,84322,0.0008115992499999972,0,consumer
1648,1787173709.9443204,openrouter,0.17500000000000002,0.18462499999999998,0.009624999999999967,84893,0.0008170951249999972,0,consumer
1649,1787173717.0806518,openrouter,0.17500000000000002,0.18462499999999998,0.009624999999999967,85578,0.0008236882499999972,0,consumer
1650,1787173725.391267,openrouter,0.17500000000000002,0.18462499999999998,0.009624999999999967,86168,0.0008293669999999971,0,consumer
1651,1787173730.428523,openrouter,0.17500000000000002,0.18462499999999998,0.009624999999999967,86518,0.0008327357499999971,0,consumer
1652,1787173735.1567845,openrouter,0.17500000000000002,0.18462499999999998,0.009624999999999967,86728,0.0008347569999999971,0,consumer
1653,1787173738.64525,openrouter,0.17500000000000002,0.18462499999999998,0.009624999999999967,86969,0.000837076624999997,0,consumer
1654,1787173742.819038,openrouter,0.17500000000000002,0.18462499999999998,0.009624999999999967,87274,0.0008400122499999972,0,consumer
1655,1787173747.4891348,openrouter,0.17500000000000002,0.18462499999999998,0.009624999999999967,87680,0.0008439199999999971,0,consumer
1656,1787173772.439898,openrouter,0.17500000000000002,0.18462499999999998,0.009624999999999967,88562,0.0008524092499999971,0,consumer
1657,1787173783.0112658,openrouter,0.17500000000000002,0.18462499999999998,0.009624999999999967,89179,0.0008583478749999971,0,consumer
1658,1787173794.2860813,openrouter,0.17500000000000002,0.18462499999999998,0.009624999999999967,89552,0.000861937999999997,0,consumer
1659,1787175261.1540892,telnyx,2.15,2.26825,0.11825000000000019,14258,0.0016860085000000027,0,consumer
1660,1787179587.5732446,telnyx,2.15,2.26825,0.11825000000000019,23505,0.0027794662500000046,0,consumer
1661,1787183193.227705,telnyx,2.15,2.26825,0.11825000000000019,34378,0.004065198500000007,0,consumer
1662,1787183197.027061,telnyx,2.15,2.26825,0.11825000000000019,37399,0.004422431750000007,0,consumer
1663,1787183210.3105764,telnyx,2.15,2.26825,0.11825000000000019,25876,0.003059837000000005,0,consumer
1664,1787183214.6386244,telnyx,2.15,2.26825,0.11825000000000019,56191,0.006644585750000011,0,consumer
1665,1787187190.413033,telnyx,2.15,2.26825,0.11825000000000019,23504,0.0027793480000000044,0,consumer
1666,1787188918.3684287,telnyx,2.15,2.26825,0.11825000000000019,14236,0.0016834070000000026,0,consumer
1667,1787190937.0231678,telnyx,2.15,2.26825,0.11825000000000019,11068,0.001308791000000002,0,consumer
1668,1787194719.1851265,telnyx,2.15,2.26825,0.11825000000000019,23524,0.0027817130000000042,0,consumer
1669,1787198509.6284144,telnyx,2.15,2.26825,0.11825000000000019,23518,0.0027810035000000043,0,consumer
1670,1787202264.4103882,telnyx,2.15,2.26825,0.11825000000000019,23498,0.0027786385000000044,0,consumer
1671,1787202265.4577067,telnyx,2.15,2.26825,0.11825000000000019,11027,0.001303942750000002,0,consumer
1672,1787216484.8134172,openrouter,0.17500000000000002,0.18462499999999998,0.009624999999999967,25547,0.00024588987499999916,1,consumer
1673,1787216488.5008955,openrouter,0.17500000000000002,0.18462499999999998,0.009624999999999967,25532,0.00024574549999999915,1,consumer
1674,1787216488.8098302,openrouter,0.17500000000000002,0.18462499999999998,0.009624999999999967,25533,0.0002457551249999992,1,consumer
1675,1787216505.2193997,openrouter,0.17500000000000002,0.18462499999999998,0.009624999999999967,27475,0.00026444687499999905,1,consumer
1676,1787216508.5372424,openrouter,0.17500000000000002,0.18462499999999998,0.009624999999999967,27634,0.00026597724999999903,1,consumer
1677,1787216515.325584,openrouter,0.17500000000000002,0.18462499999999998,0.009624999999999967,27952,0.0002690379999999991,1,consumer
1678,1787216517.3916929,openrouter,0.17500000000000002,0.18462499999999998,0.009624999999999967,35824,0.00034480599999999877,1,consumer
1679,1787216527.6674314,openrouter,0.17500000000000002,0.18462499999999998,0.009624999999999967,28346,0.00027283024999999906,1,consumer
1680,1787216529.136762,openrouter,0.17500000000000002,0.18462499999999998,0.009624999999999967,28214,0.00027155974999999906,1,consumer
1681,1787216529.4558454,openrouter,0.17500000000000002,0.18462499999999998,0.009624999999999967,41190,0.00039645374999999864,1,consumer
1682,1787216540.5149765,openrouter,0.17500000000000002,0.18462499999999998,0.009624999999999967,34919,0.00033609537499999884,1,consumer
1683,1787216543.013743,openrouter,0.17500000000000002,0.18462499999999998,0.009624999999999967,45413,0.0004371001249999985,1,consumer
1684,1787216552.3198626,openrouter,0.17500000000000002,0.18462499999999998,0.009624999999999967,45712,0.0004399779999999985,1,consumer
1685,1787216556.4536848,openrouter,0.17500000000000002,0.18462499999999998,0.009624999999999967,53859,0.0005183928749999981,1,consumer
1686,1787216561.7592027,openrouter,0.17500000000000002,0.18462499999999998,0.009624999999999967,46615,0.00044866937499999846,1,consumer
1687,1787216563.9379535,openrouter,0.17500000000000002,0.18462499999999998,0.009624999999999967,36555,0.00035184187499999876,1,consumer
1688,1787216565.0562222,openrouter,0.17500000000000002,0.18462499999999998,0.009624999999999967,54431,0.0005238983749999981,1,consumer
1689,1787216571.407991,openrouter,0.17500000000000002,0.18462499999999998,0.009624999999999967,54558,0.0005251207499999982,1,consumer
1690,1787216585.7199526,openrouter,0.17500000000000002,0.18462499999999998,0.009624999999999967,55179,0.0005310978749999983,1,consumer
1691,1787216593.7725735,openrouter,0.17500000000000002,0.18462499999999998,0.009624999999999967,39138,0.0003767032499999987,1,consumer
1692,1787216601.6293998,openrouter,0.17500000000000002,0.18462499999999998,0.009624999999999967,57062,0.0005492217499999981,1,consumer
1693,1787216603.4965413,openrouter,0.17500000000000002,0.18462499999999998,0.009624999999999967,39701,0.00038212212499999867,1,consumer
1694,1787216614.2967267,openrouter,0.17500000000000002,0.18462499999999998,0.009624999999999967,61478,0.0005917257499999981,1,consumer
1695,1787216618.213926,openrouter,0.17500000000000002,0.18462499999999998,0.009624999999999967,40123,0.0003861838749999987,1,consumer
1696,1787216621.4778838,openrouter,0.17500000000000002,0.18462499999999998,0.009624999999999967,61639,0.0005932753749999981,1,consumer
1697,1787216622.7558618,openrouter,0.17500000000000002,0.18462499999999998,0.009624999999999967,61826,0.000595075249999998,1,consumer
1698,1787216633.1183162,openrouter,0.17500000000000002,0.18462499999999998,0.009624999999999967,62251,0.0005991658749999979,1,consumer
1699,1787216634.1082714,openrouter,0.17500000000000002,0.18462499999999998,0.009624999999999967,62138,0.000598078249999998,1,consumer
1700,1787216634.4565659,openrouter,0.17500000000000002,0.18462499999999998,0.009624999999999967,47181,0.00045411712499999845,1,consumer
1701,1787216639.581935,openrouter,0.17500000000000002,0.18462499999999998,0.009624999999999967,62369,0.0006003016249999979,1,consumer
1702,1787216645.449371,openrouter,0.17500000000000002,0.18462499999999998,0.009624999999999967,62966,0.0006060477499999979,1,consumer
1703,1787216647.5839286,openrouter,0.17500000000000002,0.18462499999999998,0.009624999999999967,63131,0.000607635874999998,1,consumer
1704,1787216655.0789669,openrouter,0.17500000000000002,0.18462499999999998,0.009624999999999967,63457,0.0006107736249999978,1,consumer
1705,1787216664.63251,openrouter,0.17500000000000002,0.18462499999999998,0.009624999999999967,49335,0.00047484937499999835,1,consumer
1706,1787216668.0025115,openrouter,0.17500000000000002,0.18462499999999998,0.009624999999999967,63868,0.0006147294999999978,1,consumer
1707,1787216675.2458172,openrouter,0.17500000000000002,0.18462499999999998,0.009624999999999967,69834,0.0006721522499999977,1,consumer
1708,1787216683.831585,openrouter,0.17500000000000002,0.18462499999999998,0.009624999999999967,52885,0.0005090181249999983,1,consumer
1709,1787216709.9815545,openrouter,0.17500000000000002,0.18462499999999998,0.009624999999999967,55175,0.0005310593749999982,1,consumer
1710,1787216710.6008809,openrouter,0.17500000000000002,0.18462499999999998,0.009624999999999967,66442,0.0006395042499999977,1,consumer
1711,1787216716.0802457,openrouter,0.17500000000000002,0.18462499999999998,0.009624999999999967,72101,0.0006939721249999976,1,consumer
1712,1787216720.8747287,openrouter,0.17500000000000002,0.18462499999999998,0.009624999999999967,56027,0.0005392598749999982,1,consumer
1713,1787216726.0341666,openrouter,0.17500000000000002,0.18462499999999998,0.009624999999999967,72378,0.0006966382499999976,1,consumer
1714,1787216727.121469,openrouter,0.17500000000000002,0.18462499999999998,0.009624999999999967,66729,0.0006422666249999978,1,consumer
1715,1787216729.515171,openrouter,0.17500000000000002,0.18462499999999998,0.009624999999999967,56544,0.0005442359999999982,1,consumer
1716,1787216735.8756967,openrouter,0.17500000000000002,0.18462499999999998,0.009624999999999967,66904,0.0006439509999999978,1,consumer
1717,1787216743.6326416,openrouter,0.17500000000000002,0.18462499999999998,0.009624999999999967,73221,0.0007047521249999976,1,consumer
1718,1787216744.17768,openrouter,0.17500000000000002,0.18462499999999998,0.009624999999999967,67097,0.0006458086249999977,1,consumer
1719,1787216757.4005978,openrouter,0.17500000000000002,0.18462499999999998,0.009624999999999967,67579,0.0006504478749999978,1,consumer
1720,1787216759.7641087,openrouter,0.17500000000000002,0.18462499999999998,0.009624999999999967,58104,0.000559250999999998,1,consumer
1721,1787216760.519305,openrouter,0.17500000000000002,0.18462499999999998,0.009624999999999967,74335,0.0007154743749999975,1,consumer
1722,1787216765.5843983,openrouter,0.17500000000000002,0.18462499999999998,0.009624999999999967,67884,0.0006533834999999978,1,consumer
1723,1787216768.0660787,openrouter,0.17500000000000002,0.18462499999999998,0.009624999999999967,74720,0.0007191799999999975,1,consumer
1724,1787216773.0889063,openrouter,0.17500000000000002,0.18462499999999998,0.009624999999999967,68244,0.0006568484999999978,1,consumer
1725,1787216784.362329,openrouter,0.17500000000000002,0.18462499999999998,0.009624999999999967,75135,0.0007231743749999976,1,consumer
1726,1787216804.4264483,openrouter,0.17500000000000002,0.18462499999999998,0.009624999999999967,59208,0.000569876999999998,1,consumer
1727,1787216812.5094802,openrouter,0.17500000000000002,0.18462499999999998,0.009624999999999967,68545,0.0006597456249999977,1,consumer
1728,1787216813.285505,openrouter,0.17500000000000002,0.18462499999999998,0.009624999999999967,75704,0.0007286509999999975,1,consumer
1729,1787216816.3887744,openrouter,0.17500000000000002,0.18462499999999998,0.009624999999999967,59437,0.000572081124999998,1,consumer
1730,1787216833.1776924,openrouter,0.17500000000000002,0.18462499999999998,0.009624999999999967,59652,0.000574150499999998,1,consumer
1731,1787216836.111917,openrouter,0.17500000000000002,0.18462499999999998,0.009624999999999967,76307,0.0007344548749999975,1,consumer
1732,1787216839.4418924,openrouter,0.17500000000000002,0.18462499999999998,0.009624999999999967,69253,0.0006665601249999977,1,consumer
1733,1787216845.7056904,openrouter,0.17500000000000002,0.18462499999999998,0.009624999999999967,60216,0.000579578999999998,1,consumer
1734,1787216847.734079,openrouter,0.17500000000000002,0.18462499999999998,0.009624999999999967,77008,0.0007412019999999974,1,consumer
1735,1787216848.098207,openrouter,0.17500000000000002,0.18462499999999998,0.009624999999999967,69418,0.0006681482499999977,1,consumer
1736,1787216856.9704244,openrouter,0.17500000000000002,0.18462499999999998,0.009624999999999967,77548,0.0007463994999999975,1,consumer
1737,1787216863.4494982,openrouter,0.17500000000000002,0.18462499999999998,0.009624999999999967,70071,0.0006744333749999976,1,consumer
1738,1787216863.9888313,openrouter,0.17500000000000002,0.18462499999999998,0.009624999999999967,77884,0.0007496334999999974,1,consumer
1739,1787216871.2372036,openrouter,0.17500000000000002,0.18462499999999998,0.009624999999999967,61654,0.000593419749999998,1,consumer
1740,1787216883.28877,openrouter,0.17500000000000002,0.18462499999999998,0.009624999999999967,54253,0.0005221851249999982,1,consumer
1741,1787216905.0479274,openrouter,0.17500000000000002,0.18462499999999998,0.009624999999999967,75284,0.0007246084999999975,1,consumer
1742,1787216905.2352226,openrouter,0.17500000000000002,0.18462499999999998,0.009624999999999967,54606,0.0005255827499999982,1,consumer
1743,1787216914.5767574,ppq,0.18462499999999998,1.0,0.815375,62684,0.051110966499999994,1,consumer
1744,1787216916.778548,ppq,0.18462499999999998,1.0,0.815375,79248,0.064616838,1,consumer
1745,1787216917.6205711,openrouter,0.17500000000000002,0.18462499999999998,0.009624999999999967,66133,0.0006365301249999978,1,consumer
1746,1787216923.7628887,ppq,0.18462499999999998,1.0,0.815375,63150,0.05149093125,1,consumer
1747,1787217899.13983,telnyx,2.15,,0.0,56448,0.0,1,consumer
1748,1787217903.7606032,telnyx,2.15,,0.0,107835,0.0,1,consumer
1749,1787217915.6288085,telnyx,2.15,,0.0,104442,0.0,1,consumer
1750,1787217922.1533606,telnyx,2.15,,0.0,70335,0.0,1,consumer
1751,1787217922.4267988,telnyx,2.15,,0.0,117118,0.0,1,consumer
1752,1787217924.987699,telnyx,2.15,,0.0,70540,0.0,1,consumer
1753,1787217933.559828,telnyx,2.15,,0.0,14019,0.0,1,consumer
1754,1787217936.5506625,telnyx,2.15,,0.0,14175,0.0,1,consumer
1755,1787217936.7266111,telnyx,2.15,,0.0,23974,0.0,1,consumer
1756,1787217939.0420413,telnyx,2.15,,0.0,24054,0.0,1,consumer
1757,1787217940.171845,telnyx,2.15,,0.0,14439,0.0,1,consumer
1758,1787217941.2776515,telnyx,2.15,,0.0,24212,0.0,1,consumer
1759,1787217942.3442614,telnyx,2.15,,0.0,14571,0.0,1,consumer
1760,1787217944.413488,telnyx,2.15,,0.0,24348,0.0,1,consumer
1761,1787217953.1953468,telnyx,2.15,,0.0,98410,0.0,1,consumer
1762,1787217953.2020469,telnyx,2.15,,0.0,98249,0.0,1,consumer
1763,1787217956.3757515,telnyx,2.15,,0.0,101216,0.0,1,consumer
1764,1787218000.5014422,telnyx,2.15,,0.0,117200,0.0,1,consumer
1765,1787218006.2903872,telnyx,2.15,,0.0,102616,0.0,1,consumer
1766,1787218006.3096619,telnyx,2.15,,0.0,77734,0.0,1,consumer
1767,1787218007.029039,telnyx,2.15,,0.0,70725,0.0,1,consumer
1768,1787218013.9571826,telnyx,2.15,,0.0,98937,0.0,1,consumer
1769,1787218014.4166129,telnyx,2.15,,0.0,91378,0.0,1,consumer
1770,1787218014.6475363,telnyx,2.15,,0.0,101297,0.0,1,consumer
1771,1787218201.3159606,telnyx,2.15,,0.0,24306,0.0,1,consumer
1772,1787218235.1493797,telnyx,2.15,2.26825,0.11825000000000019,61044,0.007218453000000011,1,consumer
1773,1787218236.308158,telnyx,2.15,2.26825,0.11825000000000019,72867,0.008616522750000013,1,consumer
1774,1787218249.3473377,telnyx,2.15,,0.0,82823,0.0,1,consumer
1775,1787218541.4556742,telnyx,2.15,,0.0,17127,0.0,1,consumer
1776,1787218547.2630057,telnyx,2.15,,0.0,76984,0.0,1,consumer
1777,1787218554.5133166,telnyx,2.15,,0.0,100169,0.0,1,consumer
1778,1787218554.7719042,telnyx,2.15,,0.0,43467,0.0,1,consumer
1779,1787218554.931372,telnyx,2.15,,0.0,111671,0.0,1,consumer
1780,1787218555.5679605,telnyx,2.15,,0.0,86310,0.0,1,consumer
1781,1787218555.8574815,telnyx,2.15,,0.0,110657,0.0,1,consumer
1782,1787218557.1220453,telnyx,2.15,,0.0,19735,0.0,1,consumer
1783,1787218557.623057,telnyx,2.15,,0.0,45809,0.0,1,consumer
1784,1787218557.651937,telnyx,2.15,,0.0,94672,0.0,1,consumer
1785,1787218558.1549947,telnyx,2.15,,0.0,58646,0.0,1,consumer
1786,1787218558.1963613,telnyx,2.15,,0.0,82718,0.0,1,consumer
1787,1787218558.2100842,telnyx,2.15,,0.0,111575,0.0,1,consumer
1788,1787218591.3784728,telnyx,2.15,,0.0,64252,0.0,1,consumer
1789,1787218733.294087,telnyx,2.15,2.26825,0.11825000000000019,77099,0.009116956750000014,1,consumer
1790,1787218738.9558244,telnyx,2.15,2.26825,0.11825000000000019,44937,0.005313800250000008,1,consumer
1791,1787218740.6359906,telnyx,2.15,2.26825,0.11825000000000019,86779,0.010261616750000016,1,consumer
1792,1787218740.6831334,telnyx,2.15,2.26825,0.11825000000000019,20017,0.002367010250000004,1,consumer
1793,1787218741.7882574,telnyx,2.15,2.26825,0.11825000000000019,100296,0.011860002000000019,1,consumer
1794,1787218742.5442355,telnyx,2.15,2.26825,0.11825000000000019,82844,0.009796303000000017,1,consumer
1795,1787218742.8822262,telnyx,2.15,2.26825,0.11825000000000019,19073,0.0022553822500000036,1,consumer
1796,1787218744.271533,telnyx,2.15,2.26825,0.11825000000000019,94757,0.01120501525000002,1,consumer
1797,1787218745.409592,telnyx,2.15,2.26825,0.11825000000000019,111958,0.013239033500000021,1,consumer
1798,1787218747.573243,telnyx,2.15,2.26825,0.11825000000000019,112641,0.013319798250000021,1,consumer
1799,1787218748.9475963,telnyx,2.15,2.26825,0.11825000000000019,59024,0.006979588000000011,1,consumer
1800,1787218749.4356697,telnyx,2.15,2.26825,0.11825000000000019,46927,0.005549117750000008,1,consumer
1801,1787218751.0489626,telnyx,2.15,2.26825,0.11825000000000019,111878,0.01322957350000002,1,consumer
1802,1787218777.4348485,telnyx,2.15,2.26825,0.11825000000000019,61098,0.007224838500000012,1,consumer
1803,1787218911.1508496,telnyx,2.15,2.26825,0.11825000000000019,7464,0.0008826180000000015,1,consumer
1804,1787218917.0895271,telnyx,2.15,2.26825,0.11825000000000019,77248,0.009134576000000014,1,consumer
1805,1787218923.0589788,telnyx,2.15,2.26825,0.11825000000000019,45030,0.0053247975000000084,1,consumer
1806,1787218924.3773944,telnyx,2.15,2.26825,0.11825000000000019,20101,0.002376943250000004,1,consumer
1807,1787218926.7581034,telnyx,2.15,2.26825,0.11825000000000019,83151,0.009832605750000015,1,consumer
1808,1787218926.8997953,telnyx,2.15,2.26825,0.11825000000000019,87806,0.010383059500000015,1,consumer
1809,1787218927.3345134,telnyx,2.15,2.26825,0.11825000000000019,100473,0.011880932250000018,1,consumer
1810,1787218930.7007644,telnyx,2.15,2.26825,0.11825000000000019,19007,0.0022475777500000037,1,consumer
1811,1787218931.6805794,telnyx,2.15,2.26825,0.11825000000000019,94887,0.011220387750000019,1,consumer
1812,1787218931.9093165,telnyx,2.15,2.26825,0.11825000000000019,112206,0.013268359500000021,1,consumer
1813,1787218933.9719975,telnyx,2.15,2.26825,0.11825000000000019,60104,0.007107298000000012,1,consumer
1814,1787218934.5151694,telnyx,2.15,2.26825,0.11825000000000019,114483,0.01353761475000002,1,consumer
1815,1787218934.80379,telnyx,2.15,2.26825,0.11825000000000019,52018,0.00615112850000001,1,consumer
1816,1787218937.256789,telnyx,2.15,2.26825,0.11825000000000019,111942,0.013237141500000021,1,consumer
1817,1787218960.5818374,telnyx,2.15,2.26825,0.11825000000000019,61972,0.007328189000000011,1,consumer
1818,1787218996.6861563,telnyx,2.15,2.26825,0.11825000000000019,107498,0.012711638500000021,1,consumer
1819,1787218996.8519235,telnyx,2.15,2.26825,0.11825000000000019,80169,0.009479984250000016,1,consumer
1820,1787219101.077707,telnyx,2.15,2.26825,0.11825000000000019,7526,0.0008899495000000014,1,consumer
1821,1787219104.5868227,telnyx,2.15,2.26825,0.11825000000000019,77353,0.009146992250000013,1,consumer
1822,1787219107.0598094,telnyx,2.15,2.26825,0.11825000000000019,45214,0.005346555500000009,1,consumer
1823,1787219107.4746509,telnyx,2.15,2.26825,0.11825000000000019,20208,0.002389596000000004,1,consumer
1824,1787219113.795201,telnyx,2.15,2.26825,0.11825000000000019,83625,0.009888656250000016,1,consumer
1825,1787219115.5023243,telnyx,2.15,2.26825,0.11825000000000019,19369,0.0022903842500000037,1,consumer
1826,1787219116.530034,telnyx,2.15,2.26825,0.11825000000000019,112807,0.013339427750000021,1,consumer
1827,1787219118.8012254,telnyx,2.15,2.26825,0.11825000000000019,87994,0.010405290500000018,1,consumer
1828,1787219125.6890743,telnyx,2.15,2.26825,0.11825000000000019,114755,0.013569778750000022,1,consumer
1829,1787219131.8814816,telnyx,2.15,2.26825,0.11825000000000019,114578,0.013548848500000021,1,consumer
1830,1787219152.6385572,telnyx,2.15,2.26825,0.11825000000000019,65292,0.007720779000000013,1,consumer
1831,1787219162.7747843,telnyx,2.15,2.26825,0.11825000000000019,94984,0.011231858000000018,1,consumer
1832,1787219163.6547794,telnyx,2.15,2.26825,0.11825000000000019,60564,0.0071616930000000115,1,consumer
1833,1787219163.7308013,telnyx,2.15,2.26825,0.11825000000000019,54005,0.00638609125000001,1,consumer
1834,1787219183.3857327,telnyx,2.15,2.26825,0.11825000000000019,112443,0.013296384750000022,1,consumer
1835,1787219200.5656147,telnyx,2.15,2.26825,0.11825000000000019,23518,0.0027810035000000043,1,consumer
1836,1787219283.852363,telnyx,2.15,2.26825,0.11825000000000019,84968,0.010047466000000017,1,consumer
1837,1787219288.5780873,telnyx,2.15,2.26825,0.11825000000000019,7858,0.0009292085000000014,1,consumer
1838,1787219290.1772196,telnyx,2.15,2.26825,0.11825000000000019,77468,0.009160591000000015,1,consumer
1839,1787219290.627382,telnyx,2.15,2.26825,0.11825000000000019,20423,0.002415019750000004,1,consumer
1840,1787219291.7301645,telnyx,2.15,2.26825,0.11825000000000019,45884,0.005425783000000009,1,consumer
1841,1787219301.0776634,telnyx,2.15,,0.0,19616,0.0,1,consumer
1842,1787219304.700407,telnyx,2.15,,0.0,88241,0.0,1,consumer
1843,1787219304.7420928,telnyx,2.15,,0.0,84586,0.0,1,consumer
1844,1787219305.9414496,telnyx,2.15,,0.0,113345,0.0,1,consumer
1845,1787219328.0244575,telnyx,2.15,,0.0,115853,0.0,1,consumer
1846,1787219336.3283293,telnyx,2.15,,0.0,63468,0.0,1,consumer
1847,1787219350.632275,telnyx,2.15,,0.0,95617,0.0,1,consumer
1848,1787219351.3564823,telnyx,2.15,,0.0,61259,0.0,1,consumer
1849,1787219351.6193655,telnyx,2.15,,0.0,56720,0.0,1,consumer
1850,1787219352.0233042,telnyx,2.15,,0.0,126227,0.0,1,consumer
1851,1787219373.3868604,telnyx,2.15,,0.0,112795,0.0,1,consumer
1852,1787219383.0770948,telnyx,2.15,,0.0,23569,0.0,1,consumer
1853,1787219474.9326694,telnyx,2.15,,0.0,77570,0.0,1,consumer
1854,1787219476.7794688,telnyx,2.15,,0.0,85187,0.0,1,consumer
1855,1787219478.5549078,telnyx,2.15,,0.0,49104,0.0,1,consumer
1856,1787219483.0160236,telnyx,2.15,,0.0,20511,0.0,1,consumer
1857,1787219487.2737174,telnyx,2.15,,0.0,20181,0.0,1,consumer
1858,1787219491.2028165,telnyx,2.15,,0.0,88807,0.0,1,consumer
1859,1787219495.9582615,telnyx,2.15,,0.0,113757,0.0,1,consumer
1860,1787219497.0271313,telnyx,2.15,,0.0,18399,0.0,1,consumer
1861,1787219510.0552104,telnyx,2.15,,0.0,86600,0.0,1,consumer
1862,1787219519.2730184,telnyx,2.15,,0.0,115691,0.0,1,consumer
1863,1787219520.6852021,telnyx,2.15,,0.0,63665,0.0,1,consumer
1864,1787219538.5336478,telnyx,2.15,,0.0,58010,0.0,1,consumer
1865,1787219538.928821,telnyx,2.15,,0.0,61865,0.0,1,consumer
1866,1787219538.940611,telnyx,2.15,,0.0,95762,0.0,1,consumer
1867,1787219539.5907774,telnyx,2.15,,0.0,115477,0.0,1,consumer
1868,1787219569.1768477,telnyx,2.15,,0.0,23625,0.0,1,consumer
1869,1787219661.739826,telnyx,2.15,,0.0,49329,0.0,1,consumer
1870,1787219662.186168,telnyx,2.15,,0.0,85264,0.0,1,consumer
1871,1787219669.4915233,telnyx,2.15,,0.0,20952,0.0,1,consumer
1872,1787219671.643174,telnyx,2.15,,0.0,77655,0.0,1,consumer
1873,1787219674.8023562,telnyx,2.15,,0.0,20412,0.0,1,consumer
1874,1787219677.3549905,telnyx,2.15,,0.0,88961,0.0,1,consumer
1875,1787219694.8738596,telnyx,2.15,,0.0,85821,0.0,1,consumer
1876,1787219702.6366005,telnyx,2.15,,0.0,115931,0.0,1,consumer
1877,1787219703.4052267,telnyx,2.15,,0.0,64152,0.0,1,consumer
1878,1787219729.9606292,telnyx,2.15,,0.0,116617,0.0,1,consumer
1879,1787219737.015564,telnyx,2.15,,0.0,97852,0.0,1,consumer
1880,1787219753.2467425,telnyx,2.15,,0.0,24129,0.0,1,consumer
1881,1787219780.32908,telnyx,2.15,,0.0,59434,0.0,1,consumer
1882,1787219780.98905,telnyx,2.15,,0.0,62352,0.0,1,consumer
1883,1787232482.021961,telnyx,2.15,2.26825,0.11825000000000019,32605,0.003855541250000006,0,consumer
1884,1787232485.9077501,telnyx,2.15,2.26825,0.11825000000000019,33141,0.003918923250000006,0,consumer
1885,1787232489.6370375,telnyx,2.15,2.26825,0.11825000000000019,37947,0.004487232750000007,0,consumer
1886,1787232497.2764888,telnyx,2.15,2.26825,0.11825000000000019,33860,0.004003945000000006,0,consumer
1887,1787232497.696849,telnyx,2.15,2.26825,0.11825000000000019,40349,0.0047712692500000075,0,consumer
1888,1787232497.7248986,telnyx,2.15,2.26825,0.11825000000000019,34421,0.004070283250000006,0,consumer
1889,1787232498.653607,telnyx,2.15,2.26825,0.11825000000000019,381,4.505325000000007e-05,0,consumer
1890,1787232502.1922147,telnyx,2.15,2.26825,0.11825000000000019,32300,0.003819475000000006,0,consumer
1891,1787232502.8162146,telnyx,2.15,2.26825,0.11825000000000019,770,9.105250000000015e-05,0,consumer
1892,1787232505.0907981,telnyx,2.15,2.26825,0.11825000000000019,39815,0.004708123750000008,0,consumer
1893,1787232505.2433636,telnyx,2.15,2.26825,0.11825000000000019,33564,0.003968943000000006,0,consumer
1894,1787232509.7499971,telnyx,2.15,2.26825,0.11825000000000019,34358,0.004062833500000007,0,consumer
1895,1787232512.1637044,telnyx,2.15,2.26825,0.11825000000000019,34568,0.004087666000000006,0,consumer
1896,1787232513.4571614,telnyx,2.15,2.26825,0.11825000000000019,41355,0.004890228750000007,0,consumer
1897,1787232514.9244688,telnyx,2.15,2.26825,0.11825000000000019,35843,0.004238434750000007,0,consumer
1898,1787232514.9530652,telnyx,2.15,2.26825,0.11825000000000019,486,5.746950000000009e-05,0,consumer
1899,1787232526.6096816,telnyx,2.15,2.26825,0.11825000000000019,38630,0.004567997500000007,0,consumer
1900,1787232527.7113466,telnyx,2.15,2.26825,0.11825000000000019,426,5.0374500000000085e-05,0,consumer
1901,1787232924.2647536,telnyx,2.15,2.26825,0.11825000000000019,7386,0.0008733945000000014,0,consumer
1902,1787232926.0942018,telnyx,2.15,2.26825,0.11825000000000019,7449,0.0008808442500000014,0,consumer
1903,1787232935.8427126,telnyx,2.15,2.26825,0.11825000000000019,8086,0.0009561695000000016,0,consumer
1904,1787232939.2654538,telnyx,2.15,2.26825,0.11825000000000019,8734,0.0010327955000000015,0,consumer
1905,1787232941.7019715,telnyx,2.15,2.26825,0.11825000000000019,10043,0.0011875847500000018,0,consumer
1906,1787232943.3878813,telnyx,2.15,2.26825,0.11825000000000019,38215,0.004518923750000008,0,consumer
1907,1787232945.2737556,telnyx,2.15,2.26825,0.11825000000000019,10783,0.001275089750000002,0,consumer
1908,1787232947.0506396,telnyx,2.15,2.26825,0.11825000000000019,10924,0.001291763000000002,0,consumer
1909,1787232948.6999733,telnyx,2.15,2.26825,0.11825000000000019,11453,0.001354317250000002,0,consumer
1910,1787232951.026047,telnyx,2.15,2.26825,0.11825000000000019,11616,0.001373592000000002,0,consumer
1911,1787232955.330786,telnyx,2.15,2.26825,0.11825000000000019,17792,0.0021039040000000032,0,consumer
1912,1787232957.3449395,telnyx,2.15,2.26825,0.11825000000000019,17863,0.0021122997500000033,0,consumer
1913,1787232961.1288745,telnyx,2.15,2.26825,0.11825000000000019,39749,0.004700319250000007,0,consumer
1914,1787232975.055806,telnyx,2.15,2.26825,0.11825000000000019,3418,0.00040417850000000065,0,consumer
1915,1787232975.4455905,telnyx,2.15,2.26825,0.11825000000000019,3679,0.00043504175000000074,0,consumer
1916,1787232975.4854429,telnyx,2.15,2.26825,0.11825000000000019,3560,0.00042097000000000065,0,consumer
1917,1787232980.7617412,telnyx,2.15,2.26825,0.11825000000000019,20507,0.002424952750000004,0,consumer
1918,1787232981.0306852,telnyx,2.15,2.26825,0.11825000000000019,19239,0.002275011750000004,0,consumer
1919,1787232981.2589831,telnyx,2.15,2.26825,0.11825000000000019,21546,0.002547814500000004,0,consumer
1920,1787232984.3710697,telnyx,2.15,,0.0,20920,0.0,0,consumer
1921,1787232985.2337801,telnyx,2.15,,0.0,21850,0.0,0,consumer
1922,1787232986.7026381,telnyx,2.15,,0.0,30671,0.0,0,consumer
1923,1787232988.5873926,telnyx,2.15,,0.0,18659,0.0,0,consumer
1924,1787232988.8989644,telnyx,2.15,,0.0,41275,0.0,0,consumer
1925,1787232991.518673,telnyx,2.15,,0.0,23361,0.0,0,consumer
1926,1787232992.68981,telnyx,2.15,,0.0,51653,0.0,0,consumer
1927,1787232994.3517354,telnyx,2.15,,0.0,23298,0.0,0,consumer
1928,1787232995.4325528,telnyx,2.15,,0.0,62527,0.0,0,consumer
1929,1787232996.2500136,telnyx,2.15,,0.0,29865,0.0,0,consumer
1930,1787232998.0034556,telnyx,2.15,,0.0,30093,0.0,0,consumer
1931,1787232998.1296976,telnyx,2.15,,0.0,71022,0.0,0,consumer
1932,1787233006.1500025,telnyx,2.15,,0.0,35320,0.0,0,consumer
1933,1787233007.7776465,telnyx,2.15,2.26825,0.11825000000000019,21703,0.002566379750000004,0,consumer
1934,1787233011.1747584,telnyx,2.15,,0.0,7693,0.0,0,consumer
1935,1787233011.700042,telnyx,2.15,,0.0,38028,0.0,0,consumer
1936,1787233012.8218093,telnyx,2.15,,0.0,28546,0.0,0,consumer
1937,1787233013.5918782,telnyx,2.15,,0.0,8035,0.0,0,consumer
1938,1787233013.7695239,telnyx,2.15,,0.0,16117,0.0,0,consumer
1939,1787233016.439622,telnyx,2.15,,0.0,16278,0.0,0,consumer
1940,1787233016.5446637,telnyx,2.15,,0.0,29541,0.0,0,consumer
1941,1787233016.565547,telnyx,2.15,,0.0,39516,0.0,0,consumer
1942,1787233019.7079575,telnyx,2.15,,0.0,19411,0.0,0,consumer
1943,1787233020.5284648,telnyx,2.15,,0.0,29865,0.0,0,consumer
1944,1787233023.1929905,telnyx,2.15,,0.0,20098,0.0,0,consumer
1945,1787233027.3553488,telnyx,2.15,,0.0,22659,0.0,0,consumer
1946,1787233029.0179877,telnyx,2.15,,0.0,22559,0.0,0,consumer
1947,1787233032.1685793,telnyx,2.15,,0.0,32668,0.0,0,consumer
1948,1787233040.0482838,telnyx,2.15,,0.0,34908,0.0,0,consumer
1949,1787233040.3791673,telnyx,2.15,,0.0,25384,0.0,0,consumer
1950,1787233043.3925204,telnyx,2.15,,0.0,26951,0.0,0,consumer
1951,1787233045.2667449,telnyx,2.15,,0.0,28476,0.0,0,consumer
1952,1787233046.5864184,telnyx,2.15,,0.0,60965,0.0,0,consumer
1953,1787233047.4613998,telnyx,2.15,,0.0,30179,0.0,0,consumer
1954,1787233050.918276,telnyx,2.15,,0.0,36991,0.0,0,consumer
1955,1787233051.528963,telnyx,2.15,,0.0,30787,0.0,0,consumer
1956,1787233054.4368057,telnyx,2.15,,0.0,56923,0.0,0,consumer
1957,1787233055.098363,telnyx,2.15,,0.0,31059,0.0,0,consumer
1958,1787233055.2850633,telnyx,2.15,,0.0,36890,0.0,0,consumer
1959,1787233057.2278824,telnyx,2.15,,0.0,31407,0.0,0,consumer
1960,1787233059.3760653,telnyx,2.15,,0.0,31777,0.0,0,consumer
1961,1787233060.2227488,telnyx,2.15,,0.0,57284,0.0,0,consumer
1962,1787233060.6735926,telnyx,2.15,,0.0,38358,0.0,0,consumer
1963,1787233061.2066646,telnyx,2.15,,0.0,32584,0.0,0,consumer
1964,1787233063.1188707,telnyx,2.15,,0.0,34389,0.0,0,consumer
1965,1787233065.5236742,telnyx,2.15,,0.0,35067,0.0,0,consumer
1966,1787233066.166452,telnyx,2.15,,0.0,57749,0.0,0,consumer
1967,1787233066.5677826,telnyx,2.15,,0.0,39420,0.0,0,consumer
1968,1787233067.4477367,telnyx,2.15,,0.0,46992,0.0,0,consumer
1969,1787233067.620016,telnyx,2.15,,0.0,35753,0.0,0,consumer
1970,1787233070.2546039,telnyx,2.15,,0.0,45594,0.0,0,consumer
1971,1787233071.0086524,telnyx,2.15,,0.0,36885,0.0,0,consumer
1972,1787233071.420104,telnyx,2.15,,0.0,58535,0.0,0,consumer
1973,1787233073.2040856,telnyx,2.15,,0.0,37462,0.0,0,consumer
1974,1787233073.6714807,telnyx,2.15,,0.0,47819,0.0,0,consumer
1975,1787233075.510015,telnyx,2.15,,0.0,38705,0.0,0,consumer
1976,1787233078.8063893,telnyx,2.15,,0.0,59349,0.0,0,consumer
1977,1787233078.9636247,telnyx,2.15,,0.0,39008,0.0,0,consumer
1978,1787233078.9982445,telnyx,2.15,,0.0,48517,0.0,0,consumer
1979,1787233082.3446047,telnyx,2.15,,0.0,39530,0.0,0,consumer
1980,1787233083.63421,telnyx,2.15,,0.0,59700,0.0,0,consumer
1981,1787233084.442362,telnyx,2.15,,0.0,48720,0.0,0,consumer
1982,1787233084.5593812,telnyx,2.15,,0.0,40516,0.0,0,consumer
1983,1787233110.9244688,telnyx,2.15,,0.0,100154,0.0,0,consumer
1984,1787233182.6430976,telnyx,2.15,,0.0,59834,0.0,0,consumer
1985,1787233197.7913601,telnyx,2.15,,0.0,40632,0.0,0,consumer
1986,1787233201.3199627,telnyx,2.15,,0.0,40696,0.0,0,consumer
1987,1787233203.9206471,telnyx,2.15,,0.0,41425,0.0,0,consumer
1988,1787233206.346118,telnyx,2.15,,0.0,76715,0.0,0,consumer
1989,1787233207.2336626,telnyx,2.15,,0.0,41895,0.0,0,consumer
1990,1787233209.1892083,telnyx,2.15,,0.0,42180,0.0,0,consumer
1991,1787233211.3626225,telnyx,2.15,,0.0,43109,0.0,0,consumer
1992,1787233213.5300598,telnyx,2.15,,0.0,43218,0.0,0,consumer
1993,1787233214.2079794,telnyx,2.15,,0.0,76832,0.0,0,consumer
1994,1787233215.4587026,telnyx,2.15,,0.0,49031,0.0,0,consumer
1995,1787233215.8056095,telnyx,2.15,,0.0,43300,0.0,0,consumer
1996,1787233216.6643448,telnyx,2.15,,0.0,77019,0.0,0,consumer
1997,1787233216.7786033,telnyx,2.15,,0.0,60367,0.0,0,consumer
1998,1787233218.053388,telnyx,2.15,,0.0,44375,0.0,0,consumer
1999,1787233219.3189893,telnyx,2.15,,0.0,78330,0.0,0,consumer
2000,1787233219.3906796,telnyx,2.15,,0.0,60516,0.0,0,consumer
2001,1787233220.4020228,telnyx,2.15,,0.0,49167,0.0,0,consumer
2002,1787233221.5723515,telnyx,2.15,,0.0,45121,0.0,0,consumer
2003,1787233221.7258844,telnyx,2.15,,0.0,60707,0.0,0,consumer
2004,1787233222.1323698,telnyx,2.15,,0.0,79656,0.0,0,consumer
2005,1787233224.0136828,telnyx,2.15,,0.0,45422,0.0,0,consumer
2006,1787233224.9920914,telnyx,2.15,,0.0,49381,0.0,0,consumer
2007,1787233225.0798326,telnyx,2.15,,0.0,60935,0.0,0,consumer
2008,1787233225.184146,telnyx,2.15,,0.0,80528,0.0,0,consumer
2009,1787233225.98745,telnyx,2.15,,0.0,46230,0.0,0,consumer
2010,1787233228.0818882,telnyx,2.15,,0.0,81182,0.0,0,consumer
2011,1787233229.3556235,telnyx,2.15,,0.0,46603,0.0,0,consumer
2012,1787233230.9559634,telnyx,2.15,,0.0,49979,0.0,0,consumer
2013,1787233231.6777778,telnyx,2.15,,0.0,46881,0.0,0,consumer
2014,1787233234.000224,telnyx,2.15,,0.0,63781,0.0,0,consumer
2015,1787233234.0587976,telnyx,2.15,,0.0,47041,0.0,0,consumer
2016,1787233234.4316444,telnyx,2.15,,0.0,50250,0.0,0,consumer
2017,1787233237.2494178,telnyx,2.15,,0.0,64061,0.0,0,consumer
2018,1787233237.3006465,telnyx,2.15,,0.0,47514,0.0,0,consumer
2019,1787233239.1735857,telnyx,2.15,,0.0,51045,0.0,0,consumer
2020,1787233242.3573294,telnyx,2.15,,0.0,64349,0.0,0,consumer
2021,1787233243.088678,telnyx,2.15,,0.0,47897,0.0,0,consumer
2022,1787233243.3583727,telnyx,2.15,,0.0,51254,0.0,0,consumer
2023,1787233245.531375,telnyx,2.15,,0.0,64499,0.0,0,consumer
2024,1787233245.5590923,telnyx,2.15,,0.0,48114,0.0,0,consumer
2025,1787233247.206003,telnyx,2.15,,0.0,53046,0.0,0,consumer
2026,1787233249.9387069,telnyx,2.15,,0.0,65388,0.0,0,consumer
2027,1787233250.2968826,telnyx,2.15,,0.0,49293,0.0,0,consumer
2028,1787233251.4659703,telnyx,2.15,,0.0,53356,0.0,0,consumer
2029,1787233251.8430529,telnyx,2.15,,0.0,23504,0.0,0,consumer
2030,1787233252.4656754,telnyx,2.15,,0.0,66371,0.0,0,consumer
2031,1787233253.6699333,telnyx,2.15,,0.0,23558,0.0,0,consumer
2032,1787233253.7326508,telnyx,2.15,,0.0,49450,0.0,0,consumer
2033,1787233256.143626,telnyx,2.15,,0.0,50070,0.0,0,consumer
2034,1787233256.3359807,telnyx,2.15,,0.0,23618,0.0,0,consumer
2035,1787233258.0687015,telnyx,2.15,,0.0,54330,0.0,0,consumer
2036,1787233258.398726,telnyx,2.15,,0.0,24172,0.0,0,consumer
2037,1787233258.4561572,telnyx,2.15,,0.0,50211,0.0,0,consumer
2038,1787233259.1157699,telnyx,2.15,,0.0,68230,0.0,0,consumer
2039,1787233260.5148048,telnyx,2.15,,0.0,27940,0.0,0,consumer
2040,1787233260.7770598,telnyx,2.15,,0.0,50550,0.0,0,consumer
2041,1787233263.081936,telnyx,2.15,,0.0,28090,0.0,0,consumer
2042,1787233263.099376,telnyx,2.15,,0.0,50679,0.0,0,consumer
2043,1787233263.200092,telnyx,2.15,,0.0,55186,0.0,0,consumer
2044,1787233263.8223305,telnyx,2.15,,0.0,68511,0.0,0,consumer
2045,1787233266.587119,telnyx,2.15,,0.0,55676,0.0,0,consumer
2046,1787233266.9222832,telnyx,2.15,,0.0,29785,0.0,0,consumer
2047,1787233267.7748604,telnyx,2.15,,0.0,68844,0.0,0,consumer
2048,1787233270.2677894,telnyx,2.15,,0.0,56260,0.0,0,consumer
2049,1787233270.6473649,telnyx,2.15,,0.0,69361,0.0,0,consumer
2050,1787233270.9899526,telnyx,2.15,,0.0,30120,0.0,0,consumer
2051,1787233273.4917889,telnyx,2.15,,0.0,56656,0.0,0,consumer
2052,1787233274.180909,telnyx,2.15,,0.0,69771,0.0,0,consumer
2053,1787233275.4132388,telnyx,2.15,,0.0,30753,0.0,0,consumer
2054,1787233281.7649539,telnyx,2.15,,0.0,57833,0.0,0,consumer
2055,1787233284.8346844,telnyx,2.15,,0.0,69327,0.0,0,consumer
2056,1787233285.811525,telnyx,2.15,,0.0,52343,0.0,0,consumer
2057,1787233286.1187463,telnyx,2.15,2.26825,0.11825000000000019,58437,0.006910175250000011,0,consumer
2058,1787233295.085313,telnyx,2.15,2.26825,0.11825000000000019,60068,0.007103041000000011,0,consumer
2059,1787233304.8515995,telnyx,2.15,2.26825,0.11825000000000019,61225,0.007239856250000011,0,consumer
2060,1787233311.2262871,telnyx,2.15,2.26825,0.11825000000000019,62383,0.007376789750000012,0,consumer
2061,1787233317.7635612,telnyx,2.15,2.26825,0.11825000000000019,63243,0.007478484750000012,0,consumer
2062,1787233321.3933523,telnyx,2.15,2.26825,0.11825000000000019,63710,0.0075337075000000125,0,consumer
2063,1787233329.2500918,telnyx,2.15,,0.0,100158,0.0,0,consumer
2064,1787233339.416439,telnyx,2.15,2.26825,0.11825000000000019,64195,0.007591058750000012,0,consumer
2065,1787233511.9128325,telnyx,2.15,2.26825,0.11825000000000019,82893,0.009802097250000015,0,consumer
2066,1787233529.9556692,telnyx,2.15,2.26825,0.11825000000000019,64596,0.007638477000000012,0,consumer
2067,1787233698.626985,telnyx,2.15,2.26825,0.11825000000000019,83031,0.009818415750000016,0,consumer
2068,1787233718.7872102,telnyx,2.15,2.26825,0.11825000000000019,65083,0.0076960647500000125,0,consumer
2069,1787233886.5450687,telnyx,2.15,2.26825,0.11825000000000019,83425,0.009865006250000015,0,consumer
2070,1787233965.3078175,telnyx,2.15,2.26825,0.11825000000000019,65351,0.007727755750000012,0,consumer
2071,1787233972.6382494,telnyx,2.15,2.26825,0.11825000000000019,37976,0.004490662000000007,0,consumer
2072,1787233973.0537553,telnyx,2.15,2.26825,0.11825000000000019,83546,0.009879314500000016,0,consumer
2073,1787233975.2019665,telnyx,2.15,2.26825,0.11825000000000019,38534,0.004556645500000007,0,consumer
2074,1787233977.2364404,telnyx,2.15,2.26825,0.11825000000000019,40828,0.004827911000000008,0,consumer
2075,1787233977.50168,telnyx,2.15,2.26825,0.11825000000000019,84170,0.009953102500000015,0,consumer
2076,1787233977.697596,telnyx,2.15,2.26825,0.11825000000000019,67017,0.007924760250000013,0,consumer
2077,1787233981.7425854,telnyx,2.15,2.26825,0.11825000000000019,43550,0.005149787500000009,0,consumer
2078,1787233983.6234968,telnyx,2.15,2.26825,0.11825000000000019,43177,0.005105680250000008,0,consumer
2079,1787233986.2454193,telnyx,2.15,2.26825,0.11825000000000019,58793,0.006952272250000011,0,consumer
2080,1787233991.7480843,telnyx,2.15,2.26825,0.11825000000000019,84315,0.009970248750000014,0,consumer
2081,1787233996.1725686,telnyx,2.15,2.26825,0.11825000000000019,85483,0.010108364750000015,0,consumer
2082,1787234001.107661,telnyx,2.15,2.26825,0.11825000000000019,32846,0.0038840395000000064,0,consumer
2083,1787234003.2683988,telnyx,2.15,2.26825,0.11825000000000019,33417,0.003951560250000007,0,consumer
2084,1787234005.1396976,telnyx,2.15,2.26825,0.11825000000000019,41645,0.004924521250000008,0,consumer
2085,1787234013.3349352,telnyx,2.15,2.26825,0.11825000000000019,42297,0.005001620250000008,0,consumer
2086,1787234016.543209,telnyx,2.15,2.26825,0.11825000000000019,43242,0.005113366500000009,0,consumer
2087,1787234017.0172083,telnyx,2.15,2.26825,0.11825000000000019,43298,0.005119988500000008,0,consumer
2088,1787234018.5544994,telnyx,2.15,2.26825,0.11825000000000019,43342,0.005125191500000008,0,consumer
2089,1787234020.6856077,telnyx,2.15,2.26825,0.11825000000000019,43510,0.005145057500000008,0,consumer
2090,1787234026.0981052,telnyx,2.15,2.26825,0.11825000000000019,43788,0.005177931000000009,0,consumer
2091,1787234028.7696173,telnyx,2.15,2.26825,0.11825000000000019,43910,0.005192357500000008,0,consumer
2092,1787234030.815633,telnyx,2.15,2.26825,0.11825000000000019,44010,0.005204182500000008,0,consumer
2093,1787234033.2130916,telnyx,2.15,2.26825,0.11825000000000019,94070,0.011123777500000018,0,consumer
2094,1787234033.2134748,telnyx,2.15,2.26825,0.11825000000000019,44682,0.005283646500000008,0,consumer
2095,1787234036.1656735,telnyx,2.15,2.26825,0.11825000000000019,90846,0.010742539500000018,0,consumer
2096,1787234036.6122508,telnyx,2.15,2.26825,0.11825000000000019,46831,0.005537765750000008,0,consumer
2097,1787234037.1486282,telnyx,2.15,2.26825,0.11825000000000019,35749,0.004227319250000007,0,consumer
2098,1787234038.913615,telnyx,2.15,2.26825,0.11825000000000019,46827,0.005537292750000008,0,consumer
2099,1787234040.7103596,telnyx,2.15,2.26825,0.11825000000000019,46925,0.005548881250000009,0,consumer
2100,1787234045.3837726,telnyx,2.15,2.26825,0.11825000000000019,38259,0.004524126750000007,0,consumer
2101,1787234045.3888845,telnyx,2.15,2.26825,0.11825000000000019,14636,0.0017307070000000028,0,consumer
2102,1787234048.450284,telnyx,2.15,2.26825,0.11825000000000019,48088,0.005686406000000009,0,consumer
2103,1787234051.5318906,telnyx,2.15,2.26825,0.11825000000000019,45563,0.0053878247500000085,0,consumer
2104,1787234054.2599444,telnyx,2.15,2.26825,0.11825000000000019,45625,0.0053951562500000085,0,consumer
2105,1787234055.1129034,telnyx,2.15,2.26825,0.11825000000000019,77220,0.009131265000000013,0,consumer
2106,1787234056.8234417,telnyx,2.15,2.26825,0.11825000000000019,45724,0.005406863000000008,0,consumer
2107,1787234058.7202907,telnyx,2.15,2.26825,0.11825000000000019,65514,0.007747030500000013,0,consumer
2108,1787234059.1602347,telnyx,2.15,2.26825,0.11825000000000019,96226,0.011378724500000019,0,consumer
2109,1787234059.8669307,telnyx,2.15,2.26825,0.11825000000000019,125720,0.014866390000000023,0,consumer
2110,1787234062.36544,telnyx,2.15,2.26825,0.11825000000000019,92406,0.010927009500000018,0,consumer
2111,1787234062.908911,telnyx,2.15,2.26825,0.11825000000000019,65898,0.007792438500000012,0,consumer
2112,1787234062.982351,telnyx,2.15,2.26825,0.11825000000000019,39396,0.0046585770000000075,0,consumer
2113,1787234063.1557145,telnyx,2.15,2.26825,0.11825000000000019,76979,0.009102766750000015,0,consumer
2114,1787234064.5020056,telnyx,2.15,2.26825,0.11825000000000019,49534,0.00585739550000001,0,consumer
2115,1787234065.677688,telnyx,2.15,2.26825,0.11825000000000019,92958,0.010992283500000017,0,consumer
2116,1787234065.812527,telnyx,2.15,2.26825,0.11825000000000019,120308,0.014226421000000022,0,consumer
2117,1787234066.7131991,telnyx,2.15,2.26825,0.11825000000000019,66530,0.007867172500000012,0,consumer
2118,1787234067.0128958,telnyx,2.15,2.26825,0.11825000000000019,47891,0.005663110750000009,0,consumer
2119,1787250763.466938,routstrd,0.0005149112638096248,0.0010401207528954422,0.0005252094890858174,89526,4.7019904719896884e-05,0,consumer
2120,1787309182.4287105,routstrd,0.0,0.0009502680859834985,0.0009502680859834985,121168,0.00011514208344244854,1,consumer
2121,1787309182.4300976,routstrd,0.0,0.0009502680859834985,0.0009502680859834985,121168,0.00011514208344244854,1,consumer
2122,1787309182.4334278,routstrd,0.0,0.0009502680859834985,0.0009502680859834985,121168,0.00011514208344244854,1,consumer
2123,1787309182.43553,routstrd,0.0,0.0009502680859834985,0.0009502680859834985,121168,0.00011514208344244854,1,consumer
2124,1787309182.4368966,routstrd,0.0,0.0009502680859834985,0.0009502680859834985,121168,0.00011514208344244854,1,consumer
2125,1787309182.438589,routstrd,0.0,0.0009502680859834985,0.0009502680859834985,121168,0.00011514208344244854,1,consumer
2126,1787309182.44075,routstrd,0.0,0.0009502680859834985,0.0009502680859834985,121168,0.00011514208344244854,1,consumer
2127,1787309182.4434655,routstrd,0.0,0.0009502680859834985,0.0009502680859834985,121168,0.00011514208344244854,1,consumer
2128,1787309182.4458044,routstrd,0.0,0.0009502680859834985,0.0009502680859834985,121168,0.00011514208344244854,1,consumer
2129,1787309182.4476583,routstrd,0.0,0.0009502680859834985,0.0009502680859834985,121168,0.00011514208344244854,1,consumer
2130,1787309182.4492083,routstrd,0.0,0.0009502680859834985,0.0009502680859834985,121168,0.00011514208344244854,1,consumer
2131,1787309182.4519043,routstrd,0.0,0.0009502680859834985,0.0009502680859834985,121168,0.00011514208344244854,1,consumer
2132,1787309182.454226,routstrd,0.0,0.0009502680859834985,0.0009502680859834985,121168,0.00011514208344244854,1,consumer
2133,1787309182.455622,routstrd,0.0,0.0009502680859834985,0.0009502680859834985,121168,0.00011514208344244854,1,consumer
2134,1787309182.4576592,routstrd,0.0,0.0009502680859834985,0.0009502680859834985,121168,0.00011514208344244854,1,consumer
2135,1787309182.4594169,routstrd,0.0,0.0009502680859834985,0.0009502680859834985,121168,0.00011514208344244854,1,consumer
2136,1787309182.461602,routstrd,0.0,0.0009502680859834985,0.0009502680859834985,121168,0.00011514208344244854,1,consumer
2137,1787309182.4635632,routstrd,0.0,0.0009502680859834985,0.0009502680859834985,121168,0.00011514208344244854,1,consumer
2138,1787309182.465762,routstrd,0.0,0.0009502680859834985,0.0009502680859834985,121168,0.00011514208344244854,1,consumer
2139,1787309182.4691849,routstrd,0.0,0.0009502680859834985,0.0009502680859834985,121168,0.00011514208344244854,1,consumer
2140,1787309182.4710865,routstrd,0.0,0.0009502680859834985,0.0009502680859834985,121168,0.00011514208344244854,1,consumer
2141,1787309182.473786,routstrd,0.0,0.0009502680859834985,0.0009502680859834985,121168,0.00011514208344244854,1,consumer
2142,1787309182.4761655,routstrd,0.0,0.0009502680859834985,0.0009502680859834985,121168,0.00011514208344244854,1,consumer
2143,1787309182.4787817,routstrd,0.0,0.0009502680859834985,0.0009502680859834985,121168,0.00011514208344244854,1,consumer
2144,1787309182.481028,routstrd,0.0,0.0009502680859834985,0.0009502680859834985,121168,0.00011514208344244854,1,consumer
2145,1787309182.4828963,routstrd,0.0,0.0009502680859834985,0.0009502680859834985,121168,0.00011514208344244854,1,consumer
2146,1787309182.4849668,routstrd,0.0,0.0009502680859834985,0.0009502680859834985,121168,0.00011514208344244854,1,consumer
2147,1787309182.4869952,routstrd,0.0,0.0009502680859834985,0.0009502680859834985,121168,0.00011514208344244854,1,consumer
2148,1787309182.4894576,routstrd,0.0,0.0009502680859834985,0.0009502680859834985,121168,0.00011514208344244854,1,consumer
2149,1787309182.4918153,routstrd,0.0,0.0009502680859834985,0.0009502680859834985,121168,0.00011514208344244854,1,consumer
2150,1787309182.4957378,routstrd,0.0,0.0009502680859834985,0.0009502680859834985,121168,0.00011514208344244854,1,consumer
2151,1787309182.4979312,routstrd,0.0,0.0009502680859834985,0.0009502680859834985,121168,0.00011514208344244854,1,consumer
2152,1787309182.500896,routstrd,0.0,0.0009502680859834985,0.0009502680859834985,121168,0.00011514208344244854,1,consumer
2153,1787309182.504505,routstrd,0.0,0.0009502680859834985,0.0009502680859834985,121168,0.00011514208344244854,1,consumer
2154,1787309182.506475,routstrd,0.0,0.0009502680859834985,0.0009502680859834985,121168,0.00011514208344244854,1,consumer
2155,1787309182.5090332,routstrd,0.0,0.0009502680859834985,0.0009502680859834985,121168,0.00011514208344244854,1,consumer
2156,1787309182.5111759,routstrd,0.0,0.0009502680859834985,0.0009502680859834985,121168,0.00011514208344244854,1,consumer
2157,1787309182.5136528,routstrd,0.0,0.0009502680859834985,0.0009502680859834985,121168,0.00011514208344244854,1,consumer
2158,1787309182.5155833,routstrd,0.0,0.0009502680859834985,0.0009502680859834985,121168,0.00011514208344244854,1,consumer
2159,1787309182.5175755,routstrd,0.0,0.0009502680859834985,0.0009502680859834985,121168,0.00011514208344244854,1,consumer
2160,1787309182.5201192,routstrd,0.0,0.0009502680859834985,0.0009502680859834985,121168,0.00011514208344244854,1,consumer
2161,1787309182.5225837,routstrd,0.0,0.0009502680859834985,0.0009502680859834985,121168,0.00011514208344244854,1,consumer
2162,1787309182.5247989,routstrd,0.0,0.0009502680859834985,0.0009502680859834985,121168,0.00011514208344244854,1,consumer
2163,1787309182.5274518,routstrd,0.0,0.0009502680859834985,0.0009502680859834985,121168,0.00011514208344244854,1,consumer
2164,1787309182.5300114,routstrd,0.0,0.0009502680859834985,0.0009502680859834985,121168,0.00011514208344244854,1,consumer
2165,1787309182.5480447,routstrd,0.0,0.0009502680859834985,0.0009502680859834985,121168,0.00011514208344244854,1,consumer
2166,1787309182.549796,routstrd,0.0,0.0009502680859834985,0.0009502680859834985,121168,0.00011514208344244854,1,consumer
2167,1787309182.5516021,routstrd,0.0,0.0009502680859834985,0.0009502680859834985,121168,0.00011514208344244854,1,consumer
2168,1787309182.553626,routstrd,0.0,0.0009502680859834985,0.0009502680859834985,121168,0.00011514208344244854,1,consumer
2169,1787309182.555924,routstrd,0.0,0.0009502680859834985,0.0009502680859834985,121168,0.00011514208344244854,1,consumer
2170,1787309182.5587244,routstrd,0.0,0.0009502680859834985,0.0009502680859834985,121168,0.00011514208344244854,1,consumer
2171,1787309182.5603232,routstrd,0.0,0.0009502680859834985,0.0009502680859834985,121168,0.00011514208344244854,1,consumer
2172,1787309182.5621762,routstrd,0.0,0.0009502680859834985,0.0009502680859834985,121168,0.00011514208344244854,1,consumer
2173,1787309182.5639658,routstrd,0.0,0.0009502680859834985,0.0009502680859834985,121168,0.00011514208344244854,1,consumer
2174,1787309182.5660772,routstrd,0.0,0.0009502680859834985,0.0009502680859834985,121168,0.00011514208344244854,1,consumer
2175,1787309182.5675404,routstrd,0.0,0.0009502680859834985,0.0009502680859834985,121168,0.00011514208344244854,1,consumer
2176,1787309182.5696952,routstrd,0.0,0.0009502680859834985,0.0009502680859834985,121168,0.00011514208344244854,1,consumer
2177,1787309182.57169,routstrd,0.0,0.0009502680859834985,0.0009502680859834985,121168,0.00011514208344244854,1,consumer
2178,1787309182.5734828,routstrd,0.0,0.0009502680859834985,0.0009502680859834985,121168,0.00011514208344244854,1,consumer
2179,1787309182.5764744,routstrd,0.0,0.0009502680859834985,0.0009502680859834985,121168,0.00011514208344244854,1,consumer
2180,1787309182.5784693,routstrd,0.0,0.0009502680859834985,0.0009502680859834985,121168,0.00011514208344244854,1,consumer
2181,1787309182.5803084,routstrd,0.0,0.0009502680859834985,0.0009502680859834985,121168,0.00011514208344244854,1,consumer
2182,1787309182.582079,routstrd,0.0,0.0009502680859834985,0.0009502680859834985,121168,0.00011514208344244854,1,consumer
2183,1787309182.583685,routstrd,0.0,0.0009502680859834985,0.0009502680859834985,121168,0.00011514208344244854,1,consumer
2184,1787309182.5855675,routstrd,0.0,0.0009502680859834985,0.0009502680859834985,121168,0.00011514208344244854,1,consumer
2185,1787309182.587042,routstrd,0.0,0.0009502680859834985,0.0009502680859834985,121168,0.00011514208344244854,1,consumer
2186,1787309182.5887046,routstrd,0.0,0.0009502680859834985,0.0009502680859834985,121168,0.00011514208344244854,1,consumer
2187,1787309182.5916817,routstrd,0.0,0.0009502680859834985,0.0009502680859834985,121168,0.00011514208344244854,1,consumer
2188,1787309182.5938065,routstrd,0.0,0.0009502680859834985,0.0009502680859834985,121168,0.00011514208344244854,1,consumer
2189,1787309182.5953863,routstrd,0.0,0.0009502680859834985,0.0009502680859834985,121168,0.00011514208344244854,1,consumer
2190,1787309182.5972133,routstrd,0.0,0.0009502680859834985,0.0009502680859834985,121168,0.00011514208344244854,1,consumer
2191,1787309182.5988834,routstrd,0.0,0.0009502680859834985,0.0009502680859834985,121168,0.00011514208344244854,1,consumer
2192,1787309182.6007404,routstrd,0.0,0.0009502680859834985,0.0009502680859834985,121168,0.00011514208344244854,1,consumer
2193,1787309182.6027105,routstrd,0.0,0.0009502680859834985,0.0009502680859834985,121168,0.00011514208344244854,1,consumer
2194,1787309182.6045592,routstrd,0.0,0.0009502680859834985,0.0009502680859834985,121168,0.00011514208344244854,1,consumer
2195,1787309182.6080775,routstrd,0.0,0.0009502680859834985,0.0009502680859834985,121168,0.00011514208344244854,1,consumer
2196,1787309182.609646,routstrd,0.0,0.0009502680859834985,0.0009502680859834985,121168,0.00011514208344244854,1,consumer
2197,1787309182.6110973,routstrd,0.0,0.0009502680859834985,0.0009502680859834985,121168,0.00011514208344244854,1,consumer
2198,1787309182.612754,routstrd,0.0,0.0009502680859834985,0.0009502680859834985,121168,0.00011514208344244854,1,consumer
2199,1787309182.614038,routstrd,0.0,0.0009502680859834985,0.0009502680859834985,121168,0.00011514208344244854,1,consumer
2200,1787309182.6153615,routstrd,0.0,0.0009502680859834985,0.0009502680859834985,121168,0.00011514208344244854,1,consumer
2201,1787309182.6166525,routstrd,0.0,0.0009502680859834985,0.0009502680859834985,121168,0.00011514208344244854,1,consumer
2202,1787309182.617728,routstrd,0.0,0.0009502680859834985,0.0009502680859834985,121168,0.00011514208344244854,1,consumer
2203,1787309182.619232,routstrd,0.0,0.0009502680859834985,0.0009502680859834985,121168,0.00011514208344244854,1,consumer
2204,1787309182.6204612,routstrd,0.0,0.0009502680859834985,0.0009502680859834985,121168,0.00011514208344244854,1,consumer
2205,1787309182.62291,routstrd,0.0,0.0009502680859834985,0.0009502680859834985,121168,0.00011514208344244854,1,consumer
2206,1787309182.6241307,routstrd,0.0,0.0009502680859834985,0.0009502680859834985,121168,0.00011514208344244854,1,consumer
2207,1787309182.625333,routstrd,0.0,0.0009502680859834985,0.0009502680859834985,121168,0.00011514208344244854,1,consumer
2208,1787309182.6266727,routstrd,0.0,0.0009502680859834985,0.0009502680859834985,121168,0.00011514208344244854,1,consumer
2209,1787309182.6295414,routstrd,0.0,0.0009502680859834985,0.0009502680859834985,121168,0.00011514208344244854,1,consumer
2210,1787309182.6309345,routstrd,0.0,0.0009502680859834985,0.0009502680859834985,121168,0.00011514208344244854,1,consumer
2211,1787309182.6326485,routstrd,0.0,0.0009502680859834985,0.0009502680859834985,121168,0.00011514208344244854,1,consumer
2212,1787309182.6340342,routstrd,0.0,0.0009502680859834985,0.0009502680859834985,121168,0.00011514208344244854,1,consumer
2213,1787309182.6353452,routstrd,0.0,0.0009502680859834985,0.0009502680859834985,121168,0.00011514208344244854,1,consumer
2214,1787309182.6365244,routstrd,0.0,0.0009502680859834985,0.0009502680859834985,121168,0.00011514208344244854,1,consumer
2215,1787309182.6390002,routstrd,0.0,0.0009502680859834985,0.0009502680859834985,121168,0.00011514208344244854,1,consumer
2216,1787309182.6402452,routstrd,0.0,0.0009502680859834985,0.0009502680859834985,121168,0.00011514208344244854,1,consumer
2217,1787309182.6414702,routstrd,0.0,0.0009502680859834985,0.0009502680859834985,121168,0.00011514208344244854,1,consumer
2218,1787309182.6433682,routstrd,0.0,0.0009502680859834985,0.0009502680859834985,121168,0.00011514208344244854,1,consumer
2219,1787309182.6456738,routstrd,0.0,0.0009502680859834985,0.0009502680859834985,121168,0.00011514208344244854,1,consumer
2220,1787309182.646855,routstrd,0.0,0.0009502680859834985,0.0009502680859834985,121168,0.00011514208344244854,1,consumer
2221,1787309182.6480567,routstrd,0.0,0.0009502680859834985,0.0009502680859834985,121168,0.00011514208344244854,1,consumer
2222,1787309182.6493459,routstrd,0.0,0.0009502680859834985,0.0009502680859834985,121168,0.00011514208344244854,1,consumer
2223,1787309182.6505218,routstrd,0.0,0.0009502680859834985,0.0009502680859834985,121168,0.00011514208344244854,1,consumer
2224,1787309182.651702,routstrd,0.0,0.0009502680859834985,0.0009502680859834985,121168,0.00011514208344244854,1,consumer
2225,1787309182.6529748,routstrd,0.0,0.0009502680859834985,0.0009502680859834985,121168,0.00011514208344244854,1,consumer
2226,1787309182.6543868,routstrd,0.0,0.0009502680859834985,0.0009502680859834985,121168,0.00011514208344244854,1,consumer
2227,1787309182.6573956,routstrd,0.0,0.0009502680859834985,0.0009502680859834985,121168,0.00011514208344244854,1,consumer
2228,1787309182.658684,routstrd,0.0,0.0009502680859834985,0.0009502680859834985,121168,0.00011514208344244854,1,consumer
2229,1787309182.660043,routstrd,0.0,0.0009502680859834985,0.0009502680859834985,121168,0.00011514208344244854,1,consumer
2230,1787309182.661339,routstrd,0.0,0.0009502680859834985,0.0009502680859834985,121168,0.00011514208344244854,1,consumer
2231,1787309182.6625817,routstrd,0.0,0.0009502680859834985,0.0009502680859834985,121168,0.00011514208344244854,1,consumer
2232,1787309182.6639,routstrd,0.0,0.0009502680859834985,0.0009502680859834985,121168,0.00011514208344244854,1,consumer
2233,1787309182.665104,routstrd,0.0,0.0009502680859834985,0.0009502680859834985,121168,0.00011514208344244854,1,consumer
2234,1787309182.6662543,routstrd,0.0,0.0009502680859834985,0.0009502680859834985,121168,0.00011514208344244854,1,consumer
2235,1787309182.6674256,routstrd,0.0,0.0009502680859834985,0.0009502680859834985,121168,0.00011514208344244854,1,consumer
2236,1787309182.6685977,routstrd,0.0,0.0009502680859834985,0.0009502680859834985,121168,0.00011514208344244854,1,consumer
2237,1787309182.6704192,routstrd,0.0,0.0009502680859834985,0.0009502680859834985,121168,0.00011514208344244854,1,consumer
2238,1787309182.6718335,routstrd,0.0,0.0009502680859834985,0.0009502680859834985,121168,0.00011514208344244854,1,consumer
2239,1787309182.674217,routstrd,0.0,0.0009502680859834985,0.0009502680859834985,121168,0.00011514208344244854,1,consumer
2240,1787309182.6753035,routstrd,0.0,0.0009502680859834985,0.0009502680859834985,121168,0.00011514208344244854,1,consumer
2241,1787309182.6764233,routstrd,0.0,0.0009502680859834985,0.0009502680859834985,121168,0.00011514208344244854,1,consumer
2242,1787309182.6776037,routstrd,0.0,0.0009502680859834985,0.0009502680859834985,121168,0.00011514208344244854,1,consumer
2243,1787309182.6786792,routstrd,0.0,0.0009502680859834985,0.0009502680859834985,121168,0.00011514208344244854,1,consumer
2244,1787309182.6799095,routstrd,0.0,0.0009502680859834985,0.0009502680859834985,121168,0.00011514208344244854,1,consumer
2245,1787309182.6815007,routstrd,0.0,0.0009502680859834985,0.0009502680859834985,121168,0.00011514208344244854,1,consumer
2246,1787309182.6827378,routstrd,0.0,0.0009502680859834985,0.0009502680859834985,121168,0.00011514208344244854,1,consumer
2247,1787309182.684128,routstrd,0.0,0.0009502680859834985,0.0009502680859834985,121168,0.00011514208344244854,1,consumer
2248,1787309182.6854153,routstrd,0.0,0.0009502680859834985,0.0009502680859834985,121168,0.00011514208344244854,1,consumer
2249,1787309182.6873827,routstrd,0.0,0.0009502680859834985,0.0009502680859834985,121168,0.00011514208344244854,1,consumer
2250,1787309182.7005246,routstrd,0.0,0.0009502680859834985,0.0009502680859834985,121168,0.00011514208344244854,1,consumer
2251,1787309182.701882,routstrd,0.0,0.0009502680859834985,0.0009502680859834985,121168,0.00011514208344244854,1,consumer
2252,1787309182.7039824,routstrd,0.0,0.0009502680859834985,0.0009502680859834985,121168,0.00011514208344244854,1,consumer
2253,1787309182.705174,routstrd,0.0,0.0009502680859834985,0.0009502680859834985,121168,0.00011514208344244854,1,consumer
2254,1787309182.7062862,routstrd,0.0,0.0009502680859834985,0.0009502680859834985,121168,0.00011514208344244854,1,consumer
2255,1787309182.7074378,routstrd,0.0,0.0009502680859834985,0.0009502680859834985,121168,0.00011514208344244854,1,consumer
2256,1787309182.7084908,routstrd,0.0,0.0009502680859834985,0.0009502680859834985,121168,0.00011514208344244854,1,consumer
2257,1787309182.7095091,routstrd,0.0,0.0009502680859834985,0.0009502680859834985,121168,0.00011514208344244854,1,consumer
2258,1787309182.710669,routstrd,0.0,0.0009502680859834985,0.0009502680859834985,121168,0.00011514208344244854,1,consumer
2259,1787309182.711904,routstrd,0.0,0.0009502680859834985,0.0009502680859834985,121168,0.00011514208344244854,1,consumer
2260,1787309182.7131019,routstrd,0.0,0.0009502680859834985,0.0009502680859834985,121168,0.00011514208344244854,1,consumer
2261,1787309182.7142684,routstrd,0.0,0.0009502680859834985,0.0009502680859834985,121168,0.00011514208344244854,1,consumer
2262,1787309182.7154791,routstrd,0.0,0.0009502680859834985,0.0009502680859834985,121168,0.00011514208344244854,1,consumer
2263,1787309182.716778,routstrd,0.0,0.0009502680859834985,0.0009502680859834985,121168,0.00011514208344244854,1,consumer
2264,1787309182.7193923,routstrd,0.0,0.0009502680859834985,0.0009502680859834985,121168,0.00011514208344244854,1,consumer
2265,1787309182.7205694,routstrd,0.0,0.0009502680859834985,0.0009502680859834985,121168,0.00011514208344244854,1,consumer
2266,1787309182.7218254,routstrd,0.0,0.0009502680859834985,0.0009502680859834985,121168,0.00011514208344244854,1,consumer
2267,1787309182.723323,routstrd,0.0,0.0009502680859834985,0.0009502680859834985,121168,0.00011514208344244854,1,consumer
2268,1787309182.725691,routstrd,0.0,0.0009502680859834985,0.0009502680859834985,121168,0.00011514208344244854,1,consumer
2269,1787309182.7280314,routstrd,0.0,0.0009502680859834985,0.0009502680859834985,121168,0.00011514208344244854,1,consumer
2270,1787309182.7292564,routstrd,0.0,0.0009502680859834985,0.0009502680859834985,121168,0.00011514208344244854,1,consumer
2271,1787309182.7304604,routstrd,0.0,0.0009502680859834985,0.0009502680859834985,121168,0.00011514208344244854,1,consumer
2272,1787309182.7316809,routstrd,0.0,0.0009502680859834985,0.0009502680859834985,121168,0.00011514208344244854,1,consumer
2273,1787309182.7330923,routstrd,0.0,0.0009502680859834985,0.0009502680859834985,121168,0.00011514208344244854,1,consumer
2274,1787313808.6931734,routstrd,0.0,0.0009502680859834985,0.0009502680859834985,59486,5.652764736281439e-05,0,consumer
2275,1787317378.0721846,routstrd,0.0,0.0009502680859834985,0.0009502680859834985,89855,8.538633886604725e-05,0,consumer
2276,1787320952.516323,routstrd,0.0005964211446585276,0.0009502680859834985,0.0003538469413249709,87679,3.102494596843211e-05,0,consumer
2277,1787320964.9491618,routstrd,0.0005964211446585276,0.0009502680859834985,0.0003538469413249709,98916,3.500112404810081e-05,0,consumer
2278,1787320984.3188853,routstrd,0.0005964211446585276,0.0009502680859834985,0.0003538469413249709,64208,2.271980440859372e-05,0,consumer
2279,1787320986.6803327,routstrd,0.0005964211446585276,0.0009502680859834985,0.0003538469413249709,103175,3.650815817120386e-05,0,consumer
2280,1787323276.5874016,routstrd,0.0008133015608979922,0.0009502680859834985,0.0001369665250855063,101086,1.3845398154793481e-05,0,consumer
2281,1787389252.3096948,routstrd,0.0008725719798185346,0.0010195201202238804,0.00014694814040534581,77605,1.140391043615687e-05,1,consumer
2282,1787389478.1367009,routstrd,0.0008725719798185346,,,69745,0.0,1,consumer
2283,1787389478.14004,routstrd,0.0008725719798185346,,,69745,0.0,1,consumer
2284,1787389478.1436205,routstrd,0.0008725719798185346,,,69745,0.0,1,consumer
2285,1787389478.1466784,routstrd,0.0008725719798185346,,,69745,0.0,1,consumer
2286,1787389478.149786,routstrd,0.0008725719798185346,,,69745,0.0,1,consumer
2287,1787389478.1517653,routstrd,0.0008725719798185346,,,69745,0.0,1,consumer
2288,1787389478.1541207,routstrd,0.0008725719798185346,,,69745,0.0,1,consumer
2289,1787389478.1567237,routstrd,0.0008725719798185346,,,69745,0.0,1,consumer
2290,1787389478.1596375,routstrd,0.0008725719798185346,,,69745,0.0,1,consumer
2291,1787389478.1618724,routstrd,0.0008725719798185346,,,69745,0.0,1,consumer
2292,1787389478.1643908,routstrd,0.0008725719798185346,,,69745,0.0,1,consumer
2293,1787390360.6654744,routstrd,0.0008725719798185346,,,81680,0.0,1,consumer
2294,1787391641.9074776,openrouter,0.9675,1.3,0.3325,73192,0.02433634,1,consumer
2295,1787391747.4728982,openrouter,0.17500000000000002,,0.0,11,0.0,1,consumer
2296,1787391860.8941147,routstrd,0.0,0.0007587582433204649,0.0007587582433204649,62549,4.745956936145176e-05,1,consumer
2297,1787391869.658307,routstrd,0.0,0.0007587582433204649,0.0007587582433204649,54629,4.145020407435368e-05,1,consumer
2298,1787392366.6328566,openrouter,0.9675,1.3,0.3325,34919,0.0116105675,1,consumer
2299,1787392375.8640485,openrouter,0.9675,1.3,0.3325,75387,0.0250661775,1,consumer
2300,1787392387.1195595,openrouter,0.9675,1.3,0.3325,102481,0.0340749325,1,consumer
2301,1787392387.1805122,routstrd,0.0,0.0007587582433204649,0.0007587582433204649,102481,7.775830353372457e-05,1,consumer
2302,1787392387.1961787,routstrd,0.0,0.0007587582433204649,0.0007587582433204649,102481,7.775830353372457e-05,1,consumer
2303,1787392387.2128735,routstrd,0.0,0.0007587582433204649,0.0007587582433204649,102481,7.775830353372457e-05,1,consumer
2304,1787392387.218083,routstrd,0.0,0.0007587582433204649,0.0007587582433204649,102481,7.775830353372457e-05,1,consumer
2305,1787392387.253344,routstrd,0.0,0.0007587582433204649,0.0007587582433204649,102481,7.775830353372457e-05,1,consumer
2306,1787392387.2802913,routstrd,0.0,0.0007587582433204649,0.0007587582433204649,102481,7.775830353372457e-05,1,consumer
2307,1787392387.2963772,routstrd,0.0,0.0007587582433204649,0.0007587582433204649,102481,7.775830353372457e-05,1,consumer
2308,1787392387.3275242,routstrd,0.0,0.0007587582433204649,0.0007587582433204649,102481,7.775830353372457e-05,1,consumer
2309,1787392387.3653283,routstrd,0.0,0.0007587582433204649,0.0007587582433204649,102481,7.775830353372457e-05,1,consumer
2310,1787392387.3953815,routstrd,0.0,0.0007587582433204649,0.0007587582433204649,102481,7.775830353372457e-05,1,consumer
2311,1787392387.4411118,routstrd,0.0,0.0007587582433204649,0.0007587582433204649,102481,7.775830353372457e-05,1,consumer
2312,1787392387.503295,openrouter,0.9675,1.3,0.3325,41447,0.0137811275,1,consumer
2313,1787392387.5092366,routstrd,0.0,0.0007587582433204649,0.0007587582433204649,102481,7.775830353372457e-05,1,consumer
2314,1787392387.5405529,routstrd,0.0,0.0007587582433204649,0.0007587582433204649,102481,7.775830353372457e-05,1,consumer
2315,1787392387.5671227,routstrd,0.0,0.0007587582433204649,0.0007587582433204649,102481,7.775830353372457e-05,1,consumer
2316,1787392387.5906646,routstrd,0.0,0.0007587582433204649,0.0007587582433204649,102481,7.775830353372457e-05,1,consumer
2317,1787392387.6193774,routstrd,0.0,0.0007587582433204649,0.0007587582433204649,102481,7.775830353372457e-05,1,consumer
2318,1787392387.6383615,routstrd,0.0,0.0007587582433204649,0.0007587582433204649,102481,7.775830353372457e-05,1,consumer
2319,1787392387.6564426,routstrd,0.0,0.0007587582433204649,0.0007587582433204649,102481,7.775830353372457e-05,1,consumer
2320,1787392387.6928225,routstrd,0.0,0.0007587582433204649,0.0007587582433204649,102481,7.775830353372457e-05,1,consumer
2321,1787392387.728991,routstrd,0.0,0.0007587582433204649,0.0007587582433204649,102481,7.775830353372457e-05,1,consumer
2322,1787392387.758398,routstrd,0.0,0.0007587582433204649,0.0007587582433204649,102481,7.775830353372457e-05,1,consumer
2323,1787392387.7841728,routstrd,0.0,0.0007587582433204649,0.0007587582433204649,102481,7.775830353372457e-05,1,consumer
2324,1787392387.8170671,routstrd,0.0,0.0007587582433204649,0.0007587582433204649,102481,7.775830353372457e-05,1,consumer
2325,1787392387.8280296,routstrd,0.0,0.0007587582433204649,0.0007587582433204649,102481,7.775830353372457e-05,1,consumer
2326,1787392387.8614483,routstrd,0.0,0.0007587582433204649,0.0007587582433204649,102481,7.775830353372457e-05,1,consumer
2327,1787392387.8791661,routstrd,0.0,0.0007587582433204649,0.0007587582433204649,102481,7.775830353372457e-05,1,consumer
2328,1787392387.8842883,routstrd,0.0,0.0007587582433204649,0.0007587582433204649,102481,7.775830353372457e-05,1,consumer
2329,1787392387.889031,routstrd,0.0,0.0007587582433204649,0.0007587582433204649,102481,7.775830353372457e-05,1,consumer
2330,1787392387.9252992,routstrd,0.0,0.0007587582433204649,0.0007587582433204649,102481,7.775830353372457e-05,1,consumer
2331,1787392387.9444096,routstrd,0.0,0.0007587582433204649,0.0007587582433204649,102481,7.775830353372457e-05,1,consumer
2332,1787392387.961546,routstrd,0.0,0.0007587582433204649,0.0007587582433204649,102481,7.775830353372457e-05,1,consumer
2333,1787392387.9842544,routstrd,0.0,0.0007587582433204649,0.0007587582433204649,102481,7.775830353372457e-05,1,consumer
2334,1787392388.0470622,routstrd,0.0,0.0007587582433204649,0.0007587582433204649,102481,7.775830353372457e-05,1,consumer
2335,1787392388.0770488,routstrd,0.0,0.0007587582433204649,0.0007587582433204649,102481,7.775830353372457e-05,1,consumer
2336,1787392388.1221936,routstrd,0.0,0.0007587582433204649,0.0007587582433204649,102481,7.775830353372457e-05,1,consumer
2337,1787392388.1582932,routstrd,0.0,0.0007587582433204649,0.0007587582433204649,102481,7.775830353372457e-05,1,consumer
2338,1787392388.1849127,routstrd,0.0,0.0007587582433204649,0.0007587582433204649,102481,7.775830353372457e-05,1,consumer
2339,1787392388.235172,routstrd,0.0,0.0007587582433204649,0.0007587582433204649,102481,7.775830353372457e-05,1,consumer
2340,1787392388.240713,routstrd,0.0,0.0007587582433204649,0.0007587582433204649,102481,7.775830353372457e-05,1,consumer
2341,1787392388.263849,routstrd,0.0,0.0007587582433204649,0.0007587582433204649,102481,7.775830353372457e-05,1,consumer
2342,1787392388.2933013,routstrd,0.0,0.0007587582433204649,0.0007587582433204649,102481,7.775830353372457e-05,1,consumer
2343,1787392388.328164,routstrd,0.0,0.0007587582433204649,0.0007587582433204649,102481,7.775830353372457e-05,1,consumer
2344,1787392388.3571787,routstrd,0.0,0.0007587582433204649,0.0007587582433204649,102481,7.775830353372457e-05,1,consumer
2345,1787392388.3857265,routstrd,0.0,0.0007587582433204649,0.0007587582433204649,102481,7.775830353372457e-05,1,consumer
2346,1787392388.414834,routstrd,0.0,0.0007587582433204649,0.0007587582433204649,102481,7.775830353372457e-05,1,consumer
2347,1787392388.4227421,routstrd,0.0,0.0007587582433204649,0.0007587582433204649,102481,7.775830353372457e-05,1,consumer
2348,1787392388.4781024,routstrd,0.0,0.0007587582433204649,0.0007587582433204649,102481,7.775830353372457e-05,1,consumer
2349,1787392388.4844868,routstrd,0.0,0.0007587582433204649,0.0007587582433204649,102481,7.775830353372457e-05,1,consumer
2350,1787392388.4878628,routstrd,0.0,0.0007587582433204649,0.0007587582433204649,102481,7.775830353372457e-05,1,consumer
2351,1787392388.519733,routstrd,0.0,0.0007587582433204649,0.0007587582433204649,102481,7.775830353372457e-05,1,consumer
2352,1787392388.544267,routstrd,0.0,0.0007587582433204649,0.0007587582433204649,102481,7.775830353372457e-05,1,consumer
2353,1787392388.5478537,routstrd,0.0,0.0007587582433204649,0.0007587582433204649,102481,7.775830353372457e-05,1,consumer
2354,1787392388.6499014,routstrd,0.0,0.0007587582433204649,0.0007587582433204649,102481,7.775830353372457e-05,1,consumer
2355,1787392388.6539667,routstrd,0.0,0.0007587582433204649,0.0007587582433204649,102481,7.775830353372457e-05,1,consumer
2356,1787392388.6577864,routstrd,0.0,0.0007587582433204649,0.0007587582433204649,102481,7.775830353372457e-05,1,consumer
2357,1787392388.6647286,routstrd,0.0,0.0007587582433204649,0.0007587582433204649,102481,7.775830353372457e-05,1,consumer
2358,1787392388.6746576,routstrd,0.0,0.0007587582433204649,0.0007587582433204649,102481,7.775830353372457e-05,1,consumer
2359,1787392388.6795316,routstrd,0.0,0.0007587582433204649,0.0007587582433204649,102481,7.775830353372457e-05,1,consumer
2360,1787392388.6847959,routstrd,0.0,0.0007587582433204649,0.0007587582433204649,102481,7.775830353372457e-05,1,consumer
2361,1787392388.7079537,routstrd,0.0,0.0007587582433204649,0.0007587582433204649,102481,7.775830353372457e-05,1,consumer
2362,1787392388.7189307,routstrd,0.0,0.0007587582433204649,0.0007587582433204649,102481,7.775830353372457e-05,1,consumer
2363,1787392388.731475,routstrd,0.0,0.0007587582433204649,0.0007587582433204649,102481,7.775830353372457e-05,1,consumer
2364,1787392388.7400606,routstrd,0.0,0.0007587582433204649,0.0007587582433204649,102481,7.775830353372457e-05,1,consumer
2365,1787392388.7479317,routstrd,0.0,0.0007587582433204649,0.0007587582433204649,102481,7.775830353372457e-05,1,consumer
2366,1787392388.7549586,routstrd,0.0,0.0007587582433204649,0.0007587582433204649,102481,7.775830353372457e-05,1,consumer
2367,1787392388.762561,routstrd,0.0,0.0007587582433204649,0.0007587582433204649,102481,7.775830353372457e-05,1,consumer
2368,1787392388.769895,routstrd,0.0,0.0007587582433204649,0.0007587582433204649,102481,7.775830353372457e-05,1,consumer
2369,1787392388.7757385,routstrd,0.0,0.0007587582433204649,0.0007587582433204649,102481,7.775830353372457e-05,1,consumer
2370,1787392388.7814882,routstrd,0.0,0.0007587582433204649,0.0007587582433204649,102481,7.775830353372457e-05,1,consumer
2371,1787392388.7857938,routstrd,0.0,0.0007587582433204649,0.0007587582433204649,102481,7.775830353372457e-05,1,consumer
2372,1787392388.7901201,routstrd,0.0,0.0007587582433204649,0.0007587582433204649,102481,7.775830353372457e-05,1,consumer
2373,1787392388.7944849,routstrd,0.0,0.0007587582433204649,0.0007587582433204649,102481,7.775830353372457e-05,1,consumer
2374,1787392388.7970994,routstrd,0.0,0.0007587582433204649,0.0007587582433204649,102481,7.775830353372457e-05,1,consumer
2375,1787392388.8017526,routstrd,0.0,0.0007587582433204649,0.0007587582433204649,102481,7.775830353372457e-05,1,consumer
2376,1787392388.8066106,routstrd,0.0,0.0007587582433204649,0.0007587582433204649,102481,7.775830353372457e-05,1,consumer
2377,1787392388.8115234,routstrd,0.0,0.0007587582433204649,0.0007587582433204649,102481,7.775830353372457e-05,1,consumer
2378,1787392388.8144052,routstrd,0.0,0.0007587582433204649,0.0007587582433204649,102481,7.775830353372457e-05,1,consumer
2379,1787392388.8192747,routstrd,0.0,0.0007587582433204649,0.0007587582433204649,102481,7.775830353372457e-05,1,consumer
2380,1787392388.827404,routstrd,0.0,0.0007587582433204649,0.0007587582433204649,102481,7.775830353372457e-05,1,consumer
2381,1787392388.8325377,routstrd,0.0,0.0007587582433204649,0.0007587582433204649,102481,7.775830353372457e-05,1,consumer
2382,1787392388.8363473,routstrd,0.0,0.0007587582433204649,0.0007587582433204649,102481,7.775830353372457e-05,1,consumer
2383,1787392388.8393013,routstrd,0.0,0.0007587582433204649,0.0007587582433204649,102481,7.775830353372457e-05,1,consumer
2384,1787392388.8455796,routstrd,0.0,0.0007587582433204649,0.0007587582433204649,102481,7.775830353372457e-05,1,consumer
2385,1787392388.8610544,routstrd,0.0,0.0007587582433204649,0.0007587582433204649,102481,7.775830353372457e-05,1,consumer
2386,1787392388.8641956,routstrd,0.0,0.0007587582433204649,0.0007587582433204649,102481,7.775830353372457e-05,1,consumer
2387,1787392388.868758,routstrd,0.0,0.0007587582433204649,0.0007587582433204649,102481,7.775830353372457e-05,1,consumer
2388,1787392388.8732815,routstrd,0.0,0.0007587582433204649,0.0007587582433204649,102481,7.775830353372457e-05,1,consumer
2389,1787392388.8768973,routstrd,0.0,0.0007587582433204649,0.0007587582433204649,102481,7.775830353372457e-05,1,consumer
2390,1787392388.8797956,routstrd,0.0,0.0007587582433204649,0.0007587582433204649,102481,7.775830353372457e-05,1,consumer
2391,1787392388.8830595,routstrd,0.0,0.0007587582433204649,0.0007587582433204649,102481,7.775830353372457e-05,1,consumer
2392,1787392388.8860173,routstrd,0.0,0.0007587582433204649,0.0007587582433204649,102481,7.775830353372457e-05,1,consumer
2393,1787392390.272139,openrouter,0.9675,1.3,0.3325,75604,0.02513833,1,consumer
2394,1787392395.3523803,openrouter,0.9675,1.3,0.3325,103047,0.034263127500000004,1,consumer
2395,1787392395.7025867,openrouter,0.9675,1.3,0.3325,75726,0.025178895,1,consumer
2396,1787392398.6552837,openrouter,0.9675,1.3,0.3325,41904,0.01393308,1,consumer
2397,1787392398.9601438,openrouter,0.9675,1.3,0.3325,75807,0.025205827500000003,1,consumer
2398,1787392405.9138114,openrouter,0.9675,1.3,0.3325,75029,0.024947142500000002,1,consumer
2399,1787392405.9342778,routstrd,0.0,0.0007587582433204649,0.0007587582433204649,75029,5.692887223809116e-05,1,consumer
2400,1787392407.5333817,openrouter,0.9675,1.3,0.3325,103755,0.034498537499999996,1,consumer
2401,1787392408.3774357,openrouter,0.9675,1.3,0.3325,42285,0.014059762500000001,1,consumer
2402,1787392408.4130971,openrouter,0.9675,1.3,0.3325,81718,0.027171235000000002,1,consumer
2403,1787392408.470846,routstrd,0.0,0.0007587582433204649,0.0007587582433204649,81718,6.200420612766176e-05,1,consumer
2404,1787392408.502529,routstrd,0.0,0.0007587582433204649,0.0007587582433204649,81718,6.200420612766176e-05,1,consumer
2405,1787392408.5163987,routstrd,0.0,0.0007587582433204649,0.0007587582433204649,81718,6.200420612766176e-05,1,consumer
2406,1787392408.5260441,routstrd,0.0,0.0007587582433204649,0.0007587582433204649,81718,6.200420612766176e-05,1,consumer
2407,1787392408.5364056,routstrd,0.0,0.0007587582433204649,0.0007587582433204649,81718,6.200420612766176e-05,1,consumer
2408,1787392408.5460284,routstrd,0.0,0.0007587582433204649,0.0007587582433204649,81718,6.200420612766176e-05,1,consumer
2409,1787392408.5536878,routstrd,0.0,0.0007587582433204649,0.0007587582433204649,81718,6.200420612766176e-05,1,consumer
2410,1787392408.563582,routstrd,0.0,0.0007587582433204649,0.0007587582433204649,81718,6.200420612766176e-05,1,consumer
2411,1787392408.573329,routstrd,0.0,0.0007587582433204649,0.0007587582433204649,81718,6.200420612766176e-05,1,consumer
2412,1787392408.5823832,routstrd,0.0,0.0007587582433204649,0.0007587582433204649,81718,6.200420612766176e-05,1,consumer
2413,1787392408.596609,routstrd,0.0,0.0007587582433204649,0.0007587582433204649,81718,6.200420612766176e-05,1,consumer
2414,1787392408.6089485,routstrd,0.0,0.0007587582433204649,0.0007587582433204649,81718,6.200420612766176e-05,1,consumer
2415,1787392408.6227732,routstrd,0.0,0.0007587582433204649,0.0007587582433204649,81718,6.200420612766176e-05,1,consumer
2416,1787392408.6343572,routstrd,0.0,0.0007587582433204649,0.0007587582433204649,81718,6.200420612766176e-05,1,consumer
2417,1787392408.6532598,routstrd,0.0,0.0007587582433204649,0.0007587582433204649,81718,6.200420612766176e-05,1,consumer
2418,1787392408.6875873,routstrd,0.0,0.0007587582433204649,0.0007587582433204649,81718,6.200420612766176e-05,1,consumer
2419,1787392408.7395585,routstrd,0.0,0.0007587582433204649,0.0007587582433204649,81718,6.200420612766176e-05,1,consumer
2420,1787392408.7789826,routstrd,0.0,0.0007587582433204649,0.0007587582433204649,81718,6.200420612766176e-05,1,consumer
2421,1787392408.7946525,routstrd,0.0,0.0007587582433204649,0.0007587582433204649,81718,6.200420612766176e-05,1,consumer
2422,1787392408.8165457,routstrd,0.0,0.0007587582433204649,0.0007587582433204649,81718,6.200420612766176e-05,1,consumer
2423,1787392408.840164,routstrd,0.0,0.0007587582433204649,0.0007587582433204649,81718,6.200420612766176e-05,1,consumer
2424,1787392408.859918,routstrd,0.0,0.0007587582433204649,0.0007587582433204649,81718,6.200420612766176e-05,1,consumer
2425,1787392408.8735015,routstrd,0.0,0.0007587582433204649,0.0007587582433204649,81718,6.200420612766176e-05,1,consumer
2426,1787392408.885987,routstrd,0.0,0.0007587582433204649,0.0007587582433204649,81718,6.200420612766176e-05,1,consumer
2427,1787392408.9001658,routstrd,0.0,0.0007587582433204649,0.0007587582433204649,81718,6.200420612766176e-05,1,consumer
2428,1787392408.9133735,routstrd,0.0,0.0007587582433204649,0.0007587582433204649,81718,6.200420612766176e-05,1,consumer
2429,1787392408.9263928,routstrd,0.0,0.0007587582433204649,0.0007587582433204649,81718,6.200420612766176e-05,1,consumer
2430,1787392408.9445217,routstrd,0.0,0.0007587582433204649,0.0007587582433204649,81718,6.200420612766176e-05,1,consumer
2431,1787392408.9565647,routstrd,0.0,0.0007587582433204649,0.0007587582433204649,81718,6.200420612766176e-05,1,consumer
2432,1787392408.9680862,routstrd,0.0,0.0007587582433204649,0.0007587582433204649,81718,6.200420612766176e-05,1,consumer
2433,1787392408.982202,routstrd,0.0,0.0007587582433204649,0.0007587582433204649,81718,6.200420612766176e-05,1,consumer
2434,1787392408.9947066,routstrd,0.0,0.0007587582433204649,0.0007587582433204649,81718,6.200420612766176e-05,1,consumer
2435,1787392409.0278015,routstrd,0.0,0.0007587582433204649,0.0007587582433204649,81718,6.200420612766176e-05,1,consumer
2436,1787392409.0456164,routstrd,0.0,0.0007587582433204649,0.0007587582433204649,81718,6.200420612766176e-05,1,consumer
2437,1787392409.0581443,routstrd,0.0,0.0007587582433204649,0.0007587582433204649,81718,6.200420612766176e-05,1,consumer
2438,1787392409.0776777,routstrd,0.0,0.0007587582433204649,0.0007587582433204649,81718,6.200420612766176e-05,1,consumer
2439,1787392409.102614,routstrd,0.0,0.0007587582433204649,0.0007587582433204649,81718,6.200420612766176e-05,1,consumer
2440,1787392409.125715,routstrd,0.0,0.0007587582433204649,0.0007587582433204649,81718,6.200420612766176e-05,1,consumer
2441,1787392409.1497684,routstrd,0.0,0.0007587582433204649,0.0007587582433204649,81718,6.200420612766176e-05,1,consumer
2442,1787392409.1796646,routstrd,0.0,0.0007587582433204649,0.0007587582433204649,81718,6.200420612766176e-05,1,consumer
2443,1787392409.2011166,routstrd,0.0,0.0007587582433204649,0.0007587582433204649,81718,6.200420612766176e-05,1,consumer
2444,1787392409.2348201,routstrd,0.0,0.0007587582433204649,0.0007587582433204649,81718,6.200420612766176e-05,1,consumer
2445,1787392409.257326,routstrd,0.0,0.0007587582433204649,0.0007587582433204649,81718,6.200420612766176e-05,1,consumer
2446,1787392409.3017313,routstrd,0.0,0.0007587582433204649,0.0007587582433204649,81718,6.200420612766176e-05,1,consumer
2447,1787392409.3147976,routstrd,0.0,0.0007587582433204649,0.0007587582433204649,81718,6.200420612766176e-05,1,consumer
2448,1787392409.3336203,routstrd,0.0,0.0007587582433204649,0.0007587582433204649,81718,6.200420612766176e-05,1,consumer
2449,1787392409.346377,routstrd,0.0,0.0007587582433204649,0.0007587582433204649,81718,6.200420612766176e-05,1,consumer
2450,1787392409.3573556,routstrd,0.0,0.0007587582433204649,0.0007587582433204649,81718,6.200420612766176e-05,1,consumer
2451,1787392409.3808682,routstrd,0.0,0.0007587582433204649,0.0007587582433204649,81718,6.200420612766176e-05,1,consumer
2452,1787392409.405522,routstrd,0.0,0.0007587582433204649,0.0007587582433204649,81718,6.200420612766176e-05,1,consumer
2453,1787392409.4339042,routstrd,0.0,0.0007587582433204649,0.0007587582433204649,81718,6.200420612766176e-05,1,consumer
2454,1787392409.463789,routstrd,0.0,0.0007587582433204649,0.0007587582433204649,81718,6.200420612766176e-05,1,consumer
2455,1787392409.4869668,routstrd,0.0,0.0007587582433204649,0.0007587582433204649,81718,6.200420612766176e-05,1,consumer
2456,1787392409.513191,routstrd,0.0,0.0007587582433204649,0.0007587582433204649,81718,6.200420612766176e-05,1,consumer
2457,1787392409.5401275,routstrd,0.0,0.0007587582433204649,0.0007587582433204649,81718,6.200420612766176e-05,1,consumer
2458,1787392409.5648913,routstrd,0.0,0.0007587582433204649,0.0007587582433204649,81718,6.200420612766176e-05,1,consumer
2459,1787392409.586897,routstrd,0.0,0.0007587582433204649,0.0007587582433204649,81718,6.200420612766176e-05,1,consumer
2460,1787392409.6147945,routstrd,0.0,0.0007587582433204649,0.0007587582433204649,81718,6.200420612766176e-05,1,consumer
2461,1787392409.6462011,routstrd,0.0,0.0007587582433204649,0.0007587582433204649,81718,6.200420612766176e-05,1,consumer
2462,1787392409.9829826,routstrd,0.0,0.0007587582433204649,0.0007587582433204649,81718,6.200420612766176e-05,1,consumer
2463,1787392410.0101478,routstrd,0.0,0.0007587582433204649,0.0007587582433204649,81718,6.200420612766176e-05,1,consumer
2464,1787392410.0537827,routstrd,0.0,0.0007587582433204649,0.0007587582433204649,81718,6.200420612766176e-05,1,consumer
2465,1787392410.1271343,routstrd,0.0,0.0007587582433204649,0.0007587582433204649,81718,6.200420612766176e-05,1,consumer
2466,1787392410.1561246,routstrd,0.0,0.0007587582433204649,0.0007587582433204649,81718,6.200420612766176e-05,1,consumer
2467,1787392410.176001,routstrd,0.0,0.0007587582433204649,0.0007587582433204649,81718,6.200420612766176e-05,1,consumer
2468,1787392410.191154,routstrd,0.0,0.0007587582433204649,0.0007587582433204649,81718,6.200420612766176e-05,1,consumer
2469,1787392410.2273593,routstrd,0.0,0.0007587582433204649,0.0007587582433204649,81718,6.200420612766176e-05,1,consumer
2470,1787392410.2527966,routstrd,0.0,0.0007587582433204649,0.0007587582433204649,81718,6.200420612766176e-05,1,consumer
2471,1787392410.2774918,routstrd,0.0,0.0007587582433204649,0.0007587582433204649,81718,6.200420612766176e-05,1,consumer
2472,1787392410.2930233,routstrd,0.0,0.0007587582433204649,0.0007587582433204649,81718,6.200420612766176e-05,1,consumer
2473,1787392410.306887,routstrd,0.0,0.0007587582433204649,0.0007587582433204649,81718,6.200420612766176e-05,1,consumer
2474,1787392410.3195338,routstrd,0.0,0.0007587582433204649,0.0007587582433204649,81718,6.200420612766176e-05,1,consumer
2475,1787392410.3400285,routstrd,0.0,0.0007587582433204649,0.0007587582433204649,81718,6.200420612766176e-05,1,consumer
2476,1787392410.3631623,routstrd,0.0,0.0007587582433204649,0.0007587582433204649,81718,6.200420612766176e-05,1,consumer
2477,1787392410.3838007,routstrd,0.0,0.0007587582433204649,0.0007587582433204649,81718,6.200420612766176e-05,1,consumer
2478,1787392410.4142208,routstrd,0.0,0.0007587582433204649,0.0007587582433204649,81718,6.200420612766176e-05,1,consumer
2479,1787392412.4965549,openrouter,0.9675,1.3,0.3325,49718,0.016531235000000002,1,consumer
2480,1787392418.987059,openrouter,0.9675,1.3,0.3325,104800,0.034846,1,consumer
2481,1787392428.814726,openrouter,0.9675,1.3,0.3325,105524,0.035086730000000003,1,consumer
2482,1787392435.0012283,openrouter,0.9675,1.3,0.3325,106003,0.03524599750000001,1,consumer
2483,1787392446.0432959,openrouter,0.9675,1.3,0.3325,78048,0.025950960000000002,1,consumer
2484,1787392446.3163536,openrouter,0.9675,1.3,0.3325,80131,0.0266435575,1,consumer
2485,1787392447.8385303,openrouter,0.9675,1.3,0.3325,59989,0.019946342500000002,1,consumer
2486,1787392450.6054556,openrouter,0.9675,1.3,0.3325,78187,0.025997177500000003,1,consumer
2487,1787392454.0030975,openrouter,0.9675,1.3,0.3325,80282,0.026693765000000005,1,consumer
2488,1787392454.1556804,openrouter,0.9675,1.3,0.3325,78408,0.02607066,1,consumer
2489,1787392458.03723,openrouter,0.9675,1.3,0.3325,79175,0.0263256875,1,consumer
2490,1787392469.9024847,openrouter,0.9675,1.3,0.3325,4279,0.0014227675,1,consumer
2491,1787392471.0409853,openrouter,0.9675,1.3,0.3325,61431,0.020425807500000004,1,consumer
2492,1787392472.0621035,openrouter,0.9675,1.3,0.3325,5486,0.001824095,1,consumer
2493,1787392485.8338032,openrouter,0.9675,1.3,0.3325,43680,0.014523600000000001,1,consumer
2494,1787392493.5072665,openrouter,0.9675,1.3,0.3325,45557,0.0151477025,1,consumer
2495,1787392497.7264016,openrouter,0.9675,1.3,0.3325,72861,0.0242262825,1,consumer
2496,1787392499.6983745,openrouter,0.9675,1.3,0.3325,63955,0.021265037500000004,1,consumer
2497,1787392500.450898,openrouter,0.9675,1.3,0.3325,88891,0.029556257500000002,1,consumer
2498,1787392687.1187096,openrouter,0.9675,1.3,0.3325,89773,0.029849522500000003,1,consumer
2499,1787392687.5745907,openrouter,0.9675,1.3,0.3325,46031,0.0153053075,1,consumer
2500,1787392687.6464558,openrouter,0.9675,1.3,0.3325,45926,0.015270395,1,consumer
2501,1787392687.888696,openrouter,0.9675,1.3,0.3325,89752,0.02984254,1,consumer
2502,1787392688.3959734,openrouter,0.9675,1.3,0.3325,89763,0.0298461975,1,consumer
2503,1787392688.490154,openrouter,0.9675,1.3,0.3325,89753,0.029842872500000003,1,consumer
2504,1787392688.579895,openrouter,0.9675,1.3,0.3325,89789,0.029854842500000003,1,consumer
2505,1787392688.7405603,openrouter,0.9675,1.3,0.3325,89768,0.02984786,1,consumer
2506,1787392688.8390236,openrouter,0.9675,1.3,0.3325,89803,0.029859497500000002,1,consumer
2507,1787392688.8839169,openrouter,0.9675,1.3,0.3325,89726,0.029833895,1,consumer
2508,1787392689.086336,openrouter,0.9675,1.3,0.3325,89775,0.0298501875,1,consumer
2509,1787392689.12111,openrouter,0.9675,1.3,0.3325,89726,0.029833895,1,consumer
2510,1787392689.2388558,openrouter,0.9675,1.3,0.3325,89753,0.029842872500000003,1,consumer
2511,1787392689.3367517,openrouter,0.9675,1.3,0.3325,89764,0.029846530000000003,1,consumer
2512,1787392689.3615074,openrouter,0.9675,1.3,0.3325,89822,0.029865815000000004,1,consumer
2513,1787392689.3684819,openrouter,0.9675,1.3,0.3325,89772,0.02984919,1,consumer
2514,1787392689.4671524,openrouter,0.9675,1.3,0.3325,89801,0.0298588325,1,consumer
2515,1787392689.4762895,openrouter,0.9675,1.3,0.3325,89800,0.0298585,1,consumer
2516,1787392689.5003188,openrouter,0.9675,1.3,0.3325,89779,0.0298515175,1,consumer
2517,1787392689.7607362,openrouter,0.9675,1.3,0.3325,89805,0.029860162500000002,1,consumer
2518,1787392689.9823134,openrouter,0.9675,1.3,0.3325,89751,0.0298422075,1,consumer
2519,1787392689.9911516,openrouter,0.9675,1.3,0.3325,89742,0.029839215,1,consumer
2520,1787392690.0284312,openrouter,0.9675,1.3,0.3325,89768,0.02984786,1,consumer
2521,1787392690.169812,openrouter,0.9675,1.3,0.3325,89776,0.029850520000000002,1,consumer
2522,1787392690.2601063,openrouter,0.9675,1.3,0.3325,89766,0.029847195000000003,1,consumer
2523,1787392690.2747831,openrouter,0.9675,1.3,0.3325,89834,0.029869805,1,consumer
2524,1787392690.3027623,openrouter,0.9675,1.3,0.3325,89762,0.029845865000000003,1,consumer
2525,1787392690.3097727,openrouter,0.9675,1.3,0.3325,89725,0.0298335625,1,consumer
2526,1787392690.3165753,openrouter,0.9675,1.3,0.3325,89764,0.029846530000000003,1,consumer
2527,1787392690.3357677,openrouter,0.9675,1.3,0.3325,89748,0.029841210000000003,1,consumer
2528,1787392690.375255,openrouter,0.9675,1.3,0.3325,89753,0.029842872500000003,1,consumer
2529,1787392690.4186058,openrouter,0.9675,1.3,0.3325,46017,0.0153006525,1,consumer
2530,1787392690.4296143,openrouter,0.9675,1.3,0.3325,46022,0.015302315,1,consumer
2531,1787392690.4603288,openrouter,0.9675,1.3,0.3325,89765,0.0298468625,1,consumer
2532,1787392690.5246859,openrouter,0.9675,1.3,0.3325,89767,0.0298475275,1,consumer
2533,1787392690.5330713,openrouter,0.9675,1.3,0.3325,89798,0.029857835000000003,1,consumer
2534,1787392690.5332918,openrouter,0.9675,1.3,0.3325,89773,0.029849522500000003,1,consumer
2535,1787392690.5482438,openrouter,0.9675,1.3,0.3325,89753,0.029842872500000003,1,consumer
2536,1787392690.7240436,openrouter,0.9675,1.3,0.3325,46037,0.015307302500000002,1,consumer
2537,1787392690.7258298,openrouter,0.9675,1.3,0.3325,89775,0.0298501875,1,consumer
2538,1787392690.7284558,openrouter,0.9675,1.3,0.3325,89754,0.029843205,1,consumer
2539,1787392690.8458672,openrouter,0.9675,1.3,0.3325,89816,0.029863820000000003,1,consumer
2540,1787392690.8461454,openrouter,0.9675,1.3,0.3325,89762,0.029845865000000003,1,consumer
2541,1787392690.8753488,openrouter,0.9675,1.3,0.3325,46002,0.015295665000000002,1,consumer
2542,1787392700.996486,openrouter,0.9675,1.3,0.3325,46025,0.0153033125,1,consumer
2543,1787392711.040471,openrouter,0.9675,1.3,0.3325,89789,0.029854842500000003,1,consumer
2544,1787392731.1108334,openrouter,0.9675,1.3,0.3325,89770,0.029848525,1,consumer
2545,1787392761.2170625,openrouter,0.9675,1.3,0.3325,89736,0.02983722,1,consumer
2546,1787392761.2337542,openrouter,0.9675,1.3,0.3325,46032,0.01530564,1,consumer
2547,1787392761.2361388,openrouter,0.9675,1.3,0.3325,89800,0.0298585,1,consumer
2548,1787392761.2439253,openrouter,0.9675,1.3,0.3325,89786,0.029853845,1,consumer
2549,1787392771.2582734,openrouter,0.9675,1.3,0.3325,89782,0.029852515000000003,1,consumer
2550,1787392781.2877347,openrouter,0.9675,1.3,0.3325,89750,0.029841875,1,consumer
2551,1787392781.3269598,openrouter,0.9675,1.3,0.3325,89756,0.02984387,1,consumer
2552,1787392781.3531916,openrouter,0.9675,1.3,0.3325,89792,0.02985584,1,consumer
2553,1787392781.3766458,openrouter,0.9675,1.3,0.3325,45970,0.015285025,1,consumer
2554,1787392781.3954835,openrouter,0.9675,1.3,0.3325,89754,0.029843205,1,consumer
2555,1787392841.4784636,openrouter,0.9675,1.3,0.3325,89758,0.029844535,1,consumer
2556,1787392851.494568,openrouter,0.9675,1.3,0.3325,46189,0.015357842500000001,1,consumer
2557,1787392871.5356216,openrouter,0.9675,1.3,0.3325,89756,0.02984387,1,consumer
2558,1787392911.5990105,openrouter,0.9675,1.3,0.3325,89798,0.029857835000000003,1,consumer
2559,1787392911.6006198,openrouter,0.9675,1.3,0.3325,89772,0.02984919,1,consumer
2560,1787392911.6020224,openrouter,0.9675,1.3,0.3325,89798,0.029857835000000003,1,consumer
2561,1787392911.6051123,openrouter,0.9675,1.3,0.3325,45992,0.01529234,1,consumer
2562,1787392911.6114078,openrouter,0.9675,1.3,0.3325,89769,0.029848192500000002,1,consumer
2563,1787392911.6159554,openrouter,0.9675,1.3,0.3325,89775,0.0298501875,1,consumer
2564,1787392911.616647,openrouter,0.9675,1.3,0.3325,89726,0.029833895,1,consumer
2565,1787392911.61914,openrouter,0.9675,1.3,0.3325,46019,0.015301317500000002,1,consumer
2566,1787392911.6211147,openrouter,0.9675,1.3,0.3325,45964,0.015283030000000001,1,consumer
2567,1787392911.629521,openrouter,0.9675,1.3,0.3325,45959,0.0152813675,1,consumer
2568,1787392961.7061095,openrouter,0.9675,1.3,0.3325,89792,0.02985584,1,consumer
2569,1787392961.7485726,openrouter,0.9675,1.3,0.3325,73728,0.02451456,1,consumer
2570,1787392981.8643613,openrouter,0.9675,1.3,0.3325,89750,0.029841875,1,consumer
2571,1787393082.076488,openrouter,0.9675,1.3,0.3325,46007,0.015297327500000001,1,consumer
2572,1787393082.0829468,openrouter,0.9675,1.3,0.3325,89758,0.029844535,1,consumer
2573,1787393082.0976708,openrouter,0.9675,1.3,0.3325,73425,0.0244138125,1,consumer
2574,1787393122.1793091,openrouter,0.9675,1.3,0.3325,89776,0.029850520000000002,1,consumer
2575,1787393122.1973054,openrouter,0.9675,1.3,0.3325,89829,0.0298681425,1,consumer
2576,1787393122.2050204,openrouter,0.9675,1.3,0.3325,89745,0.0298402125,1,consumer
2577,1787393122.209931,openrouter,0.9675,1.3,0.3325,46066,0.015316945000000002,1,consumer
2578,1787393122.2291331,openrouter,0.9675,1.3,0.3325,89750,0.029841875,1,consumer
2579,1787393122.2481892,openrouter,0.9675,1.3,0.3325,89742,0.029839215,1,consumer
2580,1787393122.2928593,openrouter,0.9675,1.3,0.3325,46084,0.01532293,1,consumer
2581,1787393122.3027775,openrouter,0.9675,1.3,0.3325,89805,0.029860162500000002,1,consumer
2582,1787393122.3152678,openrouter,0.9675,1.3,0.3325,73466,0.024427445,1,consumer
2583,1787393122.3168395,openrouter,0.9675,1.3,0.3325,46009,0.0152979925,1,consumer
2584,1787393122.3438451,openrouter,0.9675,1.3,0.3325,45958,0.015281035000000002,1,consumer
2585,1787393182.5415838,openrouter,0.9675,1.3,0.3325,89758,0.029844535,1,consumer
2586,1787393192.5806036,openrouter,0.9675,1.3,0.3325,89754,0.029843205,1,consumer
2587,1787393292.7233124,openrouter,0.9675,1.3,0.3325,73337,0.0243845525,1,consumer
2588,1787393292.7313957,openrouter,0.9675,1.3,0.3325,46331,0.015405057500000001,1,consumer
2589,1787393362.786026,openrouter,0.9675,1.3,0.3325,89758,0.029844535,1,consumer
2590,1787393372.821281,openrouter,0.9675,1.3,0.3325,89779,0.0298515175,1,consumer
2591,1787393372.8232276,openrouter,0.9675,1.3,0.3325,73428,0.024414810000000002,1,consumer
2592,1787393372.8346467,openrouter,0.9675,1.3,0.3325,73221,0.024345982500000002,1,consumer
2593,1787393372.8520887,openrouter,0.9675,1.3,0.3325,89787,0.029854177500000002,1,consumer
2594,1787393372.8696194,openrouter,0.9675,1.3,0.3325,46112,0.015332240000000002,1,consumer
2595,1787393372.9225712,openrouter,0.9675,1.3,0.3325,73471,0.0244291075,1,consumer
2596,1787393372.924884,openrouter,0.9675,1.3,0.3325,73464,0.024426780000000002,1,consumer
2597,1787393372.9359226,openrouter,0.9675,1.3,0.3325,45969,0.0152846925,1,consumer
2598,1787393372.9423673,openrouter,0.9675,1.3,0.3325,46105,0.0153299125,1,consumer
2599,1787393382.9698644,openrouter,0.9675,1.3,0.3325,46123,0.0153358975,1,consumer
2600,1787393383.016948,openrouter,0.9675,1.3,0.3325,89840,0.029871800000000004,1,consumer
2601,1787393383.017754,openrouter,0.9675,1.3,0.3325,90121,0.0299652325,1,consumer
2602,1787393383.020944,openrouter,0.9675,1.3,0.3325,46265,0.0153831125,1,consumer
2603,1787393383.038249,openrouter,0.9675,1.3,0.3325,89788,0.02985451,1,consumer
2604,1787393383.0850034,openrouter,0.9675,1.3,0.3325,46261,0.015381782500000002,1,consumer
2605,1787393413.1790273,openrouter,0.9675,1.3,0.3325,89880,0.0298851,1,consumer
2606,1787393413.1858606,openrouter,0.9675,1.3,0.3325,46297,0.0153937525,1,consumer
2607,1787393413.2207386,openrouter,0.9675,1.3,0.3325,46133,0.015339222500000001,1,consumer
2608,1787393423.260041,openrouter,0.9675,1.3,0.3325,46239,0.0153744675,1,consumer
2609,1787393423.263733,openrouter,0.9675,1.3,0.3325,46011,0.015298657500000002,1,consumer
2610,1787393423.2668958,openrouter,0.9675,1.3,0.3325,46030,0.015304975,1,consumer
2611,1787393985.1233325,openrouter,0.9675,1.3,0.3325,46451,0.0154449575,1,consumer
2612,1787393986.2028277,openrouter,0.9675,1.3,0.3325,59880,0.019910100000000003,1,consumer
2613,1787393987.8646338,openrouter,0.9675,1.3,0.3325,52327,0.017398727500000002,1,consumer
2614,1787393989.3904004,openrouter,0.9675,1.3,0.3325,52250,0.017373125,1,consumer
2615,1787393989.6060743,openrouter,0.9675,1.3,0.3325,52467,0.017445277500000002,1,consumer
2616,1787393989.6996875,openrouter,0.9675,1.3,0.3325,52464,0.017444280000000003,1,consumer
2617,1787393990.022128,openrouter,0.9675,1.3,0.3325,52270,0.017379775,1,consumer
2618,1787393990.0738068,openrouter,0.9675,1.3,0.3325,52245,0.0173714625,1,consumer
2619,1787393990.2000802,openrouter,0.9675,1.3,0.3325,52286,0.017385095,1,consumer
2620,1787393990.2825139,openrouter,0.9675,1.3,0.3325,52331,0.017400057500000003,1,consumer
2621,1787393990.5284765,openrouter,0.9675,1.3,0.3325,74129,0.0246478925,1,consumer
2622,1787393991.0987113,openrouter,0.9675,1.3,0.3325,52217,0.0173621525,1,consumer
2623,1787393991.1044984,openrouter,0.9675,1.3,0.3325,52509,0.0174592425,1,consumer
2624,1787393991.1264417,openrouter,0.9675,1.3,0.3325,52303,0.0173907475,1,consumer
2625,1787393991.3558154,openrouter,0.9675,1.3,0.3325,52377,0.0174153525,1,consumer
2626,1787393991.6776512,openrouter,0.9675,1.3,0.3325,52216,0.01736182,1,consumer
2627,1787393991.7583747,openrouter,0.9675,1.3,0.3325,52487,0.017451927500000002,1,consumer
2628,1787393991.9194453,openrouter,0.9675,1.3,0.3325,74231,0.024681807500000003,1,consumer
2629,1787393992.0755756,openrouter,0.9675,1.3,0.3325,52380,0.01741635,1,consumer
2630,1787393992.21589,openrouter,0.9675,1.3,0.3325,74129,0.0246478925,1,consumer
2631,1787393992.3235078,openrouter,0.9675,1.3,0.3325,52630,0.017499475000000004,1,consumer
2632,1787393992.385778,openrouter,0.9675,1.3,0.3325,74098,0.024637585000000004,1,consumer
2633,1787393992.3926802,openrouter,0.9675,1.3,0.3325,74159,0.0246578675,1,consumer
2634,1787393992.426618,openrouter,0.9675,1.3,0.3325,52409,0.0174259925,1,consumer
2635,1787394044.5537927,openrouter,0.9675,1.0,0.03249999999999997,90908,0.0029545099999999974,1,consumer
2636,1787394046.4755769,openrouter,0.9675,1.0,0.03249999999999997,60673,0.0019718724999999984,1,consumer
2637,1787394050.1842082,openrouter,0.9675,1.0,0.03249999999999997,60915,0.0019797374999999985,1,consumer
2638,1787394052.9456317,openrouter,0.9675,1.0,0.03249999999999997,86325,0.0028055624999999977,1,consumer
2639,1787394055.844815,openrouter,0.9675,1.0,0.03249999999999997,86531,0.002812257499999998,1,consumer
2640,1787394063.2955394,openrouter,0.9675,1.0,0.03249999999999997,86709,0.0028180424999999978,1,consumer
2641,1787394063.7471492,openrouter,0.9675,1.0,0.03249999999999997,92945,0.003020712499999997,1,consumer
2642,1787394068.7572126,openrouter,0.9675,1.0,0.03249999999999997,93097,0.0030256524999999973,1,consumer
2643,1787394071.9788198,openrouter,0.9675,1.0,0.03249999999999997,93309,0.003032542499999997,1,consumer
2644,1787394074.3480244,openrouter,0.9675,1.0,0.03249999999999997,53096,0.0017256199999999985,1,consumer
2645,1787394076.497812,openrouter,0.9675,1.0,0.03249999999999997,93652,0.0030436899999999973,1,consumer
2646,1787394078.3796906,openrouter,0.9675,1.0,0.03249999999999997,53461,0.0017374824999999985,1,consumer
2647,1787394081.802524,openrouter,0.9675,1.0,0.03249999999999997,94801,0.0030810324999999976,1,consumer
2648,1787394084.9628763,openrouter,0.9675,1.0,0.03249999999999997,28451,0.0009246574999999993,1,consumer
2649,1787394085.112311,openrouter,0.9675,1.0,0.03249999999999997,74761,0.002429732499999998,1,consumer
2650,1787394085.8545976,openrouter,0.9675,1.0,0.03249999999999997,54307,0.0017649774999999987,1,consumer
2651,1787394101.0421746,openrouter,0.9675,1.0,0.03249999999999997,49489,0.0016083924999999988,1,consumer
2652,1787394102.2303905,openrouter,0.9675,1.0,0.03249999999999997,62444,0.0020294299999999983,1,consumer
2653,1787394106.9865592,openrouter,0.9675,1.0,0.03249999999999997,62621,0.0020351824999999984,1,consumer
2654,1787394115.412804,openrouter,0.9675,1.0,0.03249999999999997,63172,0.0020530899999999983,1,consumer
2655,1787394118.3443422,openrouter,0.9675,1.0,0.03249999999999997,281,9.132499999999993e-06,1,consumer
2656,1787394120.3212132,openrouter,0.9675,1.0,0.03249999999999997,75026,0.002438344999999998,1,consumer
2657,1787394124.4547138,openrouter,0.9675,1.0,0.03249999999999997,9386,0.0003050449999999997,1,consumer
2658,1787394134.354242,openrouter,0.9675,1.0,0.03249999999999997,61134,0.0019868549999999983,1,consumer
2659,1787394136.5742946,openrouter,0.9675,1.0,0.03249999999999997,5560,0.00018069999999999984,1,consumer
2660,1787394137.4720883,openrouter,0.9675,1.0,0.03249999999999997,59402,0.0019305649999999985,1,consumer
2661,1787394145.9917037,openrouter,0.9675,1.0,0.03249999999999997,76294,0.002479554999999998,1,consumer
2662,1787394146.0985403,openrouter,0.9675,1.0,0.03249999999999997,7926,0.0002575949999999998,1,consumer
2663,1787394149.4493856,openrouter,0.9675,1.0,0.03249999999999997,76858,0.002497884999999998,1,consumer
2664,1787394150.209565,openrouter,0.9675,1.0,0.03249999999999997,16446,0.0005344949999999995,1,consumer
2665,1787394165.2550075,openrouter,0.9675,1.0,0.03249999999999997,16992,0.0005522399999999995,1,consumer
2666,1787394165.7888424,openrouter,0.9675,1.0,0.03249999999999997,69680,0.002264599999999998,1,consumer
2667,1787394168.749892,openrouter,0.9675,1.0,0.03249999999999997,10514,0.0003417049999999997,1,consumer
2668,1787394171.0899572,openrouter,0.9675,1.0,0.03249999999999997,69915,0.0022722374999999983,1,consumer
2669,1787394176.0970225,openrouter,0.9675,1.0,0.03249999999999997,62951,0.0020459074999999985,1,consumer
2670,1787394177.4592652,openrouter,0.9675,1.0,0.03249999999999997,16819,0.0005466174999999995,1,consumer
2671,1787394178.5074365,openrouter,0.9675,1.0,0.03249999999999997,34867,0.001133177499999999,1,consumer
2672,1787394179.0755782,openrouter,0.9675,1.0,0.03249999999999997,16925,0.0005500624999999996,1,consumer
2673,1787394181.165577,openrouter,0.9675,1.0,0.03249999999999997,17060,0.0005544499999999996,1,consumer
2674,1787394183.4125538,openrouter,0.9675,1.0,0.03249999999999997,17221,0.0005596824999999996,1,consumer
2675,1787394186.3360493,openrouter,0.9675,1.0,0.03249999999999997,77174,0.002508154999999998,1,consumer
2676,1787394189.2947776,openrouter,0.9675,1.0,0.03249999999999997,17382,0.0005649149999999995,1,consumer
2677,1787394192.1500754,openrouter,0.9675,1.0,0.03249999999999997,25324,0.0008230299999999993,1,consumer
2678,1787394194.119548,openrouter,0.9675,1.0,0.03249999999999997,25430,0.0008264749999999994,1,consumer
2679,1787394196.9017432,openrouter,0.9675,1.0,0.03249999999999997,25596,0.0008318699999999993,1,consumer
2680,1787394199.7089257,openrouter,0.9675,1.0,0.03249999999999997,25789,0.0008381424999999994,1,consumer
2681,1787394200.0241606,openrouter,0.9675,1.0,0.03249999999999997,79190,0.002573674999999998,1,consumer
2682,1787394202.6472135,openrouter,0.9675,1.0,0.03249999999999997,27172,0.0008830899999999992,1,consumer
2683,1787394203.0958016,openrouter,0.9675,1.0,0.03249999999999997,58668,0.0019067099999999985,1,consumer
2684,1787394204.0087156,openrouter,0.9675,1.0,0.03249999999999997,81080,0.0026350999999999974,1,consumer
2685,1787394205.9783478,openrouter,0.9675,1.0,0.03249999999999997,42052,0.001366689999999999,1,consumer
2686,1787394208.1812232,openrouter,0.9675,1.0,0.03249999999999997,64953,0.0021109724999999985,1,consumer
2687,1787394208.581224,openrouter,0.9675,1.0,0.03249999999999997,48340,0.0015710499999999987,1,consumer
2688,1787394210.8050084,openrouter,0.9675,1.0,0.03249999999999997,51758,0.0016821349999999987,1,consumer
2689,1787394218.0798273,openrouter,0.9675,1.0,0.03249999999999997,87456,0.002842319999999998,1,consumer
2690,1787394225.662639,openrouter,0.9675,1.0,0.03249999999999997,5527,0.00017962749999999987,1,consumer
2691,1787394233.3539183,openrouter,0.9675,1.0,0.03249999999999997,70484,0.002290729999999998,1,consumer
2692,1787394234.5994613,openrouter,0.9675,1.0,0.03249999999999997,66047,0.0021465274999999985,1,consumer
2693,1787394236.363499,openrouter,0.17500000000000002,1.0,0.825,17,1.4024999999999999e-05,1,consumer
2694,1787394245.9813762,openrouter,0.9675,1.0,0.03249999999999997,57698,0.0018751849999999984,1,consumer
2695,1787394247.7472765,openrouter,0.9675,1.0,0.03249999999999997,57807,0.0018787274999999984,1,consumer
2696,1787394249.0442271,openrouter,0.9675,1.0,0.03249999999999997,70903,0.002304347499999998,1,consumer
2697,1787394251.0184653,openrouter,0.9675,1.0,0.03249999999999997,70951,0.002305907499999998,1,consumer
2698,1787394251.352812,openrouter,0.9675,1.0,0.03249999999999997,58867,0.0019131774999999985,1,consumer
2699,1787394256.7327225,openrouter,0.9675,1.0,0.03249999999999997,62584,0.0020339799999999986,1,consumer
2700,1787394259.4003975,openrouter,0.9675,1.0,0.03249999999999997,72938,0.0023704849999999977,1,consumer
2701,1787394259.7348187,openrouter,0.9675,1.0,0.03249999999999997,68984,0.002241979999999998,1,consumer
2702,1787394260.0705287,openrouter,0.9675,1.0,0.03249999999999997,69426,0.002256344999999998,1,consumer
2703,1787394268.2713869,openrouter,0.9675,1.0,0.03249999999999997,70030,0.0022759749999999982,1,consumer
2704,1787394276.6192892,openrouter,0.9675,1.0,0.03249999999999997,70828,0.002301909999999998,1,consumer
2705,1787394287.684846,openrouter,0.9675,1.0,0.03249999999999997,94527,0.003072127499999997,1,consumer
2706,1787394297.9280486,openrouter,0.9675,1.0,0.03249999999999997,5780,0.00018784999999999985,1,consumer
2707,1787394310.6163213,openrouter,0.9675,1.0,0.03249999999999997,6853,0.00022272249999999983,1,consumer
2708,1787394313.8019385,openrouter,0.9675,1.0,0.03249999999999997,73803,0.002398597499999998,1,consumer
2709,1787394321.0539925,openrouter,0.9675,1.0,0.03249999999999997,7943,0.0002581474999999998,1,consumer
2710,1787394327.012406,openrouter,0.9675,1.0,0.03249999999999997,74912,0.002434639999999998,1,consumer
2711,1787394334.1879945,openrouter,0.9675,1.0,0.03249999999999997,71161,0.002312732499999998,1,consumer
2712,1787394337.7976892,openrouter,0.9675,1.0,0.03249999999999997,8675,0.0002819374999999998,1,consumer
2713,1787394339.5787032,openrouter,0.9675,1.0,0.03249999999999997,71710,0.002330574999999998,1,consumer
2714,1787394339.8958762,openrouter,0.9675,1.0,0.03249999999999997,75412,0.002450889999999998,1,consumer
2715,1787394347.7451723,openrouter,0.9675,1.0,0.03249999999999997,86011,0.0027953574999999976,1,consumer
2716,1787394349.543625,openrouter,0.9675,1.0,0.03249999999999997,75381,0.002449882499999998,1,consumer
2717,1787394352.5644805,openrouter,0.9675,1.0,0.03249999999999997,86409,0.0028082924999999976,1,consumer
2718,1787394355.5138853,openrouter,0.9675,1.0,0.03249999999999997,69999,0.002274967499999998,1,consumer
2719,1787394356.561604,openrouter,0.9675,1.0,0.03249999999999997,75649,0.002458592499999998,1,consumer
2720,1787394357.1405773,openrouter,0.9675,1.0,0.03249999999999997,15516,0.0005042699999999996,1,consumer
2721,1787394361.03287,openrouter,0.9675,1.0,0.03249999999999997,70187,0.002281077499999998,1,consumer
2722,1787394361.0609906,openrouter,0.9675,1.0,0.03249999999999997,87549,0.0028453424999999974,1,consumer
2723,1787394362.8565593,openrouter,0.9675,1.0,0.03249999999999997,18552,0.0006029399999999995,1,consumer
2724,1787394366.211645,openrouter,0.9675,1.0,0.03249999999999997,18846,0.0006124949999999996,1,consumer
2725,1787394369.3323143,openrouter,0.9675,1.0,0.03249999999999997,82490,0.002680924999999998,1,consumer
2726,1787394370.189708,openrouter,0.9675,1.0,0.03249999999999997,19589,0.0006366424999999995,1,consumer
2727,1787394376.121664,openrouter,0.9675,1.0,0.03249999999999997,22428,0.0007289099999999994,1,consumer
2728,1787394377.333324,openrouter,0.9675,1.0,0.03249999999999997,7499,0.0002437174999999998,1,consumer
2729,1787394381.2527642,openrouter,0.9675,1.0,0.03249999999999997,23730,0.0007712249999999993,1,consumer
2730,1787394382.0011232,openrouter,0.9675,1.0,0.03249999999999997,8022,0.0002607149999999998,1,consumer
2731,1787394384.3327246,openrouter,0.9675,1.0,0.03249999999999997,8142,0.0002646149999999998,1,consumer
2732,1787394385.6471746,openrouter,0.9675,1.0,0.03249999999999997,24035,0.0007811374999999994,1,consumer
2733,1787394386.2310407,openrouter,0.9675,1.0,0.03249999999999997,77266,0.002511144999999998,1,consumer
2734,1787394386.2988555,openrouter,0.9675,1.0,0.03249999999999997,8245,0.0002679624999999998,1,consumer
2735,1787394388.1876044,openrouter,0.9675,1.0,0.03249999999999997,8314,0.00027020499999999976,1,consumer
2736,1787394388.8530319,openrouter,0.9675,1.0,0.03249999999999997,77494,0.002518554999999998,1,consumer
2737,1787394389.285044,openrouter,0.9675,1.0,0.03249999999999997,72281,0.002349132499999998,1,consumer
2738,1787394389.5470932,openrouter,0.9675,1.0,0.03249999999999997,26769,0.0008699924999999993,1,consumer
2739,1787394389.7957802,openrouter,0.9675,1.0,0.03249999999999997,8355,0.0002715374999999998,1,consumer
2740,1787394391.3630464,openrouter,0.9675,1.0,0.03249999999999997,8395,0.00027283749999999974,1,consumer
2741,1787394393.2792964,openrouter,0.9675,1.0,0.03249999999999997,8454,0.0002747549999999998,1,consumer
2742,1787394394.801754,openrouter,0.9675,1.0,0.03249999999999997,73194,0.002378804999999998,1,consumer
2743,1787394396.9955468,openrouter,0.9675,1.0,0.03249999999999997,77681,0.0025246324999999977,1,consumer
2744,1787394397.3667693,openrouter,0.9675,1.0,0.03249999999999997,8790,0.0002856749999999998,1,consumer
2745,1787394400.2116382,openrouter,0.9675,1.0,0.03249999999999997,78310,0.002545074999999998,1,consumer
2746,1787394401.89067,openrouter,0.9675,1.0,0.03249999999999997,4689,0.00015239249999999987,1,consumer
2747,1787394406.3315096,openrouter,0.9675,1.0,0.03249999999999997,4946,0.00016074499999999987,1,consumer
2748,1787394407.630618,openrouter,0.9675,1.0,0.03249999999999997,73754,0.0023970049999999976,1,consumer
2749,1787394409.9342306,openrouter,0.9675,1.0,0.03249999999999997,5260,0.00017094999999999985,1,consumer
2750,1787394413.9469392,openrouter,0.9675,1.0,0.03249999999999997,78738,0.002558984999999998,1,consumer
2751,1787394416.9988928,openrouter,0.9675,1.0,0.03249999999999997,5652,0.00018368999999999986,1,consumer
2752,1787394417.2701743,openrouter,0.9675,1.0,0.03249999999999997,75806,0.002463694999999998,1,consumer
2753,1787394420.3827212,openrouter,0.9675,1.0,0.03249999999999997,5837,0.00018970249999999985,1,consumer
2754,1787394423.6211348,openrouter,0.9675,1.0,0.03249999999999997,80049,0.002601592499999998,1,consumer
2755,1787394428.0054028,openrouter,0.9675,1.0,0.03249999999999997,8762,0.00028476499999999976,1,consumer
2756,1787394430.4637353,openrouter,0.9675,1.0,0.03249999999999997,80503,0.002616347499999998,1,consumer
2757,1787394433.1690688,openrouter,0.9675,1.0,0.03249999999999997,9629,0.00031294249999999976,1,consumer
2758,1787394434.1909509,openrouter,0.9675,1.0,0.03249999999999997,80600,0.0026194999999999977,1,consumer
2759,1787394437.019541,openrouter,0.9675,1.0,0.03249999999999997,72622,0.002360214999999998,1,consumer
2760,1787394441.5479586,openrouter,0.9675,1.0,0.03249999999999997,16422,0.0005337149999999996,1,consumer
2761,1787394446.6682608,openrouter,0.9675,1.0,0.03249999999999997,24776,0.0008052199999999994,1,consumer
2762,1787394449.908363,openrouter,0.9675,1.0,0.03249999999999997,26187,0.0008510774999999993,1,consumer
2763,1787394451.6827128,openrouter,0.9675,1.0,0.03249999999999997,4909,0.00015954249999999988,1,consumer
2764,1787394454.1272588,openrouter,0.9675,1.0,0.03249999999999997,26975,0.0008766874999999993,1,consumer
2765,1787394454.44979,openrouter,0.9675,1.0,0.03249999999999997,5153,0.00016747249999999984,1,consumer
2766,1787394454.885022,openrouter,0.9675,1.0,0.03249999999999997,81131,0.002636757499999998,1,consumer
2767,1787394457.1010447,openrouter,0.9675,1.0,0.03249999999999997,5324,0.00017302999999999985,1,consumer
2768,1787394458.169108,openrouter,0.9675,1.0,0.03249999999999997,28502,0.0009263149999999993,1,consumer
2769,1787394459.3426518,openrouter,0.9675,1.0,0.03249999999999997,5492,0.00017848999999999987,1,consumer
2770,1787394459.4276574,openrouter,0.9675,1.0,0.03249999999999997,81205,0.0026391624999999976,1,consumer
2771,1787394478.1105356,openrouter,0.9675,1.0,0.03249999999999997,29248,0.0009505599999999993,1,consumer
2772,1787394478.1132123,openrouter,0.9675,1.0,0.03249999999999997,5684,0.00018472999999999984,1,consumer
2773,1787394482.6476488,openrouter,0.9675,1.0,0.03249999999999997,84500,0.002746249999999998,1,consumer
2774,1787394489.755385,openrouter,0.9675,1.0,0.03249999999999997,34728,0.0011286599999999992,1,consumer
2775,1787394497.5019517,openrouter,0.9675,1.0,0.03249999999999997,8043,0.0002613974999999998,1,consumer
2776,1787394500.486156,openrouter,0.9675,1.0,0.03249999999999997,34915,0.0011347374999999991,1,consumer
2777,1787394506.6543052,openrouter,0.9675,1.0,0.03249999999999997,86969,0.0028264924999999975,1,consumer
2778,1787394513.325183,openrouter,0.9675,1.0,0.03249999999999997,35868,0.001165709999999999,1,consumer
2779,1787394513.7792187,openrouter,0.9675,1.0,0.03249999999999997,88961,0.0028912324999999977,1,consumer
2780,1787394518.777088,openrouter,0.9675,1.0,0.03249999999999997,89835,0.0029196374999999977,1,consumer
2781,1787394519.2842052,openrouter,0.9675,1.0,0.03249999999999997,50982,0.0016569149999999986,1,consumer
2782,1787394525.5872521,openrouter,0.9675,1.0,0.03249999999999997,90148,0.0029298099999999975,1,consumer
2783,1787394534.5999796,openrouter,0.9675,1.0,0.03249999999999997,90773,0.0029501224999999975,1,consumer
2784,1787394534.905489,openrouter,0.9675,1.0,0.03249999999999997,5872,0.00019083999999999982,1,consumer
2785,1787394539.0314453,openrouter,0.9675,1.0,0.03249999999999997,34069,0.0011072424999999991,1,consumer
2786,1787394540.180262,openrouter,0.9675,1.0,0.03249999999999997,6071,0.00019730749999999985,1,consumer
2787,1787394540.8010714,openrouter,0.9675,1.0,0.03249999999999997,60785,0.0019755124999999985,1,consumer
2788,1787394559.788698,openrouter,0.9675,1.0,0.03249999999999997,47636,0.0015481699999999987,1,consumer
2789,1787394560.9140782,openrouter,0.9675,1.0,0.03249999999999997,91987,0.0029895774999999978,1,consumer
2790,1787394566.1391091,openrouter,0.9675,1.0,0.03249999999999997,92291,0.0029994574999999976,1,consumer
2791,1787394575.1029077,openrouter,0.9675,1.0,0.03249999999999997,72467,0.002355177499999998,1,consumer
2792,1787394579.523543,openrouter,0.9675,1.0,0.03249999999999997,72816,0.0023665199999999983,1,consumer
2793,1787394594.8292315,openrouter,0.9675,1.0,0.03249999999999997,8805,0.00028616249999999975,1,consumer
2794,1787394604.8898458,openrouter,0.9675,1.0,0.03249999999999997,48598,0.0015794349999999988,1,consumer
2795,1787394608.0363717,openrouter,0.9675,1.0,0.03249999999999997,9889,0.0003213924999999998,1,consumer
2796,1787394619.354741,openrouter,0.9675,1.0,0.03249999999999997,10713,0.00034817249999999974,1,consumer
2797,1787394628.8529804,openrouter,0.9675,1.0,0.03249999999999997,11834,0.00038460499999999967,1,consumer
2798,1787394639.2139099,openrouter,0.9675,1.0,0.03249999999999997,12396,0.00040286999999999967,1,consumer
2799,1787394647.80468,openrouter,0.9675,1.0,0.03249999999999997,13980,0.00045434999999999963,1,consumer
2800,1787394647.8243244,openrouter,0.9675,1.0,0.03249999999999997,73260,0.002380949999999998,1,consumer
2801,1787394660.162659,openrouter,0.9675,1.0,0.03249999999999997,74625,0.002425312499999998,1,consumer
2802,1787394670.0401304,openrouter,0.9675,1.0,0.03249999999999997,21677,0.0007045024999999994,1,consumer
2803,1787394671.5790083,openrouter,0.9675,1.0,0.03249999999999997,62574,0.0020336549999999984,1,consumer
2804,1787394677.8258169,openrouter,0.17500000000000002,1.0,0.825,7435,0.006133875,1,consumer
2805,1787394678.9502995,openrouter,0.9675,1.0,0.03249999999999997,77023,0.002503247499999998,1,consumer
2806,1787394682.4826071,openrouter,0.17500000000000002,1.0,0.825,7496,0.0061842,1,consumer
2807,1787394683.6082861,openrouter,0.9675,1.0,0.03249999999999997,57254,0.0018607549999999984,1,consumer
2808,1787394688.443011,openrouter,0.9675,1.0,0.03249999999999997,57472,0.0018678399999999987,1,consumer
2809,1787394690.0976033,openrouter,0.9675,1.0,0.03249999999999997,77942,0.002533114999999998,1,consumer
2810,1787394692.3971639,openrouter,0.9675,1.0,0.03249999999999997,57960,0.0018836999999999984,1,consumer
2811,1787394693.8455553,openrouter,0.9675,1.0,0.03249999999999997,590,1.917499999999998e-05,1,consumer
2812,1787394697.0128548,openrouter,0.9675,1.0,0.03249999999999997,58224,0.0018922799999999984,1,consumer
2813,1787394706.8077435,openrouter,0.9675,1.0,0.03249999999999997,58268,0.0018937099999999985,1,consumer
2814,1787394710.9517136,openrouter,0.9675,1.0,0.03249999999999997,58380,0.0018973499999999986,1,consumer
2815,1787394713.9462528,openrouter,0.9675,1.0,0.03249999999999997,59102,0.0019208149999999985,1,consumer
2816,1787394716.5891669,openrouter,0.9675,1.0,0.03249999999999997,76797,0.002495902499999998,1,consumer
2817,1787394722.5737462,openrouter,0.9675,1.0,0.03249999999999997,59654,0.0019387549999999986,1,consumer
2818,1787394727.8837988,openrouter,0.9675,1.0,0.03249999999999997,22811,0.0007413574999999994,1,consumer
2819,1787394728.574682,openrouter,0.9675,1.0,0.03249999999999997,60262,0.0019585149999999983,1,consumer
2820,1787394730.0803375,openrouter,0.17500000000000002,1.0,0.825,29885,0.024655125,1,consumer
2821,1787394731.951696,openrouter,0.9675,1.0,0.03249999999999997,732,2.378999999999998e-05,1,consumer
2822,1787394732.617033,openrouter,0.17500000000000002,1.0,0.825,78518,0.06477735,1,consumer
2823,1787394735.767727,openrouter,0.17500000000000002,1.0,0.825,30207,0.024920775,1,consumer
2824,1787394738.2835515,openrouter,0.9675,1.0,0.03249999999999997,91803,0.0029835974999999977,1,consumer
2825,1787394739.665835,openrouter,0.9675,1.0,0.03249999999999997,29092,0.0009454899999999992,1,consumer
2826,1787394742.604269,openrouter,0.9675,1.0,0.03249999999999997,92061,0.0029919824999999974,1,consumer
2827,1787394745.1799085,openrouter,0.17500000000000002,1.0,0.825,30951,0.025534574999999997,1,consumer
2828,1787394749.6873887,openrouter,0.9675,1.0,0.03249999999999997,30239,0.0009827674999999991,1,consumer
2829,1787394758.747485,openrouter,0.9675,1.0,0.03249999999999997,94241,0.0030628324999999977,1,consumer
2830,1787394760.6199245,openrouter,0.9675,1.0,0.03249999999999997,38442,0.0012493649999999988,1,consumer
2831,1787394767.88781,openrouter,0.17500000000000002,1.0,0.825,31979,0.026382674999999998,1,consumer
2832,1787394777.282302,openrouter,0.9675,1.0,0.03249999999999997,95864,0.0031155799999999976,1,consumer
2833,1787394801.475054,openrouter,0.9675,1.0,0.03249999999999997,61038,0.001983734999999998,1,consumer
2834,1787394820.7064931,openrouter,0.9675,1.0,0.03249999999999997,43106,0.0014009449999999987,1,consumer
2835,1787394826.448441,openrouter,0.9675,1.0,0.03249999999999997,96133,0.0031243224999999977,1,consumer
2836,1787394835.628669,openrouter,0.17500000000000002,1.0,0.825,36143,0.029817975,1,consumer
2837,1787394857.5803835,openrouter,0.9675,1.0,0.03249999999999997,68834,0.0022371049999999983,1,consumer
2838,1787394872.263748,openrouter,0.9675,1.0,0.03249999999999997,46400,0.001507999999999999,1,consumer
2839,1787394875.0667922,openrouter,0.9675,1.0,0.03249999999999997,97790,0.0031781749999999975,1,consumer
2840,1787394895.4792352,openrouter,0.9675,1.0,0.03249999999999997,69126,0.002246594999999998,1,consumer
2841,1787394911.2212636,openrouter,0.9675,1.0,0.03249999999999997,56447,0.0018345274999999985,1,consumer
2842,1787394911.9424863,openrouter,0.9675,1.0,0.03249999999999997,102641,0.003335832499999997,1,consumer
2843,1787394941.8830636,openrouter,0.9675,1.0,0.03249999999999997,69951,0.002273407499999998,1,consumer
2844,1787394949.859198,openrouter,0.9675,1.0,0.03249999999999997,63556,0.0020655699999999983,1,consumer
2845,1787394950.351832,openrouter,0.9675,1.0,0.03249999999999997,103925,0.0033775624999999973,1,consumer
2846,1787394957.5622315,openrouter,0.9675,1.0,0.03249999999999997,73471,0.002387807499999998,1,consumer
2847,1787394987.8610513,openrouter,0.9675,1.0,0.03249999999999997,78511,0.002551607499999998,1,consumer
2848,1787394990.8310142,openrouter,0.9675,1.0,0.03249999999999997,78642,0.002555864999999998,1,consumer
2849,1787394992.4059343,openrouter,0.9675,1.0,0.03249999999999997,72322,0.0023504649999999978,1,consumer
2850,1787394994.315081,openrouter,0.9675,1.0,0.03249999999999997,78935,0.002565387499999998,1,consumer
2851,1787394994.4928563,openrouter,0.9675,1.0,0.03249999999999997,106882,0.0034736649999999973,1,consumer
2852,1787395000.26274,openrouter,0.9675,1.0,0.03249999999999997,79245,0.0025754624999999977,1,consumer
2853,1787395004.0983212,openrouter,0.9675,1.0,0.03249999999999997,108702,0.0035328149999999973,1,consumer
2854,1787395004.1648767,openrouter,0.9675,1.0,0.03249999999999997,79510,0.002584074999999998,1,consumer
2855,1787395008.8610342,openrouter,0.9675,1.0,0.03249999999999997,79137,0.002571952499999998,1,consumer
2856,1787395009.1927507,openrouter,0.9675,1.0,0.03249999999999997,79628,0.002587909999999998,1,consumer
2857,1787395010.7388446,openrouter,0.9675,1.0,0.03249999999999997,109359,0.003554167499999997,1,consumer
2858,1787395026.4663882,openrouter,0.9675,1.0,0.03249999999999997,81114,0.002636204999999998,1,consumer
2859,1787395032.1008847,openrouter,0.9675,1.0,0.03249999999999997,1421,4.618249999999996e-05,1,consumer
2860,1787395043.870949,openrouter,0.9675,1.0,0.03249999999999997,14992,0.0004872399999999996,1,consumer
2861,1787395047.131865,openrouter,0.9675,1.0,0.03249999999999997,20507,0.0006664774999999995,1,consumer
2862,1787395048.9923859,openrouter,0.9675,1.0,0.03249999999999997,20566,0.0006683949999999994,1,consumer
2863,1787395049.6361349,openrouter,0.9675,1.0,0.03249999999999997,83642,0.0027183649999999978,1,consumer
2864,1787395051.6874392,openrouter,0.9675,1.0,0.03249999999999997,22983,0.0007469474999999994,1,consumer
2865,1787395063.8752997,openrouter,0.9675,1.0,0.03249999999999997,84455,0.002744787499999998,1,consumer
2866,1787395074.8791926,openrouter,0.9675,1.0,0.03249999999999997,85107,0.0027659774999999978,1,consumer
2867,1787395116.5053484,openrouter,0.9675,1.0,0.03249999999999997,85261,0.002770982499999998,1,consumer
2868,1787395128.342954,openrouter,0.9675,1.0,0.03249999999999997,30747,0.0009992774999999993,1,consumer
2869,1787395131.945067,openrouter,0.9675,1.0,0.03249999999999997,69149,0.0022473424999999983,1,consumer
2870,1787395139.9106252,openrouter,0.9675,1.0,0.03249999999999997,28552,0.0009279399999999993,1,consumer
2871,1787395152.4113257,openrouter,0.9675,1.0,0.03249999999999997,7314,0.0002377049999999998,1,consumer
2872,1787395154.9959402,openrouter,0.9675,1.0,0.03249999999999997,7400,0.0002404999999999998,1,consumer
2873,1787395157.980412,openrouter,0.9675,1.0,0.03249999999999997,7555,0.0002455374999999998,1,consumer
2874,1787395161.1004114,openrouter,0.9675,1.0,0.03249999999999997,7683,0.0002496974999999998,1,consumer
2875,1787395184.6740453,openrouter,0.9675,1.0,0.03249999999999997,4892,0.00015898999999999986,1,consumer
2876,1787395188.1065593,openrouter,0.9675,1.0,0.03249999999999997,5152,0.00016743999999999985,1,consumer
2877,1787395193.508323,openrouter,0.9675,1.0,0.03249999999999997,5364,0.00017432999999999986,1,consumer
2878,1787395199.6643922,openrouter,0.9675,1.0,0.03249999999999997,5716,0.00018576999999999984,1,consumer
2879,1787395227.5617132,openrouter,0.9675,1.0,0.03249999999999997,6127,0.00019912749999999982,1,consumer
2880,1787395267.0501053,openrouter,0.9675,1.0,0.03249999999999997,8750,0.0002843749999999998,1,consumer
2881,1787395287.9518275,openrouter,0.9675,1.0,0.03249999999999997,62729,0.0020386924999999984,1,consumer
2882,1787395302.4022174,openrouter,0.9675,1.0,0.03249999999999997,9385,0.00030501249999999975,1,consumer
2883,1787395312.1206987,openrouter,0.9675,1.0,0.03249999999999997,85611,0.0027823574999999976,1,consumer
2884,1787395323.691212,openrouter,0.9675,1.0,0.03249999999999997,93991,0.003054707499999998,1,consumer
2885,1787395341.3140855,openrouter,0.9675,1.0,0.03249999999999997,14061,0.0004569824999999996,1,consumer
2886,1787395342.2663186,openrouter,0.9675,1.0,0.03249999999999997,64615,0.002099987499999998,1,consumer
2887,1787395347.1861901,openrouter,0.9675,1.0,0.03249999999999997,64880,0.0021085999999999982,1,consumer
2888,1787395347.9781475,openrouter,0.9675,1.0,0.03249999999999997,14522,0.00047196499999999965,1,consumer
2889,1787395352.937732,openrouter,0.9675,1.0,0.03249999999999997,66032,0.002146039999999998,1,consumer
2890,1787395354.3697822,openrouter,0.9675,1.0,0.03249999999999997,19289,0.0006268924999999995,1,consumer
2891,1787395354.7212765,openrouter,0.9675,1.0,0.03249999999999997,94522,0.0030719649999999972,1,consumer
2892,1787395361.7751062,openrouter,0.9675,1.0,0.03249999999999997,66837,0.0021722024999999982,1,consumer
2893,1787395361.9119189,openrouter,0.9675,1.0,0.03249999999999997,100276,0.0032589699999999973,1,consumer
2894,1787395366.5477753,openrouter,0.9675,1.0,0.03249999999999997,45360,0.0014741999999999986,1,consumer
2895,1787395372.5777974,openrouter,0.9675,1.0,0.03249999999999997,49874,0.0016209049999999987,1,consumer
2896,1787395394.5335426,openrouter,0.9675,1.0,0.03249999999999997,53652,0.0017436899999999985,1,consumer
2897,1787395397.2429037,openrouter,0.9675,1.0,0.03249999999999997,68092,0.002212989999999998,1,consumer
2898,1787395400.2456164,openrouter,0.9675,1.0,0.03249999999999997,11068,0.0003597099999999997,1,consumer
2899,1787395404.291198,openrouter,0.9675,1.0,0.03249999999999997,21551,0.0007004074999999994,1,consumer
2900,1787395404.7609315,openrouter,0.9675,1.0,0.03249999999999997,69484,0.0022582299999999982,1,consumer
2901,1787395409.9503164,openrouter,0.9675,1.0,0.03249999999999997,29510,0.0009590749999999992,1,consumer
2902,1787395413.3034463,openrouter,0.9675,1.0,0.03249999999999997,103724,0.003371029999999997,1,consumer
2903,1787395413.5693228,openrouter,0.9675,1.0,0.03249999999999997,70340,0.002286049999999998,1,consumer
2904,1787395414.1268177,openrouter,0.9675,1.0,0.03249999999999997,31958,0.0010386349999999991,1,consumer
2905,1787395423.0379658,openrouter,0.9675,1.0,0.03249999999999997,72174,0.002345654999999998,1,consumer
2906,1787395517.5215385,openrouter,0.9675,1.0,0.03249999999999997,119197,0.003873902499999997,1,consumer
2907,1787395565.4366772,openrouter,0.9675,1.0,0.03249999999999997,41256,0.0013408199999999989,1,consumer
2908,1787395569.4115944,openrouter,0.9675,1.0,0.03249999999999997,120420,0.003913649999999997,1,consumer
2909,1787395574.5760155,openrouter,0.9675,1.0,0.03249999999999997,120650,0.003921124999999997,1,consumer
2910,1787395580.6449442,openrouter,0.9675,1.0,0.03249999999999997,121245,0.003940462499999997,1,consumer
2911,1787395585.2428443,openrouter,0.9675,1.0,0.03249999999999997,69279,0.0022515674999999983,1,consumer
2912,1787395588.5801075,openrouter,0.9675,1.0,0.03249999999999997,121593,0.003951772499999997,1,consumer
2913,1787395595.9246314,openrouter,0.9675,1.0,0.03249999999999997,70616,0.0022950199999999983,1,consumer
2914,1787395600.5974038,openrouter,0.9675,1.0,0.03249999999999997,71691,0.002329957499999998,1,consumer
2915,1787395607.618879,openrouter,0.9675,1.0,0.03249999999999997,41945,0.001363212499999999,1,consumer
2916,1787395665.1887443,openrouter,0.9675,1.0,0.03249999999999997,70702,0.002297814999999998,1,consumer
2917,1787395667.877695,openrouter,0.9675,1.0,0.03249999999999997,387,1.257749999999999e-05,1,consumer
2918,1787395958.1577864,openrouter,0.9675,1.0,0.03249999999999997,73323,0.002382997499999998,1,consumer
2919,1787396170.039257,openrouter,0.9675,1.0,0.03249999999999997,75355,0.0024490374999999983,1,consumer
2920,1787396274.3563974,openrouter,0.9675,1.0,0.03249999999999997,76010,0.002470324999999998,1,consumer
2921,1787396279.987144,openrouter,0.9675,1.0,0.03249999999999997,76927,0.002500127499999998,1,consumer
2922,1787396366.2771344,openrouter,0.9675,1.0,0.03249999999999997,72603,0.002359597499999998,1,consumer
2923,1787396515.7975376,openrouter,0.9675,1.0,0.03249999999999997,84134,0.0027343549999999978,0,consumer
2924,1787396566.1670103,openrouter,0.9675,1.0,0.03249999999999997,71674,0.002329404999999998,0,consumer
2925,1787396638.4086163,openrouter,0.9675,1.0,0.03249999999999997,84497,0.002746152499999998,0,consumer
2926,1787396682.57004,openrouter,0.9675,1.0,0.03249999999999997,7561,0.00024573249999999976,0,consumer
2927,1787396687.4468722,openrouter,0.9675,1.0,0.03249999999999997,44703,0.0014528474999999988,0,consumer
2928,1787396692.4112227,openrouter,0.9675,1.0,0.03249999999999997,53276,0.0017314699999999986,0,consumer
2929,1787396697.2402508,openrouter,0.9675,1.0,0.03249999999999997,54243,0.0017628974999999985,0,consumer
2930,1787396702.1210544,openrouter,0.9675,1.0,0.03249999999999997,56989,0.0018521424999999986,0,consumer
2931,1787396740.4328022,openrouter,0.9675,1.0,0.03249999999999997,85234,0.0027701049999999975,0,consumer
2932,1787396745.7999198,openrouter,0.9675,1.0,0.03249999999999997,85477,0.002778002499999998,0,consumer
2933,1787396751.9582117,openrouter,0.9675,1.0,0.03249999999999997,85788,0.0027881099999999977,0,consumer
2934,1787396767.6691961,openrouter,0.9675,1.0,0.03249999999999997,86977,0.0028267524999999977,0,consumer
2935,1787396794.4427938,openrouter,0.9675,1.0,0.03249999999999997,57835,0.0018796374999999984,0,consumer
2936,1787396797.3348768,openrouter,0.9675,1.0,0.03249999999999997,60172,0.0019555899999999984,0,consumer
2937,1787396800.3746285,openrouter,0.9675,1.0,0.03249999999999997,61843,0.0020098974999999985,0,consumer
2938,1787396804.5961454,openrouter,0.9675,1.0,0.03249999999999997,63338,0.0020584849999999984,0,consumer
2939,1787396808.2055109,openrouter,0.9675,1.0,0.03249999999999997,65083,0.0021151974999999985,0,consumer
2940,1787396811.9341693,openrouter,0.9675,1.0,0.03249999999999997,65895,0.0021415874999999984,0,consumer
2941,1787396816.2518551,openrouter,0.9675,1.0,0.03249999999999997,66209,0.002151792499999998,0,consumer
2942,1787396826.6878464,openrouter,0.9675,1.0,0.03249999999999997,67044,0.002178929999999998,0,consumer
2943,1787396858.50296,openrouter,0.9675,1.0,0.03249999999999997,87149,0.0028323424999999974,0,consumer
2944,1787396951.1308358,openrouter,0.9675,1.0,0.03249999999999997,87375,0.0028396874999999976,0,consumer
2945,1787396963.911109,openrouter,0.9675,1.0,0.03249999999999997,82964,0.0026963299999999977,0,consumer
2946,1787396967.5518293,openrouter,0.9675,1.0,0.03249999999999997,83097,0.002700652499999998,0,consumer
2947,1787396979.7779317,openrouter,0.9675,1.0,0.03249999999999997,84120,0.002733899999999998,0,consumer
2948,1787396984.2673104,openrouter,0.9675,1.0,0.03249999999999997,83994,0.0027298049999999975,0,consumer
2949,1787396991.5810025,openrouter,0.9675,1.0,0.03249999999999997,73588,0.002391609999999998,0,consumer
2950,1787397000.5445466,openrouter,0.9675,1.0,0.03249999999999997,75259,0.002445917499999998,0,consumer
2951,1787397004.4609413,openrouter,0.9675,1.0,0.03249999999999997,77115,0.0025062374999999977,0,consumer
2952,1787397031.8155968,openrouter,0.9675,1.0,0.03249999999999997,79856,0.0025953199999999978,0,consumer
2953,1787397052.1703506,openrouter,0.9675,1.0,0.03249999999999997,88091,0.0028629574999999977,0,consumer
2954,1787397079.750376,openrouter,0.9675,1.0,0.03249999999999997,90088,0.0029278599999999974,0,consumer
2955,1787397087.302567,openrouter,0.9675,1.0,0.03249999999999997,90250,0.002933124999999998,0,consumer
2956,1787397089.1199067,openrouter,0.17500000000000002,1.0,0.825,6,4.949999999999999e-06,0,consumer
2957,1787397102.1694164,openrouter,0.9675,1.0,0.03249999999999997,90954,0.0029560049999999972,0,consumer
2958,1787397126.6966414,openrouter,0.9675,1.0,0.03249999999999997,81579,0.002651317499999998,0,consumer
2959,1787397147.253148,openrouter,0.9675,1.0,0.03249999999999997,83699,0.002720217499999998,0,consumer
2960,1787397193.0382519,openrouter,0.9675,1.0,0.03249999999999997,91538,0.0029749849999999973,0,consumer
2961,1787397199.012532,openrouter,0.9675,1.0,0.03249999999999997,91679,0.0029795674999999974,0,consumer
2962,1787397204.1920092,openrouter,0.9675,1.0,0.03249999999999997,92105,0.0029934124999999976,0,consumer
2963,1787397213.5131938,openrouter,0.9675,1.0,0.03249999999999997,92674,0.0030119049999999974,0,consumer
2964,1787397218.2407143,openrouter,0.9675,1.0,0.03249999999999997,93132,0.0030267899999999975,0,consumer
2965,1787397224.4173295,openrouter,0.9675,1.0,0.03249999999999997,93258,0.0030308849999999975,0,consumer
2966,1787397229.0412414,openrouter,0.9675,1.0,0.03249999999999997,93355,0.003034037499999998,0,consumer
2967,1787397250.340975,openrouter,0.9675,1.0,0.03249999999999997,84117,0.002733802499999998,0,consumer
2968,1787397268.3828242,openrouter,0.9675,1.0,0.03249999999999997,104275,0.0033889374999999974,0,consumer
2969,1787397286.0977461,openrouter,0.9675,1.0,0.03249999999999997,106320,0.0034553999999999974,0,consumer
2970,1787397314.2871583,openrouter,0.9675,1.0,0.03249999999999997,109816,0.0035690199999999974,0,consumer
2971,1787397316.0218265,openrouter,0.9675,1.0,0.03249999999999997,93602,0.0030420649999999974,0,consumer
2972,1787397334.1244118,openrouter,0.9675,1.0,0.03249999999999997,111854,0.003635254999999997,0,consumer
2973,1787397362.385038,openrouter,0.9675,1.0,0.03249999999999997,112934,0.0036703549999999967,0,consumer
2974,1787397402.573595,openrouter,0.9675,1.0,0.03249999999999997,115486,0.0037532949999999968,0,consumer
2975,1787397402.7747276,openrouter,0.9675,1.0,0.03249999999999997,94673,0.0030768724999999976,0,consumer
2976,1787397426.4880574,openrouter,0.9675,1.0,0.03249999999999997,117118,0.003806334999999997,0,consumer
2977,1787397443.8867526,openrouter,0.9675,1.0,0.03249999999999997,130909,0.004254542499999997,0,consumer
2978,1787397472.5582404,openrouter,0.9675,1.0,0.03249999999999997,24323,0.0007904974999999993,0,consumer
2979,1787397492.9260592,openrouter,0.9675,1.0,0.03249999999999997,95781,0.0031128824999999975,0,consumer
2980,1787397498.5019798,openrouter,0.9675,1.0,0.03249999999999997,96896,0.0031491199999999974,0,consumer
2981,1787397506.8759801,openrouter,0.9675,1.0,0.03249999999999997,97387,0.0031650774999999976,0,consumer
2982,1787397516.7933223,openrouter,0.9675,1.0,0.03249999999999997,98685,0.0032072624999999974,0,consumer
2983,1787397582.846169,openrouter,0.9675,1.0,0.03249999999999997,110837,0.0036022024999999972,0,consumer
2984,1787397630.0280526,openrouter,0.9675,1.0,0.03249999999999997,98847,0.0032125274999999973,0,consumer
2985,1787397636.2194026,openrouter,0.9675,1.0,0.03249999999999997,111293,0.003617022499999997,0,consumer
2986,1787397641.9008691,openrouter,0.9675,1.0,0.03249999999999997,111877,0.003636002499999997,0,consumer
2987,1787397660.4756544,openrouter,0.9675,1.0,0.03249999999999997,113183,0.003678447499999997,0,consumer
2988,1787397689.2317207,openrouter,0.9675,1.0,0.03249999999999997,111844,0.003634929999999997,0,consumer
2989,1787397699.2488358,openrouter,0.9675,1.0,0.03249999999999997,112907,0.0036694774999999967,0,consumer
2990,1787397706.2586837,openrouter,0.9675,1.0,0.03249999999999997,113028,0.003673409999999997,0,consumer
2991,1787397710.7822242,openrouter,0.9675,1.0,0.03249999999999997,113976,0.0037042199999999972,0,consumer
2992,1787397714.7932565,openrouter,0.9675,1.0,0.03249999999999997,114710,0.003728074999999997,0,consumer
2993,1787397731.1072667,openrouter,0.9675,1.0,0.03249999999999997,116718,0.0037933349999999966,0,consumer
2994,1787397752.6064823,openrouter,0.9675,1.0,0.03249999999999997,114237,0.003712702499999997,0,consumer
2995,1787397767.21232,openrouter,0.9675,1.0,0.03249999999999997,114592,0.003724239999999997,0,consumer
2996,1787397827.3657556,openrouter,0.9675,1.0,0.03249999999999997,118271,0.0038438074999999966,0,consumer
2997,1787397927.094147,openrouter,0.9675,1.0,0.03249999999999997,118411,0.003848357499999997,0,consumer
2998,1787398026.010168,openrouter,0.9675,1.0,0.03249999999999997,119011,0.003867857499999997,0,consumer
2999,1787398147.6593983,openrouter,0.9675,1.0,0.03249999999999997,128743,0.004184147499999996,0,consumer
3000,1787398206.6419392,openrouter,0.9675,1.0,0.03249999999999997,98816,0.0032115199999999972,0,consumer
3001,1787398249.1426065,openrouter,0.9675,1.0,0.03249999999999997,3160,0.00010269999999999992,0,consumer
3002,1787398348.0077035,openrouter,0.9675,1.0,0.03249999999999997,99942,0.0032481149999999976,0,consumer
3003,1787398360.054849,openrouter,0.9675,1.0,0.03249999999999997,130269,0.004233742499999997,0,consumer
3004,1787398476.0965042,openrouter,0.9675,1.0,0.03249999999999997,4456,0.00014481999999999988,0,consumer
3005,1787398595.7292013,openrouter,0.9675,1.0,0.03249999999999997,131409,0.004270792499999997,0,consumer
3006,1787398722.2942114,openrouter,0.9675,1.0,0.03249999999999997,4740,0.00015404999999999987,0,consumer
3007,1787398738.3656096,openrouter,0.9675,1.0,0.03249999999999997,131713,0.004280672499999997,0,consumer
3008,1787398778.1016617,openrouter,0.9675,1.0,0.03249999999999997,4870,0.00015827499999999988,0,consumer
3009,1787398787.772168,openrouter,0.9675,1.0,0.03249999999999997,132291,0.004299457499999997,0,consumer
3010,1787398813.9588363,openrouter,0.9675,1.0,0.03249999999999997,4868,0.00015820999999999986,0,consumer
3011,1787398840.8815022,openrouter,0.9675,1.0,0.03249999999999997,13664,0.00044407999999999964,0,consumer
3012,1787398847.5541472,openrouter,0.9675,1.0,0.03249999999999997,60082,0.0019526649999999984,0,consumer
3013,1787398852.0558777,openrouter,0.9675,1.0,0.03249999999999997,60462,0.0019650149999999983,0,consumer
3014,1787398856.1295705,openrouter,0.9675,1.0,0.03249999999999997,60620,0.001970149999999998,0,consumer
3015,1787398859.6127145,openrouter,0.9675,1.0,0.03249999999999997,60752,0.0019744399999999983,0,consumer
3016,1787398860.3763793,openrouter,0.9675,1.0,0.03249999999999997,87656,0.002848819999999998,0,consumer
3017,1787398876.4745288,openrouter,0.9675,1.0,0.03249999999999997,61983,0.0020144474999999984,0,consumer
3018,1787398924.4776466,openrouter,0.9675,1.0,0.03249999999999997,134424,0.004368779999999996,0,consumer
3019,1787398945.589391,openrouter,0.9675,1.0,0.03249999999999997,4873,0.00015837249999999987,0,consumer
3020,1787398971.7450159,openrouter,0.9675,1.0,0.03249999999999997,62816,0.0020415199999999985,0,consumer
3021,1787398980.3505383,openrouter,0.9675,1.0,0.03249999999999997,62972,0.0020465899999999983,0,consumer
3022,1787398989.7952056,openrouter,0.9675,1.0,0.03249999999999997,63438,0.002061734999999998,0,consumer
3023,1787398996.6256428,openrouter,0.9675,1.0,0.03249999999999997,64151,0.0020849074999999984,0,consumer
3024,1787399010.0333335,openrouter,0.9675,1.0,0.03249999999999997,64588,0.0020991099999999982,0,consumer
3025,1787399050.0934172,openrouter,0.9675,1.0,0.03249999999999997,106751,0.003469407499999997,0,consumer
3026,1787399102.8155265,openrouter,0.9675,1.0,0.03249999999999997,117282,0.0038116649999999966,0,consumer
3027,1787399174.7752123,openrouter,0.9675,1.0,0.03249999999999997,124957,0.004061102499999997,0,consumer
3028,1787399238.553708,openrouter,0.9675,1.0,0.03249999999999997,146032,0.0047460399999999965,0,consumer
3029,1787399244.8465874,openrouter,0.9675,1.0,0.03249999999999997,121205,0.003939162499999997,0,consumer
3030,1787399277.7255964,openrouter,0.9675,1.0,0.03249999999999997,123284,0.0040067299999999965,0,consumer
3031,1787399316.9911299,openrouter,0.9675,1.0,0.03249999999999997,6374,0.00020715499999999983,0,consumer
3032,1787399342.5732079,openrouter,0.9675,1.0,0.03249999999999997,146969,0.004776492499999996,0,consumer
3033,1787399416.2625515,openrouter,0.9675,1.0,0.03249999999999997,77368,0.002514459999999998,0,consumer
3034,1787399572.16998,openrouter,0.9675,1.0,0.03249999999999997,83921,0.0027274324999999977,0,consumer
3035,1787399591.0929868,openrouter,0.9675,1.0,0.03249999999999997,84088,0.002732859999999998,0,consumer
3036,1787399601.3412025,openrouter,0.9675,1.0,0.03249999999999997,84193,0.0027362724999999977,0,consumer
3037,1787399657.3337708,openrouter,0.9675,1.0,0.03249999999999997,88556,0.0028780699999999973,0,consumer
3038,1787399659.6900227,openrouter,0.9675,1.0,0.03249999999999997,88607,0.002879727499999998,0,consumer
3039,1787399662.491069,openrouter,0.9675,1.0,0.03249999999999997,88786,0.0028855449999999976,0,consumer
3040,1787399680.894961,openrouter,0.9675,1.0,0.03249999999999997,90705,0.0029479124999999976,0,consumer
3041,1787399716.9179595,openrouter,0.9675,1.0,0.03249999999999997,84536,0.002747419999999998,0,consumer
3042,1787399723.3767507,openrouter,0.9675,1.0,0.03249999999999997,84639,0.0027507674999999975,0,consumer
3043,1787399743.2131817,openrouter,0.9675,1.0,0.03249999999999997,86382,0.0028074149999999976,0,consumer
3044,1787399778.539191,openrouter,0.9675,1.0,0.03249999999999997,89187,0.0028985774999999974,0,consumer
3045,1787399779.4810016,openrouter,0.9675,1.0,0.03249999999999997,96300,0.003129749999999997,0,consumer
3046,1787399780.6290605,openrouter,0.9675,1.0,0.03249999999999997,89249,0.0029005924999999976,0,consumer
3047,1787399787.0072703,openrouter,0.9675,1.0,0.03249999999999997,99614,0.003237454999999997,0,consumer
3048,1787399791.2633672,openrouter,0.9675,1.0,0.03249999999999997,100272,0.0032588399999999972,0,consumer
3049,1787399794.4180536,openrouter,0.9675,1.0,0.03249999999999997,100707,0.0032729774999999974,0,consumer
3050,1787399834.9443612,openrouter,0.9675,1.0,0.03249999999999997,86605,0.0028146624999999975,0,consumer
3051,1787399931.1214125,openrouter,0.9675,1.0,0.03249999999999997,86826,0.0028218449999999977,0,consumer
3052,1787400028.368624,openrouter,0.9675,1.0,0.03249999999999997,86923,0.0028249974999999977,0,consumer
3053,1787400138.3228757,openrouter,0.9675,1.0,0.03249999999999997,87039,0.002828767499999998,0,consumer
3054,1787400274.729711,openrouter,0.9675,1.0,0.03249999999999997,88859,0.002887917499999998,0,consumer
3055,1787400362.9384801,openrouter,0.9675,1.0,0.03249999999999997,90050,0.002926624999999998,0,consumer
3056,1787400389.7174702,openrouter,0.9675,1.0,0.03249999999999997,90873,0.0029533724999999977,0,consumer
3057,1787400447.6301455,openrouter,0.9675,1.0,0.03249999999999997,90112,0.0029286399999999975,0,consumer
3058,1787400468.732389,openrouter,0.9675,1.0,0.03249999999999997,91049,0.0029590924999999975,0,consumer
3059,1787400557.842475,openrouter,0.9675,1.0,0.03249999999999997,91554,0.002975504999999997,0,consumer
3060,1787400587.0739105,openrouter,0.9675,1.0,0.03249999999999997,90526,0.0029420949999999974,0,consumer
3061,1787400589.5489075,openrouter,0.9675,1.0,0.03249999999999997,90598,0.002944434999999998,0,consumer
3062,1787400647.2975352,openrouter,0.9675,1.0,0.03249999999999997,92414,0.0030034549999999978,0,consumer
3063,1787400733.42681,openrouter,0.9675,1.0,0.03249999999999997,92632,0.0030105399999999977,0,consumer
3064,1787400743.9868546,openrouter,0.17500000000000002,1.0,0.825,6,4.949999999999999e-06,0,consumer
3065,1787400820.8204796,openrouter,0.9675,1.0,0.03249999999999997,92756,0.0030145699999999972,0,consumer
3066,1787400912.904978,openrouter,0.9675,1.0,0.03249999999999997,93233,0.0030300724999999975,0,consumer
3067,1787401008.5791934,openrouter,0.9675,1.0,0.03249999999999997,93796,0.0030483699999999977,0,consumer
3068,1787401111.5092785,openrouter,0.9675,1.0,0.03249999999999997,95652,0.0031086899999999973,0,consumer
3069,1787401224.3112338,openrouter,0.9675,1.0,0.03249999999999997,97501,0.0031687824999999973,0,consumer
3070,1787401339.306799,openrouter,0.9675,1.0,0.03249999999999997,67522,0.0021944649999999983,0,consumer
3071,1787401385.175756,openrouter,0.9675,1.0,0.03249999999999997,8336,0.0002709199999999998,0,consumer
3072,1787401391.1658776,openrouter,0.9675,1.0,0.03249999999999997,58823,0.0019117474999999983,0,consumer
3073,1787401396.2508597,openrouter,0.9675,1.0,0.03249999999999997,59008,0.0019177599999999984,0,consumer
3074,1787401403.6690786,openrouter,0.9675,1.0,0.03249999999999997,59397,0.0019304024999999983,0,consumer
3075,1787401435.6428492,openrouter,0.9675,1.0,0.03249999999999997,26854,0.0008727549999999994,0,consumer
3076,1787401445.1306815,openrouter,0.9675,1.0,0.03249999999999997,33746,0.0010967449999999992,0,consumer
3077,1787401452.9110515,openrouter,0.9675,1.0,0.03249999999999997,83801,0.002723532499999998,0,consumer
3078,1787401457.638213,openrouter,0.9675,1.0,0.03249999999999997,89625,0.002912812499999998,0,consumer
3079,1787401469.962897,openrouter,0.9675,1.0,0.03249999999999997,37542,0.001220114999999999,0,consumer
3080,1787401471.5962217,openrouter,0.9675,1.0,0.03249999999999997,106561,0.0034632324999999973,0,consumer
3081,1787401477.502645,openrouter,0.9675,1.0,0.03249999999999997,42122,0.0013689649999999987,0,consumer
3082,1787401498.2995343,openrouter,0.9675,1.0,0.03249999999999997,119676,0.0038894699999999964,0,consumer
3083,1787401507.0786226,openrouter,0.9675,1.0,0.03249999999999997,120140,0.003904549999999997,0,consumer
3084,1787401510.3723853,openrouter,0.9675,1.0,0.03249999999999997,120290,0.003909424999999997,0,consumer
3085,1787401514.6967475,openrouter,0.9675,1.0,0.03249999999999997,59696,0.0019401199999999983,0,consumer
3086,1787401520.0438976,openrouter,0.9675,1.0,0.03249999999999997,59959,0.0019486674999999985,0,consumer
3087,1787401525.4743116,openrouter,0.9675,1.0,0.03249999999999997,61690,0.0020049249999999985,0,consumer
3088,1787401526.0342553,openrouter,0.9675,1.0,0.03249999999999997,123495,0.004013587499999997,0,consumer
3089,1787401534.3659842,openrouter,0.9675,1.0,0.03249999999999997,124418,0.004043584999999997,0,consumer
3090,1787401535.681485,openrouter,0.9675,1.0,0.03249999999999997,63684,0.0020697299999999984,0,consumer
3091,1787401538.79563,openrouter,0.9675,1.0,0.03249999999999997,125283,0.004071697499999996,0,consumer
3092,1787401541.7519898,openrouter,0.9675,1.0,0.03249999999999997,64240,0.002087799999999998,0,consumer
3093,1787401543.926537,openrouter,0.9675,1.0,0.03249999999999997,126246,0.0041029949999999964,0,consumer
3094,1787401574.9026043,openrouter,0.9675,1.0,0.03249999999999997,45506,0.0014789449999999989,0,consumer
3095,1787401591.7213829,openrouter,0.9675,1.0,0.03249999999999997,49925,0.0016225624999999986,0,consumer
3096,1787401594.767971,openrouter,0.9675,1.0,0.03249999999999997,410,1.3324999999999988e-05,0,consumer
3097,1787401619.6697862,openrouter,0.9675,1.0,0.03249999999999997,65654,0.0021337549999999985,0,consumer
3098,1787401643.6818209,openrouter,0.9675,1.0,0.03249999999999997,127229,0.004134942499999996,0,consumer
3099,1787401648.2439623,openrouter,0.9675,1.0,0.03249999999999997,127368,0.004139459999999997,0,consumer
3100,1787401657.964035,openrouter,0.9675,1.0,0.03249999999999997,127788,0.004153109999999997,0,consumer
3101,1787401717.302953,openrouter,0.9675,1.0,0.03249999999999997,70532,0.002292289999999998,0,consumer
3102,1787401798.1384578,openrouter,0.9675,1.0,0.03249999999999997,7351,0.0002389074999999998,0,consumer
3103,1787401846.3072696,openrouter,0.17500000000000002,1.0,0.825,7716,0.0063657,0,consumer
3104,1787401866.9090202,openrouter,0.17500000000000002,1.0,0.825,8453,0.006973724999999999,0,consumer
3105,1787401879.713528,openrouter,0.9675,1.0,0.03249999999999997,9013,0.0002929224999999998,0,consumer
3106,1787401979.0359795,openrouter,0.9675,1.0,0.03249999999999997,16050,0.0005216249999999995,0,consumer
3107,1787401983.4289174,openrouter,0.9675,1.0,0.03249999999999997,16605,0.0005396624999999995,0,consumer
3108,1787401987.706849,openrouter,0.9675,1.0,0.03249999999999997,16958,0.0005511349999999996,0,consumer
3109,1787401990.8719594,openrouter,0.9675,1.0,0.03249999999999997,18250,0.0005931249999999996,0,consumer
3110,1787402005.4591813,openrouter,0.9675,1.0,0.03249999999999997,19850,0.0006451249999999994,0,consumer
3111,1787402023.25869,openrouter,0.9675,1.0,0.03249999999999997,49590,0.0016116749999999986,0,consumer
3112,1787402026.3310792,openrouter,0.9675,1.0,0.03249999999999997,50389,0.0016376424999999986,0,consumer
3113,1787402030.1009996,openrouter,0.9675,1.0,0.03249999999999997,50499,0.0016412174999999986,0,consumer
3114,1787402091.7885046,openrouter,0.9675,1.0,0.03249999999999997,20996,0.0006823699999999994,0,consumer
3115,1787402105.3488712,openrouter,0.9675,1.0,0.03249999999999997,53656,0.0017438199999999986,0,consumer
3116,1787402161.4000642,openrouter,0.9675,1.0,0.03249999999999997,21444,0.0006969299999999994,0,consumer
3117,1787402172.1813533,openrouter,0.9675,1.0,0.03249999999999997,54055,0.0017567874999999985,0,consumer
3118,1787402228.2796462,openrouter,0.9675,1.0,0.03249999999999997,23224,0.0007547799999999994,0,consumer
3119,1787402231.4902287,openrouter,0.9675,1.0,0.03249999999999997,61138,0.0019869849999999984,0,consumer
3120,1787402262.3087575,openrouter,0.17500000000000002,1.0,0.825,35989,0.029690925,0,consumer
3121,1787402287.521289,openrouter,0.9675,1.0,0.03249999999999997,24897,0.0008091524999999994,0,consumer
3122,1787402288.5815864,openrouter,0.9675,1.0,0.03249999999999997,63913,0.0020771724999999984,0,consumer
3123,1787402308.8339894,openrouter,0.9675,1.0,0.03249999999999997,65545,0.0021302124999999983,0,consumer
3124,1787402335.6590421,openrouter,0.9675,1.0,0.03249999999999997,25092,0.0008154899999999993,0,consumer
3125,1787402355.207441,openrouter,0.9675,1.0,0.03249999999999997,65910,0.0021420749999999985,0,consumer
3126,1787402377.6623995,openrouter,0.9675,1.0,0.03249999999999997,25324,0.0008230299999999993,0,consumer
3127,1787402413.6075919,openrouter,0.9675,1.0,0.03249999999999997,68168,0.002215459999999998,0,consumer
3128,1787402414.6565275,openrouter,0.9675,1.0,0.03249999999999997,25411,0.0008258574999999992,0,consumer
3129,1787402453.3238325,openrouter,0.9675,1.0,0.03249999999999997,25620,0.0008326499999999993,0,consumer
3130,1787402494.9858623,openrouter,0.9675,1.0,0.03249999999999997,25724,0.0008360299999999993,0,consumer
3131,1787402497.588807,openrouter,0.9675,1.0,0.03249999999999997,25847,0.0008400274999999993,0,consumer
3132,1787402500.2087798,openrouter,0.9675,1.0,0.03249999999999997,67411,0.002190857499999998,0,consumer
3133,1787402507.1948607,openrouter,0.9675,1.0,0.03249999999999997,67823,0.0022042474999999983,0,consumer
3134,1787402507.7106903,openrouter,0.9675,1.0,0.03249999999999997,26594,0.0008643049999999992,0,consumer
3135,1787402514.2235954,openrouter,0.9675,1.0,0.03249999999999997,72974,0.002371654999999998,0,consumer
3136,1787402514.2531497,openrouter,0.9675,1.0,0.03249999999999997,68874,0.0022384049999999984,0,consumer
3137,1787402517.7895675,openrouter,0.9675,1.0,0.03249999999999997,68991,0.002242207499999998,0,consumer
3138,1787402569.4041815,openrouter,0.9675,1.0,0.03249999999999997,70739,0.002299017499999998,0,consumer
3139,1787402580.0625272,openrouter,0.9675,1.0,0.03249999999999997,72287,0.002349327499999998,0,consumer
3140,1787402598.9544187,openrouter,0.9675,1.0,0.03249999999999997,11381,0.0003698824999999997,0,consumer
3141,1787402602.767073,openrouter,0.9675,1.0,0.03249999999999997,61022,0.0019832149999999982,0,consumer
3142,1787402607.4146364,openrouter,0.17500000000000002,1.0,0.825,8343,0.0068829749999999995,0,consumer
3143,1787402610.4615629,openrouter,0.9675,1.0,0.03249999999999997,61953,0.002013472499999998,0,consumer
3144,1787402611.1978807,openrouter,0.17500000000000002,1.0,0.825,7,5.775e-06,0,consumer
3145,1787402613.6919847,openrouter,0.17500000000000002,1.0,0.825,8540,0.0070455,0,consumer
3146,1787402618.7695394,openrouter,0.9675,1.0,0.03249999999999997,62681,0.0020371324999999985,0,consumer
3147,1787402625.953832,openrouter,0.9675,1.0,0.03249999999999997,72571,0.0023585574999999983,0,consumer
3148,1787402628.911349,openrouter,0.9675,1.0,0.03249999999999997,73090,0.002375424999999998,0,consumer
3149,1787402629.3100736,openrouter,0.9675,1.0,0.03249999999999997,63020,0.002048149999999998,0,consumer
3150,1787402634.7128344,openrouter,0.9675,1.0,0.03249999999999997,63725,0.0020710624999999983,0,consumer
3151,1787402638.4363394,openrouter,0.9675,1.0,0.03249999999999997,74114,0.002408704999999998,0,consumer
3152,1787402646.082534,openrouter,0.9675,1.0,0.03249999999999997,64234,0.002087604999999998,0,consumer
3153,1787402654.6858237,openrouter,0.9675,1.0,0.03249999999999997,75111,0.0024411074999999977,0,consumer
3154,1787402659.241891,openrouter,0.9675,1.0,0.03249999999999997,75186,0.002443544999999998,0,consumer
3155,1787402666.8930006,openrouter,0.9675,1.0,0.03249999999999997,75523,0.002454497499999998,0,consumer
3156,1787402673.8308103,openrouter,0.9675,1.0,0.03249999999999997,24610,0.0007998249999999993,0,consumer
3157,1787402681.7663293,openrouter,0.9675,1.0,0.03249999999999997,27241,0.0008853324999999993,0,consumer
3158,1787402685.0650086,openrouter,0.9675,1.0,0.03249999999999997,27577,0.0008962524999999992,0,consumer
3159,1787402685.2589111,openrouter,0.9675,1.0,0.03249999999999997,76724,0.0024935299999999977,0,consumer
3160,1787402689.2929912,openrouter,0.9675,1.0,0.03249999999999997,83567,0.002715927499999998,0,consumer
3161,1787402692.0453863,openrouter,0.9675,1.0,0.03249999999999997,90752,0.0029494399999999976,0,consumer
3162,1787402695.2505934,openrouter,0.9675,1.0,0.03249999999999997,96567,0.0031384274999999976,0,consumer
3163,1787402697.1236253,openrouter,0.9675,1.0,0.03249999999999997,30366,0.0009868949999999991,0,consumer
3164,1787402702.4746594,openrouter,0.9675,1.0,0.03249999999999997,64734,0.0021038549999999982,0,consumer
3165,1787402706.5385797,openrouter,0.9675,1.0,0.03249999999999997,102747,0.0033392774999999974,0,consumer
3166,1787402707.363672,openrouter,0.9675,1.0,0.03249999999999997,100467,0.0032651774999999973,0,consumer
3167,1787402709.1032228,openrouter,0.9675,1.0,0.03249999999999997,65039,0.002113767499999998,0,consumer
3168,1787402709.9900856,openrouter,0.9675,1.0,0.03249999999999997,34672,0.001126839999999999,0,consumer
3169,1787402712.3481822,openrouter,0.9675,1.0,0.03249999999999997,100646,0.003270994999999997,0,consumer
3170,1787402714.4235444,openrouter,0.9675,1.0,0.03249999999999997,100855,0.003277787499999997,0,consumer
3171,1787402714.5125093,openrouter,0.9675,1.0,0.03249999999999997,65542,0.0021301149999999984,0,consumer
3172,1787402717.536675,openrouter,0.9675,1.0,0.03249999999999997,103546,0.003365244999999997,0,consumer
3173,1787402723.7061677,openrouter,0.9675,1.0,0.03249999999999997,36179,0.0011758174999999989,0,consumer
3174,1787402726.6369088,openrouter,0.9675,1.0,0.03249999999999997,104286,0.0033892949999999975,0,consumer
3175,1787402731.5699222,openrouter,0.9675,1.0,0.03249999999999997,37609,0.0012222924999999991,0,consumer
3176,1787402731.6655827,openrouter,0.9675,1.0,0.03249999999999997,104639,0.003400767499999997,0,consumer
3177,1787402737.9226067,openrouter,0.9675,1.0,0.03249999999999997,39297,0.001277152499999999,0,consumer
3178,1787402740.7242863,openrouter,0.9675,1.0,0.03249999999999997,67135,0.002181887499999998,0,consumer
3179,1787402741.2469254,openrouter,0.9675,1.0,0.03249999999999997,39998,0.001299934999999999,0,consumer
3180,1787402743.1539905,openrouter,0.9675,1.0,0.03249999999999997,40144,0.001304679999999999,0,consumer
3181,1787402758.153781,openrouter,0.9675,1.0,0.03249999999999997,67213,0.002184422499999998,0,consumer
3182,1787402769.583505,openrouter,0.9675,1.0,0.03249999999999997,44193,0.0014362724999999988,0,consumer
3183,1787402769.5983639,openrouter,0.9675,1.0,0.03249999999999997,101830,0.003309474999999997,0,consumer
3184,1787402772.7232044,openrouter,0.9675,1.0,0.03249999999999997,44541,0.0014475824999999989,0,consumer
3185,1787402774.4944634,openrouter,0.9675,1.0,0.03249999999999997,102668,0.0033367099999999975,0,consumer
3186,1787402779.152969,openrouter,0.9675,1.0,0.03249999999999997,103818,0.003374084999999997,0,consumer
3187,1787402785.277104,openrouter,0.9675,1.0,0.03249999999999997,67576,0.002196219999999998,0,consumer
3188,1787402799.6305263,openrouter,0.9675,1.0,0.03249999999999997,67640,0.0021982999999999985,0,consumer
3189,1787402802.2776358,openrouter,0.9675,1.0,0.03249999999999997,45757,0.0014871024999999988,0,consumer
3190,1787402807.7883687,openrouter,0.9675,1.0,0.03249999999999997,68796,0.002235869999999998,0,consumer
3191,1787402809.5997565,openrouter,0.9675,1.0,0.03249999999999997,47806,0.0015536949999999988,0,consumer
3192,1787402812.983961,openrouter,0.9675,1.0,0.03249999999999997,69078,0.002245034999999998,0,consumer
3193,1787402814.1581314,openrouter,0.9675,1.0,0.03249999999999997,48528,0.0015771599999999987,0,consumer
3194,1787402816.2684813,openrouter,0.9675,1.0,0.03249999999999997,48939,0.0015905174999999987,0,consumer
3195,1787402819.6222925,openrouter,0.9675,1.0,0.03249999999999997,70545,0.002292712499999998,0,consumer
3196,1787402822.8568544,openrouter,0.9675,1.0,0.03249999999999997,50971,0.0016565574999999988,0,consumer
3197,1787402825.8578725,openrouter,0.9675,1.0,0.03249999999999997,51333,0.0016683224999999987,0,consumer
3198,1787402826.0791812,openrouter,0.9675,1.0,0.03249999999999997,70758,0.002299634999999998,0,consumer
3199,1787402830.1480174,openrouter,0.9675,1.0,0.03249999999999997,52492,0.0017059899999999986,0,consumer
3200,1787402836.1499763,openrouter,0.9675,1.0,0.03249999999999997,71565,0.0023258624999999977,0,consumer
3201,1787402838.6401865,openrouter,0.9675,1.0,0.03249999999999997,104365,0.003391862499999997,0,consumer
3202,1787402841.1438134,openrouter,0.9675,1.0,0.03249999999999997,104883,0.003408697499999997,0,consumer
3203,1787402842.932568,openrouter,0.9675,1.0,0.03249999999999997,71987,0.0023395774999999982,0,consumer
3204,1787402854.8468668,openrouter,0.9675,1.0,0.03249999999999997,72775,0.0023651874999999984,0,consumer
3205,1787402859.3851078,openrouter,0.9675,1.0,0.03249999999999997,72919,0.002369867499999998,0,consumer
3206,1787402863.5756032,openrouter,0.9675,1.0,0.03249999999999997,73258,0.002380884999999998,0,consumer
3207,1787402868.8345773,openrouter,0.9675,1.0,0.03249999999999997,73769,0.002397492499999998,0,consumer
3208,1787402873.1499455,openrouter,0.9675,1.0,0.03249999999999997,74210,0.002411824999999998,0,consumer
3209,1787402875.06157,openrouter,0.9675,1.0,0.03249999999999997,57294,0.0018620549999999985,0,consumer
3210,1787402878.461546,openrouter,0.9675,1.0,0.03249999999999997,58052,0.0018866899999999984,0,consumer
3211,1787402884.9159496,openrouter,0.9675,1.0,0.03249999999999997,59160,0.0019226999999999985,0,consumer
3212,1787402887.6401277,openrouter,0.9675,1.0,0.03249999999999997,59512,0.0019341399999999985,0,consumer
3213,1787402892.99317,openrouter,0.9675,1.0,0.03249999999999997,60016,0.0019505199999999983,0,consumer
3214,1787402896.207391,openrouter,0.9675,1.0,0.03249999999999997,60250,0.0019581249999999985,0,consumer
3215,1787402896.593329,openrouter,0.9675,1.0,0.03249999999999997,74929,0.0024351924999999977,0,consumer
3216,1787402898.926957,openrouter,0.9675,1.0,0.03249999999999997,60489,0.0019658924999999983,0,consumer
3217,1787402903.245933,openrouter,0.9675,1.0,0.03249999999999997,60701,0.0019727824999999986,0,consumer
3218,1787402909.2857783,openrouter,0.9675,1.0,0.03249999999999997,105401,0.003425532499999997,0,consumer
3219,1787402912.1488552,openrouter,0.9675,1.0,0.03249999999999997,105520,0.0034293999999999974,0,consumer
3220,1787402913.1463826,openrouter,0.9675,1.0,0.03249999999999997,61776,0.0020077199999999984,0,consumer
3221,1787402915.514684,openrouter,0.9675,1.0,0.03249999999999997,61900,0.0020117499999999983,0,consumer
3222,1787402917.631928,openrouter,0.9675,1.0,0.03249999999999997,62013,0.0020154224999999982,0,consumer
3223,1787402917.7113082,openrouter,0.9675,1.0,0.03249999999999997,106017,0.003445552499999997,0,consumer
3224,1787402922.4104564,openrouter,0.9675,1.0,0.03249999999999997,62752,0.0020394399999999983,0,consumer
3225,1787402924.91252,openrouter,0.9675,1.0,0.03249999999999997,106552,0.0034629399999999973,0,consumer
3226,1787402926.669659,openrouter,0.9675,1.0,0.03249999999999997,106899,0.003474217499999997,0,consumer
3227,1787402928.0468218,openrouter,0.9675,1.0,0.03249999999999997,404,1.3129999999999988e-05,0,consumer
3228,1787402929.7217295,openrouter,0.9675,1.0,0.03249999999999997,107063,0.003479547499999997,0,consumer
3229,1787402932.9476464,openrouter,0.9675,1.0,0.03249999999999997,107486,0.0034932949999999974,0,consumer
3230,1787402935.693978,openrouter,0.9675,1.0,0.03249999999999997,107634,0.0034981049999999974,0,consumer
3231,1787402941.5300283,openrouter,0.9675,1.0,0.03249999999999997,108225,0.0035173124999999974,0,consumer
3232,1787402961.683654,openrouter,0.9675,1.0,0.03249999999999997,107756,0.003502069999999997,0,consumer
3233,1787402965.5829432,openrouter,0.9675,1.0,0.03249999999999997,108212,0.0035168899999999973,0,consumer
3234,1787402973.09253,openrouter,0.9675,1.0,0.03249999999999997,57530,0.0018697249999999985,0,consumer
3235,1787403028.5702949,openrouter,0.9675,1.0,0.03249999999999997,110957,0.003606102499999997,0,consumer
3236,1787403032.2213645,openrouter,0.9675,1.0,0.03249999999999997,111486,0.003623294999999997,0,consumer
3237,1787403037.2791502,openrouter,0.9675,1.0,0.03249999999999997,112147,0.003644777499999997,0,consumer
3238,1787403046.313574,openrouter,0.9675,1.0,0.03249999999999997,74109,0.002408542499999998,0,consumer
3239,1787403066.307341,openrouter,0.9675,1.0,0.03249999999999997,72326,0.002350594999999998,0,consumer
3240,1787403068.889271,openrouter,0.9675,1.0,0.03249999999999997,92457,0.0030048524999999977,0,consumer
3241,1787403071.9186409,openrouter,0.9675,1.0,0.03249999999999997,72405,0.0023531624999999982,0,consumer
3242,1787403076.9828777,openrouter,0.9675,1.0,0.03249999999999997,72527,0.002357127499999998,0,consumer
3243,1787403086.2859821,openrouter,0.9675,1.0,0.03249999999999997,72665,0.002361612499999998,0,consumer
3244,1787403089.8887095,openrouter,0.9675,1.0,0.03249999999999997,94292,0.0030644899999999974,0,consumer
3245,1787403093.4068918,openrouter,0.9675,1.0,0.03249999999999997,94567,0.0030734274999999977,0,consumer
3246,1787403095.6684797,openrouter,0.9675,1.0,0.03249999999999997,94751,0.0030794074999999977,0,consumer
3247,1787403097.5525253,openrouter,0.9675,1.0,0.03249999999999997,94840,0.0030822999999999975,0,consumer
3248,1787403099.1542683,openrouter,0.9675,1.0,0.03249999999999997,94895,0.0030840874999999972,0,consumer
3249,1787403110.0538068,openrouter,0.9675,1.0,0.03249999999999997,73009,0.0023727924999999983,0,consumer
3250,1787403112.5708945,openrouter,0.9675,1.0,0.03249999999999997,114155,0.0037100374999999974,0,consumer
3251,1787403117.3559735,openrouter,0.9675,1.0,0.03249999999999997,73224,0.002379779999999998,0,consumer
3252,1787403123.4203784,openrouter,0.9675,1.0,0.03249999999999997,73372,0.002384589999999998,0,consumer
3253,1787403125.1138783,openrouter,0.9675,1.0,0.03249999999999997,115716,0.0037607699999999966,0,consumer
3254,1787403128.722065,openrouter,0.9675,1.0,0.03249999999999997,75637,0.002458202499999998,0,consumer
3255,1787403129.4611516,openrouter,0.9675,1.0,0.03249999999999997,115860,0.003765449999999997,0,consumer
3256,1787403131.423343,openrouter,0.9675,1.0,0.03249999999999997,115912,0.0037671399999999965,0,consumer
3257,1787403136.012714,openrouter,0.9675,1.0,0.03249999999999997,75799,0.002463467499999998,0,consumer
3258,1787403140.5887268,openrouter,0.9675,1.0,0.03249999999999997,76570,0.002488524999999998,0,consumer
3259,1787403144.2953951,openrouter,0.9675,1.0,0.03249999999999997,77944,0.002533179999999998,0,consumer
3260,1787403147.6850927,openrouter,0.9675,1.0,0.03249999999999997,78327,0.002545627499999998,0,consumer
3261,1787403151.8205748,openrouter,0.9675,1.0,0.03249999999999997,118668,0.0038567099999999967,0,consumer
3262,1787403151.9299788,openrouter,0.9675,1.0,0.03249999999999997,78459,0.0025499174999999976,0,consumer
3263,1787403155.6487167,openrouter,0.9675,1.0,0.03249999999999997,78898,0.0025641849999999975,0,consumer
3264,1787403160.142588,openrouter,0.9675,1.0,0.03249999999999997,79393,0.0025802724999999978,0,consumer
3265,1787403162.8165884,openrouter,0.9675,1.0,0.03249999999999997,119442,0.0038818649999999965,0,consumer
3266,1787403175.0001042,openrouter,0.9675,1.0,0.03249999999999997,96449,0.0031345924999999974,0,consumer
3267,1787403176.987573,openrouter,0.9675,1.0,0.03249999999999997,96545,0.0031377124999999975,0,consumer
3268,1787403188.8862185,openrouter,0.9675,1.0,0.03249999999999997,123300,0.004007249999999997,0,consumer
3269,1787403193.5968137,openrouter,0.9675,1.0,0.03249999999999997,123714,0.004020704999999997,0,consumer
3270,1787403228.1592476,openrouter,0.9675,1.0,0.03249999999999997,79479,0.0025830674999999977,0,consumer
3271,1787403229.413447,openrouter,0.9675,1.0,0.03249999999999997,120200,0.003906499999999997,0,consumer
3272,1787403290.4591644,openrouter,0.9675,1.0,0.03249999999999997,79670,0.0025892749999999977,0,consumer
3273,1787403355.757283,openrouter,0.9675,1.0,0.03249999999999997,80223,0.0026072474999999976,0,consumer
3274,1787403422.924925,openrouter,0.9675,1.0,0.03249999999999997,80698,0.002622684999999998,0,consumer
3275,1787403491.5979512,openrouter,0.9675,1.0,0.03249999999999997,80870,0.0026282749999999976,0,consumer
3276,1787403561.3361976,openrouter,0.9675,1.0,0.03249999999999997,81333,0.002643322499999998,0,consumer
3277,1787403633.9400527,openrouter,0.9675,1.0,0.03249999999999997,81642,0.002653364999999998,0,consumer
3278,1787403713.3536186,openrouter,0.9675,1.0,0.03249999999999997,81863,0.0026605474999999977,0,consumer
3279,1787403789.1134117,openrouter,0.9675,1.0,0.03249999999999997,82278,0.002674034999999998,0,consumer
3280,1787403871.9252486,openrouter,0.9675,1.0,0.03249999999999997,83077,0.002700002499999998,0,consumer
3281,1787403958.5785005,openrouter,0.9675,1.0,0.03249999999999997,69992,0.0022747399999999978,0,consumer
3282,1787403992.758285,openrouter,0.9675,1.0,0.03249999999999997,9357,0.00030410249999999973,0,consumer
3283,1787404001.2336607,openrouter,0.9675,1.0,0.03249999999999997,70303,0.002284847499999998,0,consumer
3284,1787404011.895264,openrouter,0.9675,1.0,0.03249999999999997,74795,0.002430837499999998,0,consumer
3285,1787404021.2429833,openrouter,0.9675,1.0,0.03249999999999997,75594,0.002456804999999998,0,consumer
3286,1787404044.9481082,openrouter,0.9675,1.0,0.03249999999999997,85828,0.0027894099999999974,0,consumer
3287,1787404053.1872478,openrouter,0.9675,1.0,0.03249999999999997,100171,0.003255557499999997,0,consumer
3288,1787404065.994951,openrouter,0.9675,1.0,0.03249999999999997,129687,0.004214827499999997,0,consumer
3289,1787404092.7366827,openrouter,0.9675,1.0,0.03249999999999997,133419,0.004336117499999997,0,consumer
3290,1787404099.7804868,openrouter,0.9675,1.0,0.03249999999999997,75734,0.0024613549999999984,0,consumer
3291,1787404104.7778113,openrouter,0.9675,1.0,0.03249999999999997,76119,0.002473867499999998,0,consumer
3292,1787404110.8358517,openrouter,0.9675,1.0,0.03249999999999997,76344,0.002481179999999998,0,consumer
3293,1787404119.3487,openrouter,0.9675,1.0,0.03249999999999997,76538,0.002487484999999998,0,consumer
3294,1787404130.237923,openrouter,0.9675,1.0,0.03249999999999997,77467,0.002517677499999998,0,consumer
3295,1787404136.88405,openrouter,0.9675,1.0,0.03249999999999997,77692,0.002524989999999998,0,consumer
3296,1787404147.0572398,openrouter,0.9675,1.0,0.03249999999999997,78016,0.0025355199999999977,0,consumer
3297,1787404154.3982332,openrouter,0.9675,1.0,0.03249999999999997,78392,0.002547739999999998,0,consumer
3298,1787404173.9432116,openrouter,0.9675,1.0,0.03249999999999997,133733,0.004346322499999997,0,consumer
3299,1787404179.7079055,openrouter,0.9675,1.0,0.03249999999999997,134668,0.004376709999999996,0,consumer
3300,1787404184.7685084,openrouter,0.9675,1.0,0.03249999999999997,135511,0.004404107499999996,0,consumer
3301,1787404191.9204366,openrouter,0.9675,1.0,0.03249999999999997,135865,0.0044156124999999965,0,consumer
3302,1787404234.409294,openrouter,0.9675,1.0,0.03249999999999997,78839,0.002562267499999998,0,consumer
3303,1787404319.469722,openrouter,0.9675,1.0,0.03249999999999997,79494,0.0025835549999999982,0,consumer
3304,1787404404.5495622,openrouter,0.9675,1.0,0.03249999999999997,80187,0.002606077499999998,0,consumer
3305,1787404472.1923335,openrouter,0.17500000000000002,1.0,0.825,8512,0.0070224,0,consumer
3306,1787404479.5203404,openrouter,0.17500000000000002,1.0,0.825,6,4.949999999999999e-06,0,consumer
3307,1787404490.830545,openrouter,0.9675,1.0,0.03249999999999997,80587,0.002619077499999998,0,consumer
3308,1787404583.7483015,openrouter,0.9675,1.0,0.03249999999999997,80792,0.002625739999999998,0,consumer
3309,1787404674.4287004,openrouter,0.9675,1.0,0.03249999999999997,81092,0.002635489999999998,0,consumer
3310,1787404768.0283926,openrouter,0.9675,1.0,0.03249999999999997,81423,0.0026462474999999976,0,consumer
3311,1787404863.9535112,openrouter,0.9675,1.0,0.03249999999999997,81941,0.0026630824999999978,0,consumer
3312,1787404961.0072446,openrouter,0.9675,1.0,0.03249999999999997,82129,0.002669192499999998,0,consumer
3313,1787405059.0611973,openrouter,0.9675,1.0,0.03249999999999997,82287,0.0026743274999999978,0,consumer
3314,1787405159.6448524,openrouter,0.9675,1.0,0.03249999999999997,82409,0.0026782924999999977,0,consumer
3315,1787405265.34506,openrouter,0.9675,1.0,0.03249999999999997,88200,0.0028664999999999975,0,consumer
3316,1787405374.7784042,openrouter,0.9675,1.0,0.03249999999999997,89257,0.0029008524999999978,0,consumer
3317,1787405483.1812668,openrouter,0.9675,1.0,0.03249999999999997,90096,0.0029281199999999976,0,consumer
3318,1787405609.8068006,openrouter,0.9675,1.0,0.03249999999999997,75042,0.002438864999999998,0,consumer
3319,1787405731.856245,openrouter,0.9675,1.0,0.03249999999999997,90551,0.0029429074999999974,0,consumer
3320,1787406342.9008737,openrouter,0.17500000000000002,1.0,0.825,7,5.775e-06,0,consumer
3321,1787408198.5896938,openrouter,0.17500000000000002,1.0,0.825,6,4.949999999999999e-06,0,consumer
3322,1787409217.7235956,openrouter,0.17500000000000002,1.0,0.825,7729,0.006376424999999999,0,consumer
3323,1787410061.6987796,openrouter,0.17500000000000002,1.0,0.825,6,4.949999999999999e-06,0,consumer
3324,1787410980.8770823,openrouter,0.9675,1.0,0.03249999999999997,74397,0.002417902499999998,0,consumer
3325,1787411955.952368,openrouter,0.17500000000000002,1.0,0.825,6,4.949999999999999e-06,0,consumer
3326,1787412745.3620017,openrouter,0.9675,1.0,0.03249999999999997,63917,0.0020773024999999985,0,consumer
3327,1787413797.251935,openrouter,0.17500000000000002,1.0,0.825,6,4.949999999999999e-06,0,consumer
3328,1787417531.5097556,openrouter,0.17500000000000002,1.0,0.825,6,4.949999999999999e-06,0,consumer
3329,1787417763.5101933,openrouter,0.9675,1.0,0.03249999999999997,108266,0.0035186449999999973,0,consumer
3330,1787418004.8435507,openrouter,0.9675,1.0,0.03249999999999997,23188,0.0007536099999999993,0,consumer
3331,1787418018.3247128,openrouter,0.9675,1.0,0.03249999999999997,865,2.8112499999999975e-05,0,consumer
3332,1787418043.5084596,openrouter,0.9675,1.0,0.03249999999999997,148208,0.0048167599999999955,0,consumer
3333,1787418068.5271232,openrouter,0.9675,1.0,0.03249999999999997,89283,0.0029016974999999975,0,consumer
3334,1787418077.314995,openrouter,0.9675,1.0,0.03249999999999997,80761,0.002624732499999998,0,consumer
3335,1787418082.6403952,openrouter,0.9675,1.0,0.03249999999999997,60542,0.0019676149999999985,0,consumer
3336,1787418088.0644472,openrouter,0.9675,1.0,0.03249999999999997,60740,0.0019740499999999985,0,consumer
3337,1787418089.6226034,openrouter,0.9675,1.0,0.03249999999999997,81314,0.002642704999999998,0,consumer
3338,1787418094.62082,openrouter,0.9675,1.0,0.03249999999999997,59066,0.0019196449999999985,0,consumer
3339,1787418099.993193,openrouter,0.9675,1.0,0.03249999999999997,61600,0.0020019999999999986,0,consumer
3340,1787418129.1969829,openrouter,0.9675,1.0,0.03249999999999997,24327,0.0007906274999999993,0,consumer
3341,1787418129.79765,openrouter,0.9675,1.0,0.03249999999999997,51578,0.0016762849999999987,0,consumer
3342,1787418132.9328613,openrouter,0.9675,1.0,0.03249999999999997,748,2.4309999999999982e-05,0,consumer
3343,1787418135.3973267,openrouter,0.9675,1.0,0.03249999999999997,29837,0.0009697024999999992,0,consumer
3344,1787418136.2938385,openrouter,0.9675,1.0,0.03249999999999997,1323,4.299749999999997e-05,0,consumer
3345,1787418143.9820337,openrouter,0.9675,1.0,0.03249999999999997,33757,0.001097102499999999,0,consumer
3346,1787418172.4553416,openrouter,0.9675,1.0,0.03249999999999997,36816,0.001196519999999999,0,consumer
3347,1787418179.9745166,openrouter,0.9675,1.0,0.03249999999999997,37543,0.0012201474999999989,0,consumer
3348,1787418202.4249868,openrouter,0.9675,1.0,0.03249999999999997,89589,0.0029116424999999974,0,consumer
3349,1787418257.9408088,openrouter,0.9675,1.0,0.03249999999999997,91887,0.0029863274999999976,0,consumer
3350,1787418273.0776308,openrouter,0.9675,1.0,0.03249999999999997,1804,5.862999999999995e-05,0,consumer
3351,1787418298.9282172,openrouter,0.9675,1.0,0.03249999999999997,1724,5.602999999999995e-05,0,consumer
3352,1787418299.6716228,openrouter,0.9675,1.0,0.03249999999999997,58710,0.0019080749999999984,0,consumer
3353,1787418309.2509098,openrouter,0.9675,1.0,0.03249999999999997,1323,4.299749999999997e-05,0,consumer
3354,1787418322.279521,openrouter,0.9675,1.0,0.03249999999999997,89772,0.0029175899999999973,0,consumer
3355,1787418331.5453968,openrouter,0.9675,1.0,0.03249999999999997,1745,5.6712499999999955e-05,0,consumer
3356,1787418345.2565322,openrouter,0.9675,1.0,0.03249999999999997,23627,0.0007678774999999993,0,consumer
3357,1787418345.310267,openrouter,0.9675,1.0,0.03249999999999997,24630,0.0008004749999999994,0,consumer
3358,1787418345.317757,openrouter,0.9675,1.0,0.03249999999999997,23553,0.0007654724999999994,0,consumer
3359,1787418345.599749,openrouter,0.9675,1.0,0.03249999999999997,24701,0.0008027824999999993,0,consumer
3360,1787418348.981086,openrouter,0.9675,1.0,0.03249999999999997,24961,0.0008112324999999994,0,consumer
3361,1787418349.4734933,openrouter,0.9675,1.0,0.03249999999999997,24717,0.0008033024999999993,0,consumer
3362,1787418349.7332547,openrouter,0.9675,1.0,0.03249999999999997,24010,0.0007803249999999994,0,consumer
3363,1787418351.0849662,openrouter,0.9675,1.0,0.03249999999999997,25320,0.0008228999999999993,0,consumer
3364,1787418351.410086,openrouter,0.9675,1.0,0.03249999999999997,30404,0.0009881299999999992,0,consumer
3365,1787418352.6246293,openrouter,0.9675,1.0,0.03249999999999997,25450,0.0008271249999999993,0,consumer
3366,1787418352.6505628,openrouter,0.9675,1.0,0.03249999999999997,24920,0.0008098999999999992,0,consumer
3367,1787418354.4540436,openrouter,0.9675,1.0,0.03249999999999997,25385,0.0008250124999999994,0,consumer
3368,1787418355.0313728,openrouter,0.9675,1.0,0.03249999999999997,24553,0.0007979724999999994,0,consumer
3369,1787418356.1494575,openrouter,0.9675,1.0,0.03249999999999997,26538,0.0008624849999999993,0,consumer
3370,1787418357.2024086,openrouter,0.9675,1.0,0.03249999999999997,1600,5.1999999999999956e-05,0,consumer
3371,1787418357.3248763,openrouter,0.9675,1.0,0.03249999999999997,25537,0.0008299524999999993,0,consumer
3372,1787418357.6045668,openrouter,0.9675,1.0,0.03249999999999997,35711,0.001160607499999999,0,consumer
3373,1787418359.0305057,openrouter,0.9675,1.0,0.03249999999999997,39720,0.001290899999999999,0,consumer
3374,1787418359.623586,openrouter,0.9675,1.0,0.03249999999999997,24694,0.0008025549999999994,0,consumer
3375,1787418359.8503823,openrouter,0.9675,1.0,0.03249999999999997,25933,0.0008428224999999993,0,consumer
3376,1787418365.2001789,openrouter,0.9675,1.0,0.03249999999999997,26984,0.0008769799999999993,0,consumer
3377,1787418365.3687518,openrouter,0.9675,1.0,0.03249999999999997,749,2.434249999999998e-05,0,consumer
3378,1787418367.4179516,openrouter,0.9675,1.0,0.03249999999999997,24857,0.0008078524999999993,0,consumer
3379,1787418369.055143,openrouter,0.9675,1.0,0.03249999999999997,26027,0.0008458774999999993,0,consumer
3380,1787418369.9287777,openrouter,0.9675,1.0,0.03249999999999997,53831,0.0017495074999999986,0,consumer
3381,1787418370.5706027,openrouter,0.9675,1.0,0.03249999999999997,27126,0.0008815949999999992,0,consumer
3382,1787418374.388739,openrouter,0.9675,1.0,0.03249999999999997,26950,0.0008758749999999993,0,consumer
3383,1787418374.562568,openrouter,0.9675,1.0,0.03249999999999997,38932,0.001265289999999999,0,consumer
3384,1787418375.2391114,openrouter,0.9675,1.0,0.03249999999999997,32587,0.0010590774999999992,0,consumer
3385,1787418375.483718,openrouter,0.9675,1.0,0.03249999999999997,1057,3.435249999999997e-05,0,consumer
3386,1787418375.9157143,openrouter,0.9675,1.0,0.03249999999999997,282,9.164999999999993e-06,0,consumer
3387,1787418376.078172,openrouter,0.9675,1.0,0.03249999999999997,1527,4.9627499999999965e-05,0,consumer
3388,1787418377.4231856,openrouter,0.9675,1.0,0.03249999999999997,27036,0.0008786699999999993,0,consumer
3389,1787418380.6240072,openrouter,0.9675,1.0,0.03249999999999997,27907,0.0009069774999999993,0,consumer
3390,1787418381.5981216,openrouter,0.9675,1.0,0.03249999999999997,62302,0.0020248149999999984,0,consumer
3391,1787418382.6370323,openrouter,0.9675,1.0,0.03249999999999997,33622,0.001092714999999999,0,consumer
3392,1787418384.2835553,openrouter,0.9675,1.0,0.03249999999999997,1128,3.665999999999997e-05,0,consumer
3393,1787418384.4389815,openrouter,0.9675,1.0,0.03249999999999997,28048,0.0009115599999999993,0,consumer
3394,1787418385.934339,openrouter,0.9675,1.0,0.03249999999999997,34506,0.0011214449999999991,0,consumer
3395,1787418386.0568118,openrouter,0.9675,1.0,0.03249999999999997,33474,0.001087904999999999,0,consumer
3396,1787418388.6036267,openrouter,0.9675,1.0,0.03249999999999997,34951,0.001135907499999999,0,consumer
3397,1787418388.7017589,openrouter,0.9675,1.0,0.03249999999999997,28833,0.0009370724999999991,0,consumer
3398,1787418389.371334,openrouter,0.9675,1.0,0.03249999999999997,44719,0.0014533674999999988,0,consumer
3399,1787418389.8622613,openrouter,0.9675,1.0,0.03249999999999997,27351,0.0008889074999999993,0,consumer
3400,1787418390.507712,openrouter,0.9675,1.0,0.03249999999999997,33693,0.001095022499999999,0,consumer
3401,1787418392.1647677,openrouter,0.9675,1.0,0.03249999999999997,35019,0.0011381174999999992,0,consumer
3402,1787418392.8247228,openrouter,0.9675,1.0,0.03249999999999997,1266,4.1144999999999966e-05,0,consumer
3403,1787418393.5987492,openrouter,0.9675,1.0,0.03249999999999997,34344,0.0011161799999999992,0,consumer
3404,1787418397.2460325,openrouter,0.9675,1.0,0.03249999999999997,32258,0.0010483849999999991,0,consumer
3405,1787418398.6098416,openrouter,0.9675,1.0,0.03249999999999997,35016,0.0011380199999999991,0,consumer
3406,1787418398.829514,openrouter,0.9675,1.0,0.03249999999999997,46396,0.0015078699999999988,0,consumer
3407,1787418400.3482196,openrouter,0.9675,1.0,0.03249999999999997,82758,0.002689634999999998,0,consumer
3408,1787418401.9549704,openrouter,0.9675,1.0,0.03249999999999997,35555,0.001155537499999999,0,consumer
3409,1787418402.187796,openrouter,0.9675,1.0,0.03249999999999997,32965,0.001071362499999999,0,consumer
3410,1787418403.052363,openrouter,0.9675,1.0,0.03249999999999997,47134,0.0015318549999999986,0,consumer
3411,1787418404.9743927,openrouter,0.9675,1.0,0.03249999999999997,47533,0.0015448224999999986,0,consumer
3412,1787418406.0786312,openrouter,0.9675,1.0,0.03249999999999997,41527,0.0013496274999999988,0,consumer
3413,1787418408.6647573,openrouter,0.9675,1.0,0.03249999999999997,36573,0.001188622499999999,0,consumer
3414,1787418408.7066467,openrouter,0.9675,1.0,0.03249999999999997,1324,4.3029999999999966e-05,0,consumer
3415,1787418409.8812158,openrouter,0.9675,1.0,0.03249999999999997,47701,0.0015502824999999987,0,consumer
3416,1787418413.5880177,openrouter,0.9675,1.0,0.03249999999999997,48354,0.0015715049999999986,0,consumer
3417,1787418415.7190332,openrouter,0.9675,1.0,0.03249999999999997,37877,0.001231002499999999,0,consumer
3418,1787418416.8556082,openrouter,0.9675,1.0,0.03249999999999997,48881,0.0015886324999999988,0,consumer
3419,1787418418.1592963,openrouter,0.9675,1.0,0.03249999999999997,37965,0.0012338624999999992,0,consumer
3420,1787418419.296906,openrouter,0.9675,1.0,0.03249999999999997,80887,0.0026288274999999982,0,consumer
3421,1787418420.0404592,openrouter,0.9675,1.0,0.03249999999999997,49312,0.0016026399999999987,0,consumer
3422,1787418422.0142906,openrouter,0.9675,1.0,0.03249999999999997,258,8.384999999999993e-06,0,consumer
3423,1787418422.1198936,openrouter,0.9675,1.0,0.03249999999999997,81039,0.0026337674999999975,0,consumer
3424,1787418422.335723,openrouter,0.9675,1.0,0.03249999999999997,38960,0.001266199999999999,0,consumer
3425,1787418424.8488793,openrouter,0.9675,1.0,0.03249999999999997,39051,0.0012691574999999988,0,consumer
3426,1787418429.7923138,openrouter,0.9675,1.0,0.03249999999999997,40740,0.001324049999999999,0,consumer
3427,1787418430.9830167,openrouter,0.9675,1.0,0.03249999999999997,2357,7.660249999999994e-05,0,consumer
3428,1787418437.6671393,openrouter,0.9675,1.0,0.03249999999999997,48821,0.0015866824999999987,0,consumer
3429,1787418439.9192038,openrouter,0.9675,1.0,0.03249999999999997,81676,0.002654469999999998,0,consumer
3430,1787418440.0582771,openrouter,0.9675,1.0,0.03249999999999997,48648,0.0015810599999999987,0,consumer
3431,1787418441.3075228,openrouter,0.9675,1.0,0.03249999999999997,51299,0.0016672174999999986,0,consumer
3432,1787418441.7783103,openrouter,0.9675,1.0,0.03249999999999997,1705,5.541249999999995e-05,0,consumer
3433,1787418445.9182909,openrouter,0.9675,1.0,0.03249999999999997,923,2.9997499999999975e-05,0,consumer
3434,1787418445.954093,openrouter,0.9675,1.0,0.03249999999999997,53259,0.0017309174999999987,0,consumer
3435,1787418446.8740604,openrouter,0.9675,1.0,0.03249999999999997,51328,0.0016681599999999986,0,consumer
3436,1787418449.9763613,openrouter,0.9675,1.0,0.03249999999999997,52032,0.0016910399999999987,0,consumer
3437,1787418450.1442785,openrouter,0.9675,1.0,0.03249999999999997,82917,0.002694802499999998,0,consumer
3438,1787418454.2761216,openrouter,0.9675,1.0,0.03249999999999997,1030,3.3474999999999973e-05,0,consumer
3439,1787418459.1780162,openrouter,0.9675,1.0,0.03249999999999997,8814,0.00028645499999999975,0,consumer
3440,1787418461.6519685,openrouter,0.9675,1.0,0.03249999999999997,11176,0.0003632199999999997,0,consumer
3441,1787418466.1561513,openrouter,0.9675,1.0,0.03249999999999997,54528,0.0017721599999999985,0,consumer
3442,1787418468.0828655,openrouter,0.9675,1.0,0.03249999999999997,54890,0.0017839249999999985,0,consumer
3443,1787418469.4998133,openrouter,0.9675,1.0,0.03249999999999997,1340,4.354999999999996e-05,0,consumer
3444,1787418470.6014025,openrouter,0.9675,1.0,0.03249999999999997,35005,0.001137662499999999,0,consumer
3445,1787418471.1753697,openrouter,0.9675,1.0,0.03249999999999997,69770,0.002267524999999998,0,consumer
3446,1787418471.2566812,openrouter,0.9675,1.0,0.03249999999999997,79764,0.0025923299999999977,0,consumer
3447,1787418472.9792128,openrouter,0.9675,1.0,0.03249999999999997,246,7.994999999999994e-06,0,consumer
3448,1787418474.1523194,openrouter,0.9675,1.0,0.03249999999999997,55870,0.0018157749999999984,0,consumer
3449,1787418475.61071,openrouter,0.9675,1.0,0.03249999999999997,56555,0.0018380374999999985,0,consumer
3450,1787418476.7358685,openrouter,0.9675,1.0,0.03249999999999997,24693,0.0008025224999999994,0,consumer
3451,1787418476.9077454,openrouter,0.9675,1.0,0.03249999999999997,863,2.804749999999998e-05,0,consumer
3452,1787418477.3893223,openrouter,0.9675,1.0,0.03249999999999997,24579,0.0007988174999999994,0,consumer
3453,1787418477.4046612,openrouter,0.9675,1.0,0.03249999999999997,80054,0.0026017549999999977,0,consumer
3454,1787418478.1973958,openrouter,0.9675,1.0,0.03249999999999997,56952,0.0018509399999999984,0,consumer
3455,1787418479.728778,openrouter,0.9675,1.0,0.03249999999999997,57322,0.0018629649999999985,0,consumer
3456,1787418481.214654,openrouter,0.9675,1.0,0.03249999999999997,57435,0.0018666374999999984,0,consumer
3457,1787418481.9053752,openrouter,0.9675,1.0,0.03249999999999997,27735,0.0009013874999999992,0,consumer
3458,1787418482.3214412,openrouter,0.9675,1.0,0.03249999999999997,34930,0.001135224999999999,0,consumer
3459,1787418484.8162246,openrouter,0.9675,1.0,0.03249999999999997,58003,0.0018850974999999985,0,consumer
3460,1787418484.9052057,openrouter,0.9675,1.0,0.03249999999999997,39223,0.001274747499999999,0,consumer
3461,1787418484.9358394,openrouter,0.9675,1.0,0.03249999999999997,80508,0.002616509999999998,0,consumer
3462,1787418486.4035692,openrouter,0.9675,1.0,0.03249999999999997,27447,0.0008920274999999992,0,consumer
3463,1787418487.352876,openrouter,0.9675,1.0,0.03249999999999997,58094,0.0018880549999999985,0,consumer
3464,1787418489.4045053,openrouter,0.9675,1.0,0.03249999999999997,58543,0.0019026474999999984,0,consumer
3465,1787418489.7963753,openrouter,0.9675,1.0,0.03249999999999997,80637,0.002620702499999998,0,consumer
3466,1787418492.927239,openrouter,0.9675,1.0,0.03249999999999997,70467,0.002290177499999998,0,consumer
3467,1787418494.2876124,openrouter,0.9675,1.0,0.03249999999999997,80820,0.0026266499999999977,0,consumer
3468,1787418496.3189275,openrouter,0.9675,1.0,0.03249999999999997,59992,0.0019497399999999984,0,consumer
3469,1787418497.0057187,openrouter,0.9675,1.0,0.03249999999999997,46129,0.0014991924999999988,0,consumer
3470,1787418497.387441,openrouter,0.9675,1.0,0.03249999999999997,1834,5.9604999999999955e-05,0,consumer
3471,1787418498.5100954,openrouter,0.9675,1.0,0.03249999999999997,43500,0.0014137499999999988,0,consumer
3472,1787418498.54321,openrouter,0.9675,1.0,0.03249999999999997,60182,0.001955914999999998,0,consumer
3473,1787418500.3956554,openrouter,0.9675,1.0,0.03249999999999997,44145,0.0014347124999999987,0,consumer
3474,1787418501.8865385,openrouter,0.9675,1.0,0.03249999999999997,62304,0.0020248799999999984,0,consumer
3475,1787418502.767013,openrouter,0.9675,1.0,0.03249999999999997,44871,0.0014583074999999987,0,consumer
3476,1787418506.130533,openrouter,0.9675,1.0,0.03249999999999997,80966,0.0026313949999999977,0,consumer
3477,1787418506.5338798,openrouter,0.9675,1.0,0.03249999999999997,57168,0.0018579599999999983,0,consumer
3478,1787418507.05798,openrouter,0.9675,1.0,0.03249999999999997,1268,4.1209999999999966e-05,0,consumer
3479,1787418508.9339457,openrouter,0.9675,1.0,0.03249999999999997,2006,6.519499999999995e-05,0,consumer
3480,1787418509.6911323,openrouter,0.9675,1.0,0.03249999999999997,62604,0.002034629999999998,0,consumer
3481,1787418511.754219,openrouter,0.9675,1.0,0.03249999999999997,60003,0.0019500974999999985,0,consumer
3482,1787418512.1601303,openrouter,0.9675,1.0,0.03249999999999997,939,3.0517499999999973e-05,0,consumer
3483,1787418512.7294188,openrouter,0.9675,1.0,0.03249999999999997,62735,0.002038887499999998,0,consumer
3484,1787418513.5255291,openrouter,0.9675,1.0,0.03249999999999997,73124,0.002376529999999998,0,consumer
3485,1787418513.6395874,openrouter,0.9675,1.0,0.03249999999999997,45692,0.001484989999999999,0,consumer
3486,1787418515.0357392,openrouter,0.9675,1.0,0.03249999999999997,1129,3.669249999999997e-05,0,consumer
3487,1787418516.189248,openrouter,0.9675,1.0,0.03249999999999997,62906,0.0020444449999999985,0,consumer
3488,1787418518.8034034,openrouter,0.9675,1.0,0.03249999999999997,63037,0.0020487024999999983,0,consumer
3489,1787418519.6005526,openrouter,0.9675,1.0,0.03249999999999997,46276,0.0015039699999999986,0,consumer
3490,1787418520.7122455,openrouter,0.9675,1.0,0.03249999999999997,73797,0.002398402499999998,0,consumer
3491,1787418520.932391,openrouter,0.9675,1.0,0.03249999999999997,968,3.145999999999997e-05,0,consumer
3492,1787418523.0510533,openrouter,0.9675,1.0,0.03249999999999997,65354,0.0021240049999999983,0,consumer
3493,1787418524.4759135,openrouter,0.9675,1.0,0.03249999999999997,81098,0.002635684999999998,0,consumer
3494,1787418524.5136466,openrouter,0.9675,1.0,0.03249999999999997,73959,0.0024036674999999984,0,consumer
3495,1787418526.231352,openrouter,0.9675,1.0,0.03249999999999997,66131,0.0021492574999999983,0,consumer
3496,1787418530.388878,openrouter,0.9675,1.0,0.03249999999999997,58465,0.0019001124999999985,0,consumer
3497,1787418532.766801,openrouter,0.9675,1.0,0.03249999999999997,81260,0.002640949999999998,0,consumer
3498,1787418532.8003464,openrouter,0.9675,1.0,0.03249999999999997,1395,4.5337499999999964e-05,0,consumer
3499,1787418542.8477795,routstrd,0.0007842462463260619,0.0010195201202238804,0.0002352738738978185,81260,1.911835499293674e-05,0,consumer
3500,1787418542.855653,routstrd,0.0007842462463260619,0.0010195201202238804,0.0002352738738978185,81260,1.911835499293674e-05,0,consumer
3501,1787418542.8590393,openrouter,0.9675,1.0,0.03249999999999997,1988,6.460999999999994e-05,0,consumer
3502,1787418542.8646274,routstrd,0.0007842462463260619,0.0010195201202238804,0.0002352738738978185,81260,1.911835499293674e-05,0,consumer
3503,1787418542.9046903,routstrd,0.0007842462463260619,0.0010195201202238804,0.0002352738738978185,81260,1.911835499293674e-05,0,consumer
3504,1787418542.9136958,openrouter,0.9675,1.0,0.03249999999999997,68201,0.002216532499999998,0,consumer
3505,1787418542.9139879,routstrd,0.0007842462463260619,0.0010195201202238804,0.0002352738738978185,81260,1.911835499293674e-05,0,consumer
3506,1787418542.9161685,routstrd,0.0007842462463260619,0.0010195201202238804,0.0002352738738978185,81260,1.911835499293674e-05,0,consumer
3507,1787418542.9174013,routstrd,0.0007842462463260619,0.0010195201202238804,0.0002352738738978185,81260,1.911835499293674e-05,0,consumer
3508,1787418542.9186592,routstrd,0.0007842462463260619,0.0010195201202238804,0.0002352738738978185,81260,1.911835499293674e-05,0,consumer
3509,1787418542.9201715,routstrd,0.0007842462463260619,0.0010195201202238804,0.0002352738738978185,81260,1.911835499293674e-05,0,consumer
3510,1787418542.922475,routstrd,0.0007842462463260619,0.0010195201202238804,0.0002352738738978185,81260,1.911835499293674e-05,0,consumer
3511,1787418542.9254107,routstrd,0.0007842462463260619,0.0010195201202238804,0.0002352738738978185,81260,1.911835499293674e-05,0,consumer
3512,1787418542.9278588,routstrd,0.0007842462463260619,0.0010195201202238804,0.0002352738738978185,81260,1.911835499293674e-05,0,consumer
3513,1787418542.936653,routstrd,0.0007842462463260619,0.0010195201202238804,0.0002352738738978185,81260,1.911835499293674e-05,0,consumer
3514,1787418542.9390266,routstrd,0.0007842462463260619,0.0010195201202238804,0.0002352738738978185,81260,1.911835499293674e-05,0,consumer
3515,1787418542.94224,routstrd,0.0007842462463260619,0.0010195201202238804,0.0002352738738978185,81260,1.911835499293674e-05,0,consumer
3516,1787418542.9476283,routstrd,0.0007842462463260619,0.0010195201202238804,0.0002352738738978185,81260,1.911835499293674e-05,0,consumer
3517,1787418542.9919612,routstrd,0.0007842462463260619,0.0010195201202238804,0.0002352738738978185,81260,1.911835499293674e-05,0,consumer
3518,1787418542.993664,routstrd,0.0007842462463260619,0.0010195201202238804,0.0002352738738978185,81260,1.911835499293674e-05,0,consumer
3519,1787418542.9951367,routstrd,0.0007842462463260619,0.0010195201202238804,0.0002352738738978185,81260,1.911835499293674e-05,0,consumer
3520,1787418542.9968371,routstrd,0.0007842462463260619,0.0010195201202238804,0.0002352738738978185,81260,1.911835499293674e-05,0,consumer
3521,1787418542.9990504,routstrd,0.0007842462463260619,0.0010195201202238804,0.0002352738738978185,81260,1.911835499293674e-05,0,consumer
3522,1787418543.0006323,routstrd,0.0007842462463260619,0.0010195201202238804,0.0002352738738978185,81260,1.911835499293674e-05,0,consumer
3523,1787418543.0019212,routstrd,0.0007842462463260619,0.0010195201202238804,0.0002352738738978185,81260,1.911835499293674e-05,0,consumer
3524,1787418543.003816,routstrd,0.0007842462463260619,0.0010195201202238804,0.0002352738738978185,81260,1.911835499293674e-05,0,consumer
3525,1787418543.0050728,routstrd,0.0007842462463260619,0.0010195201202238804,0.0002352738738978185,81260,1.911835499293674e-05,0,consumer
3526,1787418543.0061405,routstrd,0.0007842462463260619,0.0010195201202238804,0.0002352738738978185,81260,1.911835499293674e-05,0,consumer
3527,1787418543.007067,routstrd,0.0007842462463260619,0.0010195201202238804,0.0002352738738978185,81260,1.911835499293674e-05,0,consumer
3528,1787418543.0080066,routstrd,0.0007842462463260619,0.0010195201202238804,0.0002352738738978185,81260,1.911835499293674e-05,0,consumer
3529,1787418543.0093453,routstrd,0.0007842462463260619,0.0010195201202238804,0.0002352738738978185,81260,1.911835499293674e-05,0,consumer
3530,1787418543.0115383,routstrd,0.0007842462463260619,0.0010195201202238804,0.0002352738738978185,81260,1.911835499293674e-05,0,consumer
3531,1787418543.0139256,routstrd,0.0007842462463260619,0.0010195201202238804,0.0002352738738978185,81260,1.911835499293674e-05,0,consumer
3532,1787418543.0155,routstrd,0.0007842462463260619,0.0010195201202238804,0.0002352738738978185,81260,1.911835499293674e-05,0,consumer
3533,1787418543.0176296,routstrd,0.0007842462463260619,0.0010195201202238804,0.0002352738738978185,81260,1.911835499293674e-05,0,consumer
3534,1787418543.019192,routstrd,0.0007842462463260619,0.0010195201202238804,0.0002352738738978185,81260,1.911835499293674e-05,0,consumer
3535,1787418543.020933,routstrd,0.0007842462463260619,0.0010195201202238804,0.0002352738738978185,81260,1.911835499293674e-05,0,consumer
3536,1787418543.0232365,routstrd,0.0007842462463260619,0.0010195201202238804,0.0002352738738978185,81260,1.911835499293674e-05,0,consumer
3537,1787418543.025006,routstrd,0.0007842462463260619,0.0010195201202238804,0.0002352738738978185,81260,1.911835499293674e-05,0,consumer
3538,1787418543.0267777,routstrd,0.0007842462463260619,0.0010195201202238804,0.0002352738738978185,81260,1.911835499293674e-05,0,consumer
3539,1787418543.0287912,routstrd,0.0007842462463260619,0.0010195201202238804,0.0002352738738978185,81260,1.911835499293674e-05,0,consumer
3540,1787418543.0305328,routstrd,0.0007842462463260619,0.0010195201202238804,0.0002352738738978185,81260,1.911835499293674e-05,0,consumer
3541,1787418543.0321205,routstrd,0.0007842462463260619,0.0010195201202238804,0.0002352738738978185,81260,1.911835499293674e-05,0,consumer
3542,1787418543.0339353,routstrd,0.0007842462463260619,0.0010195201202238804,0.0002352738738978185,81260,1.911835499293674e-05,0,consumer
3543,1787418543.0354488,routstrd,0.0007842462463260619,0.0010195201202238804,0.0002352738738978185,81260,1.911835499293674e-05,0,consumer
3544,1787418543.0368676,routstrd,0.0007842462463260619,0.0010195201202238804,0.0002352738738978185,81260,1.911835499293674e-05,0,consumer
3545,1787418543.0389025,routstrd,0.0007842462463260619,0.0010195201202238804,0.0002352738738978185,81260,1.911835499293674e-05,0,consumer
3546,1787418543.0399845,routstrd,0.0007842462463260619,0.0010195201202238804,0.0002352738738978185,81260,1.911835499293674e-05,0,consumer
3547,1787418543.0424998,routstrd,0.0007842462463260619,0.0010195201202238804,0.0002352738738978185,81260,1.911835499293674e-05,0,consumer
3548,1787418543.0440593,routstrd,0.0007842462463260619,0.0010195201202238804,0.0002352738738978185,81260,1.911835499293674e-05,0,consumer
3549,1787418543.0456786,routstrd,0.0007842462463260619,0.0010195201202238804,0.0002352738738978185,81260,1.911835499293674e-05,0,consumer
3550,1787418543.0473416,routstrd,0.0007842462463260619,0.0010195201202238804,0.0002352738738978185,81260,1.911835499293674e-05,0,consumer
3551,1787418543.0489464,routstrd,0.0007842462463260619,0.0010195201202238804,0.0002352738738978185,81260,1.911835499293674e-05,0,consumer
3552,1787418545.42282,openrouter,0.9675,1.0,0.03249999999999997,58894,0.0019140549999999985,0,consumer
3553,1787418545.424327,routstrd,0.0007842462463260619,0.0010195201202238804,0.0002352738738978185,58894,1.3856219529338131e-05,0,consumer
3554,1787418545.4257965,routstrd,0.0007842462463260619,0.0010195201202238804,0.0002352738738978185,58894,1.3856219529338131e-05,0,consumer
3555,1787418545.4270651,routstrd,0.0007842462463260619,0.0010195201202238804,0.0002352738738978185,58894,1.3856219529338131e-05,0,consumer
3556,1787418545.428802,routstrd,0.0007842462463260619,0.0010195201202238804,0.0002352738738978185,58894,1.3856219529338131e-05,0,consumer
3557,1787418545.4300091,routstrd,0.0007842462463260619,0.0010195201202238804,0.0002352738738978185,58894,1.3856219529338131e-05,0,consumer
3558,1787418545.4313796,routstrd,0.0007842462463260619,0.0010195201202238804,0.0002352738738978185,58894,1.3856219529338131e-05,0,consumer
3559,1787418545.43282,routstrd,0.0007842462463260619,0.0010195201202238804,0.0002352738738978185,58894,1.3856219529338131e-05,0,consumer
3560,1787418545.4341164,routstrd,0.0007842462463260619,0.0010195201202238804,0.0002352738738978185,58894,1.3856219529338131e-05,0,consumer
3561,1787418545.4354837,routstrd,0.0007842462463260619,0.0010195201202238804,0.0002352738738978185,58894,1.3856219529338131e-05,0,consumer
3562,1787418545.4369664,routstrd,0.0007842462463260619,0.0010195201202238804,0.0002352738738978185,58894,1.3856219529338131e-05,0,consumer
3563,1787418545.4380949,routstrd,0.0007842462463260619,0.0010195201202238804,0.0002352738738978185,58894,1.3856219529338131e-05,0,consumer
3564,1787418545.4393854,routstrd,0.0007842462463260619,0.0010195201202238804,0.0002352738738978185,58894,1.3856219529338131e-05,0,consumer
3565,1787418545.4406881,routstrd,0.0007842462463260619,0.0010195201202238804,0.0002352738738978185,58894,1.3856219529338131e-05,0,consumer
3566,1787418545.4420779,routstrd,0.0007842462463260619,0.0010195201202238804,0.0002352738738978185,58894,1.3856219529338131e-05,0,consumer
3567,1787418545.4443414,routstrd,0.0007842462463260619,0.0010195201202238804,0.0002352738738978185,58894,1.3856219529338131e-05,0,consumer
3568,1787418547.2617462,openrouter,0.9675,1.0,0.03249999999999997,68685,0.002232262499999998,0,consumer
3569,1787418552.1543918,openrouter,0.9675,1.0,0.03249999999999997,81716,0.002655769999999998,0,consumer
3570,1787418555.8808463,openrouter,0.9675,1.0,0.03249999999999997,899,2.9217499999999976e-05,0,consumer
3571,1787418556.1187658,openrouter,0.9675,1.0,0.03249999999999997,74810,0.002431324999999998,0,consumer
3572,1787418556.1236906,routstrd,0.0007842462463260619,0.0010195201202238804,0.0002352738738978185,74810,1.760083850629581e-05,0,consumer
3573,1787418556.1264992,routstrd,0.0007842462463260619,0.0010195201202238804,0.0002352738738978185,74810,1.760083850629581e-05,0,consumer
3574,1787418556.1300118,routstrd,0.0007842462463260619,0.0010195201202238804,0.0002352738738978185,74810,1.760083850629581e-05,0,consumer
3575,1787418556.1332955,routstrd,0.0007842462463260619,0.0010195201202238804,0.0002352738738978185,74810,1.760083850629581e-05,0,consumer
3576,1787418556.1372278,routstrd,0.0007842462463260619,0.0010195201202238804,0.0002352738738978185,74810,1.760083850629581e-05,0,consumer
3577,1787418556.1398487,routstrd,0.0007842462463260619,0.0010195201202238804,0.0002352738738978185,74810,1.760083850629581e-05,0,consumer
3578,1787418556.1425762,routstrd,0.0007842462463260619,0.0010195201202238804,0.0002352738738978185,74810,1.760083850629581e-05,0,consumer
3579,1787418556.146586,routstrd,0.0007842462463260619,0.0010195201202238804,0.0002352738738978185,74810,1.760083850629581e-05,0,consumer
3580,1787418556.1492364,routstrd,0.0007842462463260619,0.0010195201202238804,0.0002352738738978185,74810,1.760083850629581e-05,0,consumer
3581,1787418556.1530428,routstrd,0.0007842462463260619,0.0010195201202238804,0.0002352738738978185,74810,1.760083850629581e-05,0,consumer
3582,1787418556.157064,routstrd,0.0007842462463260619,0.0010195201202238804,0.0002352738738978185,74810,1.760083850629581e-05,0,consumer
3583,1787418556.1609664,routstrd,0.0007842462463260619,0.0010195201202238804,0.0002352738738978185,74810,1.760083850629581e-05,0,consumer
3584,1787418556.1644108,routstrd,0.0007842462463260619,0.0010195201202238804,0.0002352738738978185,74810,1.760083850629581e-05,0,consumer
3585,1787418556.168275,routstrd,0.0007842462463260619,0.0010195201202238804,0.0002352738738978185,74810,1.760083850629581e-05,0,consumer
3586,1787418556.1725168,routstrd,0.0007842462463260619,0.0010195201202238804,0.0002352738738978185,74810,1.760083850629581e-05,0,consumer
3587,1787418556.182519,routstrd,0.0007842462463260619,0.0010195201202238804,0.0002352738738978185,74810,1.760083850629581e-05,0,consumer
3588,1787418556.1869636,routstrd,0.0007842462463260619,0.0010195201202238804,0.0002352738738978185,74810,1.760083850629581e-05,0,consumer
3589,1787418556.1900716,routstrd,0.0007842462463260619,0.0010195201202238804,0.0002352738738978185,74810,1.760083850629581e-05,0,consumer
3590,1787418556.1935773,routstrd,0.0007842462463260619,0.0010195201202238804,0.0002352738738978185,74810,1.760083850629581e-05,0,consumer
3591,1787418556.196542,routstrd,0.0007842462463260619,0.0010195201202238804,0.0002352738738978185,74810,1.760083850629581e-05,0,consumer
3592,1787418556.1998167,routstrd,0.0007842462463260619,0.0010195201202238804,0.0002352738738978185,74810,1.760083850629581e-05,0,consumer
3593,1787418556.2027686,routstrd,0.0007842462463260619,0.0010195201202238804,0.0002352738738978185,74810,1.760083850629581e-05,0,consumer
3594,1787418556.205821,routstrd,0.0007842462463260619,0.0010195201202238804,0.0002352738738978185,74810,1.760083850629581e-05,0,consumer
3595,1787418556.2091665,routstrd,0.0007842462463260619,0.0010195201202238804,0.0002352738738978185,74810,1.760083850629581e-05,0,consumer
3596,1787418556.2139766,routstrd,0.0007842462463260619,0.0010195201202238804,0.0002352738738978185,74810,1.760083850629581e-05,0,consumer
3597,1787418556.2170694,routstrd,0.0007842462463260619,0.0010195201202238804,0.0002352738738978185,74810,1.760083850629581e-05,0,consumer
3598,1787418556.2216635,routstrd,0.0007842462463260619,0.0010195201202238804,0.0002352738738978185,74810,1.760083850629581e-05,0,consumer
3599,1787418556.2765503,routstrd,0.0007842462463260619,0.0010195201202238804,0.0002352738738978185,74810,1.760083850629581e-05,0,consumer
3600,1787418556.2787702,routstrd,0.0007842462463260619,0.0010195201202238804,0.0002352738738978185,74810,1.760083850629581e-05,0,consumer
3601,1787418556.2817872,routstrd,0.0007842462463260619,0.0010195201202238804,0.0002352738738978185,74810,1.760083850629581e-05,0,consumer
3602,1787418556.2852135,routstrd,0.0007842462463260619,0.0010195201202238804,0.0002352738738978185,74810,1.760083850629581e-05,0,consumer
3603,1787418556.2878845,routstrd,0.0007842462463260619,0.0010195201202238804,0.0002352738738978185,74810,1.760083850629581e-05,0,consumer
3604,1787418556.2910736,routstrd,0.0007842462463260619,0.0010195201202238804,0.0002352738738978185,74810,1.760083850629581e-05,0,consumer
3605,1787418556.2936413,routstrd,0.0007842462463260619,0.0010195201202238804,0.0002352738738978185,74810,1.760083850629581e-05,0,consumer
3606,1787418556.2964394,routstrd,0.0007842462463260619,0.0010195201202238804,0.0002352738738978185,74810,1.760083850629581e-05,0,consumer
3607,1787418556.300263,routstrd,0.0007842462463260619,0.0010195201202238804,0.0002352738738978185,74810,1.760083850629581e-05,0,consumer
3608,1787418556.3035998,routstrd,0.0007842462463260619,0.0010195201202238804,0.0002352738738978185,74810,1.760083850629581e-05,0,consumer
3609,1787418556.3066645,routstrd,0.0007842462463260619,0.0010195201202238804,0.0002352738738978185,74810,1.760083850629581e-05,0,consumer
3610,1787418556.3103008,routstrd,0.0007842462463260619,0.0010195201202238804,0.0002352738738978185,74810,1.760083850629581e-05,0,consumer
3611,1787418556.3142915,routstrd,0.0007842462463260619,0.0010195201202238804,0.0002352738738978185,74810,1.760083850629581e-05,0,consumer
3612,1787418556.3174887,routstrd,0.0007842462463260619,0.0010195201202238804,0.0002352738738978185,74810,1.760083850629581e-05,0,consumer
3613,1787418556.321346,routstrd,0.0007842462463260619,0.0010195201202238804,0.0002352738738978185,74810,1.760083850629581e-05,0,consumer
3614,1787418556.3252797,routstrd,0.0007842462463260619,0.0010195201202238804,0.0002352738738978185,74810,1.760083850629581e-05,0,consumer
3615,1787418556.3307745,routstrd,0.0007842462463260619,0.0010195201202238804,0.0002352738738978185,74810,1.760083850629581e-05,0,consumer
3616,1787418556.3344882,routstrd,0.0007842462463260619,0.0010195201202238804,0.0002352738738978185,74810,1.760083850629581e-05,0,consumer
3617,1787418556.337733,routstrd,0.0007842462463260619,0.0010195201202238804,0.0002352738738978185,74810,1.760083850629581e-05,0,consumer
3618,1787418556.340715,routstrd,0.0007842462463260619,0.0010195201202238804,0.0002352738738978185,74810,1.760083850629581e-05,0,consumer
3619,1787418556.3429816,routstrd,0.0007842462463260619,0.0010195201202238804,0.0002352738738978185,74810,1.760083850629581e-05,0,consumer
3620,1787418556.3462915,routstrd,0.0007842462463260619,0.0010195201202238804,0.0002352738738978185,74810,1.760083850629581e-05,0,consumer
3621,1787418556.3495755,routstrd,0.0007842462463260619,0.0010195201202238804,0.0002352738738978185,74810,1.760083850629581e-05,0,consumer
3622,1787418556.3520694,routstrd,0.0007842462463260619,0.0010195201202238804,0.0002352738738978185,74810,1.760083850629581e-05,0,consumer
3623,1787418556.3559778,routstrd,0.0007842462463260619,0.0010195201202238804,0.0002352738738978185,74810,1.760083850629581e-05,0,consumer
3624,1787418556.3592055,routstrd,0.0007842462463260619,0.0010195201202238804,0.0002352738738978185,74810,1.760083850629581e-05,0,consumer
3625,1787418556.362609,routstrd,0.0007842462463260619,0.0010195201202238804,0.0002352738738978185,74810,1.760083850629581e-05,0,consumer
3626,1787418556.3654928,routstrd,0.0007842462463260619,0.0010195201202238804,0.0002352738738978185,74810,1.760083850629581e-05,0,consumer
3627,1787418556.367844,routstrd,0.0007842462463260619,0.0010195201202238804,0.0002352738738978185,74810,1.760083850629581e-05,0,consumer
3628,1787418556.3703468,routstrd,0.0007842462463260619,0.0010195201202238804,0.0002352738738978185,74810,1.760083850629581e-05,0,consumer
3629,1787418556.3737276,routstrd,0.0007842462463260619,0.0010195201202238804,0.0002352738738978185,74810,1.760083850629581e-05,0,consumer
3630,1787418556.379356,routstrd,0.0007842462463260619,0.0010195201202238804,0.0002352738738978185,74810,1.760083850629581e-05,0,consumer
3631,1787418556.3828125,routstrd,0.0007842462463260619,0.0010195201202238804,0.0002352738738978185,74810,1.760083850629581e-05,0,consumer
3632,1787418556.385363,routstrd,0.0007842462463260619,0.0010195201202238804,0.0002352738738978185,74810,1.760083850629581e-05,0,consumer
3633,1787418556.3890104,routstrd,0.0007842462463260619,0.0010195201202238804,0.0002352738738978185,74810,1.760083850629581e-05,0,consumer
3634,1787418556.3929896,routstrd,0.0007842462463260619,0.0010195201202238804,0.0002352738738978185,74810,1.760083850629581e-05,0,consumer
3635,1787418556.3966823,routstrd,0.0007842462463260619,0.0010195201202238804,0.0002352738738978185,74810,1.760083850629581e-05,0,consumer
3636,1787418556.3990881,routstrd,0.0007842462463260619,0.0010195201202238804,0.0002352738738978185,74810,1.760083850629581e-05,0,consumer
3637,1787418556.4016614,routstrd,0.0007842462463260619,0.0010195201202238804,0.0002352738738978185,74810,1.760083850629581e-05,0,consumer
3638,1787418556.4049642,routstrd,0.0007842462463260619,0.0010195201202238804,0.0002352738738978185,74810,1.760083850629581e-05,0,consumer
3639,1787418556.410711,routstrd,0.0007842462463260619,0.0010195201202238804,0.0002352738738978185,74810,1.760083850629581e-05,0,consumer
3640,1787418557.5773995,openrouter,0.9675,1.0,0.03249999999999997,81993,0.0026647724999999977,0,consumer
3641,1787418559.658392,openrouter,0.9675,1.0,0.03249999999999997,419,1.361749999999999e-05,0,consumer
3642,1787418560.9119134,openrouter,0.9675,1.0,0.03249999999999997,61346,0.001993744999999998,0,consumer
3643,1787418561.506902,openrouter,0.9675,1.0,0.03249999999999997,89830,0.0029194749999999978,0,consumer
3644,1787418561.5199075,routstrd,0.0007842462463260619,0.0010195201202238804,0.0002352738738978185,89830,2.1134652092241046e-05,0,consumer
3645,1787418561.5359244,routstrd,0.0007842462463260619,0.0010195201202238804,0.0002352738738978185,89830,2.1134652092241046e-05,0,consumer
3646,1787418561.5456865,routstrd,0.0007842462463260619,0.0010195201202238804,0.0002352738738978185,89830,2.1134652092241046e-05,0,consumer
3647,1787418561.5535665,routstrd,0.0007842462463260619,0.0010195201202238804,0.0002352738738978185,89830,2.1134652092241046e-05,0,consumer
3648,1787418561.5598187,routstrd,0.0007842462463260619,0.0010195201202238804,0.0002352738738978185,89830,2.1134652092241046e-05,0,consumer
3649,1787418561.570147,routstrd,0.0007842462463260619,0.0010195201202238804,0.0002352738738978185,89830,2.1134652092241046e-05,0,consumer
3650,1787418561.5788102,routstrd,0.0007842462463260619,0.0010195201202238804,0.0002352738738978185,89830,2.1134652092241046e-05,0,consumer
3651,1787418561.5902805,routstrd,0.0007842462463260619,0.0010195201202238804,0.0002352738738978185,89830,2.1134652092241046e-05,0,consumer
3652,1787418561.5981874,routstrd,0.0007842462463260619,0.0010195201202238804,0.0002352738738978185,89830,2.1134652092241046e-05,0,consumer
3653,1787418561.6062138,routstrd,0.0007842462463260619,0.0010195201202238804,0.0002352738738978185,89830,2.1134652092241046e-05,0,consumer
3654,1787418561.615499,routstrd,0.0007842462463260619,0.0010195201202238804,0.0002352738738978185,89830,2.1134652092241046e-05,0,consumer
3655,1787418561.6272721,routstrd,0.0007842462463260619,0.0010195201202238804,0.0002352738738978185,89830,2.1134652092241046e-05,0,consumer
3656,1787418562.0242746,openrouter,0.9675,1.0,0.03249999999999997,82159,0.0026701674999999978,0,consumer
3657,1787418562.8296115,openrouter,0.9675,1.0,0.03249999999999997,71857,0.002335352499999998,0,consumer
3658,1787418566.7796595,openrouter,0.9675,1.0,0.03249999999999997,685,2.2262499999999982e-05,0,consumer
3659,1787418575.456051,openrouter,0.9675,1.0,0.03249999999999997,1671,5.4307499999999954e-05,0,consumer
3660,1787418576.5105028,openrouter,0.9675,1.0,0.03249999999999997,82671,0.002686807499999998,0,consumer
3661,1787418582.051556,openrouter,0.9675,1.0,0.03249999999999997,1257,4.085249999999996e-05,0,consumer
3662,1787418583.7231464,openrouter,0.9675,1.0,0.03249999999999997,63597,0.0020669024999999982,0,consumer
3663,1787418585.0039008,openrouter,0.9675,1.0,0.03249999999999997,63648,0.002068559999999998,0,consumer
3664,1787418585.010807,openrouter,0.9675,1.0,0.03249999999999997,83007,0.0026977274999999976,0,consumer
3665,1787418586.244992,openrouter,0.9675,1.0,0.03249999999999997,427,1.3877499999999989e-05,0,consumer
3666,1787418589.6657689,openrouter,0.9675,1.0,0.03249999999999997,2346,7.624499999999993e-05,0,consumer
3667,1787418591.1326118,openrouter,0.9675,1.0,0.03249999999999997,92071,0.0029923074999999976,0,consumer
3668,1787418598.2632108,openrouter,0.9675,1.0,0.03249999999999997,44320,0.0014403999999999988,0,consumer
3669,1787418598.9145992,openrouter,0.9675,1.0,0.03249999999999997,66712,0.002168139999999998,0,consumer
3670,1787418602.8215458,openrouter,0.9675,1.0,0.03249999999999997,73042,0.002373864999999998,0,consumer
3671,1787418602.8343182,routstrd,0.0007842462463260619,,,73042,0.0,0,consumer
3672,1787418602.850071,routstrd,0.0007842462463260619,,,73042,0.0,0,consumer
3673,1787418602.8573866,routstrd,0.0007842462463260619,,,73042,0.0,0,consumer
3674,1787418602.8760931,routstrd,0.0007842462463260619,,,73042,0.0,0,consumer
3675,1787418602.9088075,routstrd,0.0007842462463260619,,,73042,0.0,0,consumer
3676,1787418602.9352577,routstrd,0.0007842462463260619,,,73042,0.0,0,consumer
3677,1787418602.9596903,routstrd,0.0007842462463260619,,,73042,0.0,0,consumer
3678,1787418602.9872928,routstrd,0.0007842462463260619,,,73042,0.0,0,consumer
3679,1787418603.0293944,routstrd,0.0007842462463260619,,,73042,0.0,0,consumer
3680,1787418603.0356812,routstrd,0.0007842462463260619,,,73042,0.0,0,consumer
3681,1787418603.0440195,routstrd,0.0007842462463260619,,,73042,0.0,0,consumer
3682,1787418603.081057,routstrd,0.0007842462463260619,,,73042,0.0,0,consumer
3683,1787418603.0953948,routstrd,0.0007842462463260619,,,73042,0.0,0,consumer
3684,1787418603.1125088,routstrd,0.0007842462463260619,,,73042,0.0,0,consumer
3685,1787418603.12324,routstrd,0.0007842462463260619,,,73042,0.0,0,consumer
3686,1787418603.137692,routstrd,0.0007842462463260619,,,73042,0.0,0,consumer
3687,1787418603.1883285,routstrd,0.0007842462463260619,,,73042,0.0,0,consumer
3688,1787418603.212347,routstrd,0.0007842462463260619,,,73042,0.0,0,consumer
3689,1787418603.226392,routstrd,0.0007842462463260619,,,73042,0.0,0,consumer
3690,1787418603.2599735,routstrd,0.0007842462463260619,,,73042,0.0,0,consumer
3691,1787418603.2940962,routstrd,0.0007842462463260619,,,73042,0.0,0,consumer
3692,1787418603.328188,routstrd,0.0007842462463260619,,,73042,0.0,0,consumer
3693,1787418603.3547812,routstrd,0.0007842462463260619,,,73042,0.0,0,consumer
3694,1787418603.3761115,routstrd,0.0007842462463260619,,,73042,0.0,0,consumer
3695,1787418603.3894756,routstrd,0.0007842462463260619,,,73042,0.0,0,consumer
3696,1787418603.4024863,routstrd,0.0007842462463260619,,,73042,0.0,0,consumer
3697,1787418603.4094946,routstrd,0.0007842462463260619,,,73042,0.0,0,consumer
3698,1787418603.4244928,routstrd,0.0007842462463260619,,,73042,0.0,0,consumer
3699,1787418603.4372797,routstrd,0.0007842462463260619,,,73042,0.0,0,consumer
3700,1787418603.4567125,routstrd,0.0007842462463260619,,,73042,0.0,0,consumer
3701,1787418603.463795,routstrd,0.0007842462463260619,,,73042,0.0,0,consumer
3702,1787418603.4718463,routstrd,0.0007842462463260619,,,73042,0.0,0,consumer
3703,1787418603.4880452,routstrd,0.0007842462463260619,,,73042,0.0,0,consumer
3704,1787418603.5019448,routstrd,0.0007842462463260619,,,73042,0.0,0,consumer
3705,1787418603.5182462,routstrd,0.0007842462463260619,,,73042,0.0,0,consumer
3706,1787418603.5310662,routstrd,0.0007842462463260619,,,73042,0.0,0,consumer
3707,1787418603.5379107,routstrd,0.0007842462463260619,,,73042,0.0,0,consumer
3708,1787418603.5441923,routstrd,0.0007842462463260619,,,73042,0.0,0,consumer
3709,1787418603.5558062,routstrd,0.0007842462463260619,,,73042,0.0,0,consumer
3710,1787418603.5768695,routstrd,0.0007842462463260619,,,73042,0.0,0,consumer
3711,1787418603.5948865,routstrd,0.0007842462463260619,,,73042,0.0,0,consumer
3712,1787418605.1351557,openrouter,0.9675,1.0,0.03249999999999997,7932,0.00025778999999999977,0,consumer
3713,1787418605.1476133,routstrd,0.0007842462463260619,,,7932,0.0,0,consumer
3714,1787418605.1570156,routstrd,0.0007842462463260619,,,7932,0.0,0,consumer
3715,1787418605.225543,routstrd,0.0007842462463260619,,,7932,0.0,0,consumer
3716,1787418605.2357326,routstrd,0.0007842462463260619,,,7932,0.0,0,consumer
3717,1787418605.2539356,routstrd,0.0007842462463260619,,,7932,0.0,0,consumer
3718,1787418605.2648807,routstrd,0.0007842462463260619,,,7932,0.0,0,consumer
3719,1787418605.283186,routstrd,0.0007842462463260619,,,7932,0.0,0,consumer
3720,1787418605.3047557,routstrd,0.0007842462463260619,,,7932,0.0,0,consumer
3721,1787418605.3248084,routstrd,0.0007842462463260619,,,7932,0.0,0,consumer
3722,1787418605.3416538,routstrd,0.0007842462463260619,,,7932,0.0,0,consumer
3723,1787418605.3509095,routstrd,0.0007842462463260619,,,7932,0.0,0,consumer
3724,1787418605.3571637,routstrd,0.0007842462463260619,,,7932,0.0,0,consumer
3725,1787418605.362209,routstrd,0.0007842462463260619,,,7932,0.0,0,consumer
3726,1787418605.3686101,routstrd,0.0007842462463260619,,,7932,0.0,0,consumer
3727,1787418605.3768365,routstrd,0.0007842462463260619,,,7932,0.0,0,consumer
3728,1787418605.3876712,routstrd,0.0007842462463260619,,,7932,0.0,0,consumer
3729,1787418605.3991191,routstrd,0.0007842462463260619,,,7932,0.0,0,consumer
3730,1787418605.4083266,routstrd,0.0007842462463260619,,,7932,0.0,0,consumer
3731,1787418605.4157152,routstrd,0.0007842462463260619,,,7932,0.0,0,consumer
3732,1787418605.4256806,routstrd,0.0007842462463260619,,,7932,0.0,0,consumer
3733,1787418605.433364,routstrd,0.0007842462463260619,,,7932,0.0,0,consumer
3734,1787418605.443196,routstrd,0.0007842462463260619,,,7932,0.0,0,consumer
3735,1787418605.451897,routstrd,0.0007842462463260619,,,7932,0.0,0,consumer
3736,1787418605.457403,routstrd,0.0007842462463260619,,,7932,0.0,0,consumer
3737,1787418605.4677858,routstrd,0.0007842462463260619,,,7932,0.0,0,consumer
3738,1787418605.4747608,routstrd,0.0007842462463260619,,,7932,0.0,0,consumer
3739,1787418605.484741,routstrd,0.0007842462463260619,,,7932,0.0,0,consumer
3740,1787418605.5029433,routstrd,0.0007842462463260619,,,7932,0.0,0,consumer
3741,1787418605.5154018,routstrd,0.0007842462463260619,,,7932,0.0,0,consumer
3742,1787418605.5306582,routstrd,0.0007842462463260619,,,7932,0.0,0,consumer
3743,1787418605.5334027,routstrd,0.0007842462463260619,,,7932,0.0,0,consumer
3744,1787418605.5349307,routstrd,0.0007842462463260619,,,7932,0.0,0,consumer
3745,1787418605.5462132,routstrd,0.0007842462463260619,,,7932,0.0,0,consumer
3746,1787418605.5474353,routstrd,0.0007842462463260619,,,7932,0.0,0,consumer
3747,1787418605.554969,routstrd,0.0007842462463260619,,,7932,0.0,0,consumer
3748,1787418605.568746,routstrd,0.0007842462463260619,,,7932,0.0,0,consumer
3749,1787418605.5751646,routstrd,0.0007842462463260619,,,7932,0.0,0,consumer
3750,1787418605.5816548,routstrd,0.0007842462463260619,,,7932,0.0,0,consumer
3751,1787418605.5911338,routstrd,0.0007842462463260619,,,7932,0.0,0,consumer
3752,1787418607.3822625,openrouter,0.9675,1.0,0.03249999999999997,46932,0.0015252899999999988,0,consumer
3753,1787418607.3839335,routstrd,0.0007842462463260619,,,46932,0.0,0,consumer
3754,1787418607.3856258,routstrd,0.0007842462463260619,,,46932,0.0,0,consumer
3755,1787418607.387009,routstrd,0.0007842462463260619,,,46932,0.0,0,consumer
3756,1787418607.3882706,routstrd,0.0007842462463260619,,,46932,0.0,0,consumer
3757,1787418607.3900888,routstrd,0.0007842462463260619,,,46932,0.0,0,consumer
3758,1787418607.3917916,routstrd,0.0007842462463260619,,,46932,0.0,0,consumer
3759,1787418607.3935854,routstrd,0.0007842462463260619,,,46932,0.0,0,consumer
3760,1787418607.3950047,routstrd,0.0007842462463260619,,,46932,0.0,0,consumer
3761,1787418607.3962622,routstrd,0.0007842462463260619,,,46932,0.0,0,consumer
3762,1787418607.3979874,routstrd,0.0007842462463260619,,,46932,0.0,0,consumer
3763,1787418607.4010518,routstrd,0.0007842462463260619,,,46932,0.0,0,consumer
3764,1787418607.4039133,routstrd,0.0007842462463260619,,,46932,0.0,0,consumer
3765,1787418607.4056902,routstrd,0.0007842462463260619,,,46932,0.0,0,consumer
3766,1787418607.4071417,routstrd,0.0007842462463260619,,,46932,0.0,0,consumer
3767,1787418607.4089048,routstrd,0.0007842462463260619,,,46932,0.0,0,consumer
3768,1787418607.41059,routstrd,0.0007842462463260619,,,46932,0.0,0,consumer
3769,1787418607.4120913,routstrd,0.0007842462463260619,,,46932,0.0,0,consumer
3770,1787418607.4136474,routstrd,0.0007842462463260619,,,46932,0.0,0,consumer
3771,1787418607.7313232,openrouter,0.9675,1.0,0.03249999999999997,1241,4.033249999999997e-05,0,consumer
3772,1787418612.1161823,openrouter,0.9675,1.0,0.03249999999999997,8829,0.0002869424999999998,0,consumer
3773,1787418612.2704353,openrouter,0.9675,1.0,0.03249999999999997,47552,0.0015454399999999986,0,consumer
3774,1787418612.7749841,openrouter,0.9675,1.0,0.03249999999999997,66932,0.002175289999999998,0,consumer
3775,1787418614.9155045,openrouter,0.9675,1.0,0.03249999999999997,48018,0.0015605849999999987,0,consumer
3776,1787418616.0520363,openrouter,0.9675,1.0,0.03249999999999997,475,1.543749999999999e-05,0,consumer
3777,1787418616.6413288,openrouter,0.9675,1.0,0.03249999999999997,83409,0.0027107924999999976,0,consumer
3778,1787418616.6463223,routstrd,0.0007842462463260619,,,83409,0.0,0,consumer
3779,1787418616.6491268,routstrd,0.0007842462463260619,,,83409,0.0,0,consumer
3780,1787418616.6520257,routstrd,0.0007842462463260619,,,83409,0.0,0,consumer
3781,1787418616.6566534,routstrd,0.0007842462463260619,,,83409,0.0,0,consumer
3782,1787418616.6616948,routstrd,0.0007842462463260619,,,83409,0.0,0,consumer
3783,1787418616.665925,routstrd,0.0007842462463260619,,,83409,0.0,0,consumer
3784,1787418616.6681185,routstrd,0.0007842462463260619,,,83409,0.0,0,consumer
3785,1787418616.6721246,routstrd,0.0007842462463260619,,,83409,0.0,0,consumer
3786,1787418616.6743572,routstrd,0.0007842462463260619,,,83409,0.0,0,consumer
3787,1787418616.677522,routstrd,0.0007842462463260619,,,83409,0.0,0,consumer
3788,1787418616.6823533,routstrd,0.0007842462463260619,,,83409,0.0,0,consumer
3789,1787418616.684224,routstrd,0.0007842462463260619,,,83409,0.0,0,consumer
3790,1787418616.6858776,routstrd,0.0007842462463260619,,,83409,0.0,0,consumer
3791,1787418616.687537,routstrd,0.0007842462463260619,,,83409,0.0,0,consumer
3792,1787418616.6895206,routstrd,0.0007842462463260619,,,83409,0.0,0,consumer
3793,1787418616.6916592,routstrd,0.0007842462463260619,,,83409,0.0,0,consumer
3794,1787418616.693221,routstrd,0.0007842462463260619,,,83409,0.0,0,consumer
3795,1787418616.6946936,routstrd,0.0007842462463260619,,,83409,0.0,0,consumer
3796,1787418616.7130172,routstrd,0.0007842462463260619,,,83409,0.0,0,consumer
3797,1787418616.7148857,routstrd,0.0007842462463260619,,,83409,0.0,0,consumer
3798,1787418616.7163339,routstrd,0.0007842462463260619,,,83409,0.0,0,consumer
3799,1787418616.7182815,routstrd,0.0007842462463260619,,,83409,0.0,0,consumer
3800,1787418616.719937,routstrd,0.0007842462463260619,,,83409,0.0,0,consumer
3801,1787418616.721317,routstrd,0.0007842462463260619,,,83409,0.0,0,consumer
3802,1787418616.723204,routstrd,0.0007842462463260619,,,83409,0.0,0,consumer
3803,1787418616.7920818,routstrd,0.0007842462463260619,,,83409,0.0,0,consumer
3804,1787418616.794165,routstrd,0.0007842462463260619,,,83409,0.0,0,consumer
3805,1787418616.7960453,routstrd,0.0007842462463260619,,,83409,0.0,0,consumer
3806,1787418616.7989001,routstrd,0.0007842462463260619,,,83409,0.0,0,consumer
3807,1787418616.801876,routstrd,0.0007842462463260619,,,83409,0.0,0,consumer
3808,1787418616.803774,routstrd,0.0007842462463260619,,,83409,0.0,0,consumer
3809,1787418616.8062372,routstrd,0.0007842462463260619,,,83409,0.0,0,consumer
3810,1787418616.8082988,routstrd,0.0007842462463260619,,,83409,0.0,0,consumer
3811,1787418616.810326,routstrd,0.0007842462463260619,,,83409,0.0,0,consumer
3812,1787418616.812982,routstrd,0.0007842462463260619,,,83409,0.0,0,consumer
3813,1787418616.8152907,routstrd,0.0007842462463260619,,,83409,0.0,0,consumer
3814,1787418616.818287,routstrd,0.0007842462463260619,,,83409,0.0,0,consumer
3815,1787418616.822767,routstrd,0.0007842462463260619,,,83409,0.0,0,consumer
3816,1787418616.8246207,routstrd,0.0007842462463260619,,,83409,0.0,0,consumer
3817,1787418616.8264418,routstrd,0.0007842462463260619,,,83409,0.0,0,consumer
3818,1787418616.8284483,routstrd,0.0007842462463260619,,,83409,0.0,0,consumer
3819,1787418616.8305185,routstrd,0.0007842462463260619,,,83409,0.0,0,consumer
3820,1787418616.8334527,routstrd,0.0007842462463260619,,,83409,0.0,0,consumer
3821,1787418616.836303,routstrd,0.0007842462463260619,,,83409,0.0,0,consumer
3822,1787418616.838699,routstrd,0.0007842462463260619,,,83409,0.0,0,consumer
3823,1787418616.8407233,routstrd,0.0007842462463260619,,,83409,0.0,0,consumer
3824,1787418616.842489,routstrd,0.0007842462463260619,,,83409,0.0,0,consumer
3825,1787418616.8443787,routstrd,0.0007842462463260619,,,83409,0.0,0,consumer
3826,1787418616.8465135,routstrd,0.0007842462463260619,,,83409,0.0,0,consumer
3827,1787418616.8493562,routstrd,0.0007842462463260619,,,83409,0.0,0,consumer
3828,1787418616.8519924,routstrd,0.0007842462463260619,,,83409,0.0,0,consumer
3829,1787418616.8547761,routstrd,0.0007842462463260619,,,83409,0.0,0,consumer
3830,1787418616.8574114,routstrd,0.0007842462463260619,,,83409,0.0,0,consumer
3831,1787418616.8594146,routstrd,0.0007842462463260619,,,83409,0.0,0,consumer
3832,1787418616.8619418,routstrd,0.0007842462463260619,,,83409,0.0,0,consumer
3833,1787418616.8637836,routstrd,0.0007842462463260619,,,83409,0.0,0,consumer
3834,1787418616.865531,routstrd,0.0007842462463260619,,,83409,0.0,0,consumer
3835,1787418616.86792,routstrd,0.0007842462463260619,,,83409,0.0,0,consumer
3836,1787418616.8704515,routstrd,0.0007842462463260619,,,83409,0.0,0,consumer
3837,1787418616.8724124,routstrd,0.0007842462463260619,,,83409,0.0,0,consumer
3838,1787418616.8744326,routstrd,0.0007842462463260619,,,83409,0.0,0,consumer
3839,1787418616.8763087,routstrd,0.0007842462463260619,,,83409,0.0,0,consumer
3840,1787418616.8783207,routstrd,0.0007842462463260619,,,83409,0.0,0,consumer
3841,1787418616.8806915,routstrd,0.0007842462463260619,,,83409,0.0,0,consumer
3842,1787418616.8830993,routstrd,0.0007842462463260619,,,83409,0.0,0,consumer
3843,1787418616.8853452,routstrd,0.0007842462463260619,,,83409,0.0,0,consumer
3844,1787418616.887608,routstrd,0.0007842462463260619,,,83409,0.0,0,consumer
3845,1787418616.8905349,routstrd,0.0007842462463260619,,,83409,0.0,0,consumer
3846,1787418616.8930104,routstrd,0.0007842462463260619,,,83409,0.0,0,consumer
3847,1787418616.8950272,routstrd,0.0007842462463260619,,,83409,0.0,0,consumer
3848,1787418616.8975382,routstrd,0.0007842462463260619,,,83409,0.0,0,consumer
3849,1787418616.8994172,routstrd,0.0007842462463260619,,,83409,0.0,0,consumer
3850,1787418616.9016476,routstrd,0.0007842462463260619,,,83409,0.0,0,consumer
3851,1787418616.9043617,routstrd,0.0007842462463260619,,,83409,0.0,0,consumer
3852,1787418616.907118,routstrd,0.0007842462463260619,,,83409,0.0,0,consumer
3853,1787418616.9097033,routstrd,0.0007842462463260619,,,83409,0.0,0,consumer
3854,1787418616.911699,routstrd,0.0007842462463260619,,,83409,0.0,0,consumer
3855,1787418616.914237,routstrd,0.0007842462463260619,,,83409,0.0,0,consumer
3856,1787418616.9160755,routstrd,0.0007842462463260619,,,83409,0.0,0,consumer
3857,1787418616.9205232,routstrd,0.0007842462463260619,,,83409,0.0,0,consumer
3858,1787418616.9226286,routstrd,0.0007842462463260619,,,83409,0.0,0,consumer
3859,1787418616.9245129,routstrd,0.0007842462463260619,,,83409,0.0,0,consumer
3860,1787418616.9269342,routstrd,0.0007842462463260619,,,83409,0.0,0,consumer
3861,1787418616.929158,routstrd,0.0007842462463260619,,,83409,0.0,0,consumer
3862,1787418616.931243,routstrd,0.0007842462463260619,,,83409,0.0,0,consumer
3863,1787418616.9333658,routstrd,0.0007842462463260619,,,83409,0.0,0,consumer
3864,1787418616.9353752,routstrd,0.0007842462463260619,,,83409,0.0,0,consumer
3865,1787418616.9385903,routstrd,0.0007842462463260619,,,83409,0.0,0,consumer
3866,1787418616.941265,routstrd,0.0007842462463260619,,,83409,0.0,0,consumer
3867,1787418616.9440494,routstrd,0.0007842462463260619,,,83409,0.0,0,consumer
3868,1787418616.946406,routstrd,0.0007842462463260619,,,83409,0.0,0,consumer
3869,1787418616.9491465,routstrd,0.0007842462463260619,,,83409,0.0,0,consumer
3870,1787418616.951519,routstrd,0.0007842462463260619,,,83409,0.0,0,consumer
3871,1787418616.9543307,routstrd,0.0007842462463260619,,,83409,0.0,0,consumer
3872,1787418616.9561656,routstrd,0.0007842462463260619,,,83409,0.0,0,consumer
3873,1787418616.9580925,routstrd,0.0007842462463260619,,,83409,0.0,0,consumer
3874,1787418616.9601197,routstrd,0.0007842462463260619,,,83409,0.0,0,consumer
3875,1787418616.961743,routstrd,0.0007842462463260619,,,83409,0.0,0,consumer
3876,1787418616.96336,routstrd,0.0007842462463260619,,,83409,0.0,0,consumer
3877,1787418616.96541,routstrd,0.0007842462463260619,,,83409,0.0,0,consumer
3878,1787418616.967251,routstrd,0.0007842462463260619,,,83409,0.0,0,consumer
3879,1787418616.969165,routstrd,0.0007842462463260619,,,83409,0.0,0,consumer
3880,1787418616.9708602,routstrd,0.0007842462463260619,,,83409,0.0,0,consumer
3881,1787418616.9728703,routstrd,0.0007842462463260619,,,83409,0.0,0,consumer
3882,1787418616.9744766,routstrd,0.0007842462463260619,,,83409,0.0,0,consumer
3883,1787418616.97604,routstrd,0.0007842462463260619,,,83409,0.0,0,consumer
3884,1787418616.9780498,routstrd,0.0007842462463260619,,,83409,0.0,0,consumer
3885,1787418616.980099,routstrd,0.0007842462463260619,,,83409,0.0,0,consumer
3886,1787418616.9832354,routstrd,0.0007842462463260619,,,83409,0.0,0,consumer
3887,1787418616.9860551,routstrd,0.0007842462463260619,,,83409,0.0,0,consumer
3888,1787418616.9883218,routstrd,0.0007842462463260619,,,83409,0.0,0,consumer
3889,1787418617.0626953,routstrd,0.0007842462463260619,,,83409,0.0,0,consumer
3890,1787418617.0648339,routstrd,0.0007842462463260619,,,83409,0.0,0,consumer
3891,1787418617.0664964,routstrd,0.0007842462463260619,,,83409,0.0,0,consumer
3892,1787418617.0686612,routstrd,0.0007842462463260619,,,83409,0.0,0,consumer
3893,1787418617.0708182,routstrd,0.0007842462463260619,,,83409,0.0,0,consumer
3894,1787418617.0731802,routstrd,0.0007842462463260619,,,83409,0.0,0,consumer
3895,1787418617.075215,routstrd,0.0007842462463260619,,,83409,0.0,0,consumer
3896,1787418617.0773497,routstrd,0.0007842462463260619,,,83409,0.0,0,consumer
3897,1787418617.079269,routstrd,0.0007842462463260619,,,83409,0.0,0,consumer
3898,1787418617.08246,routstrd,0.0007842462463260619,,,83409,0.0,0,consumer
3899,1787418617.0844438,routstrd,0.0007842462463260619,,,83409,0.0,0,consumer
3900,1787418617.0863833,routstrd,0.0007842462463260619,,,83409,0.0,0,consumer
3901,1787418617.0886343,routstrd,0.0007842462463260619,,,83409,0.0,0,consumer
3902,1787418617.0924094,routstrd,0.0007842462463260619,,,83409,0.0,0,consumer
3903,1787418617.0942724,routstrd,0.0007842462463260619,,,83409,0.0,0,consumer
3904,1787418617.0965939,routstrd,0.0007842462463260619,,,83409,0.0,0,consumer
3905,1787418617.098962,routstrd,0.0007842462463260619,,,83409,0.0,0,consumer
3906,1787418617.1015017,routstrd,0.0007842462463260619,,,83409,0.0,0,consumer
3907,1787418617.1039495,routstrd,0.0007842462463260619,,,83409,0.0,0,consumer
3908,1787418617.1058536,routstrd,0.0007842462463260619,,,83409,0.0,0,consumer
3909,1787418617.1081398,routstrd,0.0007842462463260619,,,83409,0.0,0,consumer
3910,1787418617.6926813,openrouter,0.9675,1.0,0.03249999999999997,67236,0.0021851699999999984,0,consumer
3911,1787418618.6083665,openrouter,0.9675,1.0,0.03249999999999997,48760,0.0015846999999999988,0,consumer
3912,1787418619.666132,openrouter,0.9675,1.0,0.03249999999999997,24509,0.0007965424999999993,0,consumer
3913,1787418619.9455726,openrouter,0.9675,1.0,0.03249999999999997,49185,0.0015985124999999987,0,consumer
3914,1787418619.9535263,openrouter,0.9675,1.0,0.03249999999999997,92710,0.0030130749999999974,0,consumer
3915,1787418619.957329,routstrd,0.0007842462463260619,,,92710,0.0,0,consumer
3916,1787418619.961541,routstrd,0.0007842462463260619,,,92710,0.0,0,consumer
3917,1787418619.9644783,routstrd,0.0007842462463260619,,,92710,0.0,0,consumer
3918,1787418619.9678795,routstrd,0.0007842462463260619,,,92710,0.0,0,consumer
3919,1787418619.9717417,routstrd,0.0007842462463260619,,,92710,0.0,0,consumer
3920,1787418619.974882,routstrd,0.0007842462463260619,,,92710,0.0,0,consumer
3921,1787418619.9770892,routstrd,0.0007842462463260619,,,92710,0.0,0,consumer
3922,1787418619.9801338,routstrd,0.0007842462463260619,,,92710,0.0,0,consumer
3923,1787418619.982969,routstrd,0.0007842462463260619,,,92710,0.0,0,consumer
3924,1787418619.986468,routstrd,0.0007842462463260619,,,92710,0.0,0,consumer
3925,1787418619.9900928,routstrd,0.0007842462463260619,,,92710,0.0,0,consumer
3926,1787418619.9948945,routstrd,0.0007842462463260619,,,92710,0.0,0,consumer
3927,1787418620.001958,routstrd,0.0007842462463260619,,,92710,0.0,0,consumer
3928,1787418620.0053124,routstrd,0.0007842462463260619,,,92710,0.0,0,consumer
3929,1787418620.008669,routstrd,0.0007842462463260619,,,92710,0.0,0,consumer
3930,1787418620.0123968,routstrd,0.0007842462463260619,,,92710,0.0,0,consumer
3931,1787418620.0156298,routstrd,0.0007842462463260619,,,92710,0.0,0,consumer
3932,1787418620.022289,routstrd,0.0007842462463260619,,,92710,0.0,0,consumer
3933,1787418620.0274634,routstrd,0.0007842462463260619,,,92710,0.0,0,consumer
3934,1787418620.0312154,routstrd,0.0007842462463260619,,,92710,0.0,0,consumer
3935,1787418620.0357726,routstrd,0.0007842462463260619,,,92710,0.0,0,consumer
3936,1787418620.0419416,routstrd,0.0007842462463260619,,,92710,0.0,0,consumer
3937,1787418620.0446472,routstrd,0.0007842462463260619,,,92710,0.0,0,consumer
3938,1787418620.0475106,routstrd,0.0007842462463260619,,,92710,0.0,0,consumer
3939,1787418620.0509949,routstrd,0.0007842462463260619,,,92710,0.0,0,consumer
3940,1787418620.0596633,routstrd,0.0007842462463260619,,,92710,0.0,0,consumer
3941,1787418620.064056,routstrd,0.0007842462463260619,,,92710,0.0,0,consumer
3942,1787418620.0688674,routstrd,0.0007842462463260619,,,92710,0.0,0,consumer
3943,1787418620.072442,routstrd,0.0007842462463260619,,,92710,0.0,0,consumer
3944,1787418620.0833359,routstrd,0.0007842462463260619,,,92710,0.0,0,consumer
3945,1787418620.748289,openrouter,0.9675,1.0,0.03249999999999997,1382,4.4914999999999966e-05,0,consumer
3946,1787418623.8037708,openrouter,0.9675,1.0,0.03249999999999997,67325,0.002188062499999998,0,consumer
3947,1787418624.5095441,openrouter,0.9675,1.0,0.03249999999999997,74596,0.002424369999999998,0,consumer
3948,1787418625.7082171,openrouter,0.9675,1.0,0.03249999999999997,67434,0.0021916049999999984,0,consumer
3949,1787418626.8049107,openrouter,0.9675,1.0,0.03249999999999997,53294,0.0017320549999999984,0,consumer
3950,1787418629.8056707,openrouter,0.9675,1.0,0.03249999999999997,67721,0.002200932499999998,0,consumer
3951,1787418629.8378253,openrouter,0.9675,1.0,0.03249999999999997,54009,0.0017552924999999987,0,consumer
3952,1787418630.799018,openrouter,0.9675,1.0,0.03249999999999997,25330,0.0008232249999999994,0,consumer
3953,1787418631.7382565,openrouter,0.9675,1.0,0.03249999999999997,68079,0.0022125674999999984,0,consumer
3954,1787418632.2113733,openrouter,0.9675,1.0,0.03249999999999997,54739,0.0017790174999999986,0,consumer
3955,1787418634.4985468,openrouter,0.9675,1.0,0.03249999999999997,27093,0.0008805224999999992,0,consumer
3956,1787418634.5015826,routstrd,0.0007842462463260619,,,27093,0.0,0,consumer
3957,1787418634.5059836,routstrd,0.0007842462463260619,,,27093,0.0,0,consumer
3958,1787418634.5093553,routstrd,0.0007842462463260619,,,27093,0.0,0,consumer
3959,1787418634.515129,routstrd,0.0007842462463260619,,,27093,0.0,0,consumer
3960,1787418634.5226486,routstrd,0.0007842462463260619,,,27093,0.0,0,consumer
3961,1787418634.5260813,routstrd,0.0007842462463260619,,,27093,0.0,0,consumer
3962,1787418634.5295365,routstrd,0.0007842462463260619,,,27093,0.0,0,consumer
3963,1787418634.531919,routstrd,0.0007842462463260619,,,27093,0.0,0,consumer
3964,1787418634.5341027,routstrd,0.0007842462463260619,,,27093,0.0,0,consumer
3965,1787418634.5362446,routstrd,0.0007842462463260619,,,27093,0.0,0,consumer
3966,1787418634.5381036,routstrd,0.0007842462463260619,,,27093,0.0,0,consumer
3967,1787418634.540075,routstrd,0.0007842462463260619,,,27093,0.0,0,consumer
3968,1787418634.54256,routstrd,0.0007842462463260619,,,27093,0.0,0,consumer
3969,1787418634.545161,routstrd,0.0007842462463260619,,,27093,0.0,0,consumer
3970,1787418634.5473702,routstrd,0.0007842462463260619,,,27093,0.0,0,consumer
3971,1787418634.549386,routstrd,0.0007842462463260619,,,27093,0.0,0,consumer
3972,1787418634.551703,routstrd,0.0007842462463260619,,,27093,0.0,0,consumer
3973,1787418634.5536356,routstrd,0.0007842462463260619,,,27093,0.0,0,consumer
3974,1787418634.555113,routstrd,0.0007842462463260619,,,27093,0.0,0,consumer
3975,1787418634.557231,routstrd,0.0007842462463260619,,,27093,0.0,0,consumer
3976,1787418634.5608122,routstrd,0.0007842462463260619,,,27093,0.0,0,consumer
3977,1787418634.5638804,routstrd,0.0007842462463260619,,,27093,0.0,0,consumer
3978,1787418634.5666645,routstrd,0.0007842462463260619,,,27093,0.0,0,consumer
3979,1787418634.5685368,routstrd,0.0007842462463260619,,,27093,0.0,0,consumer
3980,1787418634.5707283,routstrd,0.0007842462463260619,,,27093,0.0,0,consumer
3981,1787418634.5722084,routstrd,0.0007842462463260619,,,27093,0.0,0,consumer
3982,1787418634.5741968,routstrd,0.0007842462463260619,,,27093,0.0,0,consumer
3983,1787418634.5785806,routstrd,0.0007842462463260619,,,27093,0.0,0,consumer
3984,1787418634.5804355,routstrd,0.0007842462463260619,,,27093,0.0,0,consumer
3985,1787418634.5826712,routstrd,0.0007842462463260619,,,27093,0.0,0,consumer
3986,1787418637.6047733,openrouter,0.9675,1.0,0.03249999999999997,30384,0.0009874799999999991,0,consumer
3987,1787418637.8449445,openrouter,0.9675,1.0,0.03249999999999997,55816,0.0018140199999999987,0,consumer
3988,1787418637.847244,routstrd,0.0007842462463260619,,,55816,0.0,0,consumer
3989,1787418637.8496075,routstrd,0.0007842462463260619,,,55816,0.0,0,consumer
3990,1787418637.8512592,routstrd,0.0007842462463260619,,,55816,0.0,0,consumer
3991,1787418637.8525827,routstrd,0.0007842462463260619,,,55816,0.0,0,consumer
3992,1787418637.8545878,routstrd,0.0007842462463260619,,,55816,0.0,0,consumer
3993,1787418637.8561125,routstrd,0.0007842462463260619,,,55816,0.0,0,consumer
3994,1787418637.8580992,routstrd,0.0007842462463260619,,,55816,0.0,0,consumer
3995,1787418637.8594687,routstrd,0.0007842462463260619,,,55816,0.0,0,consumer
3996,1787418637.8614576,routstrd,0.0007842462463260619,,,55816,0.0,0,consumer
3997,1787418637.86307,routstrd,0.0007842462463260619,,,55816,0.0,0,consumer
3998,1787418637.864967,routstrd,0.0007842462463260619,,,55816,0.0,0,consumer
3999,1787418637.8663287,routstrd,0.0007842462463260619,,,55816,0.0,0,consumer
4000,1787418637.8679621,routstrd,0.0007842462463260619,,,55816,0.0,0,consumer
4001,1787418637.8693895,routstrd,0.0007842462463260619,,,55816,0.0,0,consumer
4002,1787418637.90704,routstrd,0.0007842462463260619,,,55816,0.0,0,consumer
4003,1787418637.9218554,routstrd,0.0007842462463260619,,,55816,0.0,0,consumer
4004,1787418637.9328246,routstrd,0.0007842462463260619,,,55816,0.0,0,consumer
4005,1787418637.9524734,routstrd,0.0007842462463260619,,,55816,0.0,0,consumer
4006,1787418637.960059,routstrd,0.0007842462463260619,,,55816,0.0,0,consumer
4007,1787418637.971725,routstrd,0.0007842462463260619,,,55816,0.0,0,consumer
4008,1787418637.9793487,routstrd,0.0007842462463260619,,,55816,0.0,0,consumer
4009,1787418637.98763,routstrd,0.0007842462463260619,,,55816,0.0,0,consumer
4010,1787418637.9975705,routstrd,0.0007842462463260619,,,55816,0.0,0,consumer
4011,1787418638.0004036,routstrd,0.0007842462463260619,,,55816,0.0,0,consumer
4012,1787418638.0028539,routstrd,0.0007842462463260619,,,55816,0.0,0,consumer
4013,1787418638.0051527,routstrd,0.0007842462463260619,,,55816,0.0,0,consumer
4014,1787418638.007588,routstrd,0.0007842462463260619,,,55816,0.0,0,consumer
4015,1787418638.0108287,routstrd,0.0007842462463260619,,,55816,0.0,0,consumer
4016,1787418638.014101,routstrd,0.0007842462463260619,,,55816,0.0,0,consumer
4017,1787418638.0183828,routstrd,0.0007842462463260619,,,55816,0.0,0,consumer
4018,1787418638.0205967,routstrd,0.0007842462463260619,,,55816,0.0,0,consumer
4019,1787418638.0234103,routstrd,0.0007842462463260619,,,55816,0.0,0,consumer
4020,1787418638.0261326,routstrd,0.0007842462463260619,,,55816,0.0,0,consumer
4021,1787418638.0301938,routstrd,0.0007842462463260619,,,55816,0.0,0,consumer
4022,1787418638.0348816,routstrd,0.0007842462463260619,,,55816,0.0,0,consumer
4023,1787418638.0374517,routstrd,0.0007842462463260619,,,55816,0.0,0,consumer
4024,1787418638.040042,routstrd,0.0007842462463260619,,,55816,0.0,0,consumer
4025,1787418638.0420005,routstrd,0.0007842462463260619,,,55816,0.0,0,consumer
4026,1787418638.0457854,routstrd,0.0007842462463260619,,,55816,0.0,0,consumer
4027,1787418638.0487897,routstrd,0.0007842462463260619,,,55816,0.0,0,consumer
4028,1787418638.0509725,routstrd,0.0007842462463260619,,,55816,0.0,0,consumer
4029,1787418638.0523741,routstrd,0.0007842462463260619,,,55816,0.0,0,consumer
4030,1787418638.0541103,routstrd,0.0007842462463260619,,,55816,0.0,0,consumer
4031,1787418638.056229,routstrd,0.0007842462463260619,,,55816,0.0,0,consumer
4032,1787418638.0580943,routstrd,0.0007842462463260619,,,55816,0.0,0,consumer
4033,1787418638.0602448,routstrd,0.0007842462463260619,,,55816,0.0,0,consumer
4034,1787418638.0621305,routstrd,0.0007842462463260619,,,55816,0.0,0,consumer
4035,1787418638.0640109,routstrd,0.0007842462463260619,,,55816,0.0,0,consumer
4036,1787418638.0660017,routstrd,0.0007842462463260619,,,55816,0.0,0,consumer
4037,1787418638.0678046,routstrd,0.0007842462463260619,,,55816,0.0,0,consumer
4038,1787418638.069361,routstrd,0.0007842462463260619,,,55816,0.0,0,consumer
4039,1787418638.0716295,routstrd,0.0007842462463260619,,,55816,0.0,0,consumer
4040,1787418638.073696,routstrd,0.0007842462463260619,,,55816,0.0,0,consumer
4041,1787418638.0757253,routstrd,0.0007842462463260619,,,55816,0.0,0,consumer
4042,1787418639.0255876,openrouter,0.9675,1.0,0.03249999999999997,84178,0.0027357849999999975,0,consumer
4043,1787418640.6163483,openrouter,0.9675,1.0,0.03249999999999997,56612,0.0018398899999999985,0,consumer
4044,1787418641.7756245,openrouter,0.9675,1.0,0.03249999999999997,2862,9.301499999999994e-05,0,consumer
4045,1787418642.6575627,openrouter,0.9675,1.0,0.03249999999999997,32291,0.001049457499999999,0,consumer
4046,1787418682.1254978,openrouter,0.9675,1.0,0.03249999999999997,79850,0.0025951249999999976,0,consumer
4047,1787418686.941252,openrouter,0.9675,1.0,0.03249999999999997,84268,0.002738709999999998,0,consumer
4048,1787418686.962662,routstrd,0.0007842462463260619,,,84268,0.0,0,consumer
4049,1787418697.0020268,routstrd,0.0007842462463260619,,,84268,0.0,0,consumer
4050,1787418697.07437,routstrd,0.0007842462463260619,,,84268,0.0,0,consumer
4051,1787418697.1274908,routstrd,0.0007842462463260619,,,84268,0.0,0,consumer
4052,1787418707.20554,routstrd,0.0007842462463260619,,,84268,0.0,0,consumer
4053,1787418707.2988548,openrouter,0.9675,1.0,0.03249999999999997,80532,0.002617289999999998,0,consumer
4054,1787418707.3592546,routstrd,0.0007842462463260619,,,84268,0.0,0,consumer
4055,1787418707.379082,routstrd,0.0007842462463260619,,,84268,0.0,0,consumer
4056,1787418707.3873472,routstrd,0.0007842462463260619,,,84268,0.0,0,consumer
4057,1787418707.4085407,routstrd,0.0007842462463260619,,,84268,0.0,0,consumer
4058,1787418707.4098403,routstrd,0.0007842462463260619,,,84268,0.0,0,consumer
4059,1787418707.4168673,routstrd,0.0007842462463260619,,,84268,0.0,0,consumer
4060,1787418707.418322,routstrd,0.0007842462463260619,,,84268,0.0,0,consumer
4061,1787418707.423323,routstrd,0.0007842462463260619,,,84268,0.0,0,consumer
4062,1787418707.4253356,routstrd,0.0007842462463260619,,,84268,0.0,0,consumer
4063,1787418707.430667,routstrd,0.0007842462463260619,,,84268,0.0,0,consumer
4064,1787418707.4406114,routstrd,0.0007842462463260619,,,84268,0.0,0,consumer
4065,1787418707.4422832,routstrd,0.0007842462463260619,,,84268,0.0,0,consumer
4066,1787418707.4442203,routstrd,0.0007842462463260619,,,84268,0.0,0,consumer
4067,1787418707.4519815,routstrd,0.0007842462463260619,,,84268,0.0,0,consumer
4068,1787418707.4608085,routstrd,0.0007842462463260619,,,84268,0.0,0,consumer
4069,1787418707.4719448,routstrd,0.0007842462463260619,,,84268,0.0,0,consumer
4070,1787418709.9072804,openrouter,0.9675,1.0,0.03249999999999997,34331,0.001115757499999999,0,consumer
4071,1787418709.9123087,routstrd,0.0007842462463260619,,,34331,0.0,0,consumer
4072,1787418710.0108478,openrouter,0.9675,1.0,0.03249999999999997,35260,0.001145949999999999,0,consumer
4073,1787418710.0261242,openrouter,0.9675,1.0,0.03249999999999997,330,1.0724999999999991e-05,0,consumer
4074,1787418710.0279315,routstrd,0.0007842462463260619,,,330,0.0,0,consumer
4075,1787418710.029897,routstrd,0.0007842462463260619,,,330,0.0,0,consumer
4076,1787418710.0311482,routstrd,0.0007842462463260619,,,330,0.0,0,consumer
4077,1787418710.047053,routstrd,0.0007842462463260619,,,330,0.0,0,consumer
4078,1787418710.048225,routstrd,0.0007842462463260619,,,330,0.0,0,consumer
4079,1787418710.0494838,routstrd,0.0007842462463260619,,,330,0.0,0,consumer
4080,1787418710.050209,routstrd,0.0007842462463260619,,,330,0.0,0,consumer
4081,1787418710.0515265,routstrd,0.0007842462463260619,,,330,0.0,0,consumer
4082,1787418710.0545173,routstrd,0.0007842462463260619,,,330,0.0,0,consumer
4083,1787418710.05545,routstrd,0.0007842462463260619,,,330,0.0,0,consumer
4084,1787418710.0583737,routstrd,0.0007842462463260619,,,330,0.0,0,consumer
4085,1787418710.060715,routstrd,0.0007842462463260619,,,330,0.0,0,consumer
4086,1787418710.0657134,routstrd,0.0007842462463260619,,,330,0.0,0,consumer
4087,1787418710.0686586,routstrd,0.0007842462463260619,,,330,0.0,0,consumer
4088,1787418710.0714076,routstrd,0.0007842462463260619,,,330,0.0,0,consumer
4089,1787418710.0724401,routstrd,0.0007842462463260619,,,330,0.0,0,consumer
4090,1787418710.0735905,routstrd,0.0007842462463260619,,,330,0.0,0,consumer
4091,1787418710.0758355,routstrd,0.0007842462463260619,,,330,0.0,0,consumer
4092,1787418710.079184,routstrd,0.0007842462463260619,,,330,0.0,0,consumer
4093,1787418710.082949,routstrd,0.0007842462463260619,,,330,0.0,0,consumer
4094,1787418710.0844045,routstrd,0.0007842462463260619,,,330,0.0,0,consumer
4095,1787418710.0860095,routstrd,0.0007842462463260619,,,330,0.0,0,consumer
4096,1787418710.0879898,routstrd,0.0007842462463260619,,,330,0.0,0,consumer
4097,1787418710.0928116,routstrd,0.0007842462463260619,,,330,0.0,0,consumer
4098,1787418710.0979722,routstrd,0.0007842462463260619,,,330,0.0,0,consumer
4099,1787418710.1002567,routstrd,0.0007842462463260619,,,330,0.0,0,consumer
4100,1787418710.1019976,routstrd,0.0007842462463260619,,,330,0.0,0,consumer
4101,1787418710.1029043,routstrd,0.0007842462463260619,,,330,0.0,0,consumer
4102,1787418710.1054096,routstrd,0.0007842462463260619,,,330,0.0,0,consumer
4103,1787418710.1062107,routstrd,0.0007842462463260619,,,330,0.0,0,consumer
4104,1787418710.108208,routstrd,0.0007842462463260619,,,330,0.0,0,consumer
4105,1787418710.11221,routstrd,0.0007842462463260619,,,330,0.0,0,consumer
4106,1787418710.114212,routstrd,0.0007842462463260619,,,330,0.0,0,consumer
4107,1787418710.116879,routstrd,0.0007842462463260619,,,330,0.0,0,consumer
4108,1787418710.1201296,routstrd,0.0007842462463260619,,,330,0.0,0,consumer
4109,1787418710.1223986,routstrd,0.0007842462463260619,,,330,0.0,0,consumer
4110,1787418710.1239285,routstrd,0.0007842462463260619,,,330,0.0,0,consumer
4111,1787418710.1275966,routstrd,0.0007842462463260619,,,330,0.0,0,consumer
4112,1787418710.1334426,routstrd,0.0007842462463260619,,,330,0.0,0,consumer
4113,1787418710.1354334,routstrd,0.0007842462463260619,,,330,0.0,0,consumer
4114,1787418710.1429207,routstrd,0.0007842462463260619,,,330,0.0,0,consumer
4115,1787418710.1487086,routstrd,0.0007842462463260619,,,330,0.0,0,consumer
4116,1787418710.1501358,routstrd,0.0007842462463260619,,,330,0.0,0,consumer
4117,1787418710.1524134,routstrd,0.0007842462463260619,,,330,0.0,0,consumer
4118,1787418710.1543853,routstrd,0.0007842462463260619,,,330,0.0,0,consumer
4119,1787418710.157308,routstrd,0.0007842462463260619,,,330,0.0,0,consumer
4120,1787418710.159386,routstrd,0.0007842462463260619,,,330,0.0,0,consumer
4121,1787418710.1605952,routstrd,0.0007842462463260619,,,330,0.0,0,consumer
4122,1787418710.1660364,routstrd,0.0007842462463260619,,,330,0.0,0,consumer
4123,1787418710.1678433,routstrd,0.0007842462463260619,,,330,0.0,0,consumer
4124,1787418710.1720393,routstrd,0.0007842462463260619,,,330,0.0,0,consumer
4125,1787418710.1753376,routstrd,0.0007842462463260619,,,330,0.0,0,consumer
4126,1787418710.1783428,routstrd,0.0007842462463260619,,,330,0.0,0,consumer
4127,1787418710.1807823,routstrd,0.0007842462463260619,,,330,0.0,0,consumer
4128,1787418710.181841,routstrd,0.0007842462463260619,,,330,0.0,0,consumer
4129,1787418710.1831534,routstrd,0.0007842462463260619,,,330,0.0,0,consumer
4130,1787418710.1848395,routstrd,0.0007842462463260619,,,330,0.0,0,consumer
4131,1787418710.189401,routstrd,0.0007842462463260619,,,330,0.0,0,consumer
4132,1787418710.1944318,routstrd,0.0007842462463260619,,,330,0.0,0,consumer
4133,1787418710.1977518,routstrd,0.0007842462463260619,,,330,0.0,0,consumer
4134,1787418710.1990445,routstrd,0.0007842462463260619,,,330,0.0,0,consumer
4135,1787418710.2027397,routstrd,0.0007842462463260619,,,330,0.0,0,consumer
4136,1787418710.2045944,routstrd,0.0007842462463260619,,,330,0.0,0,consumer
4137,1787418710.2075841,routstrd,0.0007842462463260619,,,330,0.0,0,consumer
4138,1787418710.2198799,routstrd,0.0007842462463260619,,,330,0.0,0,consumer
4139,1787418710.2215173,routstrd,0.0007842462463260619,,,330,0.0,0,consumer
4140,1787418710.2283587,routstrd,0.0007842462463260619,,,330,0.0,0,consumer
4141,1787418710.2322295,routstrd,0.0007842462463260619,,,330,0.0,0,consumer
4142,1787418710.2345564,routstrd,0.0007842462463260619,,,330,0.0,0,consumer
4143,1787418710.2416105,routstrd,0.0007842462463260619,,,330,0.0,0,consumer
4144,1787418710.2424161,routstrd,0.0007842462463260619,,,330,0.0,0,consumer
4145,1787418710.2442687,routstrd,0.0007842462463260619,,,330,0.0,0,consumer
4146,1787418710.2464101,routstrd,0.0007842462463260619,,,330,0.0,0,consumer
4147,1787418710.2493672,routstrd,0.0007842462463260619,,,330,0.0,0,consumer
4148,1787418710.2527192,routstrd,0.0007842462463260619,,,330,0.0,0,consumer
4149,1787418710.253983,routstrd,0.0007842462463260619,,,330,0.0,0,consumer
4150,1787418710.2561955,routstrd,0.0007842462463260619,,,330,0.0,0,consumer
4151,1787418710.2576716,routstrd,0.0007842462463260619,,,330,0.0,0,consumer
4152,1787418710.2583752,routstrd,0.0007842462463260619,,,330,0.0,0,consumer
4153,1787418710.260642,routstrd,0.0007842462463260619,,,330,0.0,0,consumer
4154,1787418710.2613223,routstrd,0.0007842462463260619,,,330,0.0,0,consumer
4155,1787418710.2627418,routstrd,0.0007842462463260619,,,330,0.0,0,consumer
4156,1787418710.2635272,routstrd,0.0007842462463260619,,,330,0.0,0,consumer
4157,1787418710.2649422,routstrd,0.0007842462463260619,,,330,0.0,0,consumer
4158,1787418710.2667904,routstrd,0.0007842462463260619,,,330,0.0,0,consumer
4159,1787418710.2808523,routstrd,0.0007842462463260619,,,330,0.0,0,consumer
4160,1787418710.2818286,routstrd,0.0007842462463260619,,,330,0.0,0,consumer
4161,1787418710.2830467,routstrd,0.0007842462463260619,,,330,0.0,0,consumer
4162,1787418710.2903013,routstrd,0.0007842462463260619,,,330,0.0,0,consumer
4163,1787418710.2929633,routstrd,0.0007842462463260619,,,330,0.0,0,consumer
4164,1787418710.294025,routstrd,0.0007842462463260619,,,330,0.0,0,consumer
4165,1787418710.2967541,routstrd,0.0007842462463260619,,,330,0.0,0,consumer
4166,1787418710.2979906,routstrd,0.0007842462463260619,,,330,0.0,0,consumer
4167,1787418710.2997282,routstrd,0.0007842462463260619,,,330,0.0,0,consumer
4168,1787418710.300826,routstrd,0.0007842462463260619,,,330,0.0,0,consumer
4169,1787418710.3027775,routstrd,0.0007842462463260619,,,330,0.0,0,consumer
4170,1787418710.30401,routstrd,0.0007842462463260619,,,330,0.0,0,consumer
4171,1787418710.3051991,routstrd,0.0007842462463260619,,,330,0.0,0,consumer
4172,1787418710.3081338,routstrd,0.0007842462463260619,,,330,0.0,0,consumer
4173,1787418710.3096669,routstrd,0.0007842462463260619,,,330,0.0,0,consumer
4174,1787418710.3108017,routstrd,0.0007842462463260619,,,330,0.0,0,consumer
4175,1787418710.311758,routstrd,0.0007842462463260619,,,330,0.0,0,consumer
4176,1787418710.3127637,routstrd,0.0007842462463260619,,,330,0.0,0,consumer
4177,1787418710.316808,routstrd,0.0007842462463260619,,,330,0.0,0,consumer
4178,1787418710.3180895,routstrd,0.0007842462463260619,,,330,0.0,0,consumer
4179,1787418710.319236,routstrd,0.0007842462463260619,,,330,0.0,0,consumer
4180,1787418710.3327427,routstrd,0.0007842462463260619,,,330,0.0,0,consumer
4181,1787418710.3368187,routstrd,0.0007842462463260619,,,330,0.0,0,consumer
4182,1787418710.3384473,routstrd,0.0007842462463260619,,,330,0.0,0,consumer
4183,1787418710.3392782,routstrd,0.0007842462463260619,,,330,0.0,0,consumer
4184,1787418710.3400614,routstrd,0.0007842462463260619,,,330,0.0,0,consumer
4185,1787418710.3409824,routstrd,0.0007842462463260619,,,330,0.0,0,consumer
4186,1787418710.3417647,routstrd,0.0007842462463260619,,,330,0.0,0,consumer
4187,1787418710.3425515,routstrd,0.0007842462463260619,,,330,0.0,0,consumer
4188,1787418710.3433537,routstrd,0.0007842462463260619,,,330,0.0,0,consumer
4189,1787418710.3441396,routstrd,0.0007842462463260619,,,330,0.0,0,consumer
4190,1787418710.344991,routstrd,0.0007842462463260619,,,330,0.0,0,consumer
4191,1787418710.3457696,routstrd,0.0007842462463260619,,,330,0.0,0,consumer
4192,1787418710.3465903,routstrd,0.0007842462463260619,,,330,0.0,0,consumer
4193,1787418710.3473678,routstrd,0.0007842462463260619,,,330,0.0,0,consumer
4194,1787418710.348245,routstrd,0.0007842462463260619,,,330,0.0,0,consumer
4195,1787418710.3490574,routstrd,0.0007842462463260619,,,330,0.0,0,consumer
4196,1787418710.3498454,routstrd,0.0007842462463260619,,,330,0.0,0,consumer
4197,1787418710.3506143,routstrd,0.0007842462463260619,,,330,0.0,0,consumer
4198,1787418710.3514004,routstrd,0.0007842462463260619,,,330,0.0,0,consumer
4199,1787418710.352226,routstrd,0.0007842462463260619,,,330,0.0,0,consumer
4200,1787418710.3529353,routstrd,0.0007842462463260619,,,330,0.0,0,consumer
4201,1787418710.3546164,routstrd,0.0007842462463260619,,,330,0.0,0,consumer
4202,1787418710.355502,routstrd,0.0007842462463260619,,,330,0.0,0,consumer
4203,1787418710.356312,routstrd,0.0007842462463260619,,,330,0.0,0,consumer
4204,1787418710.3571517,routstrd,0.0007842462463260619,,,330,0.0,0,consumer
4205,1787418710.35795,routstrd,0.0007842462463260619,,,330,0.0,0,consumer
4206,1787418710.3586943,routstrd,0.0007842462463260619,,,330,0.0,0,consumer
4207,1787418710.3595178,routstrd,0.0007842462463260619,,,330,0.0,0,consumer
4208,1787418710.360361,routstrd,0.0007842462463260619,,,330,0.0,0,consumer
4209,1787418710.3612309,routstrd,0.0007842462463260619,,,330,0.0,0,consumer
4210,1787418710.3621798,routstrd,0.0007842462463260619,,,330,0.0,0,consumer
4211,1787418710.3632274,routstrd,0.0007842462463260619,,,330,0.0,0,consumer
4212,1787418710.3641691,routstrd,0.0007842462463260619,,,330,0.0,0,consumer
4213,1787418710.3650706,routstrd,0.0007842462463260619,,,330,0.0,0,consumer
4214,1787418710.365977,routstrd,0.0007842462463260619,,,330,0.0,0,consumer
4215,1787418710.3668296,routstrd,0.0007842462463260619,,,330,0.0,0,consumer
4216,1787418710.3676722,routstrd,0.0007842462463260619,,,330,0.0,0,consumer
4217,1787418710.368486,routstrd,0.0007842462463260619,,,330,0.0,0,consumer
4218,1787418710.3703854,routstrd,0.0007842462463260619,,,330,0.0,0,consumer
4219,1787418710.371252,routstrd,0.0007842462463260619,,,330,0.0,0,consumer
4220,1787418710.372126,routstrd,0.0007842462463260619,,,330,0.0,0,consumer
4221,1787418710.3729293,routstrd,0.0007842462463260619,,,330,0.0,0,consumer
4222,1787418710.37374,routstrd,0.0007842462463260619,,,330,0.0,0,consumer
4223,1787418710.374547,routstrd,0.0007842462463260619,,,330,0.0,0,consumer
4224,1787418710.3754406,routstrd,0.0007842462463260619,,,330,0.0,0,consumer
4225,1787418710.3762643,routstrd,0.0007842462463260619,,,330,0.0,0,consumer
4226,1787418710.3770635,routstrd,0.0007842462463260619,,,330,0.0,0,consumer
4227,1787418710.3777869,routstrd,0.0007842462463260619,,,330,0.0,0,consumer
4228,1787418710.3786855,routstrd,0.0007842462463260619,,,330,0.0,0,consumer
4229,1787418710.3795288,routstrd,0.0007842462463260619,,,330,0.0,0,consumer
4230,1787418710.3803284,routstrd,0.0007842462463260619,,,330,0.0,0,consumer
4231,1787418710.3811338,routstrd,0.0007842462463260619,,,330,0.0,0,consumer
4232,1787418710.381942,routstrd,0.0007842462463260619,,,330,0.0,0,consumer
4233,1787418710.3827581,routstrd,0.0007842462463260619,,,330,0.0,0,consumer
4234,1787418710.3835597,routstrd,0.0007842462463260619,,,330,0.0,0,consumer
4235,1787418710.3843536,routstrd,0.0007842462463260619,,,330,0.0,0,consumer
4236,1787418710.3850086,routstrd,0.0007842462463260619,,,330,0.0,0,consumer
4237,1787418710.3869133,routstrd,0.0007842462463260619,,,330,0.0,0,consumer
4238,1787418710.3877149,routstrd,0.0007842462463260619,,,330,0.0,0,consumer
4239,1787418712.1417422,openrouter,0.9675,1.0,0.03249999999999997,35211,0.0011443574999999992,0,consumer
4240,1787418713.9218414,openrouter,0.9675,1.0,0.03249999999999997,85285,0.0027717624999999977,0,consumer
4241,1787418713.9312167,routstrd,0.0007842462463260619,,,85285,0.0,0,consumer
4242,1787418714.6523902,openrouter,0.9675,1.0,0.03249999999999997,49426,0.0016063449999999986,0,consumer
4243,1787418717.0111098,openrouter,0.9675,1.0,0.03249999999999997,1404,4.562999999999996e-05,0,consumer
4244,1787418717.0223114,routstrd,0.0007842462463260619,,,1404,0.0,0,consumer
4245,1787418717.024292,routstrd,0.0007842462463260619,,,1404,0.0,0,consumer
4246,1787418717.0251203,routstrd,0.0007842462463260619,,,1404,0.0,0,consumer
4247,1787418717.0275683,routstrd,0.0007842462463260619,,,1404,0.0,0,consumer
4248,1787418717.028408,routstrd,0.0007842462463260619,,,1404,0.0,0,consumer
4249,1787418717.0292094,routstrd,0.0007842462463260619,,,1404,0.0,0,consumer
4250,1787418717.0299153,routstrd,0.0007842462463260619,,,1404,0.0,0,consumer
4251,1787418717.0307539,routstrd,0.0007842462463260619,,,1404,0.0,0,consumer
4252,1787418717.0315216,routstrd,0.0007842462463260619,,,1404,0.0,0,consumer
4253,1787418717.0322723,routstrd,0.0007842462463260619,,,1404,0.0,0,consumer
4254,1787418717.0405653,routstrd,0.0007842462463260619,,,1404,0.0,0,consumer
4255,1787418717.0446856,routstrd,0.0007842462463260619,,,1404,0.0,0,consumer
4256,1787418717.0456493,routstrd,0.0007842462463260619,,,1404,0.0,0,consumer
4257,1787418717.04647,routstrd,0.0007842462463260619,,,1404,0.0,0,consumer
4258,1787418717.0472362,routstrd,0.0007842462463260619,,,1404,0.0,0,consumer
4259,1787418717.0479782,routstrd,0.0007842462463260619,,,1404,0.0,0,consumer
4260,1787418718.9391804,openrouter,0.9675,1.0,0.03249999999999997,52407,0.0017032274999999985,0,consumer
4261,1787418720.7673907,openrouter,0.9675,1.0,0.03249999999999997,34907,0.0011344774999999991,0,consumer
4262,1787418722.3582478,openrouter,0.9675,1.0,0.03249999999999997,85533,0.002779822499999998,0,consumer
4263,1787418722.7382946,openrouter,0.9675,1.0,0.03249999999999997,13435,0.00043663749999999966,0,consumer
4264,1787418723.0152712,openrouter,0.9675,1.0,0.03249999999999997,54467,0.0017701774999999986,0,consumer
4265,1787418723.6425173,openrouter,0.9675,1.0,0.03249999999999997,1235,4.0137499999999966e-05,0,consumer
4266,1787418724.9630005,openrouter,0.9675,1.0,0.03249999999999997,36390,0.0011826749999999991,0,consumer
4267,1787418726.9811885,openrouter,0.9675,1.0,0.03249999999999997,37791,0.0012282074999999991,0,consumer
4268,1787418728.2142878,openrouter,0.9675,1.0,0.03249999999999997,55345,0.0017987124999999985,0,consumer
4269,1787418728.649397,openrouter,0.9675,1.0,0.03249999999999997,39103,0.001270847499999999,0,consumer
4270,1787418729.7296526,openrouter,0.9675,1.0,0.03249999999999997,3748,0.0001218099999999999,0,consumer
4271,1787418730.1668859,openrouter,0.9675,1.0,0.03249999999999997,36137,0.001174452499999999,0,consumer
4272,1787418730.639141,openrouter,0.9675,1.0,0.03249999999999997,85853,0.0027902224999999978,0,consumer
4273,1787418730.674977,openrouter,0.9675,1.0,0.03249999999999997,59073,0.0019198724999999984,0,consumer
4274,1787418730.693696,openrouter,0.9675,1.0,0.03249999999999997,55611,0.0018073574999999985,0,consumer
4275,1787418730.706228,routstrd,0.0007842462463260619,,,59073,0.0,0,consumer
4276,1787418730.7223253,routstrd,0.0007842462463260619,,,59073,0.0,0,consumer
4277,1787418730.7391763,routstrd,0.0007842462463260619,,,59073,0.0,0,consumer
4278,1787418730.7532759,routstrd,0.0007842462463260619,,,59073,0.0,0,consumer
4279,1787418730.76318,routstrd,0.0007842462463260619,,,59073,0.0,0,consumer
4280,1787418730.7708664,routstrd,0.0007842462463260619,,,59073,0.0,0,consumer
4281,1787418730.7787848,routstrd,0.0007842462463260619,,,59073,0.0,0,consumer
4282,1787418730.7869835,routstrd,0.0007842462463260619,,,59073,0.0,0,consumer
4283,1787418730.7930605,routstrd,0.0007842462463260619,,,59073,0.0,0,consumer
4284,1787418730.8046594,routstrd,0.0007842462463260619,,,59073,0.0,0,consumer
4285,1787418730.8172908,routstrd,0.0007842462463260619,,,59073,0.0,0,consumer
4286,1787418730.8272269,routstrd,0.0007842462463260619,,,59073,0.0,0,consumer
4287,1787418730.8330908,routstrd,0.0007842462463260619,,,59073,0.0,0,consumer
4288,1787418730.8401814,routstrd,0.0007842462463260619,,,59073,0.0,0,consumer
4289,1787418730.8517005,routstrd,0.0007842462463260619,,,59073,0.0,0,consumer
4290,1787418730.8586593,routstrd,0.0007842462463260619,,,59073,0.0,0,consumer
4291,1787418730.8637393,routstrd,0.0007842462463260619,,,59073,0.0,0,consumer
4292,1787418730.8691192,routstrd,0.0007842462463260619,,,59073,0.0,0,consumer
4293,1787418730.8743474,routstrd,0.0007842462463260619,,,59073,0.0,0,consumer
4294,1787418730.8800726,routstrd,0.0007842462463260619,,,59073,0.0,0,consumer
4295,1787418730.885844,routstrd,0.0007842462463260619,,,59073,0.0,0,consumer
4296,1787418730.8921402,routstrd,0.0007842462463260619,,,59073,0.0,0,consumer
4297,1787418730.8993387,routstrd,0.0007842462463260619,,,59073,0.0,0,consumer
4298,1787418730.905578,routstrd,0.0007842462463260619,,,59073,0.0,0,consumer
4299,1787418730.9109461,routstrd,0.0007842462463260619,,,59073,0.0,0,consumer
4300,1787418730.91599,routstrd,0.0007842462463260619,,,59073,0.0,0,consumer
4301,1787418730.9211411,routstrd,0.0007842462463260619,,,59073,0.0,0,consumer
4302,1787418730.927577,routstrd,0.0007842462463260619,,,59073,0.0,0,consumer
4303,1787418730.9326494,routstrd,0.0007842462463260619,,,59073,0.0,0,consumer
4304,1787418730.9377854,routstrd,0.0007842462463260619,,,59073,0.0,0,consumer
4305,1787418730.9427147,routstrd,0.0007842462463260619,,,59073,0.0,0,consumer
4306,1787418730.9479191,routstrd,0.0007842462463260619,,,59073,0.0,0,consumer
4307,1787418730.953248,routstrd,0.0007842462463260619,,,59073,0.0,0,consumer
4308,1787418730.9620354,routstrd,0.0007842462463260619,,,59073,0.0,0,consumer
4309,1787418730.9671028,routstrd,0.0007842462463260619,,,59073,0.0,0,consumer
4310,1787418730.9727936,routstrd,0.0007842462463260619,,,59073,0.0,0,consumer
4311,1787418730.9778633,routstrd,0.0007842462463260619,,,59073,0.0,0,consumer
4312,1787418730.9829159,routstrd,0.0007842462463260619,,,59073,0.0,0,consumer
4313,1787418730.989401,routstrd,0.0007842462463260619,,,59073,0.0,0,consumer
4314,1787418730.9948845,routstrd,0.0007842462463260619,,,59073,0.0,0,consumer
4315,1787418731.000363,routstrd,0.0007842462463260619,,,59073,0.0,0,consumer
4316,1787418731.0059288,routstrd,0.0007842462463260619,,,59073,0.0,0,consumer
4317,1787418731.0147607,routstrd,0.0007842462463260619,,,59073,0.0,0,consumer
4318,1787418731.0207624,routstrd,0.0007842462463260619,,,59073,0.0,0,consumer
4319,1787418731.0262752,routstrd,0.0007842462463260619,,,59073,0.0,0,consumer
4320,1787418731.0349758,routstrd,0.0007842462463260619,,,59073,0.0,0,consumer
4321,1787418731.0401282,routstrd,0.0007842462463260619,,,59073,0.0,0,consumer
4322,1787418731.0453424,routstrd,0.0007842462463260619,,,59073,0.0,0,consumer
4323,1787418731.0505168,routstrd,0.0007842462463260619,,,59073,0.0,0,consumer
4324,1787418731.0558875,routstrd,0.0007842462463260619,,,59073,0.0,0,consumer
4325,1787418731.0622966,routstrd,0.0007842462463260619,,,59073,0.0,0,consumer
4326,1787418731.070858,routstrd,0.0007842462463260619,,,59073,0.0,0,consumer
4327,1787418731.076183,routstrd,0.0007842462463260619,,,59073,0.0,0,consumer
4328,1787418731.0838885,routstrd,0.0007842462463260619,,,59073,0.0,0,consumer
4329,1787418733.275627,openrouter,0.9675,1.0,0.03249999999999997,36325,0.001180562499999999,0,consumer
4330,1787418733.4799428,openrouter,0.9675,1.0,0.03249999999999997,55805,0.0018136624999999986,0,consumer
4331,1787418734.7976599,openrouter,0.9675,1.0,0.03249999999999997,72994,0.002372304999999998,0,consumer
4332,1787418735.177854,openrouter,0.9675,1.0,0.03249999999999997,36889,0.001198892499999999,0,consumer
4333,1787418736.326482,openrouter,0.9675,1.0,0.03249999999999997,56721,0.0018434324999999985,0,consumer
4334,1787418736.9666398,openrouter,0.9675,1.0,0.03249999999999997,60451,0.0019646574999999983,0,consumer
4335,1787418736.9963198,openrouter,0.9675,1.0,0.03249999999999997,86383,0.0028074474999999974,0,consumer
4336,1787418738.4871771,openrouter,0.9675,1.0,0.03249999999999997,37482,0.0012181649999999991,0,consumer
4337,1787418739.0677822,openrouter,0.9675,1.0,0.03249999999999997,2560,8.319999999999994e-05,0,consumer
4338,1787418740.7079184,openrouter,0.9675,1.0,0.03249999999999997,37586,0.001221544999999999,0,consumer
4339,1787418741.55401,openrouter,0.9675,1.0,0.03249999999999997,61011,0.0019828574999999986,0,consumer
4340,1787418742.1897175,openrouter,0.9675,1.0,0.03249999999999997,59972,0.0019490899999999984,0,consumer
4341,1787418743.7531657,openrouter,0.9675,1.0,0.03249999999999997,37758,0.001227134999999999,0,consumer
4342,1787418743.9724035,openrouter,0.9675,1.0,0.03249999999999997,60244,0.0019579299999999984,0,consumer
4343,1787418745.5479584,openrouter,0.9675,1.0,0.03249999999999997,86931,0.002825257499999998,0,consumer
4344,1787418745.6357677,openrouter,0.9675,1.0,0.03249999999999997,37956,0.001233569999999999,0,consumer
4345,1787418745.9539018,openrouter,0.9675,1.0,0.03249999999999997,62406,0.0020281949999999983,0,consumer
4346,1787418746.4553294,openrouter,0.9675,1.0,0.03249999999999997,61614,0.0020024549999999985,0,consumer
4347,1787418746.801945,openrouter,0.9675,1.0,0.03249999999999997,60597,0.0019694024999999983,0,consumer
4348,1787418748.099301,openrouter,0.9675,1.0,0.03249999999999997,39130,0.001271724999999999,0,consumer
4349,1787418748.7016003,openrouter,0.9675,1.0,0.03249999999999997,62093,0.0020180224999999984,0,consumer
4350,1787418754.0211766,openrouter,0.9675,1.0,0.03249999999999997,62026,0.0020158449999999983,0,consumer
4351,1787418755.470322,openrouter,0.9675,1.0,0.03249999999999997,62236,0.002022669999999998,0,consumer
4352,1787418756.633113,openrouter,0.9675,1.0,0.03249999999999997,87365,0.0028393624999999974,0,consumer
4353,1787418757.7549648,openrouter,0.9675,1.0,0.03249999999999997,451,1.4657499999999988e-05,0,consumer
4354,1787418759.7160685,openrouter,0.9675,1.0,0.03249999999999997,1749,5.684249999999995e-05,0,consumer
4355,1787418760.9987094,openrouter,0.9675,1.0,0.03249999999999997,63091,0.0020504574999999983,0,consumer
4356,1787418764.6150663,openrouter,0.9675,1.0,0.03249999999999997,8302,0.00026981499999999975,0,consumer
4357,1787418767.983265,openrouter,0.9675,1.0,0.03249999999999997,50776,0.0016502199999999987,0,consumer
4358,1787418770.112242,openrouter,0.9675,1.0,0.03249999999999997,1454,4.725499999999996e-05,0,consumer
4359,1787418776.9505827,openrouter,0.9675,1.0,0.03249999999999997,87993,0.0028597724999999976,0,consumer
4360,1787418784.3928583,openrouter,0.9675,1.0,0.03249999999999997,88166,0.0028653949999999976,0,consumer
4361,1787418790.5361192,openrouter,0.9675,1.0,0.03249999999999997,2229,7.244249999999994e-05,0,consumer
4362,1787418792.6731143,openrouter,0.9675,1.0,0.03249999999999997,65547,0.0021302774999999983,0,consumer
4363,1787418794.7564566,openrouter,0.9675,1.0,0.03249999999999997,859,2.7917499999999975e-05,0,consumer
4364,1787418795.632598,openrouter,0.9675,1.0,0.03249999999999997,89002,0.002892564999999998,0,consumer
4365,1787418797.069196,openrouter,0.9675,1.0,0.03249999999999997,65877,0.0021410024999999984,0,consumer
4366,1787418800.2136831,openrouter,0.9675,1.0,0.03249999999999997,66308,0.0021550099999999984,0,consumer
4367,1787418805.0620372,openrouter,0.9675,1.0,0.03249999999999997,67627,0.0021978774999999984,0,consumer
4368,1787418812.3696048,openrouter,0.9675,1.0,0.03249999999999997,704,2.287999999999998e-05,0,consumer
4369,1787418816.7813272,openrouter,0.9675,1.0,0.03249999999999997,1206,3.9194999999999966e-05,0,consumer
4370,1787418817.9016187,openrouter,0.9675,1.0,0.03249999999999997,67774,0.0022026549999999982,0,consumer
4371,1787418820.012745,openrouter,0.9675,1.0,0.03249999999999997,49319,0.0016028674999999987,0,consumer
4372,1787418820.5344603,openrouter,0.9675,1.0,0.03249999999999997,51201,0.0016640324999999986,0,consumer
4373,1787418822.8245847,openrouter,0.9675,1.0,0.03249999999999997,51537,0.0016749524999999988,0,consumer
4374,1787418825.694018,openrouter,0.9675,1.0,0.03249999999999997,651,2.115749999999998e-05,0,consumer
4375,1787418826.330664,openrouter,0.9675,1.0,0.03249999999999997,51725,0.0016810624999999985,0,consumer
4376,1787418827.2347121,openrouter,0.9675,1.0,0.03249999999999997,89124,0.0028965299999999974,0,consumer
4377,1787418828.6531959,openrouter,0.9675,1.0,0.03249999999999997,67892,0.0022064899999999985,0,consumer
4378,1787418829.314918,openrouter,0.9675,1.0,0.03249999999999997,53055,0.0017242874999999986,0,consumer
4379,1787418829.4701214,openrouter,0.9675,1.0,0.03249999999999997,1688,5.485999999999996e-05,0,consumer
4380,1787418844.0726607,openrouter,0.9675,1.0,0.03249999999999997,72171,0.0023455574999999983,0,consumer
4381,1787418850.7230394,openrouter,0.9675,1.0,0.03249999999999997,52898,0.0017191849999999985,0,consumer
4382,1787418855.058292,openrouter,0.9675,1.0,0.03249999999999997,87808,0.0028537599999999973,0,consumer
4383,1787418859.5508878,openrouter,0.9675,1.0,0.03249999999999997,93549,0.0030403424999999973,0,consumer
4384,1787418864.87173,openrouter,0.9675,1.0,0.03249999999999997,75161,0.002442732499999998,0,consumer
4385,1787418865.7466872,openrouter,0.9675,1.0,0.03249999999999997,54722,0.0017784649999999986,0,consumer
4386,1787418868.0031772,openrouter,0.9675,1.0,0.03249999999999997,54460,0.0017699499999999984,0,consumer
4387,1787418868.0309765,openrouter,0.9675,1.0,0.03249999999999997,117436,0.003816669999999997,0,consumer
4388,1787418868.415477,openrouter,0.9675,1.0,0.03249999999999997,54839,0.0017822674999999986,0,consumer
4389,1787418870.4775023,openrouter,0.9675,1.0,0.03249999999999997,119667,0.0038891774999999964,0,consumer
4390,1787418875.2965047,openrouter,0.9675,1.0,0.03249999999999997,56293,0.0018295224999999985,0,consumer
4391,1787418879.6001713,openrouter,0.9675,1.0,0.03249999999999997,68680,0.002232099999999998,0,consumer
4392,1787418879.6055043,openrouter,0.9675,1.0,0.03249999999999997,57369,0.0018644924999999984,0,consumer
4393,1787418881.4828153,openrouter,0.9675,1.0,0.03249999999999997,69209,0.0022492924999999984,0,consumer
4394,1787418882.2079432,openrouter,0.9675,1.0,0.03249999999999997,57555,0.0018705374999999985,0,consumer
4395,1787418882.9460678,openrouter,0.9675,1.0,0.03249999999999997,69348,0.002253809999999998,0,consumer
4396,1787418883.8188698,openrouter,0.9675,1.0,0.03249999999999997,57663,0.0018740474999999984,0,consumer
4397,1787418886.247542,openrouter,0.9675,1.0,0.03249999999999997,69588,0.002261609999999998,0,consumer
4398,1787418886.2487657,openrouter,0.9675,1.0,0.03249999999999997,57757,0.0018771024999999983,0,consumer
4399,1787418886.8431892,openrouter,0.9675,1.0,0.03249999999999997,57719,0.0018758674999999985,0,consumer
4400,1787418886.8702586,openrouter,0.9675,1.0,0.03249999999999997,122896,0.003994119999999997,0,consumer
4401,1787418888.0919304,openrouter,0.9675,1.0,0.03249999999999997,1018,3.308499999999997e-05,0,consumer
4402,1787418889.4966357,openrouter,0.9675,1.0,0.03249999999999997,57948,0.0018833099999999983,0,consumer
4403,1787418890.799571,openrouter,0.9675,1.0,0.03249999999999997,70621,0.002295182499999998,0,consumer
4404,1787418892.1031415,openrouter,0.9675,1.0,0.03249999999999997,58610,0.0019048249999999984,0,consumer
4405,1787418892.396479,openrouter,0.9675,1.0,0.03249999999999997,58632,0.0019055399999999983,0,consumer
4406,1787418892.5496137,openrouter,0.9675,1.0,0.03249999999999997,123478,0.004013034999999996,0,consumer
4407,1787418893.779591,openrouter,0.9675,1.0,0.03249999999999997,58964,0.0019163299999999984,0,consumer
4408,1787418895.7527013,openrouter,0.9675,1.0,0.03249999999999997,59282,0.0019266649999999984,0,consumer
4409,1787418897.6314862,openrouter,0.9675,1.0,0.03249999999999997,59559,0.0019356674999999985,0,consumer
4410,1787418898.967833,openrouter,0.9675,1.0,0.03249999999999997,1443,4.6897499999999955e-05,0,consumer
4411,1787418899.687693,openrouter,0.9675,1.0,0.03249999999999997,124160,0.004035199999999997,0,consumer
4412,1787418901.122883,openrouter,0.9675,1.0,0.03249999999999997,60219,0.0019571174999999984,0,consumer
4413,1787418906.036526,openrouter,0.9675,1.0,0.03249999999999997,44633,0.0014505724999999989,0,consumer
4414,1787418906.9415972,openrouter,0.9675,1.0,0.03249999999999997,1305,4.241249999999997e-05,0,consumer
4415,1787418907.3481917,openrouter,0.9675,1.0,0.03249999999999997,124992,0.0040622399999999965,0,consumer
4416,1787418907.8381438,openrouter,0.9675,1.0,0.03249999999999997,61449,0.0019970924999999982,0,consumer
4417,1787418919.5569108,openrouter,0.9675,1.0,0.03249999999999997,1844,5.992999999999995e-05,0,consumer
4418,1787418919.7260337,openrouter,0.9675,1.0,0.03249999999999997,125713,0.0040856724999999965,0,consumer
4419,1787418920.0603144,openrouter,0.9675,1.0,0.03249999999999997,62087,0.0020178274999999983,0,consumer
4420,1787418923.24196,openrouter,0.9675,1.0,0.03249999999999997,62473,0.0020303724999999983,0,consumer
4421,1787418924.0657227,openrouter,0.9675,1.0,0.03249999999999997,79511,0.002584107499999998,0,consumer
4422,1787418925.6787927,openrouter,0.9675,1.0,0.03249999999999997,24727,0.0008036274999999994,0,consumer
4423,1787418926.119727,openrouter,0.9675,1.0,0.03249999999999997,23624,0.0007677799999999994,0,consumer
4424,1787418926.578153,openrouter,0.9675,1.0,0.03249999999999997,23554,0.0007655049999999994,0,consumer
4425,1787418927.2000391,openrouter,0.9675,1.0,0.03249999999999997,62807,0.0020412274999999985,0,consumer
4426,1787418928.1996348,openrouter,0.9675,1.0,0.03249999999999997,71434,0.0023216049999999983,0,consumer
4427,1787418928.6125147,openrouter,0.9675,1.0,0.03249999999999997,24621,0.0008001824999999993,0,consumer
4428,1787418929.4569852,openrouter,0.9675,1.0,0.03249999999999997,126888,0.0041238599999999966,0,consumer
4429,1787418930.569561,openrouter,0.9675,1.0,0.03249999999999997,71938,0.002337984999999998,0,consumer
4430,1787418930.920298,openrouter,0.9675,1.0,0.03249999999999997,1273,4.1372499999999963e-05,0,consumer
4431,1787418932.01005,openrouter,0.9675,1.0,0.03249999999999997,79774,0.002592654999999998,0,consumer
4432,1787418932.1980073,openrouter,0.9675,1.0,0.03249999999999997,72064,0.002342079999999998,0,consumer
4433,1787418933.6829348,openrouter,0.9675,1.0,0.03249999999999997,35872,0.001165839999999999,0,consumer
4434,1787418934.7586386,openrouter,0.9675,1.0,0.03249999999999997,72462,0.002355014999999998,0,consumer
4435,1787418936.2713523,openrouter,0.9675,1.0,0.03249999999999997,819,2.6617499999999977e-05,0,consumer
4436,1787418936.3744092,openrouter,0.9675,1.0,0.03249999999999997,32000,0.001039999999999999,0,consumer
4437,1787418938.443628,openrouter,0.9675,1.0,0.03249999999999997,37009,0.0012027924999999991,0,consumer
4438,1787418941.4295285,openrouter,0.9675,1.0,0.03249999999999997,87296,0.0028371199999999977,0,consumer
4439,1787418941.6001263,openrouter,0.9675,1.0,0.03249999999999997,63127,0.0020516274999999983,0,consumer
4440,1787418941.9300857,openrouter,0.9675,1.0,0.03249999999999997,31663,0.0010290474999999993,0,consumer
4441,1787418942.177237,openrouter,0.9675,1.0,0.03249999999999997,38459,0.0012499174999999988,0,consumer
4442,1787418942.9299123,openrouter,0.9675,1.0,0.03249999999999997,127555,0.004145537499999997,0,consumer
4443,1787418943.2930992,openrouter,0.9675,1.0,0.03249999999999997,60529,0.0019671924999999984,0,consumer
4444,1787418943.4388344,openrouter,0.9675,1.0,0.03249999999999997,33106,0.001075944999999999,0,consumer
4445,1787418946.5627577,openrouter,0.9675,1.0,0.03249999999999997,63733,0.0020713224999999984,0,consumer
4446,1787418946.6278093,openrouter,0.9675,1.0,0.03249999999999997,1058,3.438499999999997e-05,0,consumer
4447,1787418947.5385892,openrouter,0.9675,1.0,0.03249999999999997,45850,0.0014901249999999988,0,consumer
4448,1787418948.0835614,openrouter,0.9675,1.0,0.03249999999999997,64333,0.0020908224999999984,0,consumer
4449,1787418948.6936524,openrouter,0.9675,1.0,0.03249999999999997,44748,0.0014543099999999988,0,consumer
4450,1787418948.6995728,openrouter,0.9675,1.0,0.03249999999999997,127916,0.004157269999999997,0,consumer
4451,1787418949.4503658,openrouter,0.9675,1.0,0.03249999999999997,287,9.327499999999992e-06,0,consumer
4452,1787418950.4272473,openrouter,0.9675,1.0,0.03249999999999997,46577,0.0015137524999999986,0,consumer
4453,1787418952.9396305,openrouter,0.9675,1.0,0.03249999999999997,65159,0.002117667499999998,0,consumer
4454,1787418956.67554,openrouter,0.9675,1.0,0.03249999999999997,129023,0.004193247499999997,0,consumer
4455,1787418956.6778603,routstrd,0.0007842462463260619,0.0010195201202238804,0.0002352738738978185,129023,3.0355741031918255e-05,0,consumer
4456,1787418956.679722,routstrd,0.0007842462463260619,0.0010195201202238804,0.0002352738738978185,129023,3.0355741031918255e-05,0,consumer
4457,1787418956.681198,routstrd,0.0007842462463260619,0.0010195201202238804,0.0002352738738978185,129023,3.0355741031918255e-05,0,consumer
4458,1787418956.6831903,routstrd,0.0007842462463260619,0.0010195201202238804,0.0002352738738978185,129023,3.0355741031918255e-05,0,consumer
4459,1787418959.3633447,openrouter,0.9675,1.0,0.03249999999999997,66013,0.002145422499999998,0,consumer
4460,1787418960.3309708,openrouter,0.9675,1.0,0.03249999999999997,61111,0.0019861074999999984,0,consumer
4461,1787418960.7619956,openrouter,0.9675,1.0,0.03249999999999997,102343,0.0033261474999999974,0,consumer
4462,1787418960.7725637,openrouter,0.9675,1.0,0.03249999999999997,32999,0.001072467499999999,0,consumer
4463,1787418961.333838,openrouter,0.9675,1.0,0.03249999999999997,1463,4.7547499999999964e-05,0,consumer
4464,1787418962.6987092,openrouter,0.9675,1.0,0.03249999999999997,61972,0.0020140899999999983,0,consumer
4465,1787418964.8612463,openrouter,0.9675,1.0,0.03249999999999997,66765,0.0021698624999999983,0,consumer
4466,1787418964.8744464,routstrd,0.0007842462463260619,,,66765,0.0,0,consumer
4467,1787418964.8904717,routstrd,0.0007842462463260619,,,66765,0.0,0,consumer
4468,1787418964.8976982,routstrd,0.0007842462463260619,,,66765,0.0,0,consumer
4469,1787418964.9150774,routstrd,0.0007842462463260619,,,66765,0.0,0,consumer
4470,1787418964.9169102,routstrd,0.0007842462463260619,,,66765,0.0,0,consumer
4471,1787418964.9194117,routstrd,0.0007842462463260619,,,66765,0.0,0,consumer
4472,1787418964.9223762,routstrd,0.0007842462463260619,,,66765,0.0,0,consumer
4473,1787418964.9290247,routstrd,0.0007842462463260619,,,66765,0.0,0,consumer
4474,1787418967.6214814,openrouter,0.9675,1.0,0.03249999999999997,1263,4.104749999999996e-05,0,consumer
4475,1787418969.8804796,openrouter,0.9675,1.0,0.03249999999999997,61850,0.0020101249999999985,0,consumer
4476,1787418969.8829043,routstrd,0.0007842462463260619,,,61850,0.0,0,consumer
4477,1787418969.8897624,routstrd,0.0007842462463260619,,,61850,0.0,0,consumer
4478,1787418969.9002984,routstrd,0.0007842462463260619,,,61850,0.0,0,consumer
4479,1787418969.9098887,routstrd,0.0007842462463260619,,,61850,0.0,0,consumer
4480,1787418969.9228823,routstrd,0.0007842462463260619,,,61850,0.0,0,consumer
4481,1787418969.9282925,routstrd,0.0007842462463260619,,,61850,0.0,0,consumer
4482,1787418969.938841,routstrd,0.0007842462463260619,,,61850,0.0,0,consumer
4483,1787418969.9464004,routstrd,0.0007842462463260619,,,61850,0.0,0,consumer
4484,1787418969.9485586,routstrd,0.0007842462463260619,,,61850,0.0,0,consumer
4485,1787418969.9531202,routstrd,0.0007842462463260619,,,61850,0.0,0,consumer
4486,1787418969.9549322,routstrd,0.0007842462463260619,,,61850,0.0,0,consumer
4487,1787418969.9576507,routstrd,0.0007842462463260619,,,61850,0.0,0,consumer
4488,1787418969.9597178,routstrd,0.0007842462463260619,,,61850,0.0,0,consumer
4489,1787418969.9629447,routstrd,0.0007842462463260619,,,61850,0.0,0,consumer
4490,1787418969.9676933,routstrd,0.0007842462463260619,,,61850,0.0,0,consumer
4491,1787418969.9709957,routstrd,0.0007842462463260619,,,61850,0.0,0,consumer
4492,1787418969.972894,routstrd,0.0007842462463260619,,,61850,0.0,0,consumer
4493,1787418969.975578,routstrd,0.0007842462463260619,,,61850,0.0,0,consumer
4494,1787418969.9769475,routstrd,0.0007842462463260619,,,61850,0.0,0,consumer
4495,1787418973.0174503,openrouter,0.9675,1.0,0.03249999999999997,130228,0.004232409999999996,0,consumer
4496,1787418973.0268571,routstrd,0.0007842462463260619,,,130228,0.0,0,consumer
4497,1787418973.038194,routstrd,0.0007842462463260619,,,130228,0.0,0,consumer
4498,1787418973.0526164,routstrd,0.0007842462463260619,,,130228,0.0,0,consumer
4499,1787418973.0609848,routstrd,0.0007842462463260619,,,130228,0.0,0,consumer
4500,1787418973.0650125,routstrd,0.0007842462463260619,,,130228,0.0,0,consumer
4501,1787418973.0717192,routstrd,0.0007842462463260619,,,130228,0.0,0,consumer
4502,1787418973.0778503,routstrd,0.0007842462463260619,,,130228,0.0,0,consumer
4503,1787418973.0889535,routstrd,0.0007842462463260619,,,130228,0.0,0,consumer
4504,1787418973.0942452,routstrd,0.0007842462463260619,,,130228,0.0,0,consumer
4505,1787418973.1078248,routstrd,0.0007842462463260619,,,130228,0.0,0,consumer
4506,1787418973.1122541,routstrd,0.0007842462463260619,,,130228,0.0,0,consumer
4507,1787418973.1159344,routstrd,0.0007842462463260619,,,130228,0.0,0,consumer
4508,1787418973.1246214,routstrd,0.0007842462463260619,,,130228,0.0,0,consumer
4509,1787418973.1287084,routstrd,0.0007842462463260619,,,130228,0.0,0,consumer
4510,1787418973.1307504,routstrd,0.0007842462463260619,,,130228,0.0,0,consumer
4511,1787418973.133012,routstrd,0.0007842462463260619,,,130228,0.0,0,consumer
4512,1787418973.1350195,routstrd,0.0007842462463260619,,,130228,0.0,0,consumer
4513,1787418973.1380792,routstrd,0.0007842462463260619,,,130228,0.0,0,consumer
4514,1787418973.1412458,routstrd,0.0007842462463260619,,,130228,0.0,0,consumer
4515,1787418973.1453004,routstrd,0.0007842462463260619,,,130228,0.0,0,consumer
4516,1787418973.1529202,routstrd,0.0007842462463260619,,,130228,0.0,0,consumer
4517,1787418973.155618,routstrd,0.0007842462463260619,,,130228,0.0,0,consumer
4518,1787418973.157617,routstrd,0.0007842462463260619,,,130228,0.0,0,consumer
4519,1787418973.1602573,routstrd,0.0007842462463260619,,,130228,0.0,0,consumer
4520,1787418973.1633382,routstrd,0.0007842462463260619,,,130228,0.0,0,consumer
4521,1787418973.1663752,routstrd,0.0007842462463260619,,,130228,0.0,0,consumer
4522,1787418973.1716018,routstrd,0.0007842462463260619,,,130228,0.0,0,consumer
4523,1787418973.174603,routstrd,0.0007842462463260619,,,130228,0.0,0,consumer
4524,1787418973.176782,routstrd,0.0007842462463260619,,,130228,0.0,0,consumer
4525,1787418973.1802137,routstrd,0.0007842462463260619,,,130228,0.0,0,consumer
4526,1787418973.1839685,routstrd,0.0007842462463260619,,,130228,0.0,0,consumer
4527,1787418973.187519,routstrd,0.0007842462463260619,,,130228,0.0,0,consumer
4528,1787418973.1913624,routstrd,0.0007842462463260619,,,130228,0.0,0,consumer
4529,1787418973.1946123,routstrd,0.0007842462463260619,,,130228,0.0,0,consumer
4530,1787418973.1997046,routstrd,0.0007842462463260619,,,130228,0.0,0,consumer
4531,1787418973.202841,routstrd,0.0007842462463260619,,,130228,0.0,0,consumer
4532,1787418973.2060416,routstrd,0.0007842462463260619,,,130228,0.0,0,consumer
4533,1787418973.2093217,routstrd,0.0007842462463260619,,,130228,0.0,0,consumer
4534,1787418973.2172823,routstrd,0.0007842462463260619,,,130228,0.0,0,consumer
4535,1787418973.2222252,routstrd,0.0007842462463260619,,,130228,0.0,0,consumer
4536,1787418973.2262497,routstrd,0.0007842462463260619,,,130228,0.0,0,consumer
4537,1787418973.2293522,routstrd,0.0007842462463260619,,,130228,0.0,0,consumer
4538,1787418973.2326071,routstrd,0.0007842462463260619,,,130228,0.0,0,consumer
4539,1787418974.768195,openrouter,0.9675,1.0,0.03249999999999997,784,2.547999999999998e-05,0,consumer
4540,1787418974.7691488,routstrd,0.0007842462463260619,,,784,0.0,0,consumer
4541,1787418974.7715337,routstrd,0.0007842462463260619,,,784,0.0,0,consumer
4542,1787418974.7728426,routstrd,0.0007842462463260619,,,784,0.0,0,consumer
4543,1787418974.7748203,routstrd,0.0007842462463260619,,,784,0.0,0,consumer
4544,1787418974.7764328,routstrd,0.0007842462463260619,,,784,0.0,0,consumer
4545,1787418974.7775836,routstrd,0.0007842462463260619,,,784,0.0,0,consumer
4546,1787418974.7786283,routstrd,0.0007842462463260619,,,784,0.0,0,consumer
4547,1787418974.7793753,routstrd,0.0007842462463260619,,,784,0.0,0,consumer
4548,1787418974.7820065,routstrd,0.0007842462463260619,,,784,0.0,0,consumer
4549,1787418974.7840924,routstrd,0.0007842462463260619,,,784,0.0,0,consumer
4550,1787418974.787223,routstrd,0.0007842462463260619,,,784,0.0,0,consumer
4551,1787418974.7927601,routstrd,0.0007842462463260619,,,784,0.0,0,consumer
4552,1787418974.794154,routstrd,0.0007842462463260619,,,784,0.0,0,consumer
4553,1787418974.795659,routstrd,0.0007842462463260619,,,784,0.0,0,consumer
4554,1787418974.7972283,routstrd,0.0007842462463260619,,,784,0.0,0,consumer
4555,1787418974.7988725,routstrd,0.0007842462463260619,,,784,0.0,0,consumer
4556,1787418974.7998385,routstrd,0.0007842462463260619,,,784,0.0,0,consumer
4557,1787418974.802238,routstrd,0.0007842462463260619,,,784,0.0,0,consumer
4558,1787418974.8038023,routstrd,0.0007842462463260619,,,784,0.0,0,consumer
4559,1787418974.8052654,routstrd,0.0007842462463260619,,,784,0.0,0,consumer
4560,1787418974.8064957,routstrd,0.0007842462463260619,,,784,0.0,0,consumer
4561,1787418974.8083227,routstrd,0.0007842462463260619,,,784,0.0,0,consumer
4562,1787418974.8097198,routstrd,0.0007842462463260619,,,784,0.0,0,consumer
4563,1787418974.8108847,routstrd,0.0007842462463260619,,,784,0.0,0,consumer
4564,1787418974.811923,routstrd,0.0007842462463260619,,,784,0.0,0,consumer
4565,1787418974.812758,routstrd,0.0007842462463260619,,,784,0.0,0,consumer
4566,1787418974.813524,routstrd,0.0007842462463260619,,,784,0.0,0,consumer
4567,1787418974.814208,routstrd,0.0007842462463260619,,,784,0.0,0,consumer
4568,1787418974.8149283,routstrd,0.0007842462463260619,,,784,0.0,0,consumer
4569,1787418974.8158991,routstrd,0.0007842462463260619,,,784,0.0,0,consumer
4570,1787418974.817832,routstrd,0.0007842462463260619,,,784,0.0,0,consumer
4571,1787418974.8852265,routstrd,0.0007842462463260619,,,784,0.0,0,consumer
4572,1787418974.8863304,routstrd,0.0007842462463260619,,,784,0.0,0,consumer
4573,1787418974.887189,routstrd,0.0007842462463260619,,,784,0.0,0,consumer
4574,1787418974.8880007,routstrd,0.0007842462463260619,,,784,0.0,0,consumer
4575,1787418974.8886912,routstrd,0.0007842462463260619,,,784,0.0,0,consumer
4576,1787418974.8893502,routstrd,0.0007842462463260619,,,784,0.0,0,consumer
4577,1787418974.8911107,routstrd,0.0007842462463260619,,,784,0.0,0,consumer
4578,1787418974.8918426,routstrd,0.0007842462463260619,,,784,0.0,0,consumer
4579,1787418974.8928382,routstrd,0.0007842462463260619,,,784,0.0,0,consumer
4580,1787418974.8937745,routstrd,0.0007842462463260619,,,784,0.0,0,consumer
4581,1787418974.8946414,routstrd,0.0007842462463260619,,,784,0.0,0,consumer
4582,1787418974.895417,routstrd,0.0007842462463260619,,,784,0.0,0,consumer
4583,1787418974.8961105,routstrd,0.0007842462463260619,,,784,0.0,0,consumer
4584,1787418974.8968904,routstrd,0.0007842462463260619,,,784,0.0,0,consumer
4585,1787418993.5851603,openrouter,0.9675,1.0,0.03249999999999997,1657,5.385249999999996e-05,0,consumer
4586,1787419325.7034812,openrouter,0.9675,1.0,0.03249999999999997,24738,0.0008039849999999994,0,consumer
4587,1787419325.7243502,routstrd,0.0007842462463260619,,,24738,0.0,0,consumer
4588,1787419325.732927,routstrd,0.0007842462463260619,,,24738,0.0,0,consumer
4589,1787419325.7414713,routstrd,0.0007842462463260619,,,24738,0.0,0,consumer
4590,1787419325.749797,routstrd,0.0007842462463260619,,,24738,0.0,0,consumer
4591,1787419325.7638326,routstrd,0.0007842462463260619,,,24738,0.0,0,consumer
4592,1787419325.7747102,routstrd,0.0007842462463260619,,,24738,0.0,0,consumer
4593,1787419325.778955,routstrd,0.0007842462463260619,,,24738,0.0,0,consumer
4594,1787419325.7875865,routstrd,0.0007842462463260619,,,24738,0.0,0,consumer
4595,1787419325.7998638,routstrd,0.0007842462463260619,,,24738,0.0,0,consumer
4596,1787419325.8053114,routstrd,0.0007842462463260619,,,24738,0.0,0,consumer
4597,1787419325.8087318,routstrd,0.0007842462463260619,,,24738,0.0,0,consumer
4598,1787419325.8138254,routstrd,0.0007842462463260619,,,24738,0.0,0,consumer
4599,1787419325.8175657,routstrd,0.0007842462463260619,,,24738,0.0,0,consumer
4600,1787419325.8211095,routstrd,0.0007842462463260619,,,24738,0.0,0,consumer
4601,1787419325.8261087,routstrd,0.0007842462463260619,,,24738,0.0,0,consumer
4602,1787419326.8916566,openrouter,0.9675,1.0,0.03249999999999997,24696,0.0008026199999999993,0,consumer
4603,1787419326.8962924,routstrd,0.0007842462463260619,0.0010195201202238804,0.0002352738738978185,24696,5.810323589780528e-06,0,consumer
4604,1787419327.3021858,openrouter,0.9675,1.0,0.03249999999999997,23626,0.0007678449999999993,0,consumer
4605,1787419327.305796,routstrd,0.0007842462463260619,0.0010195201202238804,0.0002352738738978185,23626,5.558580544709862e-06,0,consumer
4606,1787419327.3575811,openrouter,0.9675,1.0,0.03249999999999997,47860,0.0015554499999999986,0,consumer
4607,1787419327.3597858,routstrd,0.0007842462463260619,,,47860,0.0,0,consumer
4608,1787419327.362589,routstrd,0.0007842462463260619,,,47860,0.0,0,consumer
4609,1787419327.3651628,routstrd,0.0007842462463260619,,,47860,0.0,0,consumer
4610,1787419327.3671818,routstrd,0.0007842462463260619,,,47860,0.0,0,consumer
4611,1787419327.3693795,routstrd,0.0007842462463260619,,,47860,0.0,0,consumer
4612,1787419327.3711913,routstrd,0.0007842462463260619,,,47860,0.0,0,consumer
4613,1787419327.3742106,routstrd,0.0007842462463260619,,,47860,0.0,0,consumer
4614,1787419327.375718,routstrd,0.0007842462463260619,,,47860,0.0,0,consumer
4615,1787419327.3786526,routstrd,0.0007842462463260619,,,47860,0.0,0,consumer
4616,1787419327.380708,routstrd,0.0007842462463260619,,,47860,0.0,0,consumer
4617,1787419327.3838787,routstrd,0.0007842462463260619,,,47860,0.0,0,consumer
4618,1787419327.3866158,routstrd,0.0007842462463260619,,,47860,0.0,0,consumer
4619,1787419327.3887434,routstrd,0.0007842462463260619,,,47860,0.0,0,consumer
4620,1787419327.3910224,routstrd,0.0007842462463260619,,,47860,0.0,0,consumer
4621,1787419327.3930583,routstrd,0.0007842462463260619,,,47860,0.0,0,consumer
4622,1787419328.413991,openrouter,0.9675,1.0,0.03249999999999997,631,2.0507499999999983e-05,0,consumer
4623,1787419328.415487,routstrd,0.0007842462463260619,,,631,0.0,0,consumer
4624,1787419328.416842,routstrd,0.0007842462463260619,,,631,0.0,0,consumer
4625,1787419328.4181342,routstrd,0.0007842462463260619,,,631,0.0,0,consumer
4626,1787419328.41957,routstrd,0.0007842462463260619,,,631,0.0,0,consumer
4627,1787419328.420627,routstrd,0.0007842462463260619,,,631,0.0,0,consumer
4628,1787419328.421908,routstrd,0.0007842462463260619,,,631,0.0,0,consumer
4629,1787419328.4238255,routstrd,0.0007842462463260619,,,631,0.0,0,consumer
4630,1787419328.4253712,routstrd,0.0007842462463260619,,,631,0.0,0,consumer
4631,1787419328.4280977,routstrd,0.0007842462463260619,,,631,0.0,0,consumer
4632,1787419328.4289854,routstrd,0.0007842462463260619,,,631,0.0,0,consumer
4633,1787419328.4306793,routstrd,0.0007842462463260619,,,631,0.0,0,consumer
4634,1787419328.4316475,routstrd,0.0007842462463260619,,,631,0.0,0,consumer
4635,1787419329.5693903,openrouter,0.9675,1.0,0.03249999999999997,871,2.8307499999999976e-05,0,consumer
4636,1787419329.5716321,routstrd,0.0007842462463260619,,,871,0.0,0,consumer
4637,1787419329.7595491,openrouter,0.9675,1.0,0.03249999999999997,1307,4.247749999999996e-05,0,consumer
4638,1787419329.762252,routstrd,0.0007842462463260619,,,1307,0.0,0,consumer
4639,1787419329.7666478,routstrd,0.0007842462463260619,,,1307,0.0,0,consumer
4640,1787419329.7717073,routstrd,0.0007842462463260619,,,1307,0.0,0,consumer
4641,1787419329.7742937,routstrd,0.0007842462463260619,,,1307,0.0,0,consumer
4642,1787419329.7763724,routstrd,0.0007842462463260619,,,1307,0.0,0,consumer
4643,1787419329.7796216,routstrd,0.0007842462463260619,,,1307,0.0,0,consumer
4644,1787419329.782343,routstrd,0.0007842462463260619,,,1307,0.0,0,consumer
4645,1787419329.785708,routstrd,0.0007842462463260619,,,1307,0.0,0,consumer
4646,1787419329.787532,routstrd,0.0007842462463260619,,,1307,0.0,0,consumer
4647,1787419329.7889628,routstrd,0.0007842462463260619,,,1307,0.0,0,consumer
4648,1787419331.8870022,openrouter,0.9675,1.0,0.03249999999999997,63049,0.002049092499999998,0,consumer
4649,1787419331.8960614,routstrd,0.0007842462463260619,,,63049,0.0,0,consumer
4650,1787419331.901985,routstrd,0.0007842462463260619,,,63049,0.0,0,consumer
4651,1787419331.9065413,routstrd,0.0007842462463260619,,,63049,0.0,0,consumer
4652,1787419331.9102283,routstrd,0.0007842462463260619,,,63049,0.0,0,consumer
4653,1787419331.912576,routstrd,0.0007842462463260619,,,63049,0.0,0,consumer
4654,1787419331.9160774,routstrd,0.0007842462463260619,,,63049,0.0,0,consumer
4655,1787419332.0506246,openrouter,0.9675,1.0,0.03249999999999997,47183,0.001533447499999999,0,consumer
4656,1787419332.0529897,routstrd,0.0007842462463260619,,,47183,0.0,0,consumer
4657,1787419333.6981153,openrouter,0.9675,1.0,0.03249999999999997,36529,0.001187192499999999,0,consumer
4658,1787419334.6439793,openrouter,0.9675,1.0,0.03249999999999997,32514,0.0010567049999999991,0,consumer
4659,1787419335.0049155,openrouter,0.9675,1.0,0.03249999999999997,36621,0.001190182499999999,0,consumer
4660,1787419335.4996932,openrouter,0.9675,1.0,0.03249999999999997,3312,0.00010763999999999991,0,consumer
4661,1787419335.5006597,routstrd,0.0007842462463260619,,,3312,0.0,0,consumer
4662,1787419336.688629,openrouter,0.9675,1.0,0.03249999999999997,47570,0.0015460249999999988,0,consumer
4663,1787419336.693141,routstrd,0.0007842462463260619,,,47570,0.0,0,consumer
4664,1787419336.69562,routstrd,0.0007842462463260619,,,47570,0.0,0,consumer
4665,1787419336.6988442,routstrd,0.0007842462463260619,,,47570,0.0,0,consumer
4666,1787419336.7019844,routstrd,0.0007842462463260619,,,47570,0.0,0,consumer
4667,1787419336.7040653,routstrd,0.0007842462463260619,,,47570,0.0,0,consumer
4668,1787419336.706194,routstrd,0.0007842462463260619,,,47570,0.0,0,consumer
4669,1787419336.7086315,routstrd,0.0007842462463260619,,,47570,0.0,0,consumer
4670,1787419336.7108426,routstrd,0.0007842462463260619,,,47570,0.0,0,consumer
4671,1787419336.7128346,routstrd,0.0007842462463260619,,,47570,0.0,0,consumer
4672,1787419336.751207,routstrd,0.0007842462463260619,,,47570,0.0,0,consumer
4673,1787419336.754451,routstrd,0.0007842462463260619,,,47570,0.0,0,consumer
4674,1787419336.8878963,openrouter,0.9675,1.0,0.03249999999999997,67482,0.0021931649999999982,0,consumer
4675,1787419337.1975946,openrouter,0.9675,1.0,0.03249999999999997,37547,0.001220277499999999,0,consumer
4676,1787419340.8299222,openrouter,0.9675,1.0,0.03249999999999997,39055,0.001269287499999999,0,consumer
4677,1787419340.9713392,openrouter,0.9675,1.0,0.03249999999999997,67463,0.0021925474999999984,0,consumer
4678,1787419341.0152743,openrouter,0.9675,1.0,0.03249999999999997,131793,0.0042832724999999966,0,consumer
4679,1787419341.2685373,openrouter,0.9675,1.0,0.03249999999999997,33700,0.001095249999999999,0,consumer
4680,1787419341.3159626,routstrd,0.0007842462463260619,,,67463,0.0,0,consumer
4681,1787419341.3235538,routstrd,0.0007842462463260619,,,131793,0.0,0,consumer
4682,1787419341.3256476,routstrd,0.0007842462463260619,,,67463,0.0,0,consumer
4683,1787419341.3272097,routstrd,0.0007842462463260619,,,67463,0.0,0,consumer
4684,1787419341.3337345,routstrd,0.0007842462463260619,,,67463,0.0,0,consumer
4685,1787419341.4904158,openrouter,0.9675,1.0,0.03249999999999997,105009,0.003412792499999997,0,consumer
4686,1787419342.4997058,openrouter,0.9675,1.0,0.03249999999999997,75077,0.0024400024999999977,0,consumer
4687,1787419342.5153525,routstrd,0.0007842462463260619,0.0010195201202238804,0.0002352738738978185,75077,1.7663656630626527e-05,0,consumer
4688,1787419343.2313182,openrouter,0.9675,1.0,0.03249999999999997,68825,0.0022368124999999984,0,consumer
4689,1787419343.257647,openrouter,0.9675,1.0,0.03249999999999997,1924,6.252999999999995e-05,0,consumer
4690,1787419344.6104078,openrouter,0.9675,1.0,0.03249999999999997,40099,0.0013032174999999988,0,consumer
4691,1787419344.6130252,openrouter,0.9675,1.0,0.03249999999999997,62111,0.0020186074999999984,0,consumer
4692,1787419344.6459484,routstrd,0.0007842462463260619,,,62111,0.0,0,consumer
4693,1787419344.652849,routstrd,0.0007842462463260619,,,62111,0.0,0,consumer
4694,1787419344.668544,routstrd,0.0007842462463260619,,,62111,0.0,0,consumer
4695,1787419344.679851,routstrd,0.0007842462463260619,,,62111,0.0,0,consumer
4696,1787419344.6833622,routstrd,0.0007842462463260619,,,62111,0.0,0,consumer
4697,1787419345.323739,openrouter,0.9675,1.0,0.03249999999999997,48550,0.0015778749999999985,0,consumer
4698,1787419348.1138203,openrouter,0.9675,1.0,0.03249999999999997,111655,0.003628787499999997,0,consumer
4699,1787419348.1498299,routstrd,0.0007842462463260619,,,111655,0.0,0,consumer
4700,1787419348.1601152,routstrd,0.0007842462463260619,,,111655,0.0,0,consumer
4701,1787419348.1689227,routstrd,0.0007842462463260619,,,111655,0.0,0,consumer
4702,1787419348.1772616,routstrd,0.0007842462463260619,,,111655,0.0,0,consumer
4703,1787419348.1931014,routstrd,0.0007842462463260619,,,111655,0.0,0,consumer
4704,1787419348.2063384,routstrd,0.0007842462463260619,,,111655,0.0,0,consumer
4705,1787419348.2345774,routstrd,0.0007842462463260619,,,111655,0.0,0,consumer
4706,1787419348.2423933,routstrd,0.0007842462463260619,,,111655,0.0,0,consumer
4707,1787419348.2477946,routstrd,0.0007842462463260619,,,111655,0.0,0,consumer
4708,1787419348.270568,routstrd,0.0007842462463260619,,,111655,0.0,0,consumer
4709,1787419348.2759023,routstrd,0.0007842462463260619,,,111655,0.0,0,consumer
4710,1787419350.0384843,openrouter,0.9675,1.0,0.03249999999999997,69415,0.0022559874999999985,0,consumer
4711,1787419350.103916,routstrd,0.0007842462463260619,0.0010195201202238804,0.0002352738738978185,69415,1.633153595661708e-05,0,consumer
4712,1787419350.1319852,openrouter,0.9675,1.0,0.03249999999999997,62200,0.0020214999999999986,0,consumer
4713,1787419350.1326897,routstrd,0.0007842462463260619,0.0010195201202238804,0.0002352738738978185,69415,1.633153595661708e-05,0,consumer
4714,1787419350.1510315,routstrd,0.0007842462463260619,0.0010195201202238804,0.0002352738738978185,69415,1.633153595661708e-05,0,consumer
4715,1787419350.1563938,routstrd,0.0007842462463260619,0.0010195201202238804,0.0002352738738978185,62200,1.4634034956444317e-05,0,consumer
4716,1787419350.1658056,routstrd,0.0007842462463260619,0.0010195201202238804,0.0002352738738978185,69415,1.633153595661708e-05,0,consumer
4717,1787419350.1726577,routstrd,0.0007842462463260619,0.0010195201202238804,0.0002352738738978185,62200,1.4634034956444317e-05,0,consumer
4718,1787419350.1750174,routstrd,0.0007842462463260619,0.0010195201202238804,0.0002352738738978185,69415,1.633153595661708e-05,0,consumer
4719,1787419350.1865697,routstrd,0.0007842462463260619,0.0010195201202238804,0.0002352738738978185,62200,1.4634034956444317e-05,0,consumer
4720,1787419350.2033486,routstrd,0.0007842462463260619,0.0010195201202238804,0.0002352738738978185,69415,1.633153595661708e-05,0,consumer
4721,1787419350.210939,routstrd,0.0007842462463260619,0.0010195201202238804,0.0002352738738978185,62200,1.4634034956444317e-05,0,consumer
4722,1787419350.2352538,routstrd,0.0007842462463260619,0.0010195201202238804,0.0002352738738978185,62200,1.4634034956444317e-05,0,consumer
4723,1787419350.2377584,routstrd,0.0007842462463260619,0.0010195201202238804,0.0002352738738978185,69415,1.633153595661708e-05,0,consumer
4724,1787419350.2400184,routstrd,0.0007842462463260619,0.0010195201202238804,0.0002352738738978185,62200,1.4634034956444317e-05,0,consumer
4725,1787419350.244245,routstrd,0.0007842462463260619,0.0010195201202238804,0.0002352738738978185,62200,1.4634034956444317e-05,0,consumer
4726,1787419350.2585537,routstrd,0.0007842462463260619,0.0010195201202238804,0.0002352738738978185,62200,1.4634034956444317e-05,0,consumer
4727,1787419350.2683048,routstrd,0.0007842462463260619,0.0010195201202238804,0.0002352738738978185,62200,1.4634034956444317e-05,0,consumer
4728,1787419350.2895079,routstrd,0.0007842462463260619,0.0010195201202238804,0.0002352738738978185,62200,1.4634034956444317e-05,0,consumer
4729,1787419350.2911582,routstrd,0.0007842462463260619,0.0010195201202238804,0.0002352738738978185,62200,1.4634034956444317e-05,0,consumer
4730,1787419350.2940338,routstrd,0.0007842462463260619,0.0010195201202238804,0.0002352738738978185,62200,1.4634034956444317e-05,0,consumer
4731,1787419350.3137128,routstrd,0.0007842462463260619,0.0010195201202238804,0.0002352738738978185,62200,1.4634034956444317e-05,0,consumer
4732,1787419350.3161561,routstrd,0.0007842462463260619,0.0010195201202238804,0.0002352738738978185,62200,1.4634034956444317e-05,0,consumer
4733,1787419350.3178282,routstrd,0.0007842462463260619,0.0010195201202238804,0.0002352738738978185,62200,1.4634034956444317e-05,0,consumer
4734,1787419350.3236818,routstrd,0.0007842462463260619,0.0010195201202238804,0.0002352738738978185,62200,1.4634034956444317e-05,0,consumer
4735,1787419350.3305006,routstrd,0.0007842462463260619,0.0010195201202238804,0.0002352738738978185,62200,1.4634034956444317e-05,0,consumer
4736,1787419350.3343906,routstrd,0.0007842462463260619,0.0010195201202238804,0.0002352738738978185,62200,1.4634034956444317e-05,0,consumer
4737,1787419350.336214,routstrd,0.0007842462463260619,0.0010195201202238804,0.0002352738738978185,62200,1.4634034956444317e-05,0,consumer
4738,1787419350.3378973,routstrd,0.0007842462463260619,0.0010195201202238804,0.0002352738738978185,62200,1.4634034956444317e-05,0,consumer
4739,1787419350.3392496,routstrd,0.0007842462463260619,0.0010195201202238804,0.0002352738738978185,62200,1.4634034956444317e-05,0,consumer
4740,1787419351.4004138,openrouter,0.9675,1.0,0.03249999999999997,40271,0.001308807499999999,0,consumer
4741,1787419351.4177759,openrouter,0.9675,1.0,0.03249999999999997,36586,0.001189044999999999,0,consumer
4742,1787419351.4326956,openrouter,0.9675,1.0,0.03249999999999997,67573,0.002196122499999998,0,consumer
4743,1787419361.457907,routstrd,0.0007842462463260619,0.0010195201202238804,0.0002352738738978185,36586,8.607729950425592e-06,0,consumer
4744,1787419361.4714878,routstrd,0.0007842462463260619,0.0010195201202238804,0.0002352738738978185,67573,1.5898161480897297e-05,0,consumer
4745,1787419361.4725661,routstrd,0.0007842462463260619,0.0010195201202238804,0.0002352738738978185,40271,9.474714175739053e-06,0,consumer
4746,1787419371.5199757,openrouter,0.9675,1.0,0.03249999999999997,979,3.181749999999997e-05,0,consumer
4747,1787419371.5299518,routstrd,0.0007842462463260619,0.0010195201202238804,0.0002352738738978185,40271,9.474714175739053e-06,0,consumer
4748,1787419381.5594876,routstrd,0.0007842462463260619,0.0010195201202238804,0.0002352738738978185,36586,8.607729950425592e-06,0,consumer
4749,1787419381.5600622,routstrd,0.0007842462463260619,0.0010195201202238804,0.0002352738738978185,67573,1.5898161480897297e-05,0,consumer
4750,1787419391.6428597,openrouter,0.9675,1.0,0.03249999999999997,133395,0.004335337499999996,0,consumer
4751,1787419391.6705723,openrouter,0.9675,1.0,0.03249999999999997,131374,0.004269654999999996,0,consumer
4752,1787419391.686086,routstrd,0.0007842462463260619,0.0010195201202238804,0.0002352738738978185,67573,1.5898161480897297e-05,0,consumer
4753,1787419421.7633128,routstrd,0.0007842462463260619,0.0010195201202238804,0.0002352738738978185,40271,9.474714175739053e-06,0,consumer
4754,1787419421.796744,routstrd,0.0007842462463260619,0.0010195201202238804,0.0002352738738978185,133395,3.1384358408599514e-05,0,consumer
4755,1787419421.9356148,routstrd,0.0007842462463260619,0.0010195201202238804,0.0002352738738978185,36586,8.607729950425592e-06,0,consumer
4756,1787419441.9827948,routstrd,0.0007842462463260619,0.0010195201202238804,0.0002352738738978185,67573,1.5898161480897297e-05,0,consumer
4757,1787419441.999083,openrouter,0.9675,1.0,0.03249999999999997,49315,0.0016027374999999986,0,consumer
4758,1787419442.0246682,routstrd,0.0007842462463260619,0.0010195201202238804,0.0002352738738978185,40271,9.474714175739053e-06,0,consumer
4759,1787419452.1365564,routstrd,0.0007842462463260619,0.0010195201202238804,0.0002352738738978185,133395,3.1384358408599514e-05,0,consumer
4760,1787419452.181445,routstrd,0.0007842462463260619,0.0010195201202238804,0.0002352738738978185,36586,8.607729950425592e-06,0,consumer
4761,1787419452.188876,routstrd,0.0007842462463260619,0.0010195201202238804,0.0002352738738978185,133395,3.1384358408599514e-05,0,consumer
4762,1787419452.1909738,routstrd,0.0007842462463260619,0.0010195201202238804,0.0002352738738978185,40271,9.474714175739053e-06,0,consumer
4763,1787419472.2645714,routstrd,0.0007842462463260619,0.0010195201202238804,0.0002352738738978185,49315,1.1602531091270925e-05,0,consumer
4764,1787419472.3222744,routstrd,0.0007842462463260619,0.0010195201202238804,0.0002352738738978185,40271,9.474714175739053e-06,0,consumer
4765,1787419472.3319423,routstrd,0.0007842462463260619,0.0010195201202238804,0.0002352738738978185,67573,1.5898161480897297e-05,0,consumer
4766,1787419472.3338296,routstrd,0.0007842462463260619,0.0010195201202238804,0.0002352738738978185,36586,8.607729950425592e-06,0,consumer
4767,1787419472.3412359,routstrd,0.0007842462463260619,0.0010195201202238804,0.0002352738738978185,133395,3.1384358408599514e-05,0,consumer
4768,1787419482.465939,routstrd,0.0007842462463260619,0.0010195201202238804,0.0002352738738978185,49315,1.1602531091270925e-05,0,consumer
4769,1787419482.4855127,routstrd,0.0007842462463260619,0.0010195201202238804,0.0002352738738978185,40271,9.474714175739053e-06,0,consumer
4770,1787419482.5119858,routstrd,0.0007842462463260619,0.0010195201202238804,0.0002352738738978185,36586,8.607729950425592e-06,0,consumer
4771,1787419502.6250947,routstrd,0.0007842462463260619,0.0010195201202238804,0.0002352738738978185,133395,3.1384358408599514e-05,0,consumer
4772,1787419502.8569126,routstrd,0.0007842462463260619,0.0010195201202238804,0.0002352738738978185,36586,8.607729950425592e-06,0,consumer
4773,1787419502.929249,openrouter,0.9675,1.0,0.03249999999999997,114349,0.0037163424999999972,0,consumer
4774,1787419502.9652178,routstrd,0.0007842462463260619,0.0010195201202238804,0.0002352738738978185,67573,1.5898161480897297e-05,0,consumer
4775,1787419502.9766273,routstrd,0.0007842462463260619,0.0010195201202238804,0.0002352738738978185,40271,9.474714175739053e-06,0,consumer
4776,1787419503.0789442,routstrd,0.0007842462463260619,0.0010195201202238804,0.0002352738738978185,49315,1.1602531091270925e-05,0,consumer
4777,1787419503.1431515,routstrd,0.0007842462463260619,0.0010195201202238804,0.0002352738738978185,40271,9.474714175739053e-06,0,consumer
4778,1787419503.1795392,routstrd,0.0007842462463260619,0.0010195201202238804,0.0002352738738978185,36586,8.607729950425592e-06,0,consumer
4779,1787419503.1898816,routstrd,0.0007842462463260619,0.0010195201202238804,0.0002352738738978185,133395,3.1384358408599514e-05,0,consumer
4780,1787419513.3276072,routstrd,0.0007842462463260619,0.0010195201202238804,0.0002352738738978185,49315,1.1602531091270925e-05,0,consumer
4781,1787419523.3937128,routstrd,0.0007842462463260619,0.0010195201202238804,0.0002352738738978185,40271,9.474714175739053e-06,0,consumer
4782,1787419523.4214292,routstrd,0.0007842462463260619,0.0010195201202238804,0.0002352738738978185,49315,1.1602531091270925e-05,0,consumer
4783,1787419523.4336855,routstrd,0.0007842462463260619,0.0010195201202238804,0.0002352738738978185,36586,8.607729950425592e-06,0,consumer
4784,1787419523.4349544,routstrd,0.0007842462463260619,0.0010195201202238804,0.0002352738738978185,133395,3.1384358408599514e-05,0,consumer
4785,1787419553.5790002,routstrd,0.0007842462463260619,0.0010195201202238804,0.0002352738738978185,133395,3.1384358408599514e-05,0,consumer
4786,1787419553.646564,routstrd,0.0007842462463260619,0.0010195201202238804,0.0002352738738978185,40271,9.474714175739053e-06,0,consumer
4787,1787419553.658149,routstrd,0.0007842462463260619,0.0010195201202238804,0.0002352738738978185,133395,3.1384358408599514e-05,0,consumer
4788,1787419553.668824,routstrd,0.0007842462463260619,0.0010195201202238804,0.0002352738738978185,49315,1.1602531091270925e-05,0,consumer
4789,1787419553.7873275,routstrd,0.0007842462463260619,0.0010195201202238804,0.0002352738738978185,133395,3.1384358408599514e-05,0,consumer
4790,1787419553.8468194,routstrd,0.0007842462463260619,0.0010195201202238804,0.0002352738738978185,49315,1.1602531091270925e-05,0,consumer
4791,1787419553.850476,routstrd,0.0007842462463260619,0.0010195201202238804,0.0002352738738978185,133395,3.1384358408599514e-05,0,consumer
4792,1787419563.9875116,routstrd,0.0007842462463260619,0.0010195201202238804,0.0002352738738978185,49315,1.1602531091270925e-05,0,consumer
4793,1787419564.0185993,routstrd,0.0007842462463260619,0.0010195201202238804,0.0002352738738978185,133395,3.1384358408599514e-05,0,consumer
4794,1787419564.1227763,routstrd,0.0007842462463260619,0.0010195201202238804,0.0002352738738978185,133395,3.1384358408599514e-05,0,consumer
4795,1787419564.1740422,routstrd,0.0007842462463260619,0.0010195201202238804,0.0002352738738978185,49315,1.1602531091270925e-05,0,consumer
4796,1787419564.2154784,routstrd,0.0007842462463260619,0.0010195201202238804,0.0002352738738978185,49315,1.1602531091270925e-05,0,consumer
4797,1787419574.2853165,routstrd,0.0007842462463260619,0.0010195201202238804,0.0002352738738978185,133395,3.1384358408599514e-05,0,consumer
4798,1787419604.5503893,openrouter,0.9675,1.0,0.03249999999999997,70171,0.002280557499999998,0,consumer
4799,1787419604.5523336,openrouter,0.9675,1.0,0.03249999999999997,129918,0.004222334999999996,0,consumer
4800,1787419604.6050165,routstrd,0.0007842462463260619,0.0010195201202238804,0.0002352738738978185,133395,3.1384358408599514e-05,0,consumer
4801,1787419604.7277677,routstrd,0.0007842462463260619,0.0010195201202238804,0.0002352738738978185,133395,3.1384358408599514e-05,0,consumer
4802,1787419604.7403574,routstrd,0.0007842462463260619,0.0010195201202238804,0.0002352738738978185,49315,1.1602531091270925e-05,0,consumer
4803,1787419604.791385,routstrd,0.0007842462463260619,0.0010195201202238804,0.0002352738738978185,133395,3.1384358408599514e-05,0,consumer
4804,1787419604.797402,routstrd,0.0007842462463260619,0.0010195201202238804,0.0002352738738978185,49315,1.1602531091270925e-05,0,consumer
4805,1787419604.8340223,routstrd,0.0007842462463260619,0.0010195201202238804,0.0002352738738978185,133395,3.1384358408599514e-05,0,consumer
4806,1787419604.8929403,routstrd,0.0007842462463260619,0.0010195201202238804,0.0002352738738978185,49315,1.1602531091270925e-05,0,consumer
4807,1787419604.91693,routstrd,0.0007842462463260619,0.0010195201202238804,0.0002352738738978185,133395,3.1384358408599514e-05,0,consumer
4808,1787419604.9172144,routstrd,0.0007842462463260619,0.0010195201202238804,0.0002352738738978185,49315,1.1602531091270925e-05,0,consumer
4809,1787419604.959227,routstrd,0.0007842462463260619,0.0010195201202238804,0.0002352738738978185,49315,1.1602531091270925e-05,0,consumer
4810,1787419604.9670987,routstrd,0.0007842462463260619,0.0010195201202238804,0.0002352738738978185,133395,3.1384358408599514e-05,0,consumer
4811,1787419605.0218055,routstrd,0.0007842462463260619,0.0010195201202238804,0.0002352738738978185,49315,1.1602531091270925e-05,0,consumer
4812,1787419605.0343575,routstrd,0.0007842462463260619,0.0010195201202238804,0.0002352738738978185,133395,3.1384358408599514e-05,0,consumer
4813,1787419605.059694,routstrd,0.0007842462463260619,0.0010195201202238804,0.0002352738738978185,49315,1.1602531091270925e-05,0,consumer
4814,1787419605.111492,routstrd,0.0007842462463260619,0.0010195201202238804,0.0002352738738978185,49315,1.1602531091270925e-05,0,consumer
4815,1787419605.208642,routstrd,0.0007842462463260619,0.0010195201202238804,0.0002352738738978185,49315,1.1602531091270925e-05,0,consumer
4816,1787419605.2490122,routstrd,0.0007842462463260619,0.0010195201202238804,0.0002352738738978185,49315,1.1602531091270925e-05,0,consumer
4817,1787419606.5933616,openrouter,0.9675,1.0,0.03249999999999997,116721,0.0037934324999999965,0,consumer
4818,1787419606.6371353,routstrd,0.0007842462463260619,,,116721,0.0,0,consumer
4819,1787419606.6686027,routstrd,0.0007842462463260619,,,116721,0.0,0,consumer
4820,1787419606.7193959,routstrd,0.0007842462463260619,,,116721,0.0,0,consumer
4821,1787419606.8083286,routstrd,0.0007842462463260619,,,116721,0.0,0,consumer
4822,1787419606.850616,openrouter,0.9675,1.0,0.03249999999999997,78576,0.002553719999999998,0,consumer
4823,1787419606.8608992,routstrd,0.0007842462463260619,,,116721,0.0,0,consumer
4824,1787419606.8916051,routstrd,0.0007842462463260619,,,116721,0.0,0,consumer
4825,1787419614.8063595,openrouter,0.17500000000000002,1.0,0.825,8537,0.007043025,0,consumer
4826,1787419616.2547243,openrouter,0.9675,1.0,0.03249999999999997,23535,0.0007648874999999993,0,consumer
4827,1787419616.8447437,openrouter,0.17500000000000002,1.0,0.825,119,9.8175e-05,0,consumer
4828,1787419616.868918,openrouter,0.9675,1.0,0.03249999999999997,23539,0.0007650174999999994,0,consumer
4829,1787419617.9134078,openrouter,0.9675,1.0,0.03249999999999997,23522,0.0007644649999999993,0,consumer
4830,1787419617.917381,routstrd,0.0007842462463260619,,,23522,0.0,0,consumer
4831,1787419627.9631193,routstr,0.6032500000000001,0.9675,0.36424999999999996,795,0.00028957874999999996,0,consumer
4832,1787419627.971975,routstrd,0.0007842462463260619,,,23522,0.0,0,consumer
4833,1787419627.9943237,openrouter,0.9675,1.0,0.03249999999999997,8832,0.00028703999999999975,0,consumer
4834,1787419628.0007632,openrouter,0.9675,1.0,0.03249999999999997,7953,0.0002584724999999998,0,consumer
4835,1787419628.0009236,openrouter,0.9675,1.0,0.03249999999999997,3194,0.00010380499999999992,0,consumer
4836,1787419628.0023842,openrouter,0.9675,1.0,0.03249999999999997,3266,0.00010614499999999991,0,consumer
4837,1787419628.003616,openrouter,0.9675,1.0,0.03249999999999997,24601,0.0007995324999999993,0,consumer
4838,1787419668.164482,openrouter,0.9675,1.0,0.03249999999999997,3311,0.00010760749999999991,0,consumer
4839,1787419668.1654925,openrouter,0.9675,1.0,0.03249999999999997,3176,0.00010321999999999991,0,consumer
4840,1787419668.166428,routstrd,0.0007842462463260619,,,23522,0.0,0,consumer
4841,1787419668.1680677,openrouter,0.9675,1.0,0.03249999999999997,39074,0.0012699049999999991,0,consumer
4842,1787419668.179009,openrouter,0.9675,1.0,0.03249999999999997,62220,0.002022149999999998,0,consumer
4843,1787419668.1985087,openrouter,0.9675,1.0,0.03249999999999997,34427,0.0011188774999999992,0,consumer
4844,1787419668.2144585,openrouter,0.9675,1.0,0.03249999999999997,116984,0.003801979999999997,0,consumer
4845,1787419668.2200215,routstrd,0.0007842462463260619,,,24601,0.0,0,consumer
4846,1787419668.2356052,routstrd,0.0007842462463260619,,,23522,0.0,0,consumer
4847,1787419678.303752,routstrd,0.0007842462463260619,,,23522,0.0,0,consumer
4848,1787419678.3101664,routstrd,0.0007842462463260619,,,24601,0.0,0,consumer
4849,1787419678.3506198,openrouter,0.9675,1.0,0.03249999999999997,82913,0.002694672499999998,0,consumer
4850,1787419678.3977146,routstrd,0.0007842462463260619,,,24601,0.0,0,consumer
4851,1787419678.407803,routstrd,0.0007842462463260619,,,23522,0.0,0,consumer
4852,1787419678.4330406,routstrd,0.0007842462463260619,,,23522,0.0,0,consumer
4853,1787419678.44592,routstrd,0.0007842462463260619,,,24601,0.0,0,consumer
4854,1787419678.4602602,openrouter,0.9675,1.0,0.03249999999999997,74397,0.002417902499999998,0,consumer
4855,1787419678.4641018,openrouter,0.9675,1.0,0.03249999999999997,41375,0.0013446874999999989,0,consumer
4856,1787419678.4643514,routstrd,0.0007842462463260619,,,23522,0.0,0,consumer
4857,1787419678.4672766,routstrd,0.0007842462463260619,,,24601,0.0,0,consumer
4858,1787419688.5865228,routstrd,0.0007842462463260619,,,24601,0.0,0,consumer
4859,1787419688.5888846,routstrd,0.0007842462463260619,,,23522,0.0,0,consumer
4860,1787419688.6854508,routstrd,0.0007842462463260619,,,24601,0.0,0,consumer
4861,1787419688.6871755,openrouter,0.9675,1.0,0.03249999999999997,82703,0.0026878474999999977,0,consumer
4862,1787419688.7164986,routstrd,0.0007842462463260619,,,23522,0.0,0,consumer
4863,1787419688.7190382,openrouter,0.9675,1.0,0.03249999999999997,63818,0.002074084999999998,0,consumer
4864,1787419688.72619,routstrd,0.0007842462463260619,,,24601,0.0,0,consumer
4865,1787419688.7367256,routstrd,0.0007842462463260619,,,23522,0.0,0,consumer
4866,1787419688.7381132,routstrd,0.0007842462463260619,,,24601,0.0,0,consumer
4867,1787419688.7447085,routstrd,0.0007842462463260619,,,23522,0.0,0,consumer
4868,1787419698.8181317,routstrd,0.0007842462463260619,,,24601,0.0,0,consumer
4869,1787419698.8744009,routstrd,0.0007842462463260619,,,24601,0.0,0,consumer
4870,1787419698.8763103,routstrd,0.0007842462463260619,,,23522,0.0,0,consumer
4871,1787419718.9480598,routstrd,0.0007842462463260619,,,24601,0.0,0,consumer
4872,1787419718.972978,routstrd,0.0007842462463260619,,,23522,0.0,0,consumer
4873,1787419729.0640197,routstrd,0.0007842462463260619,,,23522,0.0,0,consumer
4874,1787419729.3611872,routstrd,0.0007842462463260619,,,24601,0.0,0,consumer
4875,1787419729.3858964,routstrd,0.0007842462463260619,,,23522,0.0,0,consumer
4876,1787419729.402201,routstrd,0.0007842462463260619,,,24601,0.0,0,consumer
4877,1787419729.5078123,routstrd,0.0007842462463260619,,,23522,0.0,0,consumer
4878,1787419729.509021,routstrd,0.0007842462463260619,,,24601,0.0,0,consumer
4879,1787419729.5267115,routstrd,0.0007842462463260619,,,23522,0.0,0,consumer
4880,1787419729.529695,routstrd,0.0007842462463260619,,,24601,0.0,0,consumer
4881,1787419729.5509546,routstrd,0.0007842462463260619,,,24601,0.0,0,consumer
4882,1787419729.5606608,routstrd,0.0007842462463260619,,,23522,0.0,0,consumer
4883,1787419729.5786483,routstrd,0.0007842462463260619,,,24601,0.0,0,consumer
4884,1787419729.58103,routstrd,0.0007842462463260619,,,23522,0.0,0,consumer
4885,1787419729.5961423,routstrd,0.0007842462463260619,,,23522,0.0,0,consumer
4886,1787419759.6722553,routstrd,0.0007842462463260619,,,24601,0.0,0,consumer
4887,1787419759.795128,openrouter,0.9675,,0.0,1312,0.0,0,consumer
4888,1787419779.8482285,openrouter,0.17500000000000002,,0.0,8620,0.0,0,consumer
4889,1787419779.8548048,routstrd,0.0007842462463260619,,,1312,0.0,0,consumer
4890,1787419789.9430203,routstrd,0.0007842462463260619,,,1312,0.0,0,consumer
4891,1787419790.0833633,openrouter,0.9675,,0.0,82499,0.0,0,consumer
4892,1787419790.1319094,routstrd,0.0007842462463260619,,,82499,0.0,0,consumer
4893,1787419790.1473496,openrouter,0.9675,,0.0,74442,0.0,0,consumer
4894,1787419790.1485062,openrouter,0.9675,,0.0,50044,0.0,0,consumer
4895,1787419830.2594802,routstrd,0.0007842462463260619,,,82499,0.0,0,consumer
4896,1787419830.2652106,routstrd,0.0007842462463260619,,,50044,0.0,0,consumer
4897,1787419860.375773,routstrd,0.0007842462463260619,,,74442,0.0,0,consumer
4898,1787419870.4652689,routstrd,0.0007842462463260619,,,82499,0.0,0,consumer
4899,1787419870.4655633,routstrd,0.0007842462463260619,,,50044,0.0,0,consumer
4900,1787419870.4816353,routstrd,0.0007842462463260619,,,74442,0.0,0,consumer
4901,1787419870.6298032,routstrd,0.0007842462463260619,,,50044,0.0,0,consumer
4902,1787419870.647858,routstrd,0.0007842462463260619,,,82499,0.0,0,consumer
4903,1787419870.66867,routstrd,0.0007842462463260619,,,74442,0.0,0,consumer
4904,1787419870.6772683,routstrd,0.0007842462463260619,,,50044,0.0,0,consumer
4905,1787419870.6979513,routstrd,0.0007842462463260619,,,74442,0.0,0,consumer
4906,1787419870.708599,routstrd,0.0007842462463260619,,,82499,0.0,0,consumer
4907,1787419870.7153761,routstrd,0.0007842462463260619,,,50044,0.0,0,consumer
4908,1787419870.716382,routstrd,0.0007842462463260619,,,74442,0.0,0,consumer
4909,1787419870.717158,routstrd,0.0007842462463260619,,,82499,0.0,0,consumer
4910,1787419870.7203903,routstrd,0.0007842462463260619,,,82499,0.0,0,consumer
4911,1787419870.7364862,routstrd,0.0007842462463260619,,,74442,0.0,0,consumer
4912,1787419870.7391508,routstrd,0.0007842462463260619,,,82499,0.0,0,consumer
4913,1787419880.8121588,routstrd,0.0007842462463260619,,,50044,0.0,0,consumer
4914,1787419910.9165888,openrouter,0.9675,,0.0,23656,0.0,0,consumer
4915,1787419910.9292173,openrouter,0.9675,,0.0,24717,0.0,0,consumer
4916,1787419910.9460151,openrouter,0.9675,,0.0,62359,0.0,0,consumer
4917,1787419920.9719563,openrouter,0.9675,,0.0,3217,0.0,0,consumer
4918,1787419920.9757056,routstrd,0.0007842462463260619,,,50044,0.0,0,consumer
4919,1787419921.0221522,routstrd,0.0007842462463260619,,,50044,0.0,0,consumer
4920,1787419921.0515978,routstrd,0.0007842462463260619,,,50044,0.0,0,consumer
4921,1787419921.0541878,openrouter,0.9675,,0.0,117509,0.0,0,consumer
4922,1787419921.0600224,routstrd,0.0007842462463260619,,,50044,0.0,0,consumer
4923,1787419921.0819702,routstrd,0.0007842462463260619,,,50044,0.0,0,consumer
4924,1787419921.087204,routstrd,0.0007842462463260619,,,50044,0.0,0,consumer
4925,1787419921.0914295,routstrd,0.0007842462463260619,,,50044,0.0,0,consumer
4926,1787419921.096655,routstrd,0.0007842462463260619,,,50044,0.0,0,consumer
4927,1787419921.100715,routstrd,0.0007842462463260619,,,50044,0.0,0,consumer
4928,1787419921.1071794,routstrd,0.0007842462463260619,,,50044,0.0,0,consumer
4929,1787419921.1121528,routstrd,0.0007842462463260619,,,50044,0.0,0,consumer
4930,1787419921.1161458,routstrd,0.0007842462463260619,,,50044,0.0,0,consumer
4931,1787419921.120027,routstrd,0.0007842462463260619,,,50044,0.0,0,consumer
4932,1787419921.1244168,routstrd,0.0007842462463260619,,,50044,0.0,0,consumer
4933,1787419921.1291354,routstrd,0.0007842462463260619,,,50044,0.0,0,consumer
4934,1787419921.1369886,routstrd,0.0007842462463260619,,,50044,0.0,0,consumer
4935,1787419921.1401513,routstrd,0.0007842462463260619,,,50044,0.0,0,consumer
4936,1787419921.1468787,routstrd,0.0007842462463260619,,,50044,0.0,0,consumer
4937,1787419923.7158246,openrouter,0.9675,1.0,0.03249999999999997,62415,0.0020284874999999983,0,consumer
4938,1787419923.9563248,openrouter,0.9675,1.0,0.03249999999999997,70853,0.002302722499999998,0,consumer
4939,1787419925.3366818,openrouter,0.9675,1.0,0.03249999999999997,62465,0.002030112499999998,0,consumer
4940,1787419925.7566965,openrouter,0.9675,1.0,0.03249999999999997,38233,0.001242572499999999,0,consumer
4941,1787419926.0380027,openrouter,0.9675,1.0,0.03249999999999997,70988,0.0023071099999999985,0,consumer
4942,1787419928.2657588,openrouter,0.9675,1.0,0.03249999999999997,62664,0.0020365799999999983,0,consumer
4943,1787419928.4759266,openrouter,0.9675,1.0,0.03249999999999997,27934,0.0009078549999999992,0,consumer
4944,1787419928.9160388,openrouter,0.9675,1.0,0.03249999999999997,38979,0.001266817499999999,0,consumer
4945,1787419929.5571282,openrouter,0.9675,1.0,0.03249999999999997,117220,0.003809649999999997,0,consumer
4946,1787419929.8150556,openrouter,0.9675,1.0,0.03249999999999997,1112,3.613999999999997e-05,0,consumer
4947,1787419929.828995,openrouter,0.9675,1.0,0.03249999999999997,63466,0.0020626449999999984,0,consumer
4948,1787419929.9736495,openrouter,0.9675,1.0,0.03249999999999997,71025,0.0023083124999999983,0,consumer
4949,1787419930.4464858,openrouter,0.9675,1.0,0.03249999999999997,63085,0.0020502624999999986,0,consumer
4950,1787419930.964287,openrouter,0.9675,1.0,0.03249999999999997,1465,4.7612499999999965e-05,0,consumer
4951,1787419931.3154488,openrouter,0.9675,1.0,0.03249999999999997,28690,0.0009324249999999993,0,consumer
4952,1787419931.414075,openrouter,0.9675,1.0,0.03249999999999997,34660,0.0011264499999999991,0,consumer
4953,1787419931.7953706,openrouter,0.9675,1.0,0.03249999999999997,71432,0.0023215399999999982,0,consumer
4954,1787419933.4972987,openrouter,0.9675,1.0,0.03249999999999997,888,2.8859999999999978e-05,0,consumer
4955,1787419933.8617606,openrouter,0.9675,1.0,0.03249999999999997,40325,0.0013105624999999988,0,consumer
4956,1787419935.0952864,openrouter,0.9675,1.0,0.03249999999999997,71799,0.002333467499999998,0,consumer
4957,1787419935.7117128,openrouter,0.9675,1.0,0.03249999999999997,525,1.7062499999999984e-05,0,consumer
4958,1787419937.4656312,openrouter,0.9675,1.0,0.03249999999999997,50625,0.0016453124999999986,0,consumer
4959,1787419938.7042043,openrouter,0.9675,1.0,0.03249999999999997,767,2.492749999999998e-05,0,consumer
4960,1787419938.8746517,openrouter,0.9675,1.0,0.03249999999999997,42207,0.0013717274999999988,0,consumer
4961,1787419939.6855347,openrouter,0.9675,1.0,0.03249999999999997,78363,0.002546797499999998,0,consumer
4962,1787419940.9020452,openrouter,0.9675,1.0,0.03249999999999997,42645,0.001385962499999999,0,consumer
4963,1787419941.5450227,openrouter,0.9675,1.0,0.03249999999999997,72332,0.002350789999999998,0,consumer
4964,1787419943.0483372,openrouter,0.9675,1.0,0.03249999999999997,35970,0.0011690249999999989,0,consumer
4965,1787419943.9514873,openrouter,0.9675,1.0,0.03249999999999997,808,2.6259999999999976e-05,0,consumer
4966,1787419944.0033646,openrouter,0.9675,1.0,0.03249999999999997,42763,0.0013897974999999988,0,consumer
4967,1787419945.137334,openrouter,0.9675,1.0,0.03249999999999997,78842,0.002562364999999998,0,consumer
4968,1787419946.305749,openrouter,0.9675,1.0,0.03249999999999997,72909,0.002369542499999998,0,consumer
4969,1787419947.6047719,openrouter,0.9675,1.0,0.03249999999999997,43571,0.0014160574999999987,0,consumer
4970,1787419948.8126228,openrouter,0.9675,1.0,0.03249999999999997,53644,0.0017434299999999985,0,consumer
4971,1787419949.333275,openrouter,0.9675,1.0,0.03249999999999997,48007,0.0015602274999999988,0,consumer
4972,1787419950.1379778,openrouter,0.9675,1.0,0.03249999999999997,43689,0.0014198924999999987,0,consumer
4973,1787419951.9336967,openrouter,0.9675,1.0,0.03249999999999997,29872,0.0009708399999999992,0,consumer
4974,1787419955.0644507,openrouter,0.9675,1.0,0.03249999999999997,45106,0.0014659449999999989,0,consumer
4975,1787419958.0002775,openrouter,0.9675,1.0,0.03249999999999997,73676,0.002394469999999998,0,consumer
4976,1787419959.7138324,openrouter,0.9675,1.0,0.03249999999999997,73882,0.002401164999999998,0,consumer
4977,1787419960.113282,openrouter,0.9675,1.0,0.03249999999999997,55977,0.0018192524999999984,0,consumer
4978,1787419960.7938428,openrouter,0.9675,1.0,0.03249999999999997,53445,0.0017369624999999985,0,consumer
4979,1787419961.9649878,openrouter,0.9675,1.0,0.03249999999999997,47128,0.0015316599999999987,0,consumer
4980,1787419963.253723,openrouter,0.9675,1.0,0.03249999999999997,73998,0.0024049349999999982,0,consumer
4981,1787419964.7181516,openrouter,0.9675,1.0,0.03249999999999997,41264,0.0013410799999999988,0,consumer
4982,1787419968.8860312,openrouter,0.9675,1.0,0.03249999999999997,2276,7.396999999999994e-05,0,consumer
4983,1787419969.7341464,openrouter,0.9675,1.0,0.03249999999999997,56571,0.0018385574999999984,0,consumer
4984,1787419970.2326338,openrouter,0.9675,1.0,0.03249999999999997,41356,0.0013440699999999989,0,consumer
4985,1787419971.9015818,openrouter,0.9675,1.0,0.03249999999999997,796,2.586999999999998e-05,0,consumer
4986,1787419972.7790532,openrouter,0.9675,1.0,0.03249999999999997,51180,0.0016633499999999986,0,consumer
4987,1787419973.5167627,openrouter,0.9675,1.0,0.03249999999999997,609,1.9792499999999984e-05,0,consumer
4988,1787419974.5490944,openrouter,0.9675,1.0,0.03249999999999997,29186,0.0009485449999999993,0,consumer
4989,1787419975.4022684,openrouter,0.9675,1.0,0.03249999999999997,75584,0.0024564799999999983,0,consumer
4990,1787419975.8711257,openrouter,0.9675,1.0,0.03249999999999997,57898,0.0018816849999999984,0,consumer
4991,1787419976.971669,openrouter,0.9675,1.0,0.03249999999999997,24556,0.0007980699999999994,0,consumer
4992,1787419978.5645516,openrouter,0.9675,1.0,0.03249999999999997,63154,0.0020525049999999983,0,consumer
4993,1787419979.522201,openrouter,0.9675,1.0,0.03249999999999997,55140,0.0017920499999999986,0,consumer
4994,1787419979.9420822,openrouter,0.9675,1.0,0.03249999999999997,16787,0.0005455774999999995,0,consumer
4995,1787419980.3924174,openrouter,0.9675,1.0,0.03249999999999997,63144,0.0020521799999999985,0,consumer
4996,1787419980.8004818,openrouter,0.9675,1.0,0.03249999999999997,52077,0.0016925024999999987,0,consumer
4997,1787419980.8807938,openrouter,0.9675,1.0,0.03249999999999997,29641,0.0009633324999999992,0,consumer
4998,1787419982.0886352,openrouter,0.9675,1.0,0.03249999999999997,55282,0.0017966649999999985,0,consumer
4999,1787419982.3082097,openrouter,0.9675,1.0,0.03249999999999997,28004,0.0009101299999999992,0,consumer
5000,1787419982.4687598,openrouter,0.9675,1.0,0.03249999999999997,1034,3.3604999999999974e-05,0,consumer
5001,1787419986.706297,openrouter,0.9675,1.0,0.03249999999999997,64041,0.002081332499999998,0,consumer
5002,1787419987.7931702,openrouter,0.9675,1.0,0.03249999999999997,30110,0.0009785749999999993,0,consumer
5003,1787419988.1087732,openrouter,0.9675,1.0,0.03249999999999997,64417,0.0020935524999999983,0,consumer
5004,1787419988.1909516,openrouter,0.9675,1.0,0.03249999999999997,43534,0.001414854999999999,0,consumer
5005,1787419988.8321247,openrouter,0.9675,1.0,0.03249999999999997,59790,0.0019431749999999984,0,consumer
5006,1787419989.3845973,openrouter,0.9675,1.0,0.03249999999999997,74850,0.002432624999999998,0,consumer
5007,1787419989.5709047,openrouter,0.9675,1.0,0.03249999999999997,38121,0.001238932499999999,0,consumer
5008,1787419990.3158267,openrouter,0.9675,1.0,0.03249999999999997,57543,0.0018701474999999984,0,consumer
5009,1787419991.5189633,openrouter,0.9675,1.0,0.03249999999999997,30338,0.0009859849999999991,0,consumer
5010,1787419994.590741,openrouter,0.9675,1.0,0.03249999999999997,41243,0.001340397499999999,0,consumer
5011,1787419995.1671965,openrouter,0.9675,1.0,0.03249999999999997,65560,0.0021306999999999984,0,consumer
5012,1787419997.436625,openrouter,0.9675,1.0,0.03249999999999997,65794,0.0021383049999999983,0,consumer
5013,1787419998.0755727,openrouter,0.9675,1.0,0.03249999999999997,52220,0.0016971499999999984,0,consumer
5014,1787419998.9237235,openrouter,0.9675,1.0,0.03249999999999997,65864,0.0021405799999999983,0,consumer
5015,1787420000.418753,openrouter,0.9675,1.0,0.03249999999999997,2644,8.592999999999993e-05,0,consumer
5016,1787420000.7262814,openrouter,0.9675,1.0,0.03249999999999997,76167,0.002475427499999998,0,consumer
5017,1787420001.6444075,openrouter,0.9675,1.0,0.03249999999999997,61455,0.0019972874999999984,0,consumer
5018,1787420005.7700255,openrouter,0.9675,1.0,0.03249999999999997,31353,0.0010189724999999992,0,consumer
5019,1787420006.0390863,openrouter,0.9675,1.0,0.03249999999999997,66061,0.0021469824999999984,0,consumer
5020,1787420007.6518734,openrouter,0.9675,1.0,0.03249999999999997,66195,0.002151337499999998,0,consumer
5021,1787420008.6978576,openrouter,0.9675,1.0,0.03249999999999997,31525,0.001024562499999999,0,consumer
5022,1787420009.8302586,openrouter,0.9675,1.0,0.03249999999999997,66368,0.002156959999999998,0,consumer
5023,1787420010.7157104,openrouter,0.9675,1.0,0.03249999999999997,31637,0.0010282024999999993,0,consumer
5024,1787420011.3301492,openrouter,0.9675,1.0,0.03249999999999997,66488,0.0021608599999999984,0,consumer
5025,1787420011.4520125,openrouter,0.9675,1.0,0.03249999999999997,23617,0.0007675524999999993,0,consumer
5026,1787420011.5962052,openrouter,0.9675,1.0,0.03249999999999997,1327,4.312749999999996e-05,0,consumer
5027,1787420012.373665,openrouter,0.9675,1.0,0.03249999999999997,61636,0.002003169999999998,0,consumer
5028,1787420013.6202636,openrouter,0.9675,1.0,0.03249999999999997,23745,0.0007717124999999994,0,consumer
5029,1787420014.225041,openrouter,0.9675,1.0,0.03249999999999997,57970,0.0018840249999999986,0,consumer
5030,1787420015.7879267,openrouter,0.9675,1.0,0.03249999999999997,23860,0.0007754499999999994,0,consumer
5031,1787420016.9511912,openrouter,0.9675,1.0,0.03249999999999997,69402,0.0022555649999999984,0,consumer
5032,1787420017.4939866,openrouter,0.9675,1.0,0.03249999999999997,58329,0.0018956924999999985,0,consumer
5033,1787420019.6675508,openrouter,0.9675,1.0,0.03249999999999997,32376,0.0010522199999999991,0,consumer
5034,1787420019.7191901,openrouter,0.9675,1.0,0.03249999999999997,52767,0.0017149274999999986,0,consumer
5035,1787420020.4773104,openrouter,0.9675,1.0,0.03249999999999997,77947,0.002533277499999998,0,consumer
5036,1787420022.3682866,openrouter,0.9675,1.0,0.03249999999999997,69521,0.002259432499999998,0,consumer
5037,1787420023.7628477,openrouter,0.9675,1.0,0.03249999999999997,59086,0.0019202949999999985,0,consumer
5038,1787420024.0749269,openrouter,0.9675,1.0,0.03249999999999997,33310,0.001082574999999999,0,consumer
5039,1787420026.2908769,openrouter,0.9675,1.0,0.03249999999999997,33410,0.001085824999999999,0,consumer
5040,1787420026.643311,openrouter,0.9675,1.0,0.03249999999999997,46912,0.0015246399999999988,0,consumer
5041,1787420026.7573173,openrouter,0.9675,1.0,0.03249999999999997,78699,0.0025577174999999977,0,consumer
5042,1787420027.3106947,openrouter,0.9675,1.0,0.03249999999999997,69882,0.002271164999999998,0,consumer
5043,1787420029.5727494,openrouter,0.9675,1.0,0.03249999999999997,2798,9.093499999999993e-05,0,consumer
5044,1787420029.9601176,openrouter,0.9675,1.0,0.03249999999999997,33627,0.0010928774999999992,0,consumer
5045,1787420030.6393995,openrouter,0.9675,1.0,0.03249999999999997,70180,0.002280849999999998,0,consumer
5046,1787420034.3926117,openrouter,0.9675,1.0,0.03249999999999997,79446,0.002581994999999998,0,consumer
5047,1787420034.4701345,openrouter,0.9675,1.0,0.03249999999999997,70333,0.002285822499999998,0,consumer
5048,1787420034.8460631,openrouter,0.9675,1.0,0.03249999999999997,33758,0.001097134999999999,0,consumer
5049,1787420035.3996708,openrouter,0.9675,1.0,0.03249999999999997,57653,0.0018737224999999984,0,consumer
5050,1787420036.465498,openrouter,0.9675,1.0,0.03249999999999997,27986,0.0009095449999999992,0,consumer
5051,1787420038.916711,openrouter,0.9675,1.0,0.03249999999999997,58160,0.0018901999999999983,0,consumer
5052,1787420039.2616591,openrouter,0.9675,1.0,0.03249999999999997,1385,4.501249999999996e-05,0,consumer
5053,1787420041.1382735,openrouter,0.9675,1.0,0.03249999999999997,64602,0.002099564999999998,0,consumer
5054,1787420043.0094147,openrouter,0.9675,1.0,0.03249999999999997,28402,0.0009230649999999993,0,consumer
5055,1787420043.6200218,openrouter,0.9675,1.0,0.03249999999999997,24623,0.0008002474999999993,0,consumer
5056,1787420046.5213282,openrouter,0.9675,1.0,0.03249999999999997,70823,0.0023017474999999983,0,consumer
5057,1787420046.6848445,openrouter,0.9675,1.0,0.03249999999999997,24603,0.0007995974999999994,0,consumer
5058,1787420047.2543416,openrouter,0.9675,1.0,0.03249999999999997,677,2.2002499999999985e-05,0,consumer
5059,1787420050.13047,openrouter,0.9675,1.0,0.03249999999999997,34817,0.0011315524999999992,0,consumer
5060,1787420051.009504,openrouter,0.9675,1.0,0.03249999999999997,29064,0.0009445799999999992,0,consumer
5061,1787420051.9547296,openrouter,0.9675,1.0,0.03249999999999997,82321,0.0026754324999999977,0,consumer
5062,1787420058.9550874,openrouter,0.9675,1.0,0.03249999999999997,89903,0.0029218474999999976,0,consumer
5063,1787420066.103916,openrouter,0.9675,1.0,0.03249999999999997,117903,0.0038318474999999965,0,consumer
5064,1787420067.0341618,openrouter,0.9675,1.0,0.03249999999999997,48785,0.0015855124999999987,0,consumer
5065,1787420067.6457736,openrouter,0.9675,1.0,0.03249999999999997,90919,0.0029548674999999975,0,consumer
5066,1787420072.1935883,openrouter,0.9675,1.0,0.03249999999999997,118922,0.003864964999999997,0,consumer
5067,1787420076.0799806,openrouter,0.9675,1.0,0.03249999999999997,119826,0.0038943449999999965,0,consumer
5068,1787420077.0428238,openrouter,0.9675,1.0,0.03249999999999997,24618,0.0008000849999999993,0,consumer
5069,1787420079.1481042,openrouter,0.9675,1.0,0.03249999999999997,120840,0.003927299999999997,0,consumer
5070,1787420082.0110428,openrouter,0.9675,1.0,0.03249999999999997,92374,0.0030021549999999977,0,consumer
5071,1787420082.5050514,openrouter,0.9675,1.0,0.03249999999999997,121806,0.003958694999999997,0,consumer
5072,1787420085.8291225,openrouter,0.9675,1.0,0.03249999999999997,122921,0.003994932499999997,0,consumer
5073,1787420085.9769447,openrouter,0.9675,1.0,0.03249999999999997,28787,0.0009355774999999992,0,consumer
5074,1787420088.394697,openrouter,0.9675,1.0,0.03249999999999997,23583,0.0007664474999999994,0,consumer
5075,1787420089.3697946,openrouter,0.9675,1.0,0.03249999999999997,29453,0.0009572224999999992,0,consumer
5076,1787420089.897911,openrouter,0.9675,1.0,0.03249999999999997,49551,0.0016104074999999988,0,consumer
5077,1787420091.2165413,openrouter,0.9675,1.0,0.03249999999999997,30434,0.0009891049999999992,0,consumer
5078,1787420092.4073591,openrouter,0.9675,1.0,0.03249999999999997,93508,0.0030390099999999974,0,consumer
5079,1787420093.0357141,openrouter,0.9675,1.0,0.03249999999999997,38958,0.0012661349999999987,0,consumer
5080,1787420093.7697353,openrouter,0.9675,1.0,0.03249999999999997,29182,0.0009484149999999992,0,consumer
5081,1787420098.0990472,openrouter,0.9675,1.0,0.03249999999999997,45493,0.001478522499999999,0,consumer
5082,1787420098.1335764,openrouter,0.9675,1.0,0.03249999999999997,94955,0.003086037499999998,0,consumer
5083,1787420099.0108418,openrouter,0.9675,1.0,0.03249999999999997,29601,0.0009620324999999992,0,consumer
5084,1787420102.5599554,openrouter,0.9675,1.0,0.03249999999999997,29773,0.0009676224999999993,0,consumer
5085,1787420103.1061583,openrouter,0.9675,1.0,0.03249999999999997,49968,0.0016239599999999987,0,consumer
5086,1787420105.1082354,openrouter,0.9675,1.0,0.03249999999999997,29928,0.0009726599999999992,0,consumer
5087,1787420107.8913977,openrouter,0.9675,1.0,0.03249999999999997,84362,0.0027417649999999976,0,consumer
5088,1787420108.5178227,openrouter,0.9675,1.0,0.03249999999999997,30208,0.0009817599999999993,0,consumer
5089,1787420111.8724349,openrouter,0.9675,1.0,0.03249999999999997,30828,0.001001909999999999,0,consumer
5090,1787420112.587671,openrouter,0.9675,1.0,0.03249999999999997,48112,0.0015636399999999987,0,consumer
5091,1787420115.6031635,openrouter,0.9675,1.0,0.03249999999999997,46209,0.001501792499999999,0,consumer
5092,1787420117.0301368,openrouter,0.9675,1.0,0.03249999999999997,86772,0.0028200899999999978,0,consumer
5093,1787420118.7461276,openrouter,0.9675,1.0,0.03249999999999997,31774,0.001032654999999999,0,consumer
5094,1787420121.8653347,openrouter,0.9675,1.0,0.03249999999999997,87386,0.0028400449999999976,0,consumer
5095,1787420124.3887856,openrouter,0.9675,1.0,0.03249999999999997,48623,0.0015802474999999988,0,consumer
5096,1787420144.8191383,openrouter,0.9675,1.0,0.03249999999999997,50143,0.0016296474999999988,0,consumer
5097,1787420149.8696876,openrouter,0.9675,1.0,0.03249999999999997,50290,0.0016344249999999986,0,consumer
5098,1787420153.8954995,openrouter,0.9675,1.0,0.03249999999999997,53196,0.0017288699999999985,0,consumer
5099,1787420159.6487525,openrouter,0.9675,1.0,0.03249999999999997,54986,0.0017870449999999984,0,consumer
5100,1787420160.8648164,openrouter,0.9675,1.0,0.03249999999999997,51328,0.0016681599999999986,0,consumer
5101,1787420166.12706,openrouter,0.9675,1.0,0.03249999999999997,51430,0.0016714749999999984,0,consumer
5102,1787420167.180633,openrouter,0.9675,1.0,0.03249999999999997,31968,0.0010389599999999991,0,consumer
5103,1787420172.079095,openrouter,0.9675,1.0,0.03249999999999997,49750,0.0016168749999999987,0,consumer
5104,1787420175.5820189,openrouter,0.9675,1.0,0.03249999999999997,35329,0.001148192499999999,0,consumer
5105,1787420176.343936,openrouter,0.9675,1.0,0.03249999999999997,53074,0.0017249049999999986,0,consumer
5106,1787420180.7304497,openrouter,0.9675,1.0,0.03249999999999997,50622,0.0016452149999999985,0,consumer
5107,1787420181.899769,openrouter,0.9675,1.0,0.03249999999999997,53210,0.0017293249999999988,0,consumer
5108,1787420183.5635853,openrouter,0.9675,1.0,0.03249999999999997,50807,0.0016512274999999986,0,consumer
5109,1787420183.890517,openrouter,0.9675,1.0,0.03249999999999997,58799,0.0019109674999999984,0,consumer
5110,1787420186.983658,openrouter,0.9675,1.0,0.03249999999999997,24242,0.0007878649999999994,0,consumer
5111,1787420187.705061,openrouter,0.9675,1.0,0.03249999999999997,53331,0.0017332574999999986,0,consumer
5112,1787420190.2877042,openrouter,0.9675,1.0,0.03249999999999997,51429,0.0016714424999999984,0,consumer
5113,1787420193.726722,openrouter,0.9675,1.0,0.03249999999999997,265,8.612499999999994e-06,0,consumer
5114,1787420196.0724745,openrouter,0.9675,1.0,0.03249999999999997,80214,0.0026069549999999976,0,consumer
5115,1787420205.831296,openrouter,0.9675,1.0,0.03249999999999997,54685,0.0017772624999999984,0,consumer
5116,1787420220.3839827,openrouter,0.9675,1.0,0.03249999999999997,67043,0.0021788974999999984,0,consumer
5117,1787420233.054023,openrouter,0.9675,1.0,0.03249999999999997,35685,0.001159762499999999,0,consumer
5118,1787420279.8109705,openrouter,0.9675,1.0,0.03249999999999997,23628,0.0007679099999999994,0,consumer
5119,1787420282.6272511,openrouter,0.9675,1.0,0.03249999999999997,23760,0.0007721999999999994,0,consumer
5120,1787420285.9664469,openrouter,0.9675,1.0,0.03249999999999997,23896,0.0007766199999999994,0,consumer
5121,1787420291.1029627,openrouter,0.9675,1.0,0.03249999999999997,24622,0.0008002149999999993,0,consumer
5122,1787420291.197319,openrouter,0.9675,1.0,0.03249999999999997,24693,0.0008025224999999994,0,consumer
5123,1787420291.2163312,openrouter,0.9675,1.0,0.03249999999999997,24624,0.0008002799999999992,0,consumer
5124,1787420292.0104878,openrouter,0.9675,1.0,0.03249999999999997,24556,0.0007980699999999994,0,consumer
5125,1787420292.3515458,openrouter,0.9675,1.0,0.03249999999999997,23663,0.0007690474999999993,0,consumer
5126,1787420293.5183816,openrouter,0.9675,1.0,0.03249999999999997,24798,0.0008059349999999994,0,consumer
5127,1787420294.4308548,openrouter,0.9675,1.0,0.03249999999999997,24847,0.0008075274999999994,0,consumer
5128,1787420294.579172,openrouter,0.9675,1.0,0.03249999999999997,27125,0.0008815624999999993,0,consumer
5129,1787420294.5813696,openrouter,0.9675,1.0,0.03249999999999997,24935,0.0008103874999999994,0,consumer
5130,1787420295.4289095,openrouter,0.9675,1.0,0.03249999999999997,24954,0.0008110049999999993,0,consumer
5131,1787420296.099551,openrouter,0.9675,1.0,0.03249999999999997,24010,0.0007803249999999994,0,consumer
5132,1787420296.8016994,openrouter,0.9675,1.0,0.03249999999999997,25538,0.0008299849999999993,0,consumer
5133,1787420297.049461,openrouter,0.9675,1.0,0.03249999999999997,25603,0.0008320974999999993,0,consumer
5134,1787420297.7134745,openrouter,0.9675,1.0,0.03249999999999997,25740,0.0008365499999999993,0,consumer
5135,1787420298.004485,openrouter,0.9675,1.0,0.03249999999999997,29107,0.0009459774999999992,0,consumer
5136,1787420298.4796357,openrouter,0.9675,1.0,0.03249999999999997,25662,0.0008340149999999993,0,consumer
5137,1787420299.5421727,openrouter,0.9675,1.0,0.03249999999999997,27515,0.0008942374999999993,0,consumer
5138,1787420299.8071623,openrouter,0.9675,1.0,0.03249999999999997,24818,0.0008065849999999993,0,consumer
5139,1787420300.49682,openrouter,0.9675,1.0,0.03249999999999997,25706,0.0008354449999999993,0,consumer
5140,1787420302.4674828,openrouter,0.9675,1.0,0.03249999999999997,25979,0.0008443174999999993,0,consumer
5141,1787420302.767765,openrouter,0.9675,1.0,0.03249999999999997,31866,0.001035644999999999,0,consumer
5142,1787420303.0970716,openrouter,0.9675,1.0,0.03249999999999997,26128,0.0008491599999999993,0,consumer
5143,1787420304.9318504,openrouter,0.9675,1.0,0.03249999999999997,27974,0.0009091549999999993,0,consumer
5144,1787420305.810213,openrouter,0.9675,1.0,0.03249999999999997,28964,0.0009413299999999992,0,consumer
5145,1787420305.8219917,openrouter,0.9675,1.0,0.03249999999999997,26111,0.0008486074999999992,0,consumer
5146,1787420305.872606,openrouter,0.9675,1.0,0.03249999999999997,26527,0.0008621274999999993,0,consumer
5147,1787420307.0940063,openrouter,0.9675,1.0,0.03249999999999997,40332,0.0013107899999999987,0,consumer
5148,1787420307.7747693,openrouter,0.9675,1.0,0.03249999999999997,27984,0.0009094799999999992,0,consumer
5149,1787420307.8500276,openrouter,0.9675,1.0,0.03249999999999997,26597,0.0008644024999999992,0,consumer
5150,1787420309.1821067,openrouter,0.9675,1.0,0.03249999999999997,26331,0.0008557574999999993,0,consumer
5151,1787420310.4785135,openrouter,0.9675,1.0,0.03249999999999997,26464,0.0008600799999999993,0,consumer
5152,1787420310.8570907,openrouter,0.9675,1.0,0.03249999999999997,28072,0.0009123399999999992,0,consumer
5153,1787420310.952784,openrouter,0.9675,1.0,0.03249999999999997,29764,0.0009673299999999992,0,consumer
5154,1787420311.735722,openrouter,0.9675,1.0,0.03249999999999997,49456,0.0016073199999999987,0,consumer
5155,1787420311.9197283,openrouter,0.9675,1.0,0.03249999999999997,27620,0.0008976499999999993,0,consumer
5156,1787420313.7319393,openrouter,0.9675,1.0,0.03249999999999997,26968,0.0008764599999999993,0,consumer
5157,1787420314.0445476,openrouter,0.9675,1.0,0.03249999999999997,27693,0.0009000224999999992,0,consumer
5158,1787420314.278062,openrouter,0.9675,1.0,0.03249999999999997,28338,0.0009209849999999992,0,consumer
5159,1787420315.654826,openrouter,0.9675,1.0,0.03249999999999997,27866,0.0009056449999999993,0,consumer
5160,1787420315.8227456,openrouter,0.9675,1.0,0.03249999999999997,27103,0.0008808474999999993,0,consumer
5161,1787420317.4337187,openrouter,0.9675,1.0,0.03249999999999997,27299,0.0008872174999999993,0,consumer
5162,1787420319.1473625,openrouter,0.9675,1.0,0.03249999999999997,61140,0.0019870499999999985,0,consumer
5163,1787420321.597418,openrouter,0.9675,1.0,0.03249999999999997,28880,0.0009385999999999992,0,consumer
5164,1787420321.7938225,openrouter,0.9675,1.0,0.03249999999999997,32487,0.0010558274999999992,0,consumer
5165,1787420323.0052118,openrouter,0.9675,1.0,0.03249999999999997,32851,0.0010676574999999992,0,consumer
5166,1787420323.2934809,openrouter,0.9675,1.0,0.03249999999999997,30677,0.0009970024999999992,0,consumer
5167,1787420324.0207498,openrouter,0.9675,1.0,0.03249999999999997,63834,0.002074604999999998,0,consumer
5168,1787420324.3780499,openrouter,0.9675,1.0,0.03249999999999997,33230,0.0010799749999999993,0,consumer
5169,1787420325.0939574,openrouter,0.9675,1.0,0.03249999999999997,31028,0.001008409999999999,0,consumer
5170,1787420326.1357157,openrouter,0.9675,1.0,0.03249999999999997,33585,0.001091512499999999,0,consumer
5171,1787420326.4646995,openrouter,0.9675,1.0,0.03249999999999997,31465,0.001022612499999999,0,consumer
5172,1787420326.9954786,openrouter,0.9675,1.0,0.03249999999999997,29012,0.0009428899999999992,0,consumer
5173,1787420327.5318232,openrouter,0.9675,1.0,0.03249999999999997,33889,0.001101392499999999,0,consumer
5174,1787420328.3368213,openrouter,0.9675,1.0,0.03249999999999997,31626,0.001027844999999999,0,consumer
5175,1787420328.9671934,openrouter,0.9675,1.0,0.03249999999999997,42421,0.001378682499999999,0,consumer
5176,1787420329.853499,openrouter,0.9675,1.0,0.03249999999999997,65685,0.0021347624999999986,0,consumer
5177,1787420330.0804083,openrouter,0.9675,1.0,0.03249999999999997,29087,0.0009453274999999992,0,consumer
5178,1787420330.1623826,openrouter,0.9675,1.0,0.03249999999999997,39218,0.0012745849999999989,0,consumer
5179,1787420336.8797097,openrouter,0.9675,1.0,0.03249999999999997,66355,0.002156537499999998,0,consumer
5180,1787420340.0503535,openrouter,0.9675,1.0,0.03249999999999997,43257,0.0014058524999999988,0,consumer
5181,1787420340.7547653,openrouter,0.9675,1.0,0.03249999999999997,49290,0.0016019249999999986,0,consumer
5182,1787420341.223892,openrouter,0.9675,1.0,0.03249999999999997,67120,0.0021813999999999983,0,consumer
5183,1787420342.0099008,openrouter,0.9675,1.0,0.03249999999999997,73874,0.002400904999999998,0,consumer
5184,1787420345.0299017,openrouter,0.9675,1.0,0.03249999999999997,28459,0.0009249174999999992,0,consumer
5185,1787420345.5552545,openrouter,0.9675,1.0,0.03249999999999997,49446,0.0016069949999999987,0,consumer
5186,1787420346.2538922,openrouter,0.9675,1.0,0.03249999999999997,47501,0.0015437824999999987,0,consumer
5187,1787420347.818215,openrouter,0.9675,1.0,0.03249999999999997,28579,0.0009288174999999992,0,consumer
5188,1787420351.0356553,openrouter,0.9675,1.0,0.03249999999999997,52393,0.0017027724999999986,0,consumer
5189,1787420365.7362862,openrouter,0.9675,1.0,0.03249999999999997,28685,0.0009322624999999993,0,consumer
5190,1787420369.5859156,openrouter,0.9675,1.0,0.03249999999999997,29144,0.0009471799999999993,0,consumer
5191,1787420371.320495,openrouter,0.9675,1.0,0.03249999999999997,29895,0.0009715874999999992,0,consumer
5192,1787420375.132151,openrouter,0.9675,1.0,0.03249999999999997,29687,0.0009648274999999992,0,consumer
5193,1787420436.8547027,openrouter,0.9675,1.0,0.03249999999999997,30163,0.0009802974999999993,0,consumer
5194,1787420537.198633,openrouter,0.9675,1.0,0.03249999999999997,30411,0.0009883574999999991,0,consumer
5195,1787420589.8526695,openrouter,0.9675,1.0,0.03249999999999997,23622,0.0007677149999999993,0,consumer
5196,1787420592.3596404,openrouter,0.9675,1.0,0.03249999999999997,23746,0.0007717449999999994,0,consumer
5197,1787420593.1850863,openrouter,0.9675,1.0,0.03249999999999997,23543,0.0007651474999999994,0,consumer
5198,1787420593.4517517,openrouter,0.9675,1.0,0.03249999999999997,23636,0.0007681699999999994,0,consumer
5199,1787420594.4479086,openrouter,0.9675,1.0,0.03249999999999997,24617,0.0008000524999999993,0,consumer
5200,1787420595.841936,openrouter,0.9675,1.0,0.03249999999999997,23978,0.0007792849999999994,0,consumer
5201,1787420598.6598167,openrouter,0.9675,1.0,0.03249999999999997,24266,0.0007886449999999993,0,consumer
5202,1787420598.8452418,openrouter,0.9675,1.0,0.03249999999999997,26476,0.0008604699999999994,0,consumer
5203,1787420602.266595,openrouter,0.9675,1.0,0.03249999999999997,28934,0.0009403549999999993,0,consumer
5204,1787420605.3414137,openrouter,0.9675,1.0,0.03249999999999997,47410,0.0015408249999999987,0,consumer
5205,1787420607.7684872,openrouter,0.9675,1.0,0.03249999999999997,30588,0.0009941099999999992,0,consumer
5206,1787420608.3686254,openrouter,0.9675,1.0,0.03249999999999997,38016,0.001235519999999999,0,consumer
5207,1787420613.1068687,openrouter,0.9675,1.0,0.03249999999999997,27605,0.0008971624999999993,0,consumer
5208,1787420619.9464703,openrouter,0.9675,1.0,0.03249999999999997,44559,0.0014481674999999989,0,consumer
5209,1787420621.1598415,openrouter,0.9675,1.0,0.03249999999999997,49398,0.0016054349999999986,0,consumer
5210,1787420622.1015306,openrouter,0.9675,1.0,0.03249999999999997,44655,0.0014512874999999988,0,consumer
5211,1787420623.838295,openrouter,0.9675,1.0,0.03249999999999997,44772,0.0014550899999999987,0,consumer
5212,1787420625.8661952,openrouter,0.9675,1.0,0.03249999999999997,49587,0.0016115774999999988,0,consumer
5213,1787420634.3609428,openrouter,0.9675,1.0,0.03249999999999997,50534,0.0016423549999999986,0,consumer
5214,1787420637.8600764,openrouter,0.9675,1.0,0.03249999999999997,50859,0.0016529174999999987,0,consumer
5215,1787420639.1190362,openrouter,0.9675,1.0,0.03249999999999997,47563,0.0015457974999999987,0,consumer
5216,1787420642.4265969,openrouter,0.9675,1.0,0.03249999999999997,48303,0.0015698474999999987,0,consumer
5217,1787420643.2357786,openrouter,0.9675,1.0,0.03249999999999997,51488,0.0016733599999999985,0,consumer
5218,1787420643.9691377,openrouter,0.9675,1.0,0.03249999999999997,48421,0.0015736824999999987,0,consumer
5219,1787420646.8355381,openrouter,0.9675,1.0,0.03249999999999997,49125,0.0015965624999999986,0,consumer
5220,1787420647.02458,openrouter,0.9675,1.0,0.03249999999999997,52003,0.0016900974999999986,0,consumer
5221,1787420649.5027661,openrouter,0.9675,1.0,0.03249999999999997,52196,0.0016963699999999985,0,consumer
5222,1787420654.4051397,openrouter,0.9675,1.0,0.03249999999999997,50888,0.0016538599999999985,0,consumer
5223,1787420655.4624753,openrouter,0.9675,1.0,0.03249999999999997,46940,0.0015255499999999988,0,consumer
5224,1787420655.97648,openrouter,0.9675,1.0,0.03249999999999997,51142,0.0016621149999999987,0,consumer
5225,1787420656.0965483,openrouter,0.9675,1.0,0.03249999999999997,53010,0.0017228249999999986,0,consumer
5226,1787420657.3999584,openrouter,0.9675,1.0,0.03249999999999997,52085,0.0016927624999999987,0,consumer
5227,1787420660.617295,openrouter,0.9675,1.0,0.03249999999999997,473,1.537249999999999e-05,0,consumer
5228,1787420660.6469474,openrouter,0.9675,1.0,0.03249999999999997,50118,0.0016288349999999986,0,consumer
5229,1787420663.0779734,openrouter,0.9675,1.0,0.03249999999999997,537,1.7452499999999986e-05,0,consumer
5230,1787420666.5876021,openrouter,0.9675,1.0,0.03249999999999997,24466,0.0007951449999999993,0,consumer
5231,1787420670.1387272,openrouter,0.9675,1.0,0.03249999999999997,65341,0.002123582499999998,0,consumer
5232,1787420670.6254454,openrouter,0.9675,1.0,0.03249999999999997,24567,0.0007984274999999993,0,consumer
5233,1787420673.1680562,openrouter,0.9675,1.0,0.03249999999999997,50495,0.0016410874999999987,0,consumer
5234,1787420674.476151,openrouter,0.9675,1.0,0.03249999999999997,24867,0.0008081774999999993,0,consumer
5235,1787420677.13458,openrouter,0.9675,1.0,0.03249999999999997,25157,0.0008176024999999993,0,consumer
5236,1787420679.2410877,openrouter,0.9675,1.0,0.03249999999999997,25261,0.0008209824999999992,0,consumer
5237,1787420682.3767536,openrouter,0.9675,1.0,0.03249999999999997,25517,0.0008293024999999994,0,consumer
5238,1787420691.3233511,openrouter,0.9675,1.0,0.03249999999999997,25633,0.0008330724999999993,0,consumer
5239,1787420694.0402553,openrouter,0.9675,1.0,0.03249999999999997,25770,0.0008375249999999993,0,consumer
5240,1787420695.848278,openrouter,0.9675,1.0,0.03249999999999997,73443,0.0023868974999999982,0,consumer
5241,1787420697.876702,openrouter,0.9675,1.0,0.03249999999999997,26187,0.0008510774999999993,0,consumer
5242,1787420710.6781392,openrouter,0.9675,1.0,0.03249999999999997,26289,0.0008543924999999992,0,consumer
5243,1787420714.2251787,openrouter,0.9675,1.0,0.03249999999999997,28290,0.0009194249999999993,0,consumer
5244,1787420719.927267,openrouter,0.9675,1.0,0.03249999999999997,52750,0.0017143749999999987,0,consumer
5245,1787420720.695018,openrouter,0.9675,1.0,0.03249999999999997,52177,0.0016957524999999987,0,consumer
5246,1787420722.64587,openrouter,0.9675,1.0,0.03249999999999997,54016,0.0017555199999999987,0,consumer
5247,1787420732.516667,openrouter,0.9675,1.0,0.03249999999999997,28436,0.0009241699999999992,0,consumer
5248,1787420740.2477221,openrouter,0.9675,1.0,0.03249999999999997,29025,0.0009433124999999992,0,consumer
5249,1787420762.3544633,openrouter,0.9675,1.0,0.03249999999999997,361,1.1732499999999991e-05,0,consumer
5250,1787420782.3024678,openrouter,0.9675,1.0,0.03249999999999997,250,8.124999999999993e-06,0,consumer
5251,1787420868.6453578,openrouter,0.9675,1.0,0.03249999999999997,29177,0.0009482524999999992,0,consumer
5252,1787420936.682998,openrouter,0.9675,1.0,0.03249999999999997,23658,0.0007688849999999994,0,consumer
5253,1787420937.8506808,openrouter,0.9675,1.0,0.03249999999999997,23622,0.0007677149999999993,0,consumer
5254,1787420938.7488625,openrouter,0.9675,1.0,0.03249999999999997,24727,0.0008036274999999994,0,consumer
5255,1787420938.8131907,openrouter,0.9675,1.0,0.03249999999999997,24732,0.0008037899999999994,0,consumer
5256,1787420942.3165498,openrouter,0.9675,1.0,0.03249999999999997,23780,0.0007728499999999993,0,consumer
5257,1787420943.5607371,openrouter,0.9675,1.0,0.03249999999999997,27652,0.0008986899999999993,0,consumer
5258,1787420945.3720958,openrouter,0.9675,1.0,0.03249999999999997,27822,0.0009042149999999992,0,consumer
5259,1787420948.5244827,openrouter,0.9675,1.0,0.03249999999999997,26426,0.0008588449999999994,0,consumer
5260,1787420949.3516004,openrouter,0.9675,1.0,0.03249999999999997,27350,0.0008888749999999994,0,consumer
5261,1787420949.821085,openrouter,0.9675,1.0,0.03249999999999997,46522,0.0015119649999999988,0,consumer
5262,1787420950.6947112,openrouter,0.9675,1.0,0.03249999999999997,27510,0.0008940749999999993,0,consumer
5263,1787420951.9077184,openrouter,0.9675,1.0,0.03249999999999997,27111,0.0008811074999999993,0,consumer
5264,1787420953.8534725,openrouter,0.9675,1.0,0.03249999999999997,61989,0.0020146424999999985,0,consumer
5265,1787420954.1630323,openrouter,0.9675,1.0,0.03249999999999997,28745,0.0009342124999999992,0,consumer
5266,1787420956.366202,openrouter,0.9675,1.0,0.03249999999999997,27413,0.0008909224999999992,0,consumer
5267,1787420958.8440866,openrouter,0.9675,1.0,0.03249999999999997,68656,0.0022313199999999984,0,consumer
5268,1787420961.4834123,openrouter,0.9675,1.0,0.03249999999999997,27538,0.0008949849999999992,0,consumer
5269,1787420967.0660322,openrouter,0.9675,1.0,0.03249999999999997,27813,0.0009039224999999992,0,consumer
5270,1787420967.6407814,openrouter,0.9675,1.0,0.03249999999999997,107574,0.003496154999999997,0,consumer
5271,1787420972.3714745,openrouter,0.9675,1.0,0.03249999999999997,109982,0.003574414999999997,0,consumer
5272,1787420973.3902166,openrouter,0.9675,1.0,0.03249999999999997,28248,0.0009180599999999993,0,consumer
5273,1787420976.6356323,openrouter,0.9675,1.0,0.03249999999999997,110159,0.003580167499999997,0,consumer
5274,1787420977.5304527,openrouter,0.9675,1.0,0.03249999999999997,75823,0.002464247499999998,0,consumer
5275,1787420981.4285808,openrouter,0.9675,1.0,0.03249999999999997,110926,0.003605094999999997,0,consumer
5276,1787420989.5752783,openrouter,0.9675,1.0,0.03249999999999997,111417,0.003621052499999997,0,consumer
5277,1787420995.6140668,openrouter,0.9675,1.0,0.03249999999999997,28984,0.0009419799999999993,0,consumer
5278,1787421005.555155,openrouter,0.9675,1.0,0.03249999999999997,28369,0.0009219924999999993,0,consumer
5279,1787421006.69246,openrouter,0.9675,1.0,0.03249999999999997,30540,0.0009925499999999992,0,consumer
5280,1787421010.127258,openrouter,0.9675,1.0,0.03249999999999997,28640,0.0009307999999999993,0,consumer
5281,1787421017.0919297,openrouter,0.9675,1.0,0.03249999999999997,29217,0.0009495524999999992,0,consumer
5282,1787421018.6174989,openrouter,0.9675,1.0,0.03249999999999997,80164,0.0026053299999999977,0,consumer
5283,1787421025.469248,openrouter,0.9675,1.0,0.03249999999999997,30150,0.0009798749999999992,0,consumer
5284,1787421041.1523948,openrouter,0.9675,1.0,0.03249999999999997,31013,0.0010079224999999992,0,consumer
5285,1787421066.7359295,openrouter,0.9675,1.0,0.03249999999999997,32793,0.001065772499999999,0,consumer
5286,1787421127.526499,openrouter,0.9675,1.0,0.03249999999999997,33530,0.001089724999999999,0,consumer
5287,1787421195.3616,openrouter,0.9675,1.0,0.03249999999999997,34118,0.0011088349999999992,0,consumer
5288,1787421219.5370255,openrouter,0.9675,1.0,0.03249999999999997,39289,0.001276892499999999,0,consumer
5289,1787421255.9945674,openrouter,0.9675,1.0,0.03249999999999997,23559,0.0007656674999999993,0,consumer
5290,1787421256.6216369,openrouter,0.9675,1.0,0.03249999999999997,24696,0.0008026199999999993,0,consumer
5291,1787421257.1834676,openrouter,0.9675,1.0,0.03249999999999997,24632,0.0008005399999999994,0,consumer
5292,1787421257.6284773,openrouter,0.9675,1.0,0.03249999999999997,24633,0.0008005724999999993,0,consumer
5293,1787421260.9411464,openrouter,0.9675,1.0,0.03249999999999997,27427,0.0008913774999999992,0,consumer
5294,1787421263.691149,openrouter,0.9675,1.0,0.03249999999999997,48857,0.0015878524999999985,0,consumer
5295,1787421265.2890227,openrouter,0.9675,1.0,0.03249999999999997,31015,0.0010079874999999992,0,consumer
5296,1787421265.7273042,openrouter,0.9675,1.0,0.03249999999999997,34005,0.001105162499999999,0,consumer
5297,1787421271.3352368,openrouter,0.9675,1.0,0.03249999999999997,50875,0.0016534374999999987,0,consumer
5298,1787421272.7935815,openrouter,0.9675,1.0,0.03249999999999997,35009,0.0011377924999999992,0,consumer
5299,1787421278.1552236,openrouter,0.9675,1.0,0.03249999999999997,27875,0.0009059374999999992,0,consumer
5300,1787421279.2133408,openrouter,0.9675,1.0,0.03249999999999997,36226,0.0011773449999999991,0,consumer
5301,1787421280.1392891,openrouter,0.9675,1.0,0.03249999999999997,52119,0.0016938674999999986,0,consumer
5302,1787421280.9068427,openrouter,0.9675,1.0,0.03249999999999997,34253,0.0011132224999999992,0,consumer
5303,1787421288.5898464,openrouter,0.9675,1.0,0.03249999999999997,36456,0.001184819999999999,0,consumer
5304,1787421293.1517787,openrouter,0.9675,1.0,0.03249999999999997,36744,0.001194179999999999,0,consumer
5305,1787421295.8085747,openrouter,0.9675,1.0,0.03249999999999997,37851,0.0012301574999999988,0,consumer
5306,1787421300.573558,openrouter,0.9675,1.0,0.03249999999999997,52515,0.0017067374999999985,0,consumer
5307,1787421305.588937,openrouter,0.9675,1.0,0.03249999999999997,39050,0.0012691249999999988,0,consumer
5308,1787421310.5552046,openrouter,0.9675,1.0,0.03249999999999997,23628,0.0007679099999999994,0,consumer
5309,1787421312.2898633,openrouter,0.9675,1.0,0.03249999999999997,37156,0.001207569999999999,0,consumer
5310,1787421312.9079378,openrouter,0.9675,1.0,0.03249999999999997,23768,0.0007724599999999993,0,consumer
5311,1787421315.7999263,openrouter,0.9675,1.0,0.03249999999999997,23949,0.0007783424999999994,0,consumer
5312,1787421318.8816576,openrouter,0.9675,1.0,0.03249999999999997,24180,0.0007858499999999993,0,consumer
5313,1787421321.5732367,openrouter,0.9675,1.0,0.03249999999999997,37510,0.001219074999999999,0,consumer
5314,1787421321.8137333,openrouter,0.9675,1.0,0.03249999999999997,24452,0.0007946899999999994,0,consumer
5315,1787421325.975581,openrouter,0.9675,1.0,0.03249999999999997,53389,0.0017351424999999985,0,consumer
5316,1787421328.2356265,openrouter,0.9675,1.0,0.03249999999999997,53561,0.0017407324999999985,0,consumer
5317,1787421328.2463524,openrouter,0.9675,1.0,0.03249999999999997,43345,0.001408712499999999,0,consumer
5318,1787421328.7568107,openrouter,0.9675,1.0,0.03249999999999997,38602,0.001254564999999999,0,consumer
5319,1787421330.893399,openrouter,0.9675,1.0,0.03249999999999997,27804,0.0009036299999999993,0,consumer
5320,1787421335.2307198,openrouter,0.9675,1.0,0.03249999999999997,28151,0.0009149074999999993,0,consumer
5321,1787421337.1152194,openrouter,0.9675,1.0,0.03249999999999997,54545,0.0017727124999999985,0,consumer
5322,1787421339.201822,openrouter,0.9675,1.0,0.03249999999999997,28285,0.0009192624999999992,0,consumer
5323,1787421339.8062122,openrouter,0.9675,1.0,0.03249999999999997,300,9.749999999999993e-06,0,consumer
5324,1787421342.3915977,openrouter,0.9675,1.0,0.03249999999999997,28412,0.0009233899999999992,0,consumer
5325,1787421344.9011638,openrouter,0.9675,1.0,0.03249999999999997,39572,0.001286089999999999,0,consumer
5326,1787421345.1497312,openrouter,0.9675,1.0,0.03249999999999997,28547,0.0009277774999999993,0,consumer
5327,1787421345.5391445,openrouter,0.9675,1.0,0.03249999999999997,51090,0.0016604249999999986,0,consumer
5328,1787421348.0523841,openrouter,0.9675,1.0,0.03249999999999997,28713,0.0009331724999999992,0,consumer
5329,1787421349.30012,openrouter,0.9675,1.0,0.03249999999999997,39839,0.001294767499999999,0,consumer
5330,1787421351.2018888,openrouter,0.9675,1.0,0.03249999999999997,28874,0.0009384049999999991,0,consumer
5331,1787421358.105756,openrouter,0.9675,1.0,0.03249999999999997,54331,0.0017657574999999986,0,consumer
5332,1787421361.2555008,openrouter,0.9675,1.0,0.03249999999999997,42306,0.0013749449999999987,0,consumer
5333,1787421363.97784,openrouter,0.9675,1.0,0.03249999999999997,55465,0.0018026124999999985,0,consumer
5334,1787421365.0663114,openrouter,0.9675,1.0,0.03249999999999997,42368,0.001376959999999999,0,consumer
5335,1787421367.6390686,openrouter,0.9675,1.0,0.03249999999999997,55632,0.0018080399999999986,0,consumer
5336,1787421374.6558673,openrouter,0.9675,1.0,0.03249999999999997,42559,0.001383167499999999,0,consumer
5337,1787421379.1987028,openrouter,0.9675,1.0,0.03249999999999997,22379,0.0007273174999999994,0,consumer
5338,1787421380.5118284,openrouter,0.9675,1.0,0.03249999999999997,43144,0.001402179999999999,0,consumer
5339,1787421384.970673,openrouter,0.9675,1.0,0.03249999999999997,78708,0.002558009999999998,0,consumer
5340,1787421385.422218,openrouter,0.9675,1.0,0.03249999999999997,41722,0.0013559649999999987,0,consumer
5341,1787421388.6461155,openrouter,0.9675,1.0,0.03249999999999997,78983,0.002566947499999998,0,consumer
5342,1787421388.7906408,openrouter,0.9675,1.0,0.03249999999999997,42762,0.001389764999999999,0,consumer
5343,1787421389.239087,openrouter,0.9675,1.0,0.03249999999999997,43584,0.0014164799999999988,0,consumer
5344,1787421391.6016097,openrouter,0.9675,1.0,0.03249999999999997,43685,0.0014197624999999988,0,consumer
5345,1787421392.676239,openrouter,0.9675,1.0,0.03249999999999997,43700,0.0014202499999999988,0,consumer
5346,1787421398.2665973,openrouter,0.9675,1.0,0.03249999999999997,43918,0.001427334999999999,0,consumer
5347,1787421401.7275078,openrouter,0.9675,1.0,0.03249999999999997,38916,0.001264769999999999,0,consumer
5348,1787421410.0061667,openrouter,0.9675,1.0,0.03249999999999997,45754,0.0014870049999999987,0,consumer
5349,1787421410.89921,openrouter,0.9675,1.0,0.03249999999999997,260,8.449999999999992e-06,0,consumer
5350,1787421413.7510731,openrouter,0.9675,1.0,0.03249999999999997,28937,0.0009404524999999992,0,consumer
5351,1787421415.871327,openrouter,0.9675,1.0,0.03249999999999997,29069,0.0009447424999999992,0,consumer
5352,1787421417.7871525,openrouter,0.9675,1.0,0.03249999999999997,46235,0.0015026374999999987,0,consumer
5353,1787421425.7029707,openrouter,0.9675,1.0,0.03249999999999997,29390,0.0009551749999999993,0,consumer
5354,1787421429.2049656,openrouter,0.9675,1.0,0.03249999999999997,29592,0.0009617399999999992,0,consumer
5355,1787421436.163715,openrouter,0.9675,1.0,0.03249999999999997,49403,0.0016055974999999987,0,consumer
5356,1787421449.7340188,openrouter,0.9675,1.0,0.03249999999999997,57471,0.0018678074999999986,0,consumer
5357,1787421501.3681319,openrouter,0.9675,1.0,0.03249999999999997,29737,0.0009664524999999992,0,consumer
5358,1787421577.6720684,openrouter,0.9675,1.0,0.03249999999999997,31183,0.001013447499999999,0,consumer
5359,1787421671.4528258,openrouter,0.17500000000000002,1.0,0.825,8512,0.0070224,0,consumer
5360,1787421672.0849607,openrouter,0.9675,1.0,0.03249999999999997,23629,0.0007679424999999994,0,consumer
5361,1787421677.2058182,openrouter,0.17500000000000002,1.0,0.825,6,4.949999999999999e-06,0,consumer
5362,1787421678.0190122,openrouter,0.9675,1.0,0.03249999999999997,24715,0.0008032374999999994,0,consumer
5363,1787421680.2052038,openrouter,0.17500000000000002,1.0,0.825,8593,0.007089224999999999,0,consumer
5364,1787421680.361398,openrouter,0.9675,1.0,0.03249999999999997,24599,0.0007994674999999993,0,consumer
5365,1787421686.6286476,openrouter,0.9675,1.0,0.03249999999999997,28232,0.0009175399999999992,0,consumer
5366,1787421692.355743,openrouter,0.9675,1.0,0.03249999999999997,31429,0.001021442499999999,0,consumer
5367,1787421713.1041677,openrouter,0.9675,1.0,0.03249999999999997,80108,0.002603509999999998,0,consumer
5368,1787421733.0679307,openrouter,0.9675,1.0,0.03249999999999997,82144,0.002669679999999998,0,consumer
5369,1787421745.054001,openrouter,0.9675,1.0,0.03249999999999997,29728,0.0009661599999999992,0,consumer
5370,1787421750.9207375,openrouter,0.9675,1.0,0.03249999999999997,23870,0.0007757749999999994,0,consumer
5371,1787421753.5039213,openrouter,0.9675,1.0,0.03249999999999997,24010,0.0007803249999999994,0,consumer
5372,1787421758.6240854,openrouter,0.9675,1.0,0.03249999999999997,33647,0.001093527499999999,0,consumer
5373,1787421758.953812,openrouter,0.9675,1.0,0.03249999999999997,24532,0.0007972899999999994,0,consumer
5374,1787421761.1849403,openrouter,0.9675,1.0,0.03249999999999997,24676,0.0008019699999999994,0,consumer
5375,1787421769.8358238,openrouter,0.9675,1.0,0.03249999999999997,46872,0.0015233399999999987,0,consumer
5376,1787421779.1599445,openrouter,0.9675,1.0,0.03249999999999997,28538,0.0009274849999999993,0,consumer
5377,1787421784.6061015,openrouter,0.9675,1.0,0.03249999999999997,28664,0.0009315799999999992,0,consumer
5378,1787421789.5380573,openrouter,0.9675,1.0,0.03249999999999997,28900,0.0009392499999999992,0,consumer
5379,1787421792.1520863,openrouter,0.9675,1.0,0.03249999999999997,55511,0.0018041074999999985,0,consumer
5380,1787421796.3442335,openrouter,0.9675,1.0,0.03249999999999997,29121,0.0009464324999999992,0,consumer
5381,1787421800.7234006,openrouter,0.9675,1.0,0.03249999999999997,29630,0.0009629749999999993,0,consumer
5382,1787421811.284367,openrouter,0.9675,1.0,0.03249999999999997,58455,0.0018997874999999984,0,consumer
5383,1787421812.0300353,openrouter,0.9675,1.0,0.03249999999999997,82278,0.002674034999999998,0,consumer
5384,1787421815.9329438,openrouter,0.9675,1.0,0.03249999999999997,60905,0.0019794124999999983,0,consumer
5385,1787421816.080325,openrouter,0.9675,1.0,0.03249999999999997,82639,0.0026857674999999975,0,consumer
5386,1787421819.73068,openrouter,0.9675,1.0,0.03249999999999997,82626,0.002685344999999998,0,consumer
5387,1787421829.5082674,openrouter,0.9675,1.0,0.03249999999999997,63559,0.002065667499999998,0,consumer
5388,1787421831.0459118,openrouter,0.9675,1.0,0.03249999999999997,83249,0.0027055924999999977,0,consumer
5389,1787421835.5904946,openrouter,0.9675,1.0,0.03249999999999997,67032,0.0021785399999999983,0,consumer
5390,1787421835.832385,openrouter,0.9675,1.0,0.03249999999999997,83732,0.0027212899999999977,0,consumer
5391,1787421839.7050793,openrouter,0.9675,1.0,0.03249999999999997,84037,0.0027312024999999974,0,consumer
5392,1787421843.3207242,openrouter,0.9675,1.0,0.03249999999999997,84039,0.0027312674999999975,0,consumer
5393,1787421849.5272074,openrouter,0.9675,1.0,0.03249999999999997,84252,0.002738189999999998,0,consumer
5394,1787421856.85621,openrouter,0.9675,1.0,0.03249999999999997,84822,0.0027567149999999977,0,consumer
5395,1787421861.2216902,openrouter,0.9675,1.0,0.03249999999999997,24634,0.0008006049999999994,0,consumer
5396,1787421861.4336207,openrouter,0.9675,1.0,0.03249999999999997,23561,0.0007657324999999994,0,consumer
5397,1787421878.7403824,openrouter,0.9675,1.0,0.03249999999999997,30140,0.0009795499999999992,0,consumer
5398,1787421883.1301413,openrouter,0.9675,1.0,0.03249999999999997,30264,0.0009835799999999993,0,consumer
5399,1787421884.3738427,openrouter,0.9675,1.0,0.03249999999999997,74611,0.002424857499999998,0,consumer
5400,1787421889.415164,openrouter,0.9675,1.0,0.03249999999999997,30716,0.0009982699999999992,0,consumer
5401,1787421890.6052763,openrouter,0.9675,1.0,0.03249999999999997,75229,0.002444942499999998,0,consumer
5402,1787421892.5432003,openrouter,0.9675,1.0,0.03249999999999997,30840,0.0010022999999999992,0,consumer
5403,1787421896.3490295,openrouter,0.9675,1.0,0.03249999999999997,31042,0.0010088649999999992,0,consumer
5404,1787421905.3784518,openrouter,0.9675,1.0,0.03249999999999997,31197,0.0010139024999999992,0,consumer
5405,1787421909.8522556,openrouter,0.9675,1.0,0.03249999999999997,32116,0.001043769999999999,0,consumer
5406,1787421922.631699,openrouter,0.9675,1.0,0.03249999999999997,85124,0.002766529999999998,0,consumer
5407,1787421926.6819785,openrouter,0.9675,1.0,0.03249999999999997,85332,0.0027732899999999977,0,consumer
5408,1787421926.8488247,openrouter,0.9675,1.0,0.03249999999999997,50767,0.0016499274999999987,0,consumer
5409,1787421930.9533687,openrouter,0.9675,1.0,0.03249999999999997,35605,0.001157162499999999,0,consumer
5410,1787421931.369231,openrouter,0.9675,1.0,0.03249999999999997,85911,0.002792107499999998,0,consumer
5411,1787421934.4774134,openrouter,0.9675,1.0,0.03249999999999997,86028,0.0027959099999999974,0,consumer
5412,1787421957.4575357,openrouter,0.9675,1.0,0.03249999999999997,86064,0.002797079999999998,0,consumer
5413,1787421971.420319,openrouter,0.9675,1.0,0.03249999999999997,89253,0.0029007224999999977,0,consumer
5414,1787421978.034816,openrouter,0.9675,1.0,0.03249999999999997,32620,0.0010601499999999993,0,consumer
5415,1787421984.2958384,openrouter,0.9675,1.0,0.03249999999999997,91017,0.0029580524999999976,0,consumer
5416,1787421991.6738365,openrouter,0.9675,1.0,0.03249999999999997,34246,0.001112994999999999,0,consumer
5417,1787422002.2996745,openrouter,0.9675,1.0,0.03249999999999997,92815,0.0030164874999999976,0,consumer
5418,1787422014.810083,openrouter,0.9675,1.0,0.03249999999999997,93779,0.0030478174999999975,0,consumer
5419,1787422025.2636664,openrouter,0.9675,1.0,0.03249999999999997,94512,0.0030716399999999974,0,consumer
5420,1787422039.2892127,openrouter,0.9675,1.0,0.03249999999999997,95481,0.0031031324999999973,0,consumer
5421,1787422044.9212165,openrouter,0.9675,1.0,0.03249999999999997,34370,0.0011170249999999991,0,consumer
5422,1787422049.4133396,openrouter,0.9675,1.0,0.03249999999999997,34637,0.0011257024999999992,0,consumer
5423,1787422052.3298934,openrouter,0.9675,1.0,0.03249999999999997,34752,0.0011294399999999991,0,consumer
5424,1787422062.8060007,openrouter,0.9675,1.0,0.03249999999999997,96559,0.0031381674999999974,0,consumer
5425,1787422075.9507682,openrouter,0.9675,1.0,0.03249999999999997,98701,0.0032077824999999977,0,consumer
5426,1787422086.132693,openrouter,0.9675,1.0,0.03249999999999997,100057,0.003251852499999997,0,consumer
5427,1787422092.5799873,openrouter,0.9675,1.0,0.03249999999999997,100313,0.0032601724999999976,0,consumer
5428,1787422130.180099,openrouter,0.9675,1.0,0.03249999999999997,23623,0.0007677474999999994,0,consumer
5429,1787422132.8932464,openrouter,0.9675,1.0,0.03249999999999997,23756,0.0007720699999999994,0,consumer
5430,1787422137.126768,openrouter,0.9675,1.0,0.03249999999999997,24044,0.0007814299999999994,0,consumer
5431,1787422137.3612816,openrouter,0.9675,1.0,0.03249999999999997,23543,0.0007651474999999994,0,consumer
5432,1787422138.4163604,openrouter,0.9675,1.0,0.03249999999999997,24592,0.0007992399999999993,0,consumer
5433,1787422138.716381,openrouter,0.9675,1.0,0.03249999999999997,24620,0.0008001499999999993,0,consumer
5434,1787422139.4959276,openrouter,0.9675,1.0,0.03249999999999997,24182,0.0007859149999999994,0,consumer
5435,1787422145.878,openrouter,0.9675,1.0,0.03249999999999997,27201,0.0008840324999999993,0,consumer
5436,1787422146.6686728,openrouter,0.9675,1.0,0.03249999999999997,50984,0.0016569799999999987,0,consumer
5437,1787422146.8629906,openrouter,0.9675,1.0,0.03249999999999997,36198,0.0011764349999999991,0,consumer
5438,1787422151.5238116,openrouter,0.9675,1.0,0.03249999999999997,31824,0.001034279999999999,0,consumer
5439,1787422156.7306376,openrouter,0.9675,1.0,0.03249999999999997,37268,0.0012112099999999988,0,consumer
5440,1787422157.458769,openrouter,0.9675,1.0,0.03249999999999997,35728,0.001161159999999999,0,consumer
5441,1787422158.656093,openrouter,0.9675,1.0,0.03249999999999997,27310,0.0008875749999999993,0,consumer
5442,1787422160.3728895,openrouter,0.9675,1.0,0.03249999999999997,53300,0.0017322499999999985,0,consumer
5443,1787422163.291664,openrouter,0.9675,1.0,0.03249999999999997,30546,0.0009927449999999993,0,consumer
5444,1787422165.7063708,openrouter,0.9675,1.0,0.03249999999999997,38469,0.001250242499999999,0,consumer
5445,1787422167.758581,openrouter,0.9675,1.0,0.03249999999999997,36371,0.001182057499999999,0,consumer
5446,1787422169.7643573,openrouter,0.9675,1.0,0.03249999999999997,54010,0.0017553249999999986,0,consumer
5447,1787422170.1502054,openrouter,0.9675,1.0,0.03249999999999997,31160,0.0010126999999999992,0,consumer
5448,1787422170.2657306,openrouter,0.9675,1.0,0.03249999999999997,39982,0.0012994149999999989,0,consumer
5449,1787422172.5484173,openrouter,0.9675,1.0,0.03249999999999997,40270,0.001308774999999999,0,consumer
5450,1787422174.380736,openrouter,0.9675,1.0,0.03249999999999997,31438,0.0010217349999999993,0,consumer
5451,1787422175.6226444,openrouter,0.9675,1.0,0.03249999999999997,34836,0.0011321699999999992,0,consumer
5452,1787422176.464199,openrouter,0.9675,1.0,0.03249999999999997,31499,0.0010237174999999992,0,consumer
5453,1787422176.5081124,openrouter,0.9675,1.0,0.03249999999999997,36690,0.0011924249999999991,0,consumer
5454,1787422177.022672,openrouter,0.9675,1.0,0.03249999999999997,54738,0.0017789849999999986,0,consumer
5455,1787422181.9035969,openrouter,0.9675,1.0,0.03249999999999997,31877,0.0010360024999999991,0,consumer
5456,1787422182.5137155,openrouter,0.9675,1.0,0.03249999999999997,55331,0.0017982574999999986,0,consumer
5457,1787422189.9382124,openrouter,0.9675,1.0,0.03249999999999997,37504,0.001218879999999999,0,consumer
5458,1787422191.152026,openrouter,0.9675,1.0,0.03249999999999997,41749,0.001356842499999999,0,consumer
5459,1787422194.964091,openrouter,0.9675,1.0,0.03249999999999997,37749,0.001226842499999999,0,consumer
5460,1787422195.5078325,openrouter,0.9675,1.0,0.03249999999999997,41882,0.0013611649999999988,0,consumer
5461,1787422202.9949167,openrouter,0.9675,1.0,0.03249999999999997,464,1.5079999999999988e-05,0,consumer
5462,1787422206.6274638,openrouter,0.9675,1.0,0.03249999999999997,44662,0.0014515149999999987,0,consumer
5463,1787422209.0158224,openrouter,0.9675,1.0,0.03249999999999997,44737,0.0014539524999999988,0,consumer
5464,1787422222.0161536,openrouter,0.9675,1.0,0.03249999999999997,46156,0.0015000699999999987,0,consumer
5465,1787422233.1813583,openrouter,0.9675,1.0,0.03249999999999997,48121,0.0015639324999999987,0,consumer
5466,1787422236.8146744,openrouter,0.9675,1.0,0.03249999999999997,48312,0.0015701399999999987,0,consumer
5467,1787422248.6645608,openrouter,0.9675,1.0,0.03249999999999997,56305,0.0018299124999999986,0,consumer
5468,1787422249.4959803,openrouter,0.9675,1.0,0.03249999999999997,49596,0.0016118699999999988,0,consumer
5469,1787422252.4650035,openrouter,0.9675,1.0,0.03249999999999997,49724,0.0016160299999999986,0,consumer
5470,1787422259.4251428,openrouter,0.9675,1.0,0.03249999999999997,50344,0.0016361799999999988,0,consumer
5471,1787422265.7460515,openrouter,0.9675,1.0,0.03249999999999997,32059,0.0010419174999999991,0,consumer
5472,1787422271.2142408,openrouter,0.9675,1.0,0.03249999999999997,32259,0.0010484174999999991,0,consumer
5473,1787422274.59322,openrouter,0.9675,1.0,0.03249999999999997,33182,0.001078414999999999,0,consumer
5474,1787422308.0400746,openrouter,0.9675,1.0,0.03249999999999997,33302,0.001082314999999999,0,consumer
5475,1787422313.4456851,openrouter,0.9675,1.0,0.03249999999999997,33549,0.001090342499999999,0,consumer
5476,1787422314.664067,openrouter,0.9675,1.0,0.03249999999999997,56855,0.0018477874999999985,0,consumer
5477,1787422417.3368905,openrouter,0.9675,1.0,0.03249999999999997,33929,0.0011026924999999993,0,consumer
5478,1787422502.7213748,openrouter,0.9675,1.0,0.03249999999999997,23621,0.0007676824999999993,0,consumer
5479,1787422506.0476937,openrouter,0.9675,1.0,0.03249999999999997,23788,0.0007731099999999994,0,consumer
5480,1787422508.8257425,openrouter,0.9675,1.0,0.03249999999999997,23936,0.0007779199999999994,0,consumer
5481,1787422512.7610376,openrouter,0.9675,1.0,0.03249999999999997,24339,0.0007910174999999994,0,consumer
5482,1787422515.5042894,openrouter,0.9675,1.0,0.03249999999999997,24493,0.0007960224999999994,0,consumer
5483,1787422518.5988781,openrouter,0.9675,1.0,0.03249999999999997,24652,0.0008011899999999994,0,consumer
5484,1787422528.5855143,openrouter,0.9675,1.0,0.03249999999999997,24907,0.0008094774999999993,0,consumer
5485,1787422533.2082834,openrouter,0.9675,1.0,0.03249999999999997,25189,0.0008186424999999994,0,consumer
5486,1787422538.7330992,openrouter,0.9675,1.0,0.03249999999999997,25744,0.0008366799999999993,0,consumer
5487,1787422543.428953,openrouter,0.9675,1.0,0.03249999999999997,97739,0.0031765174999999974,0,consumer
5488,1787422544.840845,openrouter,0.9675,1.0,0.03249999999999997,26615,0.0008649874999999993,0,consumer
5489,1787422549.6095421,openrouter,0.9675,1.0,0.03249999999999997,98022,0.0031857149999999974,0,consumer
5490,1787422552.5007424,openrouter,0.9675,1.0,0.03249999999999997,29763,0.0009672974999999992,0,consumer
5491,1787422569.2171614,openrouter,0.9675,1.0,0.03249999999999997,35243,0.0011453974999999991,0,consumer
5492,1787422574.2843757,openrouter,0.9675,1.0,0.03249999999999997,24603,0.0007995974999999994,0,consumer
5493,1787422574.3928928,openrouter,0.9675,1.0,0.03249999999999997,23543,0.0007651474999999994,0,consumer
5494,1787422574.573774,openrouter,0.9675,1.0,0.03249999999999997,24611,0.0007998574999999994,0,consumer
5495,1787422580.2299047,openrouter,0.9675,1.0,0.03249999999999997,27715,0.0009007374999999993,0,consumer
5496,1787422584.7864804,openrouter,0.9675,1.0,0.03249999999999997,37212,0.001209389999999999,0,consumer
5497,1787422589.756372,openrouter,0.9675,1.0,0.03249999999999997,33194,0.001078804999999999,0,consumer
5498,1787422589.9124546,openrouter,0.9675,1.0,0.03249999999999997,51985,0.0016895124999999987,0,consumer
5499,1787422598.32573,openrouter,0.9675,1.0,0.03249999999999997,39482,0.001283164999999999,0,consumer
5500,1787422601.8417444,openrouter,0.9675,1.0,0.03249999999999997,44499,0.0014462174999999987,0,consumer
5501,1787422604.8295536,openrouter,0.9675,1.0,0.03249999999999997,42476,0.0013804699999999989,0,consumer
5502,1787422607.6713955,openrouter,0.9675,1.0,0.03249999999999997,54322,0.0017654649999999986,0,consumer
5503,1787422616.466183,openrouter,0.9675,1.0,0.03249999999999997,55178,0.0017932849999999984,0,consumer
5504,1787422616.5184312,openrouter,0.9675,1.0,0.03249999999999997,49978,0.0016242849999999988,0,consumer
5505,1787422630.3782856,openrouter,0.9675,1.0,0.03249999999999997,53665,0.0017441124999999986,0,consumer
5506,1787422631.3146856,openrouter,0.9675,1.0,0.03249999999999997,32502,0.001056314999999999,0,consumer
5507,1787422637.8733582,openrouter,0.9675,1.0,0.03249999999999997,33883,0.001101197499999999,0,consumer
5508,1787422640.4163032,openrouter,0.9675,1.0,0.03249999999999997,55122,0.0017914649999999986,0,consumer
5509,1787422642.164141,openrouter,0.9675,1.0,0.03249999999999997,55209,0.0017942924999999985,0,consumer
5510,1787422644.7224078,openrouter,0.9675,1.0,0.03249999999999997,34844,0.0011324299999999992,0,consumer
5511,1787422646.9453902,openrouter,0.9675,1.0,0.03249999999999997,34975,0.001136687499999999,0,consumer
5512,1787422650.9619246,openrouter,0.9675,1.0,0.03249999999999997,35070,0.001139774999999999,0,consumer
5513,1787422654.6831331,openrouter,0.9675,1.0,0.03249999999999997,35972,0.001169089999999999,0,consumer
5514,1787422660.5939753,openrouter,0.9675,1.0,0.03249999999999997,36528,0.001187159999999999,0,consumer
5515,1787422668.6314428,openrouter,0.9675,1.0,0.03249999999999997,37734,0.0012263549999999989,0,consumer
5516,1787422669.9282951,openrouter,0.9675,1.0,0.03249999999999997,61426,0.0019963449999999983,0,consumer
5517,1787422682.9590464,openrouter,0.9675,1.0,0.03249999999999997,38914,0.001264704999999999,0,consumer
5518,1787422687.8395357,openrouter,0.9675,1.0,0.03249999999999997,55354,0.0017990049999999985,0,consumer
5519,1787422690.4498239,openrouter,0.9675,1.0,0.03249999999999997,40090,0.001302924999999999,0,consumer
5520,1787422698.115168,openrouter,0.9675,1.0,0.03249999999999997,40951,0.001330907499999999,0,consumer
5521,1787422701.898853,openrouter,0.9675,1.0,0.03249999999999997,56059,0.0018219174999999984,0,consumer
5522,1787422703.8372135,openrouter,0.9675,1.0,0.03249999999999997,41496,0.001348619999999999,0,consumer
5523,1787422705.5233512,openrouter,0.9675,1.0,0.03249999999999997,280,9.099999999999992e-06,0,consumer
5524,1787422709.1241274,openrouter,0.9675,1.0,0.03249999999999997,41828,0.001359409999999999,0,consumer
5525,1787422721.2524512,openrouter,0.9675,1.0,0.03249999999999997,39429,0.001281442499999999,0,consumer
5526,1787422725.2377684,openrouter,0.9675,1.0,0.03249999999999997,67116,0.002181269999999998,0,consumer
5527,1787422729.7582717,openrouter,0.9675,1.0,0.03249999999999997,67376,0.002189719999999998,0,consumer
5528,1787422737.7822776,openrouter,0.9675,1.0,0.03249999999999997,43167,0.0014029274999999989,0,consumer
5529,1787422742.9099326,openrouter,0.9675,1.0,0.03249999999999997,43611,0.001417357499999999,0,consumer
5530,1787422754.5786097,openrouter,0.9675,1.0,0.03249999999999997,43868,0.0014257099999999989,0,consumer
5531,1787422760.3413184,openrouter,0.9675,1.0,0.03249999999999997,44154,0.0014350049999999987,0,consumer
5532,1787422764.7692266,openrouter,0.9675,1.0,0.03249999999999997,44664,0.0014515799999999988,0,consumer
5533,1787422768.4293883,openrouter,0.9675,1.0,0.03249999999999997,45911,0.0014921074999999988,0,consumer
5534,1787422772.2619216,openrouter,0.9675,1.0,0.03249999999999997,46462,0.0015100149999999987,0,consumer
5535,1787422820.1003482,openrouter,0.9675,1.0,0.03249999999999997,43947,0.0014282774999999988,0,consumer
5536,1787422869.0792344,openrouter,0.9675,1.0,0.03249999999999997,81636,0.0026531699999999977,0,consumer
5537,1787422873.5750244,openrouter,0.9675,1.0,0.03249999999999997,81778,0.002657784999999998,0,consumer
5538,1787422885.7251425,openrouter,0.9675,1.0,0.03249999999999997,6310,0.00020507499999999982,0,consumer
5539,1787422895.197344,openrouter,0.9675,1.0,0.03249999999999997,44304,0.0014398799999999989,0,consumer
5540,1787422962.8071861,openrouter,0.9675,1.0,0.03249999999999997,44483,0.0014456974999999988,0,consumer
5541,1787423037.2233226,openrouter,0.9675,1.0,0.03249999999999997,44867,0.0014581774999999988,0,consumer
5542,1787423119.336837,openrouter,0.9675,1.0,0.03249999999999997,99273,0.003226372499999997,0,consumer
5543,1787423204.466715,openrouter,0.9675,1.0,0.03249999999999997,100230,0.003257474999999997,0,consumer
5544,1787423211.441654,openrouter,0.9675,1.0,0.03249999999999997,100983,0.0032819474999999975,0,consumer
5545,1787423216.6141744,openrouter,0.9675,1.0,0.03249999999999997,101873,0.0033108724999999974,0,consumer
5546,1787423220.1261907,openrouter,0.9675,1.0,0.03249999999999997,102482,0.0033306649999999974,0,consumer
5547,1787423223.637076,openrouter,0.9675,1.0,0.03249999999999997,103116,0.0033512699999999973,0,consumer
5548,1787423226.8114412,openrouter,0.9675,1.0,0.03249999999999997,103273,0.0033563724999999974,0,consumer
5549,1787423229.74305,openrouter,0.9675,1.0,0.03249999999999997,104366,0.003391894999999997,0,consumer
5550,1787423235.8027275,openrouter,0.9675,1.0,0.03249999999999997,105611,0.003432357499999997,0,consumer
5551,1787423243.811981,openrouter,0.9675,1.0,0.03249999999999997,63377,0.002059752499999998,0,consumer
5552,1787423246.5345545,openrouter,0.9675,1.0,0.03249999999999997,106845,0.0034724624999999975,0,consumer
5553,1787423248.1377757,openrouter,0.9675,1.0,0.03249999999999997,24604,0.0007996299999999993,0,consumer
5554,1787423262.159825,openrouter,0.9675,1.0,0.03249999999999997,23543,0.0007651474999999994,0,consumer
5555,1787423273.3166015,openrouter,0.9675,1.0,0.03249999999999997,52762,0.0017147649999999985,0,consumer
5556,1787423284.6538334,openrouter,0.9675,1.0,0.03249999999999997,58039,0.0018862674999999985,0,consumer
5557,1787423291.7819388,openrouter,0.9675,1.0,0.03249999999999997,58314,0.0018952049999999983,0,consumer
5558,1787423299.9765959,openrouter,0.9675,1.0,0.03249999999999997,59198,0.0019239349999999984,0,consumer
5559,1787423302.3353646,openrouter,0.9675,1.0,0.03249999999999997,59381,0.0019298824999999984,0,consumer
5560,1787423306.9011407,openrouter,0.9675,1.0,0.03249999999999997,59841,0.0019448324999999983,0,consumer
5561,1787423311.3598354,openrouter,0.9675,1.0,0.03249999999999997,69379,0.002254817499999998,0,consumer
5562,1787423311.5257843,openrouter,0.9675,1.0,0.03249999999999997,59009,0.0019177924999999984,0,consumer
5563,1787423321.8443534,openrouter,0.9675,1.0,0.03249999999999997,108934,0.003540354999999997,0,consumer
5564,1787423322.0411396,openrouter,0.9675,1.0,0.03249999999999997,37845,0.001229962499999999,0,consumer
5565,1787423326.0757382,openrouter,0.9675,1.0,0.03249999999999997,72057,0.002341852499999998,0,consumer
5566,1787423333.0307643,openrouter,0.9675,1.0,0.03249999999999997,109551,0.003560407499999997,0,consumer
5567,1787423337.4896579,openrouter,0.9675,1.0,0.03249999999999997,39306,0.001277444999999999,0,consumer
5568,1787423344.819353,openrouter,0.9675,1.0,0.03249999999999997,40550,0.001317874999999999,0,consumer
5569,1787423351.5200965,openrouter,0.9675,1.0,0.03249999999999997,75331,0.0024482574999999977,0,consumer
5570,1787423352.2612677,openrouter,0.9675,1.0,0.03249999999999997,111563,0.0036257974999999967,0,consumer
5571,1787423354.1848588,openrouter,0.9675,1.0,0.03249999999999997,41178,0.001338284999999999,0,consumer
5572,1787423359.2387147,openrouter,0.9675,1.0,0.03249999999999997,75700,0.002460249999999998,0,consumer
5573,1787423361.5552592,openrouter,0.9675,1.0,0.03249999999999997,43378,0.001409784999999999,0,consumer
5574,1787423368.2461963,openrouter,0.9675,1.0,0.03249999999999997,43737,0.0014214524999999988,0,consumer
5575,1787423368.9790363,openrouter,0.9675,1.0,0.03249999999999997,292,9.489999999999992e-06,0,consumer
5576,1787423369.5777516,openrouter,0.9675,1.0,0.03249999999999997,8272,0.0002688399999999998,0,consumer
5577,1787423371.3677735,openrouter,0.9675,1.0,0.03249999999999997,9881,0.0003211324999999997,0,consumer
5578,1787423374.6521268,openrouter,0.9675,1.0,0.03249999999999997,44195,0.0014363374999999986,0,consumer
5579,1787423379.1526062,openrouter,0.9675,1.0,0.03249999999999997,45541,0.0014800824999999988,0,consumer
5580,1787423380.319597,openrouter,0.9675,1.0,0.03249999999999997,77701,0.002525282499999998,0,consumer
5581,1787423382.3911917,openrouter,0.9675,1.0,0.03249999999999997,78098,0.002538184999999998,0,consumer
5582,1787423384.498166,openrouter,0.9675,1.0,0.03249999999999997,79181,0.002573382499999998,0,consumer
5583,1787423385.690201,openrouter,0.9675,1.0,0.03249999999999997,46003,0.0014950974999999988,0,consumer
5584,1787423412.9068007,openrouter,0.9675,1.0,0.03249999999999997,7502,0.0002438149999999998,0,consumer
5585,1787423420.0380602,openrouter,0.9675,1.0,0.03249999999999997,59092,0.0019204899999999984,0,consumer
5586,1787423422.4878817,openrouter,0.9675,1.0,0.03249999999999997,59960,0.0019486999999999985,0,consumer
5587,1787423437.5566182,openrouter,0.9675,1.0,0.03249999999999997,61790,0.0020081749999999983,0,consumer
5588,1787423445.1518888,openrouter,0.9675,1.0,0.03249999999999997,16040,0.0005212999999999996,0,consumer
5589,1787423448.4638784,openrouter,0.9675,1.0,0.03249999999999997,17310,0.0005625749999999996,0,consumer
5590,1787423450.1846125,openrouter,0.9675,1.0,0.03249999999999997,17717,0.0005758024999999996,0,consumer
5591,1787423452.3433626,openrouter,0.9675,1.0,0.03249999999999997,17973,0.0005841224999999995,0,consumer
5592,1787423453.8068469,openrouter,0.9675,1.0,0.03249999999999997,18108,0.0005885099999999996,0,consumer
5593,1787423454.7141702,openrouter,0.9675,1.0,0.03249999999999997,18179,0.0005908174999999995,0,consumer
5594,1787423455.6061993,openrouter,0.9675,1.0,0.03249999999999997,18441,0.0005993324999999996,0,consumer
5595,1787423463.4018214,openrouter,0.9675,1.0,0.03249999999999997,21761,0.0007072324999999994,0,consumer
5596,1787423468.2876456,openrouter,0.9675,1.0,0.03249999999999997,22656,0.0007363199999999994,0,consumer
5597,1787423470.3787212,openrouter,0.9675,1.0,0.03249999999999997,24647,0.0008010274999999994,0,consumer
5598,1787423472.9136336,openrouter,0.9675,1.0,0.03249999999999997,25128,0.0008166599999999993,0,consumer
5599,1787423476.367698,openrouter,0.9675,1.0,0.03249999999999997,26510,0.0008615749999999993,0,consumer
5600,1787423476.6374464,openrouter,0.17500000000000002,1.0,0.825,7632,0.0062964,0,consumer
5601,1787423478.2855182,openrouter,0.9675,1.0,0.03249999999999997,26738,0.0008689849999999993,0,consumer
5602,1787423480.0415063,openrouter,0.9675,1.0,0.03249999999999997,27451,0.0008921574999999993,0,consumer
5603,1787423487.409454,openrouter,0.9675,1.0,0.03249999999999997,29992,0.0009747399999999992,0,consumer
5604,1787423489.2882438,openrouter,0.17500000000000002,1.0,0.825,8190,0.00675675,0,consumer
5605,1787423497.9366376,openrouter,0.9675,1.0,0.03249999999999997,63342,0.0020586149999999984,0,consumer
5606,1787423499.046072,openrouter,0.9675,1.0,0.03249999999999997,30795,0.0010008374999999992,0,consumer
5607,1787423502.7459662,openrouter,0.9675,1.0,0.03249999999999997,64044,0.0020814299999999983,0,consumer
5608,1787423505.5755346,openrouter,0.9675,1.0,0.03249999999999997,64293,0.0020895224999999983,0,consumer
5609,1787423510.9867885,openrouter,0.9675,1.0,0.03249999999999997,64404,0.002093129999999998,0,consumer
5610,1787423525.1629932,openrouter,0.17500000000000002,1.0,0.825,6,4.949999999999999e-06,0,consumer
5611,1787423561.792463,openrouter,0.9675,1.0,0.03249999999999997,32940,0.001070549999999999,0,consumer
5612,1787423570.0071454,openrouter,0.9675,1.0,0.03249999999999997,64575,0.002098687499999998,0,consumer
5613,1787423573.085329,openrouter,0.9675,1.0,0.03249999999999997,65738,0.0021364849999999983,0,consumer
5614,1787423581.196206,openrouter,0.17500000000000002,1.0,0.825,10096,0.008329199999999998,0,consumer
5615,1787423587.897905,openrouter,0.17500000000000002,1.0,0.825,9276,0.0076527,0,consumer
5616,1787423612.9436936,openrouter,0.9675,1.0,0.03249999999999997,65873,0.0021408724999999983,0,consumer
5617,1787423613.043453,openrouter,0.9675,1.0,0.03249999999999997,46166,0.0015003949999999988,0,consumer
5618,1787423616.6374547,openrouter,0.9675,1.0,0.03249999999999997,34225,0.0011123124999999992,0,consumer
5619,1787423621.9357138,openrouter,0.9675,1.0,0.03249999999999997,35140,0.001142049999999999,0,consumer
5620,1787423653.4469807,openrouter,0.9675,1.0,0.03249999999999997,69765,0.002267362499999998,0,consumer
5621,1787423656.6499612,openrouter,0.9675,1.0,0.03249999999999997,46896,0.0015241199999999988,0,consumer
5622,1787423659.1575532,openrouter,0.9675,1.0,0.03249999999999997,36869,0.0011982424999999988,0,consumer
5623,1787423661.325944,openrouter,0.9675,1.0,0.03249999999999997,37575,0.0012211874999999992,0,consumer
5624,1787423690.7080636,openrouter,0.9675,1.0,0.03249999999999997,70153,0.002279972499999998,0,consumer
5625,1787423695.2418132,openrouter,0.9675,1.0,0.03249999999999997,38131,0.001239257499999999,0,consumer
5626,1787423699.5426095,openrouter,0.9675,1.0,0.03249999999999997,40305,0.001309912499999999,0,consumer
5627,1787423721.9374518,openrouter,0.9675,1.0,0.03249999999999997,70458,0.002289884999999998,0,consumer
5628,1787423726.4332993,openrouter,0.9675,1.0,0.03249999999999997,40622,0.001320214999999999,0,consumer
5629,1787423752.8154173,openrouter,0.9675,1.0,0.03249999999999997,41132,0.0013367899999999987,0,consumer
5630,1787423765.913974,openrouter,0.9675,1.0,0.03249999999999997,75153,0.0024424724999999982,0,consumer
5631,1787423767.7243793,openrouter,0.9675,1.0,0.03249999999999997,75868,0.0024657099999999977,0,consumer
5632,1787423774.228555,openrouter,0.9675,1.0,0.03249999999999997,77523,0.0025194974999999983,0,consumer
5633,1787423777.1832895,openrouter,0.9675,1.0,0.03249999999999997,78459,0.0025499174999999976,0,consumer
5634,1787423785.3715317,openrouter,0.9675,1.0,0.03249999999999997,42780,0.0013903499999999987,0,consumer
5635,1787423789.1877103,openrouter,0.9675,1.0,0.03249999999999997,63515,0.0020642374999999985,0,consumer
5636,1787436455.9428427,neuralwatt,1.0,1.0,0.0,92086,0.0,0,consumer
5637,1787436975.2125437,routstrd,0.0,0.0007842462463260619,0.0007842462463260619,60702,4.760531564448461e-05,0,consumer
5638,1787437108.226169,routstrd,0.0,0.0007842462463260619,0.0007842462463260619,69136,5.421964848599862e-05,0,consumer
5639,1787437108.2279263,routstrd,0.0,0.0007842462463260619,0.0007842462463260619,69136,5.421964848599862e-05,0,consumer
5640,1787437273.8314965,neuralwatt,1.0,1.0,0.0,8476,0.0,0,consumer
5641,1787437275.1953444,neuralwatt,1.0,1.0,0.0,6,0.0,0,consumer
5642,1787437276.8070235,neuralwatt,1.0,1.0,0.0,8527,0.0,0,consumer
5643,1787437480.2977638,neuralwatt,1.0,1.0,0.0,7,0.0,0,consumer
5644,1787437625.5326037,neuralwatt,1.0,1.0,0.0,7,0.0,0,consumer
5645,1787437926.3439322,neuralwatt,1.0,1.0,0.0,8438,0.0,0,consumer
5646,1787438775.328242,neuralwatt,1.0,1.0,0.0,78686,0.0,0,consumer
5647,1787438778.0853777,neuralwatt,1.0,1.0,0.0,78789,0.0,0,consumer
5648,1787438798.8955224,neuralwatt,1.0,1.0,0.0,78837,0.0,0,consumer
